DateTime;Value (Cluster1.DRIVDAL_INNTAK_NIVA_OPPSTROM_KOTE_PV);Unit (Cluster1.DRIVDAL_INNTAK_NIVA_OPPSTROM_KOTE_PV);Value (Cluster1.DRIVDAL_G1_GEN_COSPHI_PV);Unit (Cluster1.DRIVDAL_G1_GEN_COSPHI_PV);Value (Cluster1.DRIVDAL_INNTAK_MAGASIN_TOT_VF_PV);Unit (Cluster1.DRIVDAL_INNTAK_MAGASIN_TOT_VF_PV);Value (Cluster1.DRIVDAL_G1_GEN_P_PV);Unit (Cluster1.DRIVDAL_G1_GEN_P_PV);Value (Cluster1.DRIVDAL_G1_GEN_TURTALL_PV);Unit (Cluster1.DRIVDAL_G1_GEN_TURTALL_PV);Value (Cluster1.DRIVDAL_G1_GEN_Q_PV);Unit (Cluster1.DRIVDAL_G1_GEN_Q_PV);Value (Cluster1.DRIVDAL_G1_TURB_VIRKNGRD_PV);Unit (Cluster1.DRIVDAL_G1_TURB_VIRKNGRD_PV);Value (Cluster1.DRIVDAL_INNTAK_MAGASIN_VOLUM_PV);Unit (Cluster1.DRIVDAL_INNTAK_MAGASIN_VOLUM_PV);Value (Cluster1.DRIVDAL_INNTAK_MINVF_LITER_PV);Unit (Cluster1.DRIVDAL_INNTAK_MINVF_LITER_PV);Value (Cluster1.DRIVDAL_G1_TURB_VF_PV);Unit (Cluster1.DRIVDAL_G1_TURB_VF_PV);Value (Cluster1.DRIVDAL_G1_GEN_TIMETELLER_PV);Unit (Cluster1.DRIVDAL_G1_GEN_TIMETELLER_PV);Value (Cluster1.DRIVDAL_G1_TURB_PADRAG_PV);Unit (Cluster1.DRIVDAL_G1_TURB_PADRAG_PV);Value (Cluster1.DRIVDAL_G1_KONTROLL_AGC_DB_SP);Unit (Cluster1.DRIVDAL_G1_KONTROLL_AGC_DB_SP);Value (Cluster1.DRIVDAL_G1_RORGATE_VANN_TRYKK_PV);Unit (Cluster1.DRIVDAL_G1_RORGATE_VANN_TRYKK_PV);Value (Cluster1.DRIVDAL_KRST_KONTROLL_KOM_AL);Unit (Cluster1.DRIVDAL_KRST_KONTROLL_KOM_AL);Value (Cluster1.DRIVDAL_INNTAK_MAGASIN_NED_KAP_PV);Unit (Cluster1.DRIVDAL_INNTAK_MAGASIN_NED_KAP_PV);Value (Cluster1.DRIVDAL_INNTAK_NIVA_OVERLOP_VF_PV);Unit (Cluster1.DRIVDAL_INNTAK_NIVA_OVERLOP_VF_PV);Value (Cluster1.DRIVDAL_G1_HYDRL_OLJE_TRYKK_PV);Unit (Cluster1.DRIVDAL_G1_HYDRL_OLJE_TRYKK_PV);Value (Cluster1.DRIVDAL_G1_GEN_S_PV);Unit (Cluster1.DRIVDAL_G1_GEN_S_PV);Value (Cluster1.DRIVDAL_INNTAK_NIVA_OPPSTROM_REF_HRV_PV);Unit (Cluster1.DRIVDAL_INNTAK_NIVA_OPPSTROM_REF_HRV_PV);Value (Cluster1.DRIVDAL_INNTAK_MAGASIN_FYLLGRAD_PV);Unit (Cluster1.DRIVDAL_INNTAK_MAGASIN_FYLLGRAD_PV);Value (Cluster1.DRIVDAL_INNTAK_MINVF_CM_PV);Unit (Cluster1.DRIVDAL_INNTAK_MINVF_CM_PV)
2026-01-31 23:00:00.000;151,00274228860218;moh;0;None;0,08390972372494444;m3/s;0;kW;0;rpm;0;KVar;0;%;0,11055824991194448;Mill.m3;83,90984591772202;l/s;0;m3/s;624398,125;t;26,39999962;%;0;None;98,6952857106522;mKVs;0;None;9,866070005802777;mm;0;m3/s;92,9191736111111;bar;0;KVa;-19,731419879361113;cm;73,70550113222222;%;32,43804739233384;cm
2026-02-01 00:00:00.000;151,00268625600702;moh;0;None;0,08400833545000001;m3/s;0;kW;0;rpm;0;KVar;0;%;0,11066662933527778;Mill.m3;84,00829033582232;l/s;0;m3/s;624398,125;t;26,39999962;%;0;None;98,66414450244427;mKVs;0;None;9,839183807519445;mm;0;m3/s;93,62049888888889;bar;0;KVa;-19,718619450166667;cm;73,77775440202778;%;32,458327665374256;cm
2026-02-01 01:00:00.000;151,00199306092173;moh;0;None;0,08409194708666665;m3/s;0;kW;0;rpm;0;KVar;0;%;0,11042432013777781;Mill.m3;84,09195760546395;l/s;0;m3/s;624398,125;t;26,39999962;%;0;None;98,69889849060291;mKVs;0;None;9,901844024880555;mm;0;m3/s;93,64335777777778;bar;0;KVa;-19,7995079865;cm;73,61621443413888;%;32,47027987139159;cm
2026-02-01 02:00:00.000;151,0012885925452;moh;0;None;0,08427278155666665;m3/s;0;kW;0;rpm;0;KVar;0;%;0,11030884500138893;Mill.m3;84,27469516219298;l/s;0;m3/s;624398,125;t;26,39999962;%;0;None;98,71666596673579;mKVs;0;None;9,931492063927777;mm;0;m3/s;93,05892861111111;bar;0;KVa;-19,858945208055555;cm;73,53923108855555;%;32,496384666426565;cm
2026-02-01 03:00:00.000;151,00052906000153;moh;0;None;0,08440000315833333;m3/s;0;kW;0;rpm;0;KVar;0;%;0,10999362471055558;Mill.m3;84,39999029669832;l/s;0;m3/s;624398,125;t;26,39999962;%;0;None;98,64528762366842;mKVs;0;None;10,012481689719445;mm;0;m3/s;93,5628675;bar;0;KVa;-19,948145545611112;cm;73,3290829755;%;32,51666496495229;cm
2026-02-01 04:00:00.000;151,0015131092322;moh;0;None;0,08433527981916666;m3/s;0;kW;0;rpm;0;KVar;0;%;0,1101774419438889;Mill.m3;84,33332323988216;l/s;0;m3/s;624398,125;t;26,39999962;%;0;None;98,67137749997099;mKVs;0;None;9,965570450205554;mm;0;m3/s;93,4618713888889;bar;0;KVa;-19,850086633638888;cm;73,45162781516666;%;32,50833254977446;cm
2026-02-01 05:00:00.000;151,00056781560917;moh;0;None;0,08438833575555554;m3/s;0;kW;0;rpm;0;KVar;0;%;0,11019498141833332;Mill.m3;84,39161589949062;l/s;0;m3/s;624398,125;t;26,39999962;%;0;None;98,6243086195928;mKVs;0;None;9,961705100894445;mm;0;m3/s;93,34986944444445;bar;0;KVa;-19,943631490222224;cm;73,46332092422222;%;32,51665875541142;cm
2026-02-01 06:00:00.000;151,00066153110154;moh;0;None;0,08435444716263889;m3/s;0;kW;0;rpm;0;KVar;0;%;0,11022794052638894;Mill.m3;84,35753544250788;l/s;0;m3/s;624398,125;t;26,39999962;%;0;None;98,6202883440871;mKVs;0;None;9,952589881911107;mm;0;m3/s;93,30408222222222;bar;0;KVa;-19,938566419388888;cm;73,48529343213889;%;32,50833589806655;cm
2026-02-01 07:00:00.000;151,00033738796398;moh;0;None;0,08424222498652778;m3/s;0;kW;0;rpm;0;KVar;0;%;0,11020094887666668;Mill.m3;84,23939016635603;l/s;0;m3/s;624398,125;t;26,39999962;%;0;None;98,63804365330475;mKVs;0;None;9,959104750244444;mm;0;m3/s;93,53153111111111;bar;0;KVa;-19,972890215833335;cm;73,46729956697222;%;32,4916651402793;cm
2026-02-01 08:00:00.000;151,00055465625175;moh;0;None;0,0843525027473611;m3/s;0;kW;0;rpm;0;KVar;0;%;0,10990762533416665;Mill.m3;84,35134554781135;l/s;0;m3/s;624398,125;t;26,39999962;%;0;None;98,62029979126497;mKVs;0;None;10,034066307222224;mm;0;m3/s;93,86725805555555;bar;0;KVa;-19,949014450694445;cm;73,27175055744445;%;32,50834003696851;cm
2026-02-01 09:00:00.000;151,00027481309473;moh;0;None;0,08408833568666665;m3/s;0;kW;0;rpm;0;KVar;0;%;0,11008470237861114;Mill.m3;84,08981046965708;l/s;0;m3/s;624398,125;t;26,39999962;%;0;None;98,65833317292149;mKVs;0;None;9,988626904463889;mm;0;m3/s;93,54143472222222;bar;0;KVa;-19,980968897527777;cm;73,38980144877777;%;32,466668287760776;cm
2026-02-01 10:00:00.000;150,9995570631858;moh;0;None;0,08417500090083334;m3/s;0;kW;0;rpm;0;KVar;0;%;0,11004536083694448;Mill.m3;84,17110406647886;l/s;0;m3/s;624398,125;t;26,39999962;%;0;None;98,64166476565512;mKVs;0;None;9,999496672241666;mm;0;m3/s;93,49542138888889;bar;0;KVa;-20,034840902611112;cm;73,36357415652778;%;32,49166431754039;cm
2026-02-01 11:00:00.000;150,99995046803775;moh;0;None;0,08404833573386113;m3/s;0;kW;0;rpm;0;KVar;0;%;0,10981578325583334;Mill.m3;84,05171113577799;l/s;0;m3/s;624398,125;t;26,39999962;%;0;None;98,65000738646923;mKVs;0;None;10,061565186844446;mm;0;m3/s;93,76443722222223;bar;0;KVa;-20,001775952444444;cm;73,21052224941667;%;32,46667034328488;cm
2026-02-01 12:00:00.000;151,00002295165802;moh;0;None;0,08424167025;m3/s;0;kW;0;rpm;0;KVar;0;%;0,11003798546166665;Mill.m3;84,24163861257676;l/s;0;m3/s;624398,125;t;26,39999962;%;0;None;98,61304915088904;mKVs;0;None;10,002313613452777;mm;0;m3/s;93,29757444444445;bar;0;KVa;-20,00850677591667;cm;73,35865690566666;%;32,49166240534493;cm
2026-02-01 13:00:00.000;150,99890434229553;moh;0;None;0,08419083661483333;m3/s;0;kW;0;rpm;0;KVar;0;%;0,1096450133197222;Mill.m3;84,1868459850762;l/s;0;m3/s;624398,125;t;26,39999962;%;0;None;98,6702930685413;mKVs;0;None;10,102999582127783;mm;0;m3/s;93,53768638888889;bar;0;KVa;-20,110588073555554;cm;73,09667612855556;%;32,48697042157782;cm
2026-02-01 14:00:00.000;150,99988539554897;moh;0;None;0,08426722350444445;m3/s;0;kW;0;rpm;0;KVar;0;%;0,1100470060302778;Mill.m3;84,27767317580935;l/s;0;m3/s;624398,125;t;26,39999962;%;0;None;98,63927799714942;mKVs;0;None;9,996526718358334;mm;0;m3/s;93,59068166666667;bar;0;KVa;-20,005387199166666;cm;73,36467141230555;%;32,501053229282164;cm
2026-02-01 15:00:00.000;150,99950244773254;moh;0;None;0,08399416765277777;m3/s;0;kW;0;rpm;0;KVar;0;%;0,10990494723888887;Mill.m3;83,98900597434323;l/s;0;m3/s;624398,125;t;26,39999962;%;0;None;98,69636458461525;mKVs;0;None;10,033582688491668;mm;0;m3/s;92,97433722222222;bar;0;KVa;-20,041711593472222;cm;73,26996549077778;%;32,45728366647347;cm
2026-02-01 16:00:00.000;150,99999883662377;moh;0;None;0,08374777825666666;m3/s;0;kW;0;rpm;0;KVar;0;%;0,10995636009555552;Mill.m3;83,7495040870764;l/s;0;m3/s;624398,125;t;26,39999962;%;0;None;98,69530718389784;mKVs;0;None;10,018941667744448;mm;0;m3/s;92,92898194444444;bar;0;KVa;-19,98626285125;cm;73,3042403335;%;32,42135900878113;cm
2026-02-01 17:00:00.000;150,99811911166185;moh;0;None;0,08382638991202779;m3/s;0;kW;0;rpm;0;KVar;0;%;0,10965994203777782;Mill.m3;83,81802345917639;l/s;0;m3/s;624398,125;t;26,39999962;%;0;None;98,67032273854757;mKVs;0;None;10,097642264038887;mm;0;m3/s;93,40241833333333;bar;0;KVa;-20,19864823863889;cm;73,10662784688888;%;32,4203142747658;cm
2026-02-01 18:00:00.000;150,99861875023723;moh;0;None;0,08384722337041668;m3/s;0;kW;0;rpm;0;KVar;0;%;0,10953682787000002;Mill.m3;83,84792345859817;l/s;0;m3/s;624398,125;t;26,39999962;%;0;None;98,6666702100611;mKVs;0;None;10,132809533927777;mm;0;m3/s;91,15681111111111;bar;0;KVa;-20,1457087185;cm;73,02455268613889;%;32,43802097607135;cm
2026-02-01 19:00:00.000;150,998241209361;moh;0;None;0,08378972297655554;m3/s;0;kW;0;rpm;0;KVar;0;%;0,10968648316555558;Mill.m3;83,78568102512875;l/s;0;m3/s;624398,125;t;26,39999962;%;0;None;98,64166715468997;mKVs;0;None;10,0910063851;mm;0;m3/s;93,18240833333333;bar;0;KVa;-20,174547831194445;cm;73,12432280833333;%;32,42865331384322;cm
2026-02-01 20:00:00.000;150,99804231569752;moh;0;None;0,08363694445369445;m3/s;0;kW;0;rpm;0;KVar;0;%;0,10976475226166667;Mill.m3;83,63697159311819;l/s;0;m3/s;624398,125;t;26,39999962;%;0;None;98,65000052272008;mKVs;0;None;10,071568383611112;mm;0;m3/s;93,30418083333333;bar;0;KVa;-20,188772414083335;cm;73,17650186861111;%;32,40000153;cm
2026-02-01 21:00:00.000;150,99792957290725;moh;0;None;0,08360277770494443;m3/s;0;kW;0;rpm;0;KVar;0;%;0,10947129195499998;Mill.m3;83,60256369724041;l/s;0;m3/s;624398,125;t;26,39999962;%;0;None;98,68333623053687;mKVs;0;None;10,150449541861109;mm;0;m3/s;93,38524555555556;bar;0;KVa;-20,207922193916666;cm;72,98086138930556;%;32,39166697803201;cm
2026-02-01 22:00:00.000;150,99737862026277;moh;0;None;0,08352277724041667;m3/s;0;kW;0;rpm;0;KVar;0;%;0,10944902228777778;Mill.m3;83,52002815511212;l/s;0;m3/s;624398,125;t;26,39999962;%;0;None;98,6583343934813;mKVs;0;None;10,157945844761109;mm;0;m3/s;93,27831055555555;bar;0;KVa;-20,266028512777776;cm;72,96601549977778;%;32,391667200259334;cm
2026-02-01 23:00:00.000;150,99627527175875;moh;0;None;0,08351249922702779;m3/s;0;kW;0;rpm;0;KVar;0;%;0,10920612824472223;Mill.m3;83,51357331915091;l/s;0;m3/s;624398,125;t;26,39999962;%;0;None;98,69642911047633;mKVs;0;None;10,222489039205552;mm;0;m3/s;93,34942638888889;bar;0;KVa;-20,372784934333332;cm;72,80408588172222;%;32,38334209295207;cm
2026-02-02 00:00:00.000;150,9969472827188;moh;0;None;0,0834841659721111;m3/s;0;kW;0;rpm;0;KVar;0;%;0,10965427869277777;Mill.m3;83,478543825644;l/s;0;m3/s;624398,125;t;26,39999962;%;0;None;98,7213500333192;mKVs;0;None;10,102546056713889;mm;0;m3/s;93,26308916666666;bar;0;KVa;-20,31629350472222;cm;73,1028531196389;%;32,39166752083694;cm
2026-02-02 01:00:00.000;150,99559607161706;moh;0;None;0,08357694405886111;m3/s;0;kW;0;rpm;0;KVar;0;%;0,1090114172511111;Mill.m3;83,57777616856647;l/s;0;m3/s;624398,125;t;26,39999962;%;0;None;98,72032568782774;mKVs;0;None;10,274287755677777;mm;0;m3/s;93,20643444444444;bar;0;KVa;-20,45514000511111;cm;72,67427792161111;%;32,40000153;cm
2026-02-02 02:00:00.000;150,9960796868028;moh;0;None;0,08361388877680553;m3/s;0;kW;0;rpm;0;KVar;0;%;0,10924155326416668;Mill.m3;83,62006031623218;l/s;0;m3/s;624398,125;t;26,39999962;%;0;None;98,67499858222972;mKVs;0;None;10,211551030738889;mm;0;m3/s;93,32831583333333;bar;0;KVa;-20,384771557416666;cm;72,82770307508333;%;32,39166700581043;cm
2026-02-02 03:00:00.000;150,9953763325235;moh;0;None;0,08356333284155554;m3/s;0;kW;0;rpm;0;KVar;0;%;0,10900098955222225;Mill.m3;83,56894082036757;l/s;0;m3/s;624398,125;t;26,39999962;%;0;None;98,70000125102159;mKVs;0;None;10,277744293225;mm;0;m3/s;93,01624527777778;bar;0;KVa;-20,47198401472222;cm;72,66732678091667;%;32,383334759450804;cm
2026-02-02 04:00:00.000;150,99569592774873;moh;0;None;0,08348499927825002;m3/s;0;kW;0;rpm;0;KVar;0;%;0,10904567317166669;Mill.m3;83,48001450053972;l/s;0;m3/s;624398,125;t;26,39999962;%;0;None;98,71667307496813;mKVs;0;None;10,267086453522221;mm;0;m3/s;92,91247472222223;bar;0;KVa;-20,438245137055556;cm;72,69711556072222;%;32,39165924291629;cm
2026-02-02 05:00:00.000;150,99478500153853;moh;0;None;0,08358583305669445;m3/s;0;kW;0;rpm;0;KVar;0;%;0,10897374547083333;Mill.m3;83,58480840186208;l/s;0;m3/s;624398,125;t;26,39999962;%;0;None;98,70833812134853;mKVs;0;None;10,284923342566664;mm;0;m3/s;93,53077333333333;bar;0;KVa;-20,522592332444443;cm;72,64916358636111;%;32,40000153;cm
2026-02-02 06:00:00.000;150,994546944798;moh;0;None;0,0834641656341111;m3/s;0;kW;0;rpm;0;KVar;0;%;0,10900756905611111;Mill.m3;83,45944723492764;l/s;0;m3/s;624398,125;t;26,39999962;%;0;None;98,75934081233088;mKVs;0;None;10,275028230822224;mm;0;m3/s;93,64109;bar;0;KVa;-20,54987165386111;cm;72,67171183819444;%;32,37500098527841;cm
2026-02-02 07:00:00.000;150,99389642485778;moh;0;None;0,08342666547505555;m3/s;0;kW;0;rpm;0;KVar;0;%;0,10888794819388889;Mill.m3;83,42940570658648;l/s;0;m3/s;624398,125;t;26,39999962;%;0;None;98,70734122030795;mKVs;0;None;10,307474986566666;mm;0;m3/s;92,91731388888888;bar;0;KVa;-20,615772668694444;cm;72,59196535880555;%;32,374996901851574;cm
2026-02-02 08:00:00.000;150,99422668187552;moh;0;None;0,08346472121969445;m3/s;0;kW;0;rpm;0;KVar;0;%;0,1090152312805556;Mill.m3;83,46389405127543;l/s;0;m3/s;624398,125;t;26,39999962;%;0;None;98,71514074038546;mKVs;0;None;10,272333570316666;mm;0;m3/s;93,28385416666667;bar;0;KVa;-20,56854247825;cm;72,67682173155555;%;32,3778772178093;cm
2026-02-02 09:00:00.000;150,99448665797425;moh;0;None;0,08330027601875001;m3/s;0;kW;0;rpm;0;KVar;0;%;0,10879682759805558;Mill.m3;83,29938942598164;l/s;0;m3/s;624398,125;t;26,39999962;%;0;None;98,77133896384164;mKVs;0;None;10,33318498595278;mm;0;m3/s;93,72411777777778;bar;0;KVa;-20,543484157166667;cm;72,53121840283333;%;32,3499943848626;cm
2026-02-02 10:00:00.000;150,99405671442028;moh;0;None;0,08341833212472222;m3/s;0;kW;0;rpm;0;KVar;0;%;0,10858553622138889;Mill.m3;83,41944956628467;l/s;0;m3/s;624398,125;t;26,39999962;%;0;None;98,74166924807638;mKVs;0;None;10,390896480311111;mm;0;m3/s;93,10775972222223;bar;0;KVa;-20,613276164416668;cm;72,39035744311111;%;32,37966595321485;cm
2026-02-02 11:00:00.000;150,9952373212607;moh;0;None;0,08363388899097221;m3/s;0;kW;0;rpm;0;KVar;0;%;0,10922754978444445;Mill.m3;83,62813536830501;l/s;0;m3/s;624398,125;t;26,39999962;%;0;None;98,77867504299019;mKVs;0;None;10,218542525083333;mm;0;m3/s;93,47112583333333;bar;0;KVa;-20,455106096861112;cm;72,81836598825;%;32,3750009575;cm
2026-02-02 12:00:00.000;151,00445246482423;moh;0;None;0,08425194679363888;m3/s;0;kW;0;rpm;0;KVar;0;%;0,11099617002138888;Mill.m3;84,25188554941994;l/s;0;m3/s;624398,125;t;26,39999962;%;0;None;98,72500383834156;mKVs;0;None;9,75287501044722;mm;0;m3/s;93,56048388888888;bar;0;KVa;-19,571647643305557;cm;73,99744763022223;%;32,4879928353585;cm
2026-02-02 13:00:00.000;151,0142233210535;moh;0;None;0,08442639195597222;m3/s;0;kW;0;rpm;0;KVar;0;%;0,11279974894999999;Mill.m3;84,43137631907615;l/s;0;m3/s;624398,125;t;26,39999962;%;0;None;98,72500389194913;mKVs;0;None;9,300201204308335;mm;0;m3/s;92,8470075;bar;0;KVa;-18,567123413972222;cm;75,19983429366667;%;32,52500168363655;cm
2026-02-02 14:00:00.000;151,0237320005036;moh;0;None;0,08494388837819446;m3/s;0;kW;0;rpm;0;KVar;0;%;0,11488276114777779;Mill.m3;84,9509189602479;l/s;0;m3/s;624398,125;t;26,39999962;%;0;None;98,72965979293497;mKVs;0;None;8,779309590799999;mm;0;m3/s;93,56349138888889;bar;0;KVa;-17,629750569583333;cm;76,5885081813611;%;32,60097749564711;cm
2026-02-02 15:00:00.000;151,03075899705973;moh;0;None;0,08501166573013888;m3/s;0;kW;0;rpm;0;KVar;0;%;0,11629741070249998;Mill.m3;85,00580066237092;l/s;0;m3/s;624398,125;t;26,39999962;%;0;None;98,75000625940704;mKVs;0;None;8,425646887783335;mm;0;m3/s;93,63947833333333;bar;0;KVa;-16,921878388722224;cm;77,53160769263889;%;32,620348950913545;cm
2026-02-02 16:00:00.000;151,0356607715765;moh;0;None;0,08504027653861113;m3/s;0;kW;0;rpm;0;KVar;0;%;0,11717444631972222;Mill.m3;85,03825691999384;l/s;0;m3/s;624398,125;t;26,39999962;%;0;None;98,72034918759128;mKVs;0;None;8,206388685588887;mm;0;m3/s;93,18350805555555;bar;0;KVa;-16,43334282988889;cm;78,1162982731389;%;32,60833476081318;cm
2026-02-02 17:00:00.000;151,0379661766243;moh;0;None;0,08499388777472223;m3/s;0;kW;0;rpm;0;KVar;0;%;0,1175742176763889;Mill.m3;84,99627470001379;l/s;0;m3/s;624398,125;t;26,39999962;%;0;None;98,75929725743899;mKVs;0;None;8,106445736375;mm;0;m3/s;93,37116833333333;bar;0;KVa;-16,21011098275;cm;78,38281177886111;%;32,61667814596661;cm
2026-02-02 18:00:00.000;151,04017461302618;moh;0;None;0,08516972031819445;m3/s;0;kW;0;rpm;0;KVar;0;%;0,1180225037627778;Mill.m3;85,17111669808904;l/s;0;m3/s;624398,125;t;26,39999962;%;0;None;98,80000635800478;mKVs;0;None;7,994374169316667;mm;0;m3/s;93,4164525;bar;0;KVa;-15,982110766166667;cm;78,68166914894445;%;32,624998601995024;cm
2026-02-02 19:00:00.000;151,04011864566203;moh;0;None;0,08519555350930555;m3/s;0;kW;0;rpm;0;KVar;0;%;0,11804310218583333;Mill.m3;85,19922175645061;l/s;0;m3/s;624398,125;t;26,39999962;%;0;None;98,79070574984155;mKVs;0;None;7,989224327980557;mm;0;m3/s;88,12210444444445;bar;0;KVa;-15,991774665305556;cm;78,69540187019444;%;32,63798426442246;cm
2026-02-02 20:00:00.000;151,04032369544308;moh;0;None;0,08501222117055557;m3/s;0;kW;0;rpm;0;KVar;0;%;0,11795532190888888;Mill.m3;85,01443657686592;l/s;0;m3/s;624398,125;t;26,39999962;%;0;None;98,76298492360843;mKVs;0;None;8,011169433613889;mm;0;m3/s;92,9773563888889;bar;0;KVa;-15,969280667833333;cm;78,63688233791666;%;32,603686470848515;cm
2026-02-02 21:00:00.000;151,04155647158004;moh;0;None;0,08504194331666666;m3/s;0;kW;0;rpm;0;KVar;0;%;0,11839785267916668;Mill.m3;85,03696991489377;l/s;0;m3/s;624398,125;t;26,39999962;%;0;None;98,79167329022557;mKVs;0;None;7,900536855191666;mm;0;m3/s;92,88133944444445;bar;0;KVa;-15,843060810611112;cm;78,93190133822222;%;32,62500079640589;cm
2026-02-02 22:00:00.000;151,04192421632106;moh;0;None;0,0849063884051389;m3/s;0;kW;0;rpm;0;KVar;0;%;0,11841535828416666;Mill.m3;84,90416297396708;l/s;0;m3/s;624398,125;t;26,39999962;%;0;None;98,80000480164011;mKVs;0;None;7,896160549538889;mm;0;m3/s;93,24654166666667;bar;0;KVa;-15,804540847222222;cm;78,94357268044445;%;32,60000229;cm
2026-02-02 23:00:00.000;151,04172399375952;moh;0;None;0,08509249869347223;m3/s;0;kW;0;rpm;0;KVar;0;%;0,11839994735361112;Mill.m3;85,0993643832288;l/s;0;m3/s;624398,125;t;26,39999962;%;0;None;98,74999701038145;mKVs;0;None;7,90001339368889;mm;0;m3/s;93,1047125;bar;0;KVa;-15,842492845916667;cm;78,93329741061112;%;32,61298153585894;cm
2026-02-03 00:00:00.000;151,0414705777807;moh;0;None;0,08492583293097222;m3/s;0;kW;0;rpm;0;KVar;0;%;0,11824766451472221;Mill.m3;84,92146578666484;l/s;0;m3/s;624398,125;t;26,39999962;%;0;None;98,77500346111007;mKVs;0;None;7,9380840724083335;mm;0;m3/s;92,84054027777778;bar;0;KVa;-15,858912999083334;cm;78,83177585561111;%;32,60369381685211;cm
2026-02-03 01:00:00.000;151,04155109935317;moh;0;None;0,08496138796972222;m3/s;0;kW;0;rpm;0;KVar;0;%;0,11834127648777776;Mill.m3;84,96192709837348;l/s;0;m3/s;624398,125;t;26,39999962;%;0;None;98,80003180039667;mKVs;0;None;7,914680904688891;mm;0;m3/s;93,62681694444444;bar;0;KVa;-15,844349332305555;cm;78,89418404858333;%;32,614753286528526;cm
2026-02-03 02:00:00.000;151,0415669512211;moh;0;None;0,08524666440958333;m3/s;0;kW;0;rpm;0;KVar;0;%;0,11813866627277778;Mill.m3;85,25239388077607;l/s;0;m3/s;624398,125;t;26,39999962;%;0;None;98,80833042508861;mKVs;0;None;7,965333726502781;mm;0;m3/s;93,46053277777777;bar;0;KVa;-15,836719938111111;cm;78,75911034316667;%;32,6546249820378;cm
2026-02-03 03:00:00.000;151,04181248980535;moh;0;None;0,08536471939736112;m3/s;0;kW;0;rpm;0;KVar;0;%;0,11830554467583333;Mill.m3;85,36666168446399;l/s;0;m3/s;624398,125;t;26,39999962;%;0;None;98,79167412354559;mKVs;0;None;7,923613654036111;mm;0;m3/s;93,10836055555555;bar;0;KVa;-15,810000101833333;cm;78,87036291791667;%;32,66666729778755;cm
2026-02-03 04:00:00.000;151,04177041718742;moh;0;None;0,0851394426901389;m3/s;0;kW;0;rpm;0;KVar;0;%;0,11838905261333334;Mill.m3;85,14088787912577;l/s;0;m3/s;624398,125;t;26,39999962;%;0;None;98,79999796924434;mKVs;0;None;7,902736663949999;mm;0;m3/s;92,8660561111111;bar;0;KVa;-15,827954609138889;cm;78,92603611411111;%;32,637025695755455;cm
2026-02-03 05:00:00.000;151,040735796548;moh;0;None;0,08548332999166666;m3/s;0;kW;0;rpm;0;KVar;0;%;0,1180548422188889;Mill.m3;85,48344236840778;l/s;0;m3/s;624398,125;t;26,39999962;%;0;None;98,81202898044369;mKVs;0;None;7,986289130383336;mm;0;m3/s;93,28733666666666;bar;0;KVa;-15,925059847222222;cm;78,70322861219445;%;32,683350070315;cm
2026-02-03 06:00:00.000;151,0395003384988;moh;0;None;0,08516249805625002;m3/s;0;kW;0;rpm;0;KVar;0;%;0,1178747637888889;Mill.m3;85,16572853505497;l/s;0;m3/s;624398,125;t;26,39999962;%;0;None;98,78425918023659;mKVs;0;None;8,031308915958334;mm;0;m3/s;93,66331916666667;bar;0;KVa;-16,051483153833335;cm;78,58317657116666;%;32,637962875860815;cm
2026-02-03 07:00:00.000;151,03978164309947;moh;0;None;0,08548527442763888;m3/s;0;kW;0;rpm;0;KVar;0;%;0,11789265086194443;Mill.m3;85,48332628558192;l/s;0;m3/s;624398,125;t;26,39999962;%;0;None;98,79537334426158;mKVs;0;None;8,026837243000001;mm;0;m3/s;93,21698361111112;bar;0;KVa;-16,025619506;cm;78,59510027452778;%;32,6833334872354;cm
2026-02-03 08:00:00.000;151,04024078086468;moh;0;None;0,08521305339152778;m3/s;0;kW;0;rpm;0;KVar;0;%;0,11805730226861112;Mill.m3;85,20849212589394;l/s;0;m3/s;624398,125;t;26,39999962;%;0;None;98,8100173160362;mKVs;0;None;7,985674540141668;mm;0;m3/s;93,58787777777778;bar;0;KVa;-15,97772386461111;cm;78,70486844441666;%;32,64407189350253;cm
2026-02-03 09:00:00.000;151,0398475147053;moh;0;None;0,08554527420166666;m3/s;0;kW;0;rpm;0;KVar;0;%;0,11800081016111111;Mill.m3;85,54811279580626;l/s;0;m3/s;624398,125;t;26,39999962;%;0;None;98,80475622977518;mKVs;0;None;7,999797397169444;mm;0;m3/s;93,88077638888889;bar;0;KVa;-16,008237202472223;cm;78,66720752925;%;32,69166597085756;cm
2026-02-03 10:00:00.000;151,03980402166025;moh;0;None;0,08549444211888887;m3/s;0;kW;0;rpm;0;KVar;0;%;0,11787535012916668;Mill.m3;85,48848587959652;l/s;0;m3/s;624398,125;t;26,39999962;%;0;None;98,79486210171365;mKVs;0;None;8,031162685736112;mm;0;m3/s;93,1208461111111;bar;0;KVa;-16,00485060036111;cm;78,58356632522222;%;32,68526081969115;cm
2026-02-03 11:00:00.000;151,04049150056926;moh;0;None;0,0854249969125;m3/s;0;kW;0;rpm;0;KVar;0;%;0,11804394246999998;Mill.m3;85,42500215165391;l/s;0;m3/s;624398,125;t;26,39999962;%;0;None;98,76600454524478;mKVs;0;None;7,98901451941389;mm;0;m3/s;93,52989222222222;bar;0;KVa;-15,950274998083334;cm;78,69596086972223;%;32,67500155916029;cm
2026-02-03 12:00:00.000;151,0384448640406;moh;0;None;0,08554166307083333;m3/s;0;kW;0;rpm;0;KVar;0;%;0,11760670147583335;Mill.m3;85,54166091946401;l/s;0;m3/s;624398,125;t;26,39999962;%;0;None;98,73397742438715;mKVs;0;None;8,098324669816668;mm;0;m3/s;93,26684972222222;bar;0;KVa;-16,152805752777777;cm;78,40446756102777;%;32,691666915287556;cm
2026-02-03 13:00:00.000;151,03901511113077;moh;0;None;0,08539388558580555;m3/s;0;kW;0;rpm;0;KVar;0;%;0,11787676451861111;Mill.m3;85,63381581436978;l/s;0;m3/s;624398,125;t;26,39999962;%;0;None;98,76948543374618;mKVs;0;None;8,030808766638891;mm;0;m3/s;94,18010416666667;bar;0;KVa;-16,100218031083333;cm;78,58450980808334;%;32,70563684099694;cm
2026-02-03 14:00:00.000;151,0382059291006;moh;0;None;0,08548888719447223;m3/s;0;kW;0;rpm;0;KVar;0;%;0,11728353024694442;Mill.m3;85,727321599894;l/s;0;m3/s;624398,125;t;26,39999962;%;0;None;98,7452226659305;mKVs;0;None;8,074950748025;mm;0;m3/s;93,75133416666667;bar;0;KVa;-16,1382454775;cm;78,18902085552777;%;32,72122074300691;cm
2026-02-03 15:00:00.000;151,0384399014292;moh;0;None;0,08564999699666667;m3/s;0;kW;0;rpm;0;KVar;0;%;0,11770177203888887;Mill.m3;85,6499868123761;l/s;0;m3/s;624398,125;t;26,39999962;%;0;None;98,7490117222577;mKVs;0;None;8,074556986622223;mm;0;m3/s;93,47819861111111;bar;0;KVa;-16,159676445888888;cm;78,46784816430555;%;32,70833193891971;cm
2026-02-03 16:00:00.000;151,03910851572263;moh;0;None;0,08573860931827779;m3/s;0;kW;0;rpm;0;KVar;0;%;0,11790127280500001;Mill.m3;85,73704253440967;l/s;0;m3/s;624398,125;t;26,39999962;%;0;None;98,80882708503927;mKVs;0;None;8,024681939074998;mm;0;m3/s;93,26297777777778;bar;0;KVa;-16,08658684813889;cm;78,60084889733334;%;32,7249946300874;cm
2026-02-03 17:00:00.000;151,03935778924978;moh;0;None;0,08573083157450001;m3/s;0;kW;0;rpm;0;KVar;0;%;0,11795566976138891;Mill.m3;85,7340834197087;l/s;0;m3/s;624398,125;t;26,39999962;%;0;None;98,71716526443824;mKVs;0;None;8,011082543433332;mm;0;m3/s;90,77930888888889;bar;0;KVa;-16,06636894961111;cm;78,63711323202777;%;32,72451169298371;cm
2026-02-03 18:00:00.000;151,03778032042166;moh;0;None;0,085704997928;m3/s;0;kW;0;rpm;0;KVar;0;%;0,11746564156444446;Mill.m3;85,70293418488468;l/s;0;m3/s;624398,125;t;26,39999962;%;0;None;98,70835006819195;mKVs;0;None;8,133589426922226;mm;0;m3/s;90,895965;bar;0;KVa;-16,204931469083334;cm;78,31042874608333;%;32,717156277009956;cm
2026-02-03 19:00:00.000;151,03736607107362;moh;0;None;0,08572138688727778;m3/s;0;kW;0;rpm;0;KVar;0;%;0,11742827492833334;Mill.m3;85,72213578383828;l/s;0;m3/s;624398,125;t;26,39999962;%;0;None;98,74069309712944;mKVs;0;None;8,142931196611112;mm;0;m3/s;93,37968222222223;bar;0;KVa;-16,25225914725;cm;78,28551741663888;%;32,724514831824884;cm
2026-02-03 20:00:00.000;151,03998650154176;moh;0;None;0,08593333388499999;m3/s;0;kW;0;rpm;0;KVar;0;%;0,11795677227583336;Mill.m3;85,93352689764521;l/s;0;m3/s;624398,125;t;26,39999962;%;0;None;98,78382799364232;mKVs;0;None;8,010807037444442;mm;0;m3/s;92,95824166666667;bar;0;KVa;-15,988316006027778;cm;78,637848175;%;32,7588205445702;cm
2026-02-03 21:00:00.000;151,04463919054984;moh;0;None;0,08600389129811109;m3/s;0;kW;0;rpm;0;KVar;0;%;0,11894036177277782;Mill.m3;86,0071105119679;l/s;0;m3/s;624398,125;t;26,39999962;%;0;None;98,80784551901226;mKVs;0;None;7,7649095321861115;mm;0;m3/s;93,62419305555555;bar;0;KVa;-15,544827779416666;cm;79,29357418469445;%;32,766175309687114;cm
2026-02-03 22:00:00.000;151,05122319265564;moh;0;None;0,08637722391099999;m3/s;0;kW;0;rpm;0;KVar;0;%;0,12026058522833334;Mill.m3;86,37123988376904;l/s;0;m3/s;624398,125;t;26,39999962;%;0;None;98,81716137252286;mKVs;0;None;7,434853447736111;mm;0;m3/s;93,05451527777778;bar;0;KVa;-14,877217610666667;cm;80,17372385752778;%;32,84117387646305;cm
2026-02-03 23:00:00.000;151,06512067440298;moh;0;None;0,08683917037861114;m3/s;0;kW;0;rpm;0;KVar;0;%;0,12297439415972222;Mill.m3;86,84026938336119;l/s;0;m3/s;624398,125;t;26,39999962;%;0;None;98,77444852677387;mKVs;0;None;6,756401062094444;mm;0;m3/s;92,93321611111111;bar;0;KVa;-13,496386211861111;cm;81,98293022641667;%;32,891668743062745;cm
2026-02-04 00:00:00.000;151,08634888524276;moh;0;None;0,08770500086238889;m3/s;0;kW;0;rpm;0;KVar;0;%;0,12727258401583336;Mill.m3;87,70761626376532;l/s;0;m3/s;624398,125;t;26,39999962;%;0;None;98,75932092332866;mKVs;0;None;5,681853824166666;mm;0;m3/s;93,55580972222222;bar;0;KVa;-11,373748780349999;cm;84,8483895415;%;33,015675029529575;cm
2026-02-04 01:00:00.000;151,09962494645976;moh;0;None;0,08850666837333333;m3/s;0;kW;0;rpm;0;KVar;0;%;0,13002433891638887;Mill.m3;88,50478922299547;l/s;0;m3/s;624398,125;t;26,39999962;%;0;None;98,78333477891724;mKVs;0;None;4,993915558030555;mm;0;m3/s;93,28224222222222;bar;0;KVa;-10,040639241883332;cm;86,68289224886111;%;33,15833339835377;cm
2026-02-04 02:00:00.000;151,10758623149607;moh;0;None;0,08860666871999999;m3/s;0;kW;0;rpm;0;KVar;0;%;0,13158835648083334;Mill.m3;88,5951965024499;l/s;0;m3/s;624398,125;t;26,39999962;%;0;None;98,81616186165529;mKVs;0;None;4,6029112073361125;mm;0;m3/s;93,1484475;bar;0;KVa;-9,241917928049999;cm;87,72557010686111;%;33,199148828656774;cm
2026-02-04 03:00:00.000;151,11154586381076;moh;0;None;0,08841361351847223;m3/s;0;kW;0;rpm;0;KVar;0;%;0,13227880203944448;Mill.m3;88,41664625452829;l/s;0;m3/s;624398,125;t;26,39999962;%;0;None;98,84117275921088;mKVs;0;None;4,430298275219445;mm;0;m3/s;92,97358777777778;bar;0;KVa;-8,844998677758333;cm;88,18587256469445;%;33,13384218890829;cm
2026-02-04 04:00:00.000;151,1147661730429;moh;0;None;0,08872333498166667;m3/s;0;kW;0;rpm;0;KVar;0;%;0,13290258132472219;Mill.m3;88,72468622539995;l/s;0;m3/s;624398,125;t;26,39999962;%;0;None;98,82549496890599;mKVs;0;None;4,274353451105557;mm;0;m3/s;93,77639444444445;bar;0;KVa;-8,524280124291666;cm;88,60172451716667;%;33,157828155250726;cm
2026-02-04 05:00:00.000;151,11586416186626;moh;0;None;0,08863389041027776;m3/s;0;kW;0;rpm;0;KVar;0;%;0,13317488510805556;Mill.m3;88,62782887125577;l/s;0;m3/s;624398,125;t;26,39999962;%;0;None;98,81716765182165;mKVs;0;None;4,206278059144445;mm;0;m3/s;93,35918472222222;bar;0;KVa;-8,416137695300002;cm;88,78325875438888;%;33,1750041980088;cm
2026-02-04 06:00:00.000;151,11722098593876;moh;0;None;0,08852139109236112;m3/s;0;kW;0;rpm;0;KVar;0;%;0,13343497861749998;Mill.m3;88,52396306299217;l/s;0;m3/s;624398,125;t;26,39999962;%;0;None;98,88181669457062;mKVs;0;None;4,141254424997224;mm;0;m3/s;93,76203277777778;bar;0;KVa;-8,28139411073611;cm;88,95665494986112;%;33,149997275065026;cm
2026-02-04 07:00:00.000;151,11839968530074;moh;0,004693030399061195;None;0,08874889030777777;m3/s;1,4096377777777778;kW;75,779615;rpm;2,82067;KVar;0;%;0,13357917576333334;Mill.m3;88,7466360239122;l/s;0;m3/s;624398,125;t;26,203381846777997;%;0;None;98,91047615744988;mKVs;0;None;4,105205535799999;mm;0;m3/s;93,65141555555556;bar;3,280473333333333;KVa;-8,139817979613891;cm;89,05278576672222;%;33,183844257198274;cm
2026-02-04 08:00:00.000;151,0909052642514;moh;0,9691720326670415;None;2,439979519910306;m3/s;1979,761465;kW;749,8384561111111;rpm;-470,124465;KVar;90,82546545619445;%;0,1283360288747222;Mill.m3;88,03700837002503;l/s;2,3538490187358336;m3/s;624398,7192267362;t;66,3997076840392;%;2,035147135475;None;93,95083172931804;mKVs;0;None;5,415992736933333;mm;0;m3/s;93,90006083333333;bar;2036,6247283333332;KVa;-10,900289748047223;cm;85,55735240488889;%;33,07111465984882;cm
2026-02-04 09:00:00.000;151,05810234690824;moh;0,9906091225690807;None;1,2346760517805557;m3/s;944,9962986111111;kW;749,7704158333333;rpm;-129,17300777777777;KVar;85,62232979716667;%;0,12172565737166667;Mill.m3;86,71561674169573;l/s;1,1479394503444444;m3/s;624399,7173786631;t;36,06886128989646;%;0,9214849422022223;None;97,5285061425462;mKVs;0;None;7,068585289813888;mm;0;m3/s;93,83163944444445;bar;957,8238972222222;KVa;-14,214439392583333;cm;81,15043943297222;%;32,875148197834726;cm
2026-02-04 10:00:00.000;151,03672209542205;moh;0,9993469439504278;None;0,8339038064119444;m3/s;618,0628933333334;kW;750,2404580555556;rpm;-24,204955;KVar;78,7052009366111;%;0,11746420086250002;Mill.m3;85,77655367328612;l/s;0,7483479940138887;m3/s;624400,7126073958;t;26,664740044633458;%;0,6130953622024999;None;98,1707729756895;mKVs;0;None;8,133949703625001;mm;0;m3/s;90,28807416666666;bar;615,7916775;KVa;-16,31038241925;cm;78,30946740008334;%;32,729725475023905;cm
2026-02-04 11:00:00.000;151,01948781620254;moh;0,9991666097136245;None;0,8197462997502778;m3/s;610,2499333333334;kW;750,2499997222222;rpm;-44,46783416666667;KVar;78,43582221241667;%;0,11410791999499997;Mill.m3;85,14787835422833;l/s;0,7346314989916666;m3/s;624401,7125947048;t;26,20000076;%;0,6122450233;None;98,16486104636297;mKVs;0;None;8,973019917866665;mm;0;m3/s;93,34888277777777;bar;611,7451441666667;KVa;-18,036426967583335;cm;76,07194741455555;%;32,62500118528883;cm
2026-02-04 12:00:00.000;151,0028023529148;moh;1;None;0,8173850400655556;m3/s;608,7026577777777;kW;749,7679869444445;rpm;-27,84647027777778;KVar;78,3955281145;%;0,11071035519361114;Mill.m3;84,69088942570845;l/s;0,7327097854708332;m3/s;624402,7126309723;t;26,20000076;%;0,6122450233;None;98,08986522960163;mKVs;0;None;9,831306034261113;mm;0;m3/s;93,40093944444445;bar;608,9035666666666;KVa;-19,71096886361111;cm;73,80690394572223;%;32,5547323626597;cm
2026-02-04 13:00:00.000;150,98645352288978;moh;1;None;0,8169558087961111;m3/s;609,3472922222222;kW;749,9711411111111;rpm;-30,178175833333334;KVar;78,40967996536111;%;0,10727653492444443;Mill.m3;84,04422058110883;l/s;0,7334279340194445;m3/s;624403,7192224652;t;26,20000076;%;0,6122450233;None;98,07335037359427;mKVs;0;None;10,748952864416667;mm;0;m3/s;94,13661305555556;bar;608,5223408333334;KVa;-21,35857899952778;cm;71,51768966452778;%;32,45361421221467;cm
2026-02-04 14:00:00.000;150,97941157393268;moh;0,006732933306477888;None;0,09817285916855556;m3/s;2,8866738888888888;kW;42,98876777777778;rpm;0,3604088888888889;KVar;1,526603380777778;%;0,10598662403388888;Mill.m3;83,81143361246956;l/s;0,014354247517777778;m3/s;624404,4636315972;t;26,20000076;%;0,0017006806202777777;None;98,71613012184059;mKVs;0;None;11,103678174277778;mm;0;m3/s;93,61506166666666;bar;3,0706783333333334;KVa;-22,043609618333335;cm;70,65775036316667;%;32,416386905457095;cm
2026-02-04 15:00:00.000;150,97945203225746;moh;0;None;0,08383500110633334;m3/s;0;kW;0;rpm;0;KVar;0;%;0,10577099167361112;Mill.m3;83,84332087703987;l/s;0;m3/s;624404,5;t;26,20000076;%;0;None;98,69412183584828;mKVs;0;None;11,162977008333334;mm;0;m3/s;93,427765;bar;0;KVa;-22,053922017333335;cm;70,5139950213889;%;32,42255235652782;cm
2026-02-04 16:00:00.000;150,97884139418778;moh;0;None;0,08371944510494446;m3/s;0;kW;0;rpm;0;KVar;0;%;0,1058155467041667;Mill.m3;83,72377855658833;l/s;0;m3/s;624404,5;t;26,20000076;%;0;None;98,6666688488456;mKVs;0;None;11,150724202916667;mm;0;m3/s;93,77232388888889;bar;0;KVa;-22,120840287333333;cm;70,54369907269445;%;32,41078105684947;cm
2026-02-04 17:00:00.000;150,97948628269822;moh;0;None;0,08380305657649999;m3/s;0;kW;0;rpm;0;KVar;0;%;0,10587229333333337;Mill.m3;83,79905372326918;l/s;0;m3/s;624404,5;t;26,20000076;%;0;None;98,66668601387543;mKVs;0;None;11,135119121666667;mm;0;m3/s;93,29635083333334;bar;0;KVa;-22,05777062288889;cm;70,58152948905555;%;32,41665724738584;cm
2026-02-04 18:00:00.000;150,9790356849767;moh;0;None;0,08383750127283335;m3/s;0;kW;0;rpm;0;KVar;0;%;0,1058521599088889;Mill.m3;83,83010713050108;l/s;0;m3/s;624404,5;t;26,20000076;%;0;None;98,68332728330165;mKVs;0;None;11,140655730805555;mm;0;m3/s;93,25593611111111;bar;0;KVa;-22,09390004547222;cm;70,56810802977778;%;32,422561523120024;cm
2026-02-04 19:00:00.000;150,97952063959255;moh;0;None;0,08368777815077778;m3/s;0;kW;0;rpm;0;KVar;0;%;0,10584350542999998;Mill.m3;83,68110040679971;l/s;0;m3/s;624404,5;t;26,20000076;%;0;None;98,62844650580946;mKVs;0;None;11,143035888305555;mm;0;m3/s;93,50983916666667;bar;0;KVa;-22,065489026222224;cm;70,56233717491666;%;32,39411217291458;cm
2026-02-04 20:00:00.000;150,97884344863513;moh;0,047163629227828054;None;0,09601566131572221;m3/s;15,045104722222222;kW;78,19362416666667;rpm;8,493055277777778;KVar;2,7114916484166667;%;0,10569220499500002;Mill.m3;83,84521129223083;l/s;0,012160104346944445;m3/s;624404,5135595486;t;25,44902810188986;%;0;None;98,60454533654078;mKVs;0;None;11,184643217166666;mm;0;m3/s;93,86549166666667;bar;18,53472222222222;KVa;-22,139138116166666;cm;70,46147132447223;%;32,43577030327902;cm
2026-02-04 21:00:00.000;150,96817021365402;moh;0,9958335291260855;None;0,8127407272741668;m3/s;607,3769777777778;kW;749,7500194444444;rpm;-68,22136777777777;KVar;78,298317466;%;0,10364205248166668;Mill.m3;83,2297911417971;l/s;0,7295137595947223;m3/s;624405,160419323;t;26,847911844989234;%;0,6105443426797221;None;98,08485007538904;mKVs;0;None;11,748435550833333;mm;0;m3/s;93,67652138888889;bar;609,5275186111111;KVa;-23,175023396361112;cm;69,09470146941666;%;32,36767636718295;cm
2026-02-04 22:00:00.000;150,95038735327887;moh;0,9756868996859545;None;0,8149963774580559;m3/s;608,4798022222222;kW;750,4166088888888;rpm;-129,28413333333333;KVar;78,38953399869445;%;0,10017546752674998;Mill.m3;82,5765975822304;l/s;0,7324238540402778;m3/s;624406,1604526215;t;27,054882152995834;%;0,6122450233;None;97,92256829475772;mKVs;0;None;12,701746411583333;mm;0;m3/s;93,54466222222223;bar;623,5655986111111;KVa;-24,949790105805555;cm;66,78364637211111;%;32,24167232102709;cm
2026-02-04 23:00:00.000;150,93326159248;moh;0,9779625525767975;None;0,8132757518013891;m3/s;607,5500402777777;kW;749,9475469444444;rpm;-122,51553916666667;KVar;78,36952457355555;%;0,09682516213344446;Mill.m3;82,27377186543677;l/s;0,7314696439530556;m3/s;624407,1604593402;t;27,20000076;%;0,6122450233;None;97,91685707351367;mKVs;0;None;13,62308014913889;mm;0;m3/s;93,781605;bar;621,5985219444444;KVa;-26,664678785444444;cm;64,55010895141666;%;32,19981776444822;cm
2026-02-05 00:00:00.000;150,91520545464712;moh;0,9547583751959213;None;0,8097063874233332;m3/s;604,7049202777778;kW;750,7256216666667;rpm;-190,38132027777777;KVar;78,29493226019444;%;0,09310201754194446;Mill.m3;81,80583702590414;l/s;0,7279121671872222;m3/s;624408,1605115278;t;27,47641172796553;%;0,6122450233;None;97,90487228488648;mKVs;0;None;14,646944894694444;mm;0;m3/s;93,77957583333334;bar;634,6616719444445;KVa;-28,46259222922222;cm;62,06801239763889;%;32,12256222470868;cm
2026-02-05 01:00:00.000;150,90740310918176;moh;0,007148430407100751;None;0,09553339665783336;m3/s;2,6952716666666667;kW;43,043144444444444;rpm;0,10192333333333334;KVar;1,5245119730555556;%;0,09141771814049997;Mill.m3;81,27199380468802;l/s;0,014254504277222222;m3/s;624408,9416670486;t;27,60000038;%;0,0017006806202777777;None;98,60193675736583;mKVs;0;None;15,110127131527777;mm;0;m3/s;94,27953277777777;bar;2,837058888888889;KVa;-29,262822468;cm;60,945145756972224;%;32,03923166867787;cm
2026-02-05 02:00:00.000;150,9082490868774;moh;0;None;0,08117222430133332;m3/s;0;kW;0;rpm;0;KVar;0;%;0,09169519102955553;Mill.m3;81,17157289126143;l/s;0;m3/s;624409;t;27,60000038;%;0;None;98,55243238155208;mKVs;0;None;15,033822163;mm;0;m3/s;93,80498805555555;bar;0;KVa;-29,17131212;cm;61,130127534833335;%;32,02499501681722;cm
2026-02-05 03:00:00.000;150,90719657985474;moh;0;None;0,08133139128283334;m3/s;0;kW;0;rpm;0;KVar;0;%;0,09151448473075;Mill.m3;81,33130402708353;l/s;0;m3/s;624409;t;27,60000038;%;0;None;98,57498148572071;mKVs;0;None;15,083516436083332;mm;0;m3/s;93,25918194444445;bar;0;KVa;-29,277216593055556;cm;61,00965678847222;%;32,04166959310072;cm
2026-02-05 04:00:00.000;150,9074828791475;moh;0;None;0,08114055689183333;m3/s;0;kW;0;rpm;0;KVar;0;%;0,09151165334477777;Mill.m3;81,14306123667215;l/s;0;m3/s;624409;t;27,60000038;%;0;None;98,58088657223061;mKVs;0;None;15,084295057972222;mm;0;m3/s;94,02983583333334;bar;0;KVa;-29,25388760061111;cm;61,00776907513889;%;32,024998572454194;cm
2026-02-05 05:00:00.000;150,9083020369819;moh;0;None;0,08127916875600001;m3/s;0;kW;0;rpm;0;KVar;0;%;0,09176572946355556;Mill.m3;81,27986199194437;l/s;0;m3/s;624409;t;27,60000038;%;0;None;98,5308999139111;mKVs;0;None;15,014424215583333;mm;0;m3/s;93,45841527777777;bar;0;KVa;-29,182162814694443;cm;61,17715274897222;%;32,04167442654473;cm
2026-02-05 06:00:00.000;150,9076152130243;moh;0;None;0,08118111300966666;m3/s;0;kW;0;rpm;0;KVar;0;%;0,09162472946077777;Mill.m3;81,18270841356936;l/s;0;m3/s;624409;t;27,60000038;%;0;None;98,55834257734192;mKVs;0;None;15,053199129777777;mm;0;m3/s;93,7672861111111;bar;0;KVa;-29,23708597675;cm;61,08315350197222;%;32,02741921121889;cm
2026-02-05 07:00:00.000;150,90655872636708;moh;0;None;0,08108305825633336;m3/s;0;kW;0;rpm;0;KVar;0;%;0,09135012268775002;Mill.m3;81,08624948230081;l/s;0;m3/s;624409;t;27,60000038;%;0;None;98,51666088397347;mKVs;0;None;15,128716148472222;mm;0;m3/s;93,35629777777778;bar;0;KVa;-29,340777925416667;cm;60,900082175222224;%;31,997576207189447;cm
2026-02-05 08:00:00.000;150,905913401482;moh;0;None;0,06314000321816667;m3/s;0;kW;0;rpm;0;KVar;0;%;0,09116755078316667;Mill.m3;81,30154810648415;l/s;0;m3/s;624409;t;27,60000038;%;0;None;98,5;mKVs;0;None;15,178923285166666;mm;0;m3/s;91,00043055555555;bar;0;KVa;-29,407882688083333;cm;60,77836786933333;%;32,0774177728264;cm
2026-02-05 09:00:00.000;150,90604613064818;moh;0;None;0,081223338098;m3/s;0;kW;0;rpm;0;KVar;0;%;0,091173866475;Mill.m3;81,22696922018886;l/s;0;m3/s;624409;t;27,60000038;%;0;None;98,5;mKVs;0;None;15,17718653775;mm;0;m3/s;94,57347583333333;bar;0;KVa;-29,395281471305555;cm;60,78257809741667;%;32,10000229;cm
2026-02-05 10:00:00.000;150,9066956172128;moh;0;None;0,08141111582666669;m3/s;0;kW;0;rpm;0;KVar;0;%;0,09131106842116665;Mill.m3;81,40658847493563;l/s;0;m3/s;624409;t;27,60000038;%;0;None;98,5;mKVs;0;None;15,1394560035;mm;0;m3/s;94,05294666666667;bar;0;KVa;-29,33166503611111;cm;60,874046812833335;%;32,10000229;cm
2026-02-05 11:00:00.000;150,90687114457126;moh;0;None;0,08129055955566666;m3/s;0;kW;0;rpm;0;KVar;0;%;0,09132640332966666;Mill.m3;81,50993175275724;l/s;0;m3/s;624409;t;27,60000038;%;0;None;98,50935660684172;mKVs;0;None;15,13523885625;mm;0;m3/s;94,21533083333334;bar;0;KVa;-29,312600027416668;cm;60,88426991608333;%;32,0832399061502;cm
2026-02-05 12:00:00.000;150,90664228592001;moh;0;None;0,08127361318916666;m3/s;0;kW;0;rpm;0;KVar;0;%;0,09127362472044444;Mill.m3;81,27441697901128;l/s;0;m3/s;624409;t;27,60000038;%;0;None;98,51666899496048;mKVs;0;None;15,149752933777778;mm;0;m3/s;93,0412675;bar;0;KVa;-29,34150271858333;cm;60,849083509083336;%;32,041669037532444;cm
2026-02-05 13:00:00.000;150,90708286674996;moh;0;None;0,080909724722;m3/s;0;kW;0;rpm;0;KVar;0;%;0,09141809122869445;Mill.m3;81,36339571096399;l/s;0;m3/s;624409;t;27,60000038;%;0;None;98,50808245966981;mKVs;0;None;15,110024555833334;mm;0;m3/s;93,31730055555556;bar;0;KVa;-29,292293123916668;cm;60,94539513033333;%;32,05191452214867;cm
2026-02-05 14:00:00.000;150,9068039664645;moh;0;None;0,08158333724000001;m3/s;0;kW;0;rpm;0;KVar;0;%;0,09140267208794445;Mill.m3;81,58331926099406;l/s;0;m3/s;624409;t;27,60000038;%;0;None;98,48322956214717;mKVs;0;None;15,114265016388888;mm;0;m3/s;93,14916388888889;bar;0;KVa;-29,3197928535;cm;60,935114722583336;%;32,083332686052586;cm
2026-02-05 15:00:00.000;150,90601090988807;moh;0;None;0,0816255590175;m3/s;0;kW;0;rpm;0;KVar;0;%;0,09119511772524999;Mill.m3;81,62175386330443;l/s;0;m3/s;624409;t;27,60000038;%;0;None;98,53499477012738;mKVs;0;None;15,171342212555556;mm;0;m3/s;93,23947027777778;bar;0;KVa;-29,402728610083333;cm;60,79674590513889;%;32,090013881780486;cm
2026-02-05 16:00:00.000;150,90557782964774;moh;0;None;0,08141611396666666;m3/s;0;kW;0;rpm;0;KVar;0;%;0,09127507377527777;Mill.m3;81,41999127570271;l/s;0;m3/s;624409;t;27,60000038;%;0;None;98,50667645340425;mKVs;0;None;15,149354297333334;mm;0;m3/s;93,76697416666667;bar;0;KVa;-29,44749620102778;cm;60,85004964430556;%;32,05999973507358;cm
2026-02-05 17:00:00.000;150,90534310845175;moh;0;None;0,08146666983999999;m3/s;0;kW;0;rpm;0;KVar;0;%;0,09093687302597223;Mill.m3;81,4666767200458;l/s;0;m3/s;624409;t;27,60000038;%;0;None;98,50833198362982;mKVs;0;None;15,242360006972222;mm;0;m3/s;93,05951361111111;bar;0;KVa;-29,437336392305557;cm;60,624581654888885;%;32,06666919335623;cm
2026-02-05 18:00:00.000;150,90602145924322;moh;0;None;0,08133194606083334;m3/s;0;kW;0;rpm;0;KVar;0;%;0,09119824659458331;Mill.m3;81,33011159402453;l/s;0;m3/s;624409;t;27,60000038;%;0;None;98,50000099998469;mKVs;0;None;15,17048199875;mm;0;m3/s;93,5479625;bar;0;KVa;-29,40533531963889;cm;60,79883090202778;%;32,048350038806134;cm
2026-02-05 19:00:00.000;150,9066292803258;moh;0;None;0,08118083471;m3/s;0;kW;0;rpm;0;KVar;0;%;0,09132430826569443;Mill.m3;81,18651855368961;l/s;0;m3/s;624409;t;27,60000038;%;0;None;98,49166262673032;mKVs;0;None;15,135814667083332;mm;0;m3/s;93,37258222222222;bar;0;KVa;-29,321683246944446;cm;60,88287297583334;%;32,02664594351147;cm
2026-02-05 20:00:00.000;150,90396718579052;moh;0;None;0,08122194626866666;m3/s;0;kW;0;rpm;0;KVar;0;%;0,0908108933103611;Mill.m3;81,22268872826072;l/s;0;m3/s;624409;t;27,60000038;%;0;None;98,51830874764966;mKVs;0;None;15,27700403038889;mm;0;m3/s;93,855845;bar;0;KVa;-29,593412608527778;cm;60,540596020083335;%;32,033327124284774;cm
2026-02-05 21:00:00.000;150,90611609160825;moh;0;None;0,08139583532763889;m3/s;0;kW;0;rpm;0;KVar;0;%;0,09126595289774998;Mill.m3;81,38852383744188;l/s;0;m3/s;624409;t;27,60000038;%;0;None;98,56335711395464;mKVs;0;None;15,151862673611111;mm;0;m3/s;93,64616555555556;bar;0;KVa;-29,385876124055557;cm;60,84396904883333;%;32,05669445219911;cm
2026-02-05 22:00:00.000;150,90423112713148;moh;0;None;0,08129166873999999;m3/s;0;kW;0;rpm;0;KVar;0;%;0,09083646829794442;Mill.m3;81,29166799166286;l/s;0;m3/s;624409;t;27,60000038;%;0;None;98,5183211919037;mKVs;0;None;15,269970788916666;mm;0;m3/s;92,90935361111111;bar;0;KVa;-29,570664297333334;cm;60,557646180333336;%;32,04166753749809;cm
2026-02-05 23:00:00.000;150,90369190593222;moh;0;None;0,08128777982666666;m3/s;0;kW;0;rpm;0;KVar;0;%;0,09067525147394444;Mill.m3;81,29167713061155;l/s;0;m3/s;624409;t;27,60000038;%;0;None;98,55164076323366;mKVs;0;None;15,314305623138889;mm;0;m3/s;93,50046194444444;bar;0;KVa;-29,62677849386111;cm;60,45016774105556;%;32,04166884308355;cm
2026-02-06 00:00:00.000;150,90322934278254;moh;0;None;0,08120305730833334;m3/s;0;kW;0;rpm;0;KVar;0;%;0,09075882790700002;Mill.m3;81,21013732611169;l/s;0;m3/s;624409;t;27,60000038;%;0;None;98,50833303916922;mKVs;0;None;15,291322283416667;mm;0;m3/s;93,07288027777778;bar;0;KVa;-29,666684467416665;cm;60,50588513541667;%;32,03497877321779;cm
2026-02-06 01:00:00.000;150,90131662184982;moh;0;None;0,08140833614000001;m3/s;0;kW;0;rpm;0;KVar;0;%;0,09022089642391665;Mill.m3;81,40829439361663;l/s;0;m3/s;624409;t;27,60000038;%;0;None;98,49836030286554;mKVs;0;None;15,439253486833334;mm;0;m3/s;93,572765;bar;0;KVa;-29,857042100083333;cm;60,14726423788889;%;32,05832872458609;cm
2026-02-06 02:00:00.000;150,90283251949427;moh;0;None;0,08151917017000002;m3/s;0;kW;0;rpm;0;KVar;0;%;0,09049347715688891;Mill.m3;81,51353774887103;l/s;0;m3/s;624409;t;27,60000038;%;0;None;98,49836399725345;mKVs;0;None;15,36429362675;mm;0;m3/s;93,49652416666666;bar;0;KVa;-29,72961849472222;cm;60,32898510947222;%;32,07336373554662;cm
2026-02-06 03:00:00.000;150,90284618082973;moh;0;None;0,08129166874;m3/s;0;kW;0;rpm;0;KVar;0;%;0,09038324896119443;Mill.m3;81,29168665845167;l/s;0;m3/s;624409;t;27,60000038;%;0;None;98,51161104457051;mKVs;0;None;15,394606272722223;mm;0;m3/s;93,40994666666667;bar;0;KVa;-29,699935910666667;cm;60,25549955422222;%;32,041670204225824;cm
2026-02-06 04:00:00.000;150,90201877290056;moh;0;None;0,08128277986616665;m3/s;0;kW;0;rpm;0;KVar;0;%;0,09044254800877778;Mill.m3;81,28529865147696;l/s;0;m3/s;624409;t;27,60000038;%;0;None;98,49836438613637;mKVs;0;None;15,378299498611112;mm;0;m3/s;93,63972583333333;bar;0;KVa;-29,815127054055555;cm;60,29503156861111;%;32,03333506891115;cm
2026-02-06 05:00:00.000;150,90230682028977;moh;0;None;0,08141611396666668;m3/s;0;kW;0;rpm;0;KVar;0;%;0,09042287208180556;Mill.m3;81,41973888516247;l/s;0;m3/s;624409;t;27,60000038;%;0;None;98,48332658844043;mKVs;0;None;15,383710225166666;mm;0;m3/s;93,27823277777777;bar;0;KVa;-29,77914174388889;cm;60,28191432025;%;32,059963678692355;cm
2026-02-06 06:00:00.000;150,90189595915905;moh;0,04333277964636275;None;0,09175700005366667;m3/s;11,983811388888888;kW;90,34130916666666;rpm;7,149920833333334;KVar;2,6302148926111113;%;0,0904920529571389;Mill.m3;81,45523961743717;l/s;0,01082088607888889;m3/s;624409,0092767014;t;26,754516802716573;%;0;None;98,4769375213944;mKVs;0;None;15,36468526938889;mm;0;m3/s;93,39715638888889;bar;14,357971388888888;KVa;-29,81620788413889;cm;60,32803558822222;%;32,065035294829705;cm
2026-02-06 07:00:00.000;150,8895085480122;moh;0,9993298827538406;None;0,7937661374530556;m3/s;595,3990133333333;kW;750,0554363888889;rpm;-6,220085555555555;KVar;77,90671325266666;%;0,08798117740983333;Mill.m3;81,0689322155631;l/s;0,7126925617533334;m3/s;624409,6223020833;t;26,432712050449368;%;0,6000000238;None;97,8410026754812;mKVs;0;None;16,055176202861112;mm;0;m3/s;93,69689111111111;bar;594,8052;KVa;-31,045227051083334;cm;58,65411888855556;%;32,01666532607167;cm
2026-02-06 08:00:00.000;150,84617450414447;moh;0,9717870098464523;None;2,5683417705366662;m3/s;2099,815581111111;kW;750,0670272222222;rpm;-527,5839508333333;KVar;89,98871487391666;%;0,07936935406063889;Mill.m3;79,43486196689636;l/s;2,4889102699927776;m3/s;624410,6223177258;t;71,82629130068617;%;2,1385713609688897;None;92,75601207027302;mKVs;0;None;18,423427583861113;mm;0;m3/s;93,91404;bar;2162,389223611111;KVa;-35,37030961869444;cm;52,91290302280556;%;31,743480389548022;cm
2026-02-06 09:00:00.000;150,80623847368184;moh;0,969999969;None;2,635577894002778;m3/s;2143,434398888889;kW;750,2499852777778;rpm;-517,73521;KVar;89,97966310686111;%;0,07143751103391668;Mill.m3;77,79515196151615;l/s;2,557782958516667;m3/s;624411,6223330729;t;73,1101546213715;%;2,1428570750000002;None;92,61504070783214;mKVs;0;None;20,592080051611113;mm;0;m3/s;93,31442888888888;bar;2202,8913027777776;KVa;-39,36943901925;cm;47,62500837138889;%;31,488408622619602;cm
2026-02-06 10:00:00.000;150,77313430752073;moh;0,9716666201944576;None;2,409249457313889;m3/s;1942,8335219444446;kW;750,0833102777777;rpm;-475,30621388888886;KVar;92,71111562575;%;0,06602616647324999;Mill.m3;76,63422244441385;l/s;2,3326667262138896;m3/s;624412,6223671007;t;64,91865838037887;%;1,9393429078305557;None;93,80983817736082;mKVs;0;None;21,92722786797222;mm;0;m3/s;93,91686694444445;bar;2000,2434544444445;KVa;-42,66895717933333;cm;44,01744545761111;%;31,291734731575424;cm
2026-02-06 11:00:00.000;150,7347249351666;moh;0,9708331820973356;None;2,406502517102778;m3/s;1941,192198888889;kW;749,8333197222222;rpm;-486,1213358333333;KVar;92,75746824522223;%;0,06031661356380554;Mill.m3;75,08480531510561;l/s;2,3313796653277774;m3/s;624413,6223618925;t;64,61667359581747;%;1,938776016;None;93,64167348886177;mKVs;0;None;23,259456846444444;mm;0;m3/s;93,59938583333333;bar;1996,9308391666666;KVa;-46,515892874833334;cm;40,211076948527776;%;31,04349650173815;cm
2026-02-06 12:00:00.000;150,69055011086544;moh;0,969999969;None;2,401713963272223;m3/s;1939,8867311111112;kW;749,8333047222222;rpm;-490,323785;KVar;92,77748088980556;%;0,053657499978472224;Mill.m3;73,30367462885312;l/s;2,328377772538889;m3/s;624414,6223977258;t;64,49350029718723;%;1,938776016;None;93,53333282121851;mKVs;0;None;24,813250013027776;mm;0;m3/s;93,89700361111112;bar;2003,3944280555556;KVa;-50,94698164355555;cm;35,77166790422222;%;30,738416442073337;cm
2026-02-06 13:00:00.000;150,64527945930152;moh;0,969999969;None;2,396427077727777;m3/s;1937,6430213888889;kW;750;rpm;-479,2879788888889;KVar;92,7981277886389;%;0,046857827362333335;Mill.m3;71,30730193739102;l/s;2,325280878313889;m3/s;624415,6224446355;t;64,52638982606928;%;1,938776016;None;93,49300651231776;mKVs;0;None;26,399840248472223;mm;0;m3/s;94,08128722222222;bar;1995,2186177777778;KVa;-55,45280456602778;cm;31,238551612083334;%;30,412675026727953;cm
2026-02-06 14:00:00.000;150,64658225708604;moh;0,0155621855114845;None;0,11765899695238885;m3/s;16,48358361111111;kW;49,56343416666667;rpm;-2,273096111111111;KVar;2,238590897472222;%;0,04694604799027778;Mill.m3;71,18959820948456;l/s;0,04647066005205556;m3/s;624416,4269218056;t;65;%;0,005385488933333333;None;98,13341361784694;mKVs;0;None;26,379255294194444;mm;0;m3/s;93,94671833333334;bar;17,10103611111111;KVa;-55,35095638652778;cm;31,297365283722222;%;30,378239045436406;cm
2026-02-06 15:00:00.000;150,64792572643225;moh;0;None;0,07136166799347224;m3/s;0;kW;0;rpm;0;KVar;0;%;0,047211386915222205;Mill.m3;71,36070873100516;l/s;0;m3/s;624416,5;t;65;%;0;None;98,04676933775276;mKVs;0;None;26,317343182305557;mm;0;m3/s;93,79235333333334;bar;0;KVa;-55,20657857283334;cm;31,474256940444445;%;30,39838275568782;cm
2026-02-06 16:00:00.000;150,6497163278625;moh;0;None;0,07144666771427778;m3/s;0;kW;0;rpm;0;KVar;0;%;0,04746380452341666;Mill.m3;71,44568468149323;l/s;0;m3/s;624416,5;t;65;%;0;None;97,99995588521179;mKVs;0;None;26,25844552797222;mm;0;m3/s;93,58906527777778;bar;0;KVa;-55,0280083545;cm;31,64253611111111;%;30,409949591136648;cm
2026-02-06 17:00:00.000;150,65223229028476;moh;0;None;0,07123500172863889;m3/s;0;kW;0;rpm;0;KVar;0;%;0,04782349839697222;Mill.m3;71,2352497168121;l/s;0;m3/s;624416,5;t;65;%;0;None;98,01667541152895;mKVs;0;None;26,17451688888889;mm;0;m3/s;93,65876861111111;bar;0;KVa;-54,778484767694444;cm;31,88233266997222;%;30,39838016398326;cm
2026-02-06 18:00:00.000;150,652098433927;moh;0;None;0,07111166901941664;m3/s;0;kW;0;rpm;0;KVar;0;%;0,04780976594216667;Mill.m3;71,1112786990913;l/s;0;m3/s;624416,5;t;65;%;0;None;97,97499841030796;mKVs;0;None;26,177721234722224;mm;0;m3/s;91,66954722222222;bar;0;KVa;-54,78988647336111;cm;31,87317741836111;%;30,368279768815736;cm
2026-02-06 19:00:00.000;150,65219713778677;moh;0;None;0,07106166885575;m3/s;0;kW;0;rpm;0;KVar;0;%;0,047847620758222215;Mill.m3;71,06619431337639;l/s;0;m3/s;624416,5;t;65;%;0;None;97,93332765815784;mKVs;0;None;26,168888514694444;mm;0;m3/s;92,90446972222222;bar;0;KVa;-54,77633158311111;cm;31,898413960777777;%;30,381714111844218;cm
2026-02-06 20:00:00.000;150,65442107577974;moh;0;None;0,07125666795438888;m3/s;0;kW;0;rpm;0;KVar;0;%;0,04818677320572222;Mill.m3;71,26232814745136;l/s;0;m3/s;624416,5;t;65;%;0;None;97,91505407580318;mKVs;0;None;26,089753045;mm;0;m3/s;90,04480722222222;bar;0;KVa;-54,55827077069444;cm;32,1245157055;%;30,391669329955665;cm
2026-02-06 21:00:00.000;150,65315493394598;moh;0;None;0,07117000151794443;m3/s;0;kW;0;rpm;0;KVar;0;%;0,047957719881111104;Mill.m3;71,17210054351733;l/s;0;m3/s;624416,5;t;65;%;0;None;97,95161612834016;mKVs;0;None;26,143198863861112;mm;0;m3/s;93,86136111111111;bar;0;KVa;-54,68149396747222;cm;31,971812590555555;%;30,376613753248357;cm
2026-02-06 22:00:00.000;150,65354066270626;moh;0;None;0,07101666896333333;m3/s;0;kW;0;rpm;0;KVar;0;%;0,048025023841833325;Mill.m3;71,01487261052661;l/s;0;m3/s;624416,5;t;65;%;0;None;97,96345078127287;mKVs;0;None;26,127494600805555;mm;0;m3/s;90,19061277777777;bar;0;KVa;-54,647191363;cm;32,016682288388886;%;30,358338864364217;cm
2026-02-06 23:00:00.000;150,6546256264233;moh;0;None;0,07107000199877779;m3/s;0;kW;0;rpm;0;KVar;0;%;0,04818199823280554;Mill.m3;71,06933513850305;l/s;0;m3/s;624416,5;t;65;%;0;None;97,91988230764653;mKVs;0;None;26,09086715072222;mm;0;m3/s;93,73115583333333;bar;0;KVa;-54,53588273522222;cm;32,12133227725;%;30,366673515453375;cm
2026-02-07 00:00:00.000;150,65694910173352;moh;0;None;0,07111333496833333;m3/s;0;kW;0;rpm;0;KVar;0;%;0,04849699017347223;Mill.m3;71,11295736058557;l/s;0;m3/s;624416,5;t;65;%;0;None;97,96505353468909;mKVs;0;None;26,017368953777776;mm;0;m3/s;94,02166083333333;bar;0;KVa;-54,30057949413889;cm;32,33132737111111;%;30,366661460081062;cm
2026-02-07 01:00:00.000;150,65543465855174;moh;0;None;0,07119500078125;m3/s;0;kW;0;rpm;0;KVar;0;%;0,04831436769825003;Mill.m3;71,1903296630012;l/s;0;m3/s;624416,5;t;65;%;0;None;97,94101131837444;mKVs;0;None;26,059980816444444;mm;0;m3/s;93,17569166666667;bar;0;KVa;-54,45648617186111;cm;32,2095790395;%;30,38172095339551;cm
2026-02-07 02:00:00.000;150,6573286127074;moh;0;None;0,07115166835047222;m3/s;0;kW;0;rpm;0;KVar;0;%;0,0486083155167778;Mill.m3;71,1536440906101;l/s;0;m3/s;624416,5;t;65;%;0;None;97,95158871292624;mKVs;0;None;25,991392983527778;mm;0;m3/s;93,35077361111111;bar;0;KVa;-54,26974402583333;cm;32,40554468422222;%;30,37659411465798;cm
2026-02-07 03:00:00.000;150,65778100582096;moh;0;None;0,07110500215686112;m3/s;0;kW;0;rpm;0;KVar;0;%;0,048636366312666685;Mill.m3;71,10315055286057;l/s;0;m3/s;624416,5;t;65;%;0;None;97,94999443176356;mKVs;0;None;25,98484781152778;mm;0;m3/s;93,62944805555556;bar;0;KVa;-54,219907124416665;cm;32,424245209805555;%;30,368260966189254;cm
2026-02-07 04:00:00.000;150,6567086766655;moh;0;None;0,07097833601636112;m3/s;0;kW;0;rpm;0;KVar;0;%;0,04857115428802779;Mill.m3;70,97941453441445;l/s;0;m3/s;624416,5;t;65;%;0;None;97,97499929834993;mKVs;0;None;26,000064003777776;mm;0;m3/s;93,86571805555556;bar;0;KVa;-54,32841830638889;cm;32,380770181222225;%;30,35513387433148;cm
2026-02-07 05:00:00.000;150,6571687317175;moh;0;None;0,07101333563566667;m3/s;0;kW;0;rpm;0;KVar;0;%;0,048587150590750014;Mill.m3;71,01560444201552;l/s;0;m3/s;624416,5;t;65;%;0;None;97,96666689889315;mKVs;0;None;25,996331533527776;mm;0;m3/s;93,73374694444445;bar;0;KVa;-54,28024715847222;cm;32,391434543361115;%;30,349989435721906;cm
2026-02-07 06:00:00.000;150,65737440852817;moh;0;None;0,0709700027697222;m3/s;0;kW;0;rpm;0;KVar;0;%;0,04867061612319445;Mill.m3;70,97444288046829;l/s;0;m3/s;624416,5;t;65;%;0;None;97,94166503059424;mKVs;0;None;25,976856232;mm;0;m3/s;93,57362555555555;bar;0;KVa;-54,263212416555554;cm;32,447078392555554;%;30,358334836647664;cm
2026-02-07 07:00:00.000;150,65641837046317;moh;0;None;0,07090000311666665;m3/s;0;kW;0;rpm;0;KVar;0;%;0,04849458040702779;Mill.m3;70,90001073664968;l/s;0;m3/s;624416,5;t;65;%;0;None;97,94680534067525;mKVs;0;None;26,017931195833334;mm;0;m3/s;93,83995805555556;bar;0;KVa;-54,355294971194446;cm;32,329721476416665;%;30,333335077760886;cm
2026-02-07 08:00:00.000;150,65708528731997;moh;0;None;0,07079833725486112;m3/s;0;kW;0;rpm;0;KVar;0;%;0,04849854812077778;Mill.m3;70,80001049165095;l/s;0;m3/s;624416,5;t;65;%;0;None;97,94326667208146;mKVs;0;None;26,017005495;mm;0;m3/s;90,77220944444444;bar;0;KVa;-54,29154714088889;cm;32,33236629686111;%;30,316668581095488;cm
2026-02-07 09:00:00.000;150,65714300558395;moh;0;None;0,07095833598819444;m3/s;0;kW;0;rpm;0;KVar;0;%;0,04864763225186111;Mill.m3;70,95956658478185;l/s;0;m3/s;624416,5;t;65;%;0;None;97,92657737254936;mKVs;0;None;25,982219060055556;mm;0;m3/s;89,71910138888889;bar;0;KVa;-54,282150269055556;cm;32,431756104305556;%;30,343260926885687;cm
2026-02-07 10:00:00.000;150,65741719650396;moh;0;None;0,07079333729444444;m3/s;0;kW;0;rpm;0;KVar;0;%;0,0486993589935;Mill.m3;70,79046368266202;l/s;0;m3/s;624416,5;t;65;%;0;None;97,97850591136466;mKVs;0;None;25,97014935675;mm;0;m3/s;93,10915694444445;bar;0;KVa;-54,25822788025;cm;32,46624119886111;%;30,315077466391912;cm
2026-02-07 11:00:00.000;150,65768457514494;moh;0;None;0,07075000430416666;m3/s;0;kW;0;rpm;0;KVar;0;%;0,048647530529555554;Mill.m3;70,7500032858363;l/s;0;m3/s;624416,5;t;65;%;0;None;97,97501135455435;mKVs;0;None;25,982242794944444;mm;0;m3/s;93,38676222222222;bar;0;KVa;-54,23390282672222;cm;32,43168841888889;%;30,308334152225175;cm
2026-02-07 12:00:00.000;150,65770744715846;moh;0;None;0,07080000390833333;m3/s;0;kW;0;rpm;0;KVar;0;%;0,04862880002966668;Mill.m3;70,80004182490437;l/s;0;m3/s;624416,5;t;65;%;0;None;97,9650827009095;mKVs;0;None;25,98661316663889;mm;0;m3/s;93,76030527777777;bar;0;KVa;-54,22465854375;cm;32,4192015215;%;30,31667380323833;cm
2026-02-07 13:00:00.000;150,65611669544302;moh;0;None;0,07059500422574999;m3/s;0;kW;0;rpm;0;KVar;0;%;0,04844629926836113;Mill.m3;70,59050496494027;l/s;0;m3/s;624416,5;t;65;%;0;None;97,9182504991197;mKVs;0;None;26,029196844416667;mm;0;m3/s;93,66980972222223;bar;0;KVa;-54,38053978808333;cm;32,29753367625;%;30,281751320650955;cm
2026-02-07 14:00:00.000;150,65816360608272;moh;0;None;0,07055833739347223;m3/s;0;kW;0;rpm;0;KVar;0;%;0,0487042236435278;Mill.m3;70,55951564936895;l/s;0;m3/s;624416,5;t;65;%;0;None;97,97500077138295;mKVs;0;None;25,969014487083335;mm;0;m3/s;93,37345472222222;bar;0;KVa;-54,184413486277776;cm;32,46948324411111;%;30,27658646769125;cm
2026-02-07 15:00:00.000;150,65733471968744;moh;0;None;0,07050000379666667;m3/s;0;kW;0;rpm;0;KVar;0;%;0,048554465214750014;Mill.m3;70,50000921006789;l/s;0;m3/s;624416,5;t;65;%;0;None;97,9484298151472;mKVs;0;None;26,00395817361111;mm;0;m3/s;93,227575;bar;0;KVa;-54,276178148805556;cm;32,36964414427778;%;30,266668791115336;cm
2026-02-07 16:00:00.000;150,65759281164875;moh;0;None;0,07055167007502777;m3/s;0;kW;0;rpm;0;KVar;0;%;0,04868995032800001;Mill.m3;70,54997191541662;l/s;0;m3/s;624416,5;t;65;%;0;None;97,91666763611578;mKVs;0;None;25,973318101083333;mm;0;m3/s;93,38284888888889;bar;0;KVa;-54,23366546688889;cm;32,45996781972222;%;30,27499580328762;cm
2026-02-07 17:00:00.000;150,656593146067;moh;0;None;0,07064167110319444;m3/s;0;kW;0;rpm;0;KVar;0;%;0,048616085376472225;Mill.m3;70,64052514097388;l/s;0;m3/s;624416,5;t;65;%;0;None;97,94325117215917;mKVs;0;None;25,989580156944445;mm;0;m3/s;93,8101475;bar;0;KVa;-54,33208041552778;cm;32,410723953222224;%;30,29008796344118;cm
2026-02-07 18:00:00.000;150,65731857233652;moh;0;None;0,07055500342341667;m3/s;0;kW;0;rpm;0;KVar;0;%;0,048573614448611115;Mill.m3;70,55948067903206;l/s;0;m3/s;624416,5;t;65;%;0;None;97,9583311653207;mKVs;0;None;25,999489890555555;mm;0;m3/s;93,34807138888888;bar;0;KVa;-54,27401224775;cm;32,38241066327778;%;30,276580587117117;cm
2026-02-07 19:00:00.000;150,65674090561106;moh;0;None;0,07039833667080554;m3/s;0;kW;0;rpm;0;KVar;0;%;0,04850104608325;Mill.m3;70,40000052498982;l/s;0;m3/s;624416,5;t;65;%;0;None;97,93540684773464;mKVs;0;None;26,016422482527776;mm;0;m3/s;93,67685055555556;bar;0;KVa;-54,32180192875;cm;32,33403211005555;%;30,2500007833327;cm
2026-02-07 20:00:00.000;150,65566795486967;moh;0;None;0,07030166956752777;m3/s;0;kW;0;rpm;0;KVar;0;%;0,04840176252341667;Mill.m3;70,29659497104328;l/s;0;m3/s;624416,5;t;65;%;0;None;97,92501200677826;mKVs;0;None;26,03958871577778;mm;0;m3/s;94,09835194444445;bar;0;KVa;-54,42693498375;cm;32,267842558805555;%;30,231771186282717;cm
2026-02-07 21:00:00.000;150,65719279231274;moh;0;None;0,07029500287075;m3/s;0;kW;0;rpm;0;KVar;0;%;0,0486349544166389;Mill.m3;70,29899456258676;l/s;0;m3/s;624416,5;t;65;%;0;None;97,92500464661407;mKVs;0;None;25,98517714475;mm;0;m3/s;93,51678277777778;bar;0;KVa;-54,28338368902778;cm;32,42330450391667;%;30,234898614833572;cm
2026-02-07 22:00:00.000;150,65744674113577;moh;0;None;0,07049167042569444;m3/s;0;kW;0;rpm;0;KVar;0;%;0,04863812098516667;Mill.m3;70,4906449480428;l/s;0;m3/s;624416,5;t;65;%;0;None;97,93854549400072;mKVs;0;None;25,984438364944445;mm;0;m3/s;93,75360916666666;bar;0;KVa;-54,25072564152778;cm;32,42541537822222;%;30,26510809074025;cm
2026-02-07 23:00:00.000;150,6569500704322;moh;0;None;0,07024166929652778;m3/s;0;kW;0;rpm;0;KVar;0;%;0,04858926741483335;Mill.m3;70,24774302013162;l/s;0;m3/s;624416,5;t;65;%;0;None;97,92813598774846;mKVs;0;None;25,995837529555555;mm;0;m3/s;93,31235;bar;0;KVa;-54,31022644116667;cm;32,392845980694446;%;30,21666754555577;cm
2026-02-08 00:00:00.000;150,65712520496675;moh;0;None;0,07024500264491668;m3/s;0;kW;0;rpm;0;KVar;0;%;0,048583532951472226;Mill.m3;70,24225581815483;l/s;0;m3/s;624416,5;t;65;%;0;None;97,89009837346508;mKVs;0;None;25,99717564238889;mm;0;m3/s;94,0346888888889;bar;0;KVa;-54,29540846075;cm;32,38902273775;%;30,224993466083035;cm
2026-02-08 01:00:00.000;150,6568251181405;moh;0;None;0,07009000194483334;m3/s;0;kW;0;rpm;0;KVar;0;%;0,04856684349552778;Mill.m3;70,08781184903961;l/s;0;m3/s;624416,5;t;65;%;0;None;97,91823049942575;mKVs;0;None;26,00106981088889;mm;0;m3/s;93,83147055555555;bar;0;KVa;-54,32158152275;cm;32,37789667008333;%;30,201566238171022;cm
2026-02-08 02:00:00.000;150,65744176964677;moh;0;None;0,07035000311916667;m3/s;0;kW;0;rpm;0;KVar;0;%;0,04861954336608333;Mill.m3;70,35122847316691;l/s;0;m3/s;624416,5;t;65;%;0;None;97,94011016632847;mKVs;0;None;25,98877313247222;mm;0;m3/s;93,57083333333334;bar;0;KVa;-54,25337049886111;cm;32,41303031597222;%;30,24167502947273;cm
2026-02-08 03:00:00.000;150,65633929970826;moh;0;None;0,07019833576747223;m3/s;0;kW;0;rpm;0;KVar;0;%;0,048465035605888884;Mill.m3;70,19439989008691;l/s;0;m3/s;624416,5;t;65;%;0;None;97,98489995242328;mKVs;0;None;26,02482498752778;mm;0;m3/s;93,97674083333334;bar;0;KVa;-54,368612503166666;cm;32,31002502416667;%;30,215102372941466;cm
2026-02-08 04:00:00.000;150,657334323029;moh;0;None;0,07021333583522221;m3/s;0;kW;0;rpm;0;KVar;0;%;0,04857514661975001;Mill.m3;70,21308832240983;l/s;0;m3/s;624416,5;t;65;%;0;None;97,96510625610468;mKVs;0;None;25,999132368027777;mm;0;m3/s;93,75015027777778;bar;0;KVa;-54,26989661336111;cm;32,38343237122222;%;30,208336347230667;cm
2026-02-08 05:00:00.000;150,65702074703677;moh;0;None;0,07012833545130555;m3/s;0;kW;0;rpm;0;KVar;0;%;0,04856653183313888;Mill.m3;70,1264566065442;l/s;0;m3/s;624416,5;t;65;%;0;None;97,9182284152911;mKVs;0;None;26,001142500388887;mm;0;m3/s;93,84320138888889;bar;0;KVa;-54,295374553777776;cm;32,377689335305554;%;30,20833387499905;cm
2026-02-08 06:00:00.000;150,65545820336897;moh;0;None;0,07010000199;m3/s;0;kW;0;rpm;0;KVar;0;%;0,04832518334402778;Mill.m3;70,09999847;l/s;0;m3/s;624416,5;t;65;%;0;None;97,93177612634125;mKVs;0;None;26,057457391944446;mm;0;m3/s;93,30168361111112;bar;0;KVa;-54,45405324266667;cm;32,21678948583333;%;30,20000076;cm
2026-02-08 07:00:00.000;150,65651492599972;moh;0;None;0,07014833554163888;m3/s;0;kW;0;rpm;0;KVar;0;%;0,04845570195369445;Mill.m3;70,14872503532487;l/s;0;m3/s;624416,5;t;65;%;0;None;97,95988605819714;mKVs;0;None;26,027002756138888;mm;0;m3/s;93,66279722222222;bar;0;KVa;-54,34618632144444;cm;32,30380275975;%;30,208333597220214;cm
2026-02-08 08:00:00.000;150,65687600851376;moh;0;None;0,06994166794152776;m3/s;0;kW;0;rpm;0;KVar;0;%;0,048552105409861115;Mill.m3;69,94021896470373;l/s;0;m3/s;624416,5;t;65;%;0;None;98,00000741655319;mKVs;0;None;26,0045085465;mm;0;m3/s;93,67034833333334;bar;0;KVa;-54,316126506833335;cm;32,36807189975;%;30,166656799960105;cm
2026-02-08 09:00:00.000;150,6559993446609;moh;0;None;0,07007833522547222;m3/s;0;kW;0;rpm;0;KVar;0;%;0,04839839328708333;Mill.m3;70,07569597706843;l/s;0;m3/s;624416,5;t;65;%;0;None;98,01976278828997;mKVs;0;None;26,040374967194445;mm;0;m3/s;93,86452416666667;bar;0;KVa;-54,39662933325;cm;32,26559647552778;%;30,191669367229714;cm
2026-02-08 10:00:00.000;150,65831432680775;moh;0;None;0,07010166866419444;m3/s;0;kW;0;rpm;0;KVar;0;%;0,04875208512911111;Mill.m3;70,10569877825644;l/s;0;m3/s;624416,5;t;65;%;0;None;97,9901114193336;mKVs;0;None;25,957846747333335;mm;0;m3/s;93,8122636111111;bar;0;KVa;-54,164437187472224;cm;32,501391491;%;30,20000101000095;cm
2026-02-08 11:00:00.000;150,6560400882191;moh;0;None;0,07021666918361112;m3/s;0;kW;0;rpm;0;KVar;0;%;0,048450502111750005;Mill.m3;70,21200530936444;l/s;0;m3/s;624416,5;t;65;%;0;None;97,98857536924397;mKVs;0;None;26,02821625488889;mm;0;m3/s;93,30764;bar;0;KVa;-54,394137062388886;cm;32,30033561436111;%;30,21666137886567;cm
2026-02-08 12:00:00.000;150,65600191193178;moh;0;None;0,07020000244166667;m3/s;0;kW;0;rpm;0;KVar;0;%;0,048396587889166676;Mill.m3;70,20303765631351;l/s;0;m3/s;624416,5;t;65;%;0;None;97,99959220068388;mKVs;0;None;26,040309693416667;mm;0;m3/s;93,50321138888889;bar;0;KVa;-54,392272100111114;cm;32,26439279038889;%;30,2166794900456;cm
2026-02-08 13:00:00.000;150,6556638101481;moh;0;None;0,07030333624172222;m3/s;0;kW;0;rpm;0;KVar;0;%;0,04817820870280555;Mill.m3;70,30546518216246;l/s;0;m3/s;624416,5;t;65;%;0;None;98,05524184923121;mKVs;0;None;26,091751310666666;mm;0;m3/s;93,55672194444445;bar;0;KVa;-54,43895551791667;cm;32,11880654844445;%;30,226545249757567;cm
2026-02-08 14:00:00.000;150,65779689397226;moh;0;None;0,07035000311916667;m3/s;0;kW;0;rpm;0;KVar;0;%;0,048663406735138894;Mill.m3;70,3500066825577;l/s;0;m3/s;624416,5;t;65;%;0;None;97,97654938657764;mKVs;0;None;25,978538512194444;mm;0;m3/s;90,86018833333334;bar;0;KVa;-54,22163221561111;cm;32,44227203425;%;30,241668529448035;cm
2026-02-08 15:00:00.000;150,65684264432565;moh;0;None;0,07055000333866665;m3/s;0;kW;0;rpm;0;KVar;0;%;0,048511969670333326;Mill.m3;70,55029046353549;l/s;0;m3/s;624416,5;t;65;%;0;None;98,00833148363746;mKVs;0;None;26,013873843;mm;0;m3/s;90,94957277777777;bar;0;KVa;-54,31705898672222;cm;32,341313982694444;%;30,27344963082311;cm
2026-02-08 16:00:00.000;150,65546073479575;moh;0;None;0,07070667077511111;m3/s;0;kW;0;rpm;0;KVar;0;%;0,04823746975127778;Mill.m3;70,70925087090454;l/s;0;m3/s;624416,5;t;65;%;0;None;97,94845776083055;mKVs;0;None;26,077923669361113;mm;0;m3/s;94,06960055555555;bar;0;KVa;-54,45442623405555;cm;32,158313721194446;%;30,30154212643036;cm
2026-02-08 17:00:00.000;150,65498475042577;moh;0;None;0,07029333619655555;m3/s;0;kW;0;rpm;0;KVar;0;%;0,04824583702180555;Mill.m3;70,2907380790119;l/s;0;m3/s;624416,5;t;65;%;0;None;98,01666982828107;mKVs;0;None;26,0759713925;mm;0;m3/s;93,31848555555555;bar;0;KVa;-54,50082142941667;cm;32,16389188730555;%;30,23179049191163;cm
2026-02-08 18:00:00.000;150,65483473064725;moh;0;None;0,07029833621913889;m3/s;0;kW;0;rpm;0;KVar;0;%;0,04822229429363889;Mill.m3;70,29998217314665;l/s;0;m3/s;624416,5;t;65;%;0;None;97,98179700057847;mKVs;0;None;26,08146476597222;mm;0;m3/s;93,74887444444444;bar;0;KVa;-54,51763576825;cm;32,148196693277775;%;30,233331164432833;cm
2026-02-08 19:00:00.000;150,65573742394474;moh;0;None;0,07035666981594443;m3/s;0;kW;0;rpm;0;KVar;0;%;0,048364582555;Mill.m3;70,35923544320296;l/s;0;m3/s;624416,5;t;65;%;0;None;97,97653277161348;mKVs;0;None;26,04826418491667;mm;0;m3/s;93,47889111111111;bar;0;KVa;-54,42556169113889;cm;32,2430559805;%;30,24320664640397;cm
2026-02-08 20:00:00.000;150,655617104063;moh;0;None;0,07039333664822223;m3/s;0;kW;0;rpm;0;KVar;0;%;0,048339189505666666;Mill.m3;70,39081609812935;l/s;0;m3/s;624416,5;t;65;%;0;None;97,94319267472093;mKVs;0;None;26,054189256;mm;0;m3/s;93,83504555555555;bar;0;KVa;-54,43915049155556;cm;32,22612720316667;%;30,248470055293733;cm
2026-02-08 21:00:00.000;150,656320462364;moh;0;None;0,07039500332241666;m3/s;0;kW;0;rpm;0;KVar;0;%;0,04844102215913888;Mill.m3;70,39743883223686;l/s;0;m3/s;624416,5;t;65;%;0;None;97,989655851879;mKVs;0;None;26,030428144583333;mm;0;m3/s;93,43024722222222;bar;0;KVa;-54,3687650875;cm;32,29401593727778;%;30,249573837265867;cm
2026-02-08 22:00:00.000;150,65588004908923;moh;0;None;0,07032333633205554;m3/s;0;kW;0;rpm;0;KVar;0;%;0,04840072637591667;Mill.m3;70,32103671699784;l/s;0;m3/s;624416,5;t;65;%;0;None;97,94014258166585;mKVs;0;None;26,03983052527778;mm;0;m3/s;93,5308736111111;bar;0;KVa;-54,407289292444446;cm;32,26715183363889;%;30,240128606929684;cm
2026-02-08 23:00:00.000;150,65567393809775;moh;0;None;0,07045666964594444;m3/s;0;kW;0;rpm;0;KVar;0;%;0,048337288241416664;Mill.m3;70,45922399148158;l/s;0;m3/s;624416,5;t;65;%;0;None;97,95986483546628;mKVs;0;None;26,05463282138889;mm;0;m3/s;93,78012916666667;bar;0;KVa;-54,432627359222224;cm;32,22485952519445;%;30,259871245857276;cm
2026-02-09 00:00:00.000;150,65636452734628;moh;0;None;0,07065000385249999;m3/s;0;kW;0;rpm;0;KVar;0;%;0,048451754180361115;Mill.m3;70,64995226697684;l/s;0;m3/s;624416,5;t;65;%;0;None;97,94999751421639;mKVs;0;None;26,02792400725;mm;0;m3/s;93,46314861111111;bar;0;KVa;-54,36438666427778;cm;32,30117061325;%;30,291659088855955;cm
2026-02-09 01:00:00.000;150,6568222119655;moh;0;None;0,07065000447416667;m3/s;0;kW;0;rpm;0;KVar;0;%;0,04852144890094444;Mill.m3;70,65000440417006;l/s;0;m3/s;624416,5;t;65;%;0;None;97,92194185915505;mKVs;0;None;26,011661953305556;mm;0;m3/s;93,47693722222222;bar;0;KVa;-54,31820763355555;cm;32,347633787027775;%;30,291667830555767;cm
2026-02-09 02:00:00.000;150,65594991176474;moh;0;None;0,07080000390833333;m3/s;0;kW;0;rpm;0;KVar;0;%;0,048390413975861114;Mill.m3;70,80001565830443;l/s;0;m3/s;624416,5;t;65;%;0;None;97,88486395203905;mKVs;0;None;26,042236750277777;mm;0;m3/s;93,82515916666667;bar;0;KVa;-54,40611521352778;cm;32,26027705972222;%;30,316669442193508;cm
2026-02-09 03:00:00.000;150,656320242636;moh;0;None;0,07080000390833333;m3/s;0;kW;0;rpm;0;KVar;0;%;0,04844902687516667;Mill.m3;70,80007332482404;l/s;0;m3/s;624416,5;t;65;%;0;None;97,93485138484394;mKVs;0;None;26,028560425722223;mm;0;m3/s;93,65697805555556;bar;0;KVa;-54,368137783222224;cm;32,29935243263889;%;30,316679053158527;cm
2026-02-09 04:00:00.000;150,6555851079642;moh;0;None;0,07080167056180556;m3/s;0;kW;0;rpm;0;KVar;0;%;0,04833857928141665;Mill.m3;70,80001449164074;l/s;0;m3/s;624416,5;t;65;%;0;None;97,94014894184642;mKVs;0;None;26,054331671527777;mm;0;m3/s;93,36841833333334;bar;0;KVa;-54,442058138722224;cm;32,22572030036111;%;30,31666924775202;cm
2026-02-09 05:00:00.000;150,65613962413423;moh;0;None;0,07100833559236111;m3/s;0;kW;0;rpm;0;KVar;0;%;0,048422558927416676;Mill.m3;71,00911762509305;l/s;0;m3/s;624416,5;t;65;%;0;None;97,87348079339917;mKVs;0;None;26,034736207805555;mm;0;m3/s;93,53209861111111;bar;0;KVa;-54,384396870055554;cm;32,28170717722222;%;30,35151932913384;cm
2026-02-09 06:00:00.000;150,65556433953148;moh;0;None;0,07099666901805556;m3/s;0;kW;0;rpm;0;KVar;0;%;0,04832595251552777;Mill.m3;70,99544749328531;l/s;0;m3/s;624416,5;t;65;%;0;None;97,88712952856118;mKVs;0;None;26,057277890416668;mm;0;m3/s;93,72108222222222;bar;0;KVa;-54,444923399416666;cm;32,217302535916666;%;30,349241002653823;cm
2026-02-09 07:00:00.000;150,65599955829802;moh;0;None;0,07099500248891666;m3/s;0;kW;0;rpm;0;KVar;0;%;0,048399505917944445;Mill.m3;71,00021414798601;l/s;0;m3/s;624416,5;t;65;%;0;None;97,91514854741364;mKVs;0;None;26,04011535561111;mm;0;m3/s;93,78301111111111;bar;0;KVa;-54,39977433825;cm;32,266338183555554;%;30,349998380030403;cm
2026-02-09 08:00:00.000;150,65512238865676;moh;0;None;0,07103666897077777;m3/s;0;kW;0;rpm;0;KVar;0;%;0,048276437920666666;Mill.m3;71,03585939060955;l/s;0;m3/s;624416,5;t;65;%;0;None;97,89848993936549;mKVs;0;None;26,068831335972224;mm;0;m3/s;93,87552638888889;bar;0;KVa;-54,486550224333335;cm;32,184292529833336;%;30,34847945867391;cm
2026-02-09 09:00:00.000;150,65643445293895;moh;0;None;0,07100666893888888;m3/s;0;kW;0;rpm;0;KVar;0;%;0,04846202882233334;Mill.m3;71,00908362517976;l/s;0;m3/s;624416,5;t;65;%;0;None;97,86666645253432;mKVs;0;None;26,02552668111111;mm;0;m3/s;93,90674388888888;bar;0;KVa;-54,35696919627778;cm;32,30802027522222;%;30,351513662553312;cm
2026-02-09 10:00:00.000;150,65591965036552;moh;0;None;0,07115333481744444;m3/s;0;kW;0;rpm;0;KVar;0;%;0,04838916179236112;Mill.m3;71,15566691856277;l/s;0;m3/s;624416,5;t;65;%;0;None;97,8098405401906;mKVs;0;None;26,04252899847222;mm;0;m3/s;93,82991944444444;bar;0;KVa;-54,406950207583336;cm;32,25944222486111;%;30,383324067916686;cm
2026-02-09 11:00:00.000;150,655556132338;moh;0;None;0,07124500150441666;m3/s;0;kW;0;rpm;0;KVar;0;%;0,0483379370225;Mill.m3;71,24584218962177;l/s;0;m3/s;624416,5;t;65;%;0;None;97,83333376558765;mKVs;0;None;26,054481504166667;mm;0;m3/s;93,98925888888888;bar;0;KVa;-54,44359673238889;cm;32,225292208333336;%;30,399992250520615;cm
2026-02-09 12:00:00.000;150,655783058799;moh;0;None;0,07123500172863888;m3/s;0;kW;0;rpm;0;KVar;0;%;0,04836292316416667;Mill.m3;71,23438488570555;l/s;0;m3/s;624416,5;t;65;%;0;None;97,75682374117973;mKVs;0;None;26,048651375833334;mm;0;m3/s;94,12343166666666;bar;0;KVa;-54,42332797555556;cm;32,2419497175;%;30,39999962;cm
2026-02-09 13:00:00.000;150,65559603824124;moh;0;None;0,07131500045291668;m3/s;0;kW;0;rpm;0;KVar;0;%;0,04833925932244444;Mill.m3;71,31419718131413;l/s;0;m3/s;624416,5;t;65;%;0;None;97,79924183813286;mKVs;0;None;26,05417294;mm;0;m3/s;94,10277722222222;bar;0;KVa;-54,440782333;cm;32,22617351216667;%;30,39999962;cm
2026-02-09 14:00:00.000;150,6563620691082;moh;0;None;0,07146000156372222;m3/s;0;kW;0;rpm;0;KVar;0;%;0,04844963074736111;Mill.m3;71,4607688105855;l/s;0;m3/s;624416,5;t;65;%;0;None;97,81162956822254;mKVs;0;None;26,02841949447222;mm;0;m3/s;93,91155222222223;bar;0;KVa;-54,36304727983333;cm;32,29975509688889;%;30,433334885562417;cm
2026-02-09 15:00:00.000;150,6557723566558;moh;0;None;0,07093555666424999;m3/s;0;kW;0;rpm;0;KVar;0;%;0,04836152454619444;Mill.m3;71,32037499975867;l/s;0;m3/s;624416,5;t;65;%;0;None;97,77500060336551;mKVs;0;None;26,048977745;mm;0;m3/s;93,92188333333333;bar;0;KVa;-54,423425460694446;cm;32,24101723641667;%;30,40109337415625;cm
2026-02-09 16:00:00.000;150,65566898082173;moh;0;None;0,07136166701952779;m3/s;0;kW;0;rpm;0;KVar;0;%;0,048349915175750005;Mill.m3;71,35984656526097;l/s;0;m3/s;624416,5;t;65;%;0;None;97,8217517471927;mKVs;0;None;26,051686602222222;mm;0;m3/s;93,47542638888889;bar;0;KVa;-54,43339029780556;cm;32,23327764136111;%;30,408335651676797;cm
2026-02-09 17:00:00.000;150,65570246868123;moh;0;None;0,07136333499922222;m3/s;0;kW;0;rpm;0;KVar;0;%;0,048350074017972214;Mill.m3;71,3713368711114;l/s;0;m3/s;624416,5;t;65;%;0;None;97,82824400961998;mKVs;0;None;26,051649515555557;mm;0;m3/s;93,92289805555555;bar;0;KVa;-54,4296773265;cm;32,233383604277776;%;30,39999962;cm
2026-02-09 18:00:00.000;150,656051210764;moh;0;None;0,07135833433425;m3/s;0;kW;0;rpm;0;KVar;0;%;0,048409608708888885;Mill.m3;71,35967156658413;l/s;0;m3/s;624416,5;t;65;%;0;None;97,82176335812719;mKVs;0;None;26,037758083916668;mm;0;m3/s;92,95802194444444;bar;0;KVa;-54,39496781952778;cm;32,273073408277774;%;30,403247104562617;cm
2026-02-09 19:00:00.000;150,65616817707348;moh;0;None;0,0713900010817778;m3/s;0;kW;0;rpm;0;KVar;0;%;0,048425293217472215;Mill.m3;71,39204581775971;l/s;0;m3/s;624416,5;t;65;%;0;None;97,84166391674466;mKVs;0;None;26,034098305805557;mm;0;m3/s;93,36064;bar;0;KVa;-54,382582768805555;cm;32,283529918333336;%;30,405085194880666;cm
2026-02-09 20:00:00.000;150,65598298200197;moh;0;None;0,07140666780299999;m3/s;0;kW;0;rpm;0;KVar;0;%;0,048392722279722224;Mill.m3;71,40898660815735;l/s;0;m3/s;624416,5;t;65;%;0;None;97,79675896157997;mKVs;0;None;26,04169824313889;mm;0;m3/s;93,44770333333334;bar;0;KVa;-54,40235561611111;cm;32,26181581327778;%;30,416660627756034;cm
2026-02-09 21:00:00.000;150,6560199653575;moh;0;None;0,07135166774108334;m3/s;0;kW;0;rpm;0;KVar;0;%;0,0484093733535;Mill.m3;71,34813109598291;l/s;0;m3/s;624416,5;t;65;%;0;None;97,761575526839;mKVs;0;None;26,037812972222223;mm;0;m3/s;93,59017527777777;bar;0;KVa;-54,396527607416665;cm;32,272916582722225;%;30,408335393332383;cm
2026-02-09 22:00:00.000;150,655938750482;moh;0;None;0,07134333385205555;m3/s;0;kW;0;rpm;0;KVar;0;%;0,04840297723902778;Mill.m3;71,34315310786685;l/s;0;m3/s;624416,5;t;65;%;0;None;97,716667577044;mKVs;0;None;26,0393053685;mm;0;m3/s;93,95781666666667;bar;0;KVa;-54,40439012175;cm;32,268652598694445;%;30,408335318342196;cm
2026-02-09 23:00:00.000;150,65553583824823;moh;0;None;0,07151500112830554;m3/s;0;kW;0;rpm;0;KVar;0;%;0,04833008510330556;Mill.m3;71,51607833622936;l/s;0;m3/s;624416,5;t;65;%;0;None;97,79676887976157;mKVs;0;None;26,05631361958333;mm;0;m3/s;93,7550975;bar;0;KVa;-54,44661034408333;cm;32,22005759425;%;30,42500873443959;cm
2026-02-10 00:00:00.000;150,65558182674124;moh;0;None;0,07114861172791666;m3/s;0;kW;0;rpm;0;KVar;0;%;0,048335343101499985;Mill.m3;71,34543776885431;l/s;0;m3/s;624416,5;t;65;%;0;None;97,78333797164626;mKVs;0;None;26,0550867695;mm;0;m3/s;94,13940416666667;bar;0;KVa;-54,44310506116667;cm;32,223562877666666;%;30,39999962;cm
2026-02-10 01:00:00.000;150,655601786201;moh;0;None;0,07150166765186113;m3/s;0;kW;0;rpm;0;KVar;0;%;0,04834495633633334;Mill.m3;71,49862671365999;l/s;0;m3/s;624416,5;t;65;%;0;None;97,75323995993065;mKVs;0;None;26,052843728166668;mm;0;m3/s;93,70772972222223;bar;0;KVa;-54,43891737055556;cm;32,22997156783333;%;30,43334066336215;cm
2026-02-10 02:00:00.000;150,65604880005174;moh;0;None;0,07155000107916666;m3/s;0;kW;0;rpm;0;KVar;0;%;0,04839581840925;Mill.m3;71,55001308330631;l/s;0;m3/s;624416,5;t;65;%;0;None;97,7583381341314;mKVs;0;None;26,040975780166665;mm;0;m3/s;94,09473305555555;bar;0;KVa;-54,39695570166667;cm;32,263879989277775;%;30,441668222784532;cm
2026-02-10 03:00:00.000;150,65587415319422;moh;0;None;0,07166500159858333;m3/s;0;kW;0;rpm;0;KVar;0;%;0,048394673938611105;Mill.m3;71,66932594771295;l/s;0;m3/s;624416,5;t;65;%;0;None;97,76667456311759;mKVs;0;None;26,041242809805556;mm;0;m3/s;93,85198555555556;bar;0;KVa;-54,411048888416666;cm;32,26311705002778;%;30,461553826127314;cm
2026-02-10 04:00:00.000;150,65656630853772;moh;0;None;0,07173333524055556;m3/s;0;kW;0;rpm;0;KVar;0;%;0,04847817737488889;Mill.m3;71,73058845918085;l/s;0;m3/s;624416,5;t;65;%;0;None;97,76667206163867;mKVs;0;None;26,021758606805555;mm;0;m3/s;93,20725416666667;bar;0;KVa;-54,344270494444444;cm;32,31878619697222;%;30,471764309371448;cm
2026-02-10 05:00:00.000;150,65547137676577;moh;0;None;0,07186833585030557;m3/s;0;kW;0;rpm;0;KVar;0;%;0,04832599032602778;Mill.m3;71,86939177421158;l/s;0;m3/s;624416,5;t;65;%;0;None;97,70833031778531;mKVs;0;None;26,057268989277777;mm;0;m3/s;93,73693222222222;bar;0;KVa;-54,452671475083335;cm;32,21732780738889;%;30,494898341724884;cm
2026-02-10 06:00:00.000;150,65630281069173;moh;0;None;0,07180000220833334;m3/s;0;kW;0;rpm;0;KVar;0;%;0,04845195145641667;Mill.m3;71,79999428335232;l/s;0;m3/s;624416,5;t;65;%;0;None;97,77177487078663;mKVs;0;None;26,027878018583333;mm;0;m3/s;93,67273305555555;bar;0;KVa;-54,36872270269444;cm;32,30130216763889;%;30,48333201999525;cm
2026-02-10 07:00:00.000;150,656201031856;moh;0;None;0,07141055750416664;m3/s;0;kW;0;rpm;0;KVar;0;%;0,04847198511511112;Mill.m3;71,80925659285796;l/s;0;m3/s;624416,5;t;65;%;0;None;97,75346729052784;mKVs;0;None;26,02320353225;mm;0;m3/s;91,76751083333333;bar;0;KVa;-54,376992117444445;cm;32,314657845027774;%;30,484875748083613;cm
2026-02-10 08:00:00.000;150,656007641918;moh;0;None;0,07184833575997222;m3/s;0;kW;0;rpm;0;KVar;0;%;0,048416468646638885;Mill.m3;71,84999215669073;l/s;0;m3/s;624416,5;t;65;%;0;None;97,74167130571317;mKVs;0;None;26,036157395805557;mm;0;m3/s;90,2021475;bar;0;KVa;-54,39785851147222;cm;32,27764680677778;%;30,49166505166065;cm
2026-02-10 09:00:00.000;150,655067955557;moh;0;None;0,07180000220833334;m3/s;0;kW;0;rpm;0;KVar;0;%;0,048258248188222226;Mill.m3;71,80000178333333;l/s;0;m3/s;624416,5;t;65;%;0;None;97,7517276517596;mKVs;0;None;26,073075611916668;mm;0;m3/s;93,74804222222222;bar;0;KVa;-54,49423048086111;cm;32,17216603625;%;30,48333327;cm
2026-02-10 10:00:00.000;150,65560226990726;moh;0;None;0,07195000226416667;m3/s;0;kW;0;rpm;0;KVar;0;%;0,04834184723083333;Mill.m3;71,95006106901451;l/s;0;m3/s;624416,5;t;65;%;0;None;97,82989307087449;mKVs;0;None;26,05356915575;mm;0;m3/s;93,62162666666667;bar;0;KVa;-54,43957858463889;cm;32,22789891716667;%;30,508343309482232;cm
2026-02-10 11:00:00.000;150,65538393807475;moh;0;None;0,07195000226416667;m3/s;0;kW;0;rpm;0;KVar;0;%;0,04830235255130556;Mill.m3;71,94999956917134;l/s;0;m3/s;624416,5;t;65;%;0;None;97,95000079194389;mKVs;0;None;26,06278461625;mm;0;m3/s;93,50212833333333;bar;0;KVa;-54,46287790819444;cm;32,20156902941667;%;30,508333059443284;cm
2026-02-10 12:00:00.000;150,65593685169472;moh;0;None;0,07195000226416667;m3/s;0;kW;0;rpm;0;KVar;0;%;0,04839794824172223;Mill.m3;71,95001256913818;l/s;0;m3/s;624416,5;t;65;%;0;None;97,99653141418129;mKVs;0;None;26,040478810694445;mm;0;m3/s;93,69487916666667;bar;0;KVa;-54,40582275255556;cm;32,265299904555555;%;30,508335226118184;cm
2026-02-10 13:00:00.000;150,6559007165855;moh;0;None;0,07195166891763888;m3/s;0;kW;0;rpm;0;KVar;0;%;0,04838557615852778;Mill.m3;71,95000840248214;l/s;0;m3/s;624416,5;t;65;%;0;None;98,01006531822048;mKVs;0;None;26,043365688944444;mm;0;m3/s;93,57073305555555;bar;0;KVa;-54,410150314027774;cm;32,257051680888885;%;30,508334531671103;cm
2026-02-10 14:00:00.000;150,65600204621975;moh;0;None;0,07209000115583333;m3/s;0;kW;0;rpm;0;KVar;0;%;0,04839906094469444;Mill.m3;72,08957604658376;l/s;0;m3/s;624416,5;t;65;%;0;None;98,00833706688536;mKVs;0;None;26,040219200527776;mm;0;m3/s;93,45131638888888;bar;0;KVa;-54,400346541833336;cm;32,266041650388885;%;30,531595953397503;cm
2026-02-10 15:00:00.000;150,65613381114125;moh;0;None;0,07220166693847221;m3/s;0;kW;0;rpm;0;KVar;0;%;0,04840946865974999;Mill.m3;72,1999875983669;l/s;0;m3/s;624416,5;t;65;%;0;None;98,00487337374001;mKVs;0;None;26,03779072097222;mm;0;m3/s;93,43577444444445;bar;0;KVa;-54,38758002286111;cm;32,27298016063889;%;30,549997995547216;cm
2026-02-10 16:00:00.000;150,65605706898373;moh;0;None;0,07230666610722222;m3/s;0;kW;0;rpm;0;KVar;0;%;0,04841655733063889;Mill.m3;72,30360666747094;l/s;0;m3/s;624416,5;t;65;%;0;None;98,02908451907591;mKVs;0;None;26,036136625527778;mm;0;m3/s;93,68189138888889;bar;0;KVa;-54,39341650922222;cm;32,27770614861111;%;30,56726795006168;cm
2026-02-10 17:00:00.000;150,65547073713176;moh;0;None;0,07224833323569445;m3/s;0;kW;0;rpm;0;KVar;0;%;0,04833156006016667;Mill.m3;72,249965470923;l/s;0;m3/s;624416,5;t;65;%;0;None;97,9999990000153;mKVs;0;None;26,055969448944445;mm;0;m3/s;94,028625;bar;0;KVa;-54,451200695194444;cm;32,221040849472224;%;30,55832769386662;cm
2026-02-10 18:00:00.000;150,65520070610452;moh;0;None;0,07224999988916667;m3/s;0;kW;0;rpm;0;KVar;0;%;0,048275872091916666;Mill.m3;72,2499658042555;l/s;0;m3/s;624416,5;t;65;%;0;None;98,08332491281234;mKVs;0;None;26,068963366444443;mm;0;m3/s;93,56798;bar;0;KVa;-54,48081546244445;cm;32,18391539547222;%;30,558327749422382;cm
2026-02-10 19:00:00.000;150,65548355923352;moh;0;None;0,07226333311694444;m3/s;0;kW;0;rpm;0;KVar;0;%;0,048317617394805557;Mill.m3;72,26046044416076;l/s;0;m3/s;624416,5;t;65;%;0;None;98,07499854249453;mKVs;0;None;26,059222750583334;mm;0;m3/s;93,4982875;bar;0;KVa;-54,452408682527775;cm;32,211745628833334;%;30,560076867180115;cm
2026-02-10 20:00:00.000;150,65616740653027;moh;0;None;0,07228666626555555;m3/s;0;kW;0;rpm;0;KVar;0;%;0,04843051944791667;Mill.m3;72,28955920329207;l/s;0;m3/s;624416,5;t;65;%;0;None;98,01667007827723;mKVs;0;None;26,032878875444446;mm;0;m3/s;93,77291333333334;bar;0;KVa;-54,38270992461111;cm;32,28701400747222;%;30,56492669116493;cm
2026-02-10 21:00:00.000;150,65506665063674;moh;0;None;0,07215166733430556;m3/s;0;kW;0;rpm;0;KVar;0;%;0,048258057566249984;Mill.m3;72,14998905919683;l/s;0;m3/s;624416,5;t;65;%;0;None;98,0333384343586;mKVs;0;None;26,073120116583333;mm;0;m3/s;93,79197444444445;bar;0;KVa;-54,493806625666664;cm;32,17203887383333;%;30,541664852770285;cm
2026-02-10 22:00:00.000;150,65512019922073;moh;0;None;0,0723499990975;m3/s;0;kW;0;rpm;0;KVar;0;%;0,04827361500044444;Mill.m3;72,349980382551;l/s;0;m3/s;624416,5;t;65;%;0;None;98,03158529451538;mKVs;0;None;26,069490006888888;mm;0;m3/s;93,35726027777778;bar;0;KVa;-54,487033418555555;cm;32,18241061386111;%;30,574996951654004;cm
2026-02-10 23:00:00.000;150,65500253431648;moh;0;None;0,07219666697805556;m3/s;0;kW;0;rpm;0;KVar;0;%;0,04825039021500001;Mill.m3;72,20000909831208;l/s;0;m3/s;624416,5;t;65;%;0;None;98,06842173090928;mKVs;0;None;26,074909208333334;mm;0;m3/s;93,90314277777777;bar;0;KVa;-54,49918534961111;cm;32,16692733916667;%;30,550001578894165;cm
2026-02-11 00:00:00.000;150,655735236202;moh;0;None;0,07249999791;m3/s;0;kW;0;rpm;0;KVar;0;%;0,04835872068627777;Mill.m3;72,5;l/s;0;m3/s;624416,5;t;65;%;0;None;98,12150019501742;mKVs;0;None;26,049631964055557;mm;0;m3/s;93,73864305555556;bar;0;KVa;-54,42695617494444;cm;32,239148036694445;%;30,60000038;cm
2026-02-11 01:00:00.000;150,65548950117952;moh;0;None;0,07227166648791668;m3/s;0;kW;0;rpm;0;KVar;0;%;0,048326467433472214;Mill.m3;72,27201074804074;l/s;0;m3/s;624416,5;t;65;%;0;None;98,09192688709894;mKVs;0;None;26,057157726944446;mm;0;m3/s;93,80775222222222;bar;0;KVa;-54,450687831138886;cm;32,21764585908333;%;30,566671086682494;cm
2026-02-11 02:00:00.000;150,65533468361846;moh;0;None;0,07249999791;m3/s;0;kW;0;rpm;0;KVar;0;%;0,04829227518641666;Mill.m3;72,5;l/s;0;m3/s;624416,5;t;65;%;0;None;98,07303934813615;mKVs;0;None;26,06513595538889;mm;0;m3/s;93,42085361111111;bar;0;KVa;-54,467938739194445;cm;32,19485076369445;%;30,60000038;cm
2026-02-11 03:00:00.000;150,6556702705125;moh;0;None;0,07237666561522221;m3/s;0;kW;0;rpm;0;KVar;0;%;0,04835053175372222;Mill.m3;72,37753181229466;l/s;0;m3/s;624416,5;t;65;%;0;None;98,0666606166027;mKVs;0;None;26,051542704;mm;0;m3/s;93,25069888888889;bar;0;KVa;-54,432983396666664;cm;32,23368878108333;%;30,583328872204067;cm
2026-02-11 04:00:00.000;150,6555512686115;moh;0;None;0,07249999791;m3/s;0;kW;0;rpm;0;KVar;0;%;0,04832459201691666;Mill.m3;72,5;l/s;0;m3/s;624416,5;t;65;%;0;None;98,09999674557895;mKVs;0;None;26,05759535597222;mm;0;m3/s;93,87868388888889;bar;0;KVa;-54,44693247469444;cm;32,21639548597222;%;30,60000038;cm
2026-02-11 05:00:00.000;150,65553751646627;moh;0;None;0,07244999830583335;m3/s;0;kW;0;rpm;0;KVar;0;%;0,04833575636083333;Mill.m3;72,45000329415859;l/s;0;m3/s;624416,5;t;65;%;0;None;98,08157747460892;mKVs;0;None;26,054990342083332;mm;0;m3/s;93,52882;bar;0;KVa;-54,44560580658333;cm;32,22383838438889;%;30,591667542779785;cm
2026-02-11 06:00:00.000;150,65550498884;moh;0;None;0,07246833192919445;m3/s;0;kW;0;rpm;0;KVar;0;%;0,048326143127194444;Mill.m3;72,46892107925144;l/s;0;m3/s;624416,5;t;65;%;0;None;98,09519192146544;mKVs;0;None;26,057233386277776;mm;0;m3/s;93,55202722222222;bar;0;KVa;-54,449513751666665;cm;32,217429692555555;%;30,591666209441385;cm
2026-02-11 07:00:00.000;150,655438786385;moh;0;None;0,07235166575097222;m3/s;0;kW;0;rpm;0;KVar;0;%;0,04832110777619444;Mill.m3;72,3500015491637;l/s;0;m3/s;624416,5;t;65;%;0;None;98,03990252610323;mKVs;0;None;26,05840831125;mm;0;m3/s;93,78651333333333;bar;0;KVa;-54,45594787452778;cm;32,214072760583335;%;30,575000479445183;cm
2026-02-11 08:00:00.000;150,6550182372505;moh;0;None;0,07240333217438888;m3/s;0;kW;0;rpm;0;KVar;0;%;0,04826184049505555;Mill.m3;72,40103291903337;l/s;0;m3/s;624416,5;t;65;%;0;None;98,08987995741886;mKVs;0;None;26,072237437444443;mm;0;m3/s;93,56035138888889;bar;0;KVa;-54,497104219583335;cm;32,174560844805555;%;30,583339205576667;cm
2026-02-11 09:00:00.000;150,65531832500423;moh;0;None;0,07245166495930555;m3/s;0;kW;0;rpm;0;KVar;0;%;0,04829457687761111;Mill.m3;72,4500057941522;l/s;0;m3/s;624416,5;t;65;%;0;None;98,11666806945034;mKVs;0;None;26,064598929166667;mm;0;m3/s;93,44092583333334;bar;0;KVa;-54,46835411808333;cm;32,196385279666664;%;30,59166795944804;cm
2026-02-11 10:00:00.000;150,655465831703;moh;0;None;0,07231666609022222;m3/s;0;kW;0;rpm;0;KVar;0;%;0,04831425419297222;Mill.m3;72,31800179742993;l/s;0;m3/s;624416,5;t;65;%;0;None;98,08895457692334;mKVs;0;None;26,060007518;mm;0;m3/s;93,78107333333334;bar;0;KVa;-54,453837075416665;cm;32,20950359933333;%;30,574999062773138;cm
2026-02-11 11:00:00.000;150,65551987702324;moh;0;None;0,07243999882016665;m3/s;0;kW;0;rpm;0;KVar;0;%;0,04833038399516667;Mill.m3;72,43765399231606;l/s;0;m3/s;624416,5;t;65;%;0;None;98,02500053415264;mKVs;0;None;26,056243895;mm;0;m3/s;93,97068277777778;bar;0;KVa;-54,448085360444445;cm;32,22025680616667;%;30,598237762190973;cm
2026-02-11 12:00:00.000;150,65452015720498;moh;0;None;0,07253333166327779;m3/s;0;kW;0;rpm;0;KVar;0;%;0,048187472867444445;Mill.m3;72,53579690871766;l/s;0;m3/s;624416,5;t;65;%;0;None;97,98332994950012;mKVs;0;None;26,08958985997222;mm;0;m3/s;93,52975083333334;bar;0;KVa;-54,547793069;cm;32,12498231219445;%;30,601762858919617;cm
2026-02-11 13:00:00.000;150,65540086475173;moh;0;None;0,07264833191330557;m3/s;0;kW;0;rpm;0;KVar;0;%;0,04830822046291666;Mill.m3;72,64995428428227;l/s;0;m3/s;624416,5;t;65;%;0;None;97,99166501641609;mKVs;0;None;26,061415351944444;mm;0;m3/s;94,1916575;bar;0;KVa;-54,46092393625;cm;32,20548105430556;%;30,62499291941574;cm
2026-02-11 14:00:00.000;150,6560007668485;moh;0;None;0,07254999813583334;m3/s;0;kW;0;rpm;0;KVar;0;%;0,04839886397847222;Mill.m3;72,55000403915604;l/s;0;m3/s;624416,5;t;65;%;0;None;98,00833298361451;mKVs;0;None;26,040265187333333;mm;0;m3/s;93,66727027777777;bar;0;KVa;-54,40047793788889;cm;32,265910255166666;%;30,608334439447084;cm
2026-02-11 15:00:00.000;150,65530387566474;moh;0;None;0,07249999791;m3/s;0;kW;0;rpm;0;KVar;0;%;0,04830302639333333;Mill.m3;72,5;l/s;0;m3/s;624416,5;t;65;%;0;None;98,04822412327074;mKVs;0;None;26,06262736588889;mm;0;m3/s;90,38219138888888;bar;0;KVa;-54,46882035922222;cm;32,20201822008333;%;30,60000038;cm
2026-02-11 16:00:00.000;150,65511473352973;moh;0;None;0,07252166502680556;m3/s;0;kW;0;rpm;0;KVar;0;%;0,04825848308858334;Mill.m3;72,52148161188842;l/s;0;m3/s;624416,5;t;65;%;0;None;98,02499689308789;mKVs;0;None;26,073020720777777;mm;0;m3/s;90,84015444444445;bar;0;KVa;-54,49016994730555;cm;32,17232278955556;%;30,608331689436632;cm
2026-02-11 17:00:00.000;150,655319041409;moh;0;None;0,07254666520188889;m3/s;0;kW;0;rpm;0;KVar;0;%;0,04829551776233333;Mill.m3;72,55197803412233;l/s;0;m3/s;624416,5;t;65;%;0;None;98,02678603461185;mKVs;0;None;26,0643793725;mm;0;m3/s;92,74774083333334;bar;0;KVa;-54,46853637577778;cm;32,1970125855;%;30,60835699508835;cm
2026-02-11 18:00:00.000;150,6557051469235;moh;0;None;0,07257499845597222;m3/s;0;kW;0;rpm;0;KVar;0;%;0,04836074885655555;Mill.m3;72,57194248321287;l/s;0;m3/s;624416,5;t;65;%;0;None;98,01667385599723;mKVs;0;None;26,04915873025;mm;0;m3/s;93,17752472222222;bar;0;KVa;-54,42811330152778;cm;32,24050013330555;%;30,60000038;cm
2026-02-11 19:00:00.000;150,65476965254126;moh;0;None;0,07253833205886111;m3/s;0;kW;0;rpm;0;KVar;0;%;0,04820294819688889;Mill.m3;72,5335250811775;l/s;0;m3/s;624416,5;t;65;%;0;None;98,01667218935604;mKVs;0;None;26,08597903586111;mm;0;m3/s;93,14660027777778;bar;0;KVa;-54,52442592952778;cm;32,135299064305556;%;30,60000038;cm
2026-02-11 20:00:00.000;150,65490611709203;moh;0;None;0,07248499850536111;m3/s;0;kW;0;rpm;0;KVar;0;%;0,048245513489611105;Mill.m3;72,4877028646911;l/s;0;m3/s;624416,5;t;65;%;0;None;98,06667928131036;mKVs;0;None;26,076047048083332;mm;0;m3/s;93,39628277777778;bar;0;KVa;-54,50745900297222;cm;32,16367612116667;%;30,60000038;cm
2026-02-11 21:00:00.000;150,65474400227777;moh;0;None;0,07243333199905556;m3/s;0;kW;0;rpm;0;KVar;0;%;0,04819935589005555;Mill.m3;72,4360864963132;l/s;0;m3/s;624416,5;t;65;%;0;None;98,06666900772635;mKVs;0;None;26,08681721011111;mm;0;m3/s;93,40038472222223;bar;0;KVa;-54,527647229277775;cm;32,132904256138886;%;30,591665626105836;cm
2026-02-11 22:00:00.000;150,655417075384;moh;0;None;0,07252666548455555;m3/s;0;kW;0;rpm;0;KVar;0;%;0,048310070722027774;Mill.m3;72,52362527308873;l/s;0;m3/s;624416,5;t;65;%;0;None;98,08333980614874;mKVs;0;None;26,060983657055555;mm;0;m3/s;93,17745722222222;bar;0;KVa;-54,45884280538889;cm;32,20671446694445;%;30,6083340783346;cm
2026-02-11 23:00:00.000;150,65608342211502;moh;0;None;0,07252499912119444;m3/s;0;kW;0;rpm;0;KVar;0;%;0,04841417997119444;Mill.m3;72,52489443651903;l/s;0;m3/s;624416,5;t;65;%;0;None;98,03150379576235;mKVs;0;None;26,036691453083332;mm;0;m3/s;93,82726027777778;bar;0;KVa;-54,393043516666665;cm;32,27612092741666;%;30,60000038;cm
2026-02-12 00:00:00.000;150,655300696575;moh;0;None;0,0725116653753611;m3/s;0;kW;0;rpm;0;KVar;0;%;0,04828764010913889;Mill.m3;72,50986397484681;l/s;0;m3/s;624416,5;t;65;%;0;None;98,03515062885381;mKVs;0;None;26,066217421833333;mm;0;m3/s;93,42110694444445;bar;0;KVa;-54,472406174027775;cm;32,19176085525;%;30,60000038;cm
2026-02-12 01:00:00.000;150,65572326730523;moh;0;None;0,07257166504541666;m3/s;0;kW;0;rpm;0;KVar;0;%;0,04836820627969445;Mill.m3;72,57296714726662;l/s;0;m3/s;624416,5;t;65;%;0;None;98,02500511741586;mKVs;0;None;26,047418595194443;mm;0;m3/s;93,52460555555555;bar;0;KVa;-54,42646450227778;cm;32,24547180122222;%;30,606514738087803;cm
2026-02-12 02:00:00.000;150,65540063153048;moh;0;None;0,07256833202858334;m3/s;0;kW;0;rpm;0;KVar;0;%;0,04830696797972221;Mill.m3;72,56573516570823;l/s;0;m3/s;624416,5;t;65;%;0;None;98,04167288824686;mKVs;0;None;26,061707601444443;mm;0;m3/s;93,50508194444444;bar;0;KVa;-54,4603644465;cm;32,20464605897222;%;30,61015364080447;cm
2026-02-12 03:00:00.000;150,65545362315223;moh;0;None;0,0725599983675;m3/s;0;kW;0;rpm;0;KVar;0;%;0,04832548204038889;Mill.m3;72,56184834228632;l/s;0;m3/s;624416,5;t;65;%;0;None;98,07498782234956;mKVs;0;None;26,05738766772222;mm;0;m3/s;93,6355486111111;bar;0;KVa;-54,454680547555554;cm;32,216988728555556;%;30,60833996724587;cm
2026-02-12 04:00:00.000;150,65521884032097;moh;0;None;0,07260499867436113;m3/s;0;kW;0;rpm;0;KVar;0;%;0,04828578373258333;Mill.m3;72,60738355950456;l/s;0;m3/s;624416,5;t;65;%;0;None;98,02317481208662;mKVs;0;None;26,066650602;mm;0;m3/s;93,42014055555556;bar;0;KVa;-54,47808159563889;cm;32,1905230485;%;30,616670610013305;cm
2026-02-12 05:00:00.000;150,65362140231198;moh;0;None;0,07246499851863888;m3/s;0;kW;0;rpm;0;KVar;0;%;0,04804854817127777;Mill.m3;72,46661708512666;l/s;0;m3/s;624416,5;t;65;%;0;None;98,01666299505227;mKVs;0;None;26,12200567486111;mm;0;m3/s;93,95818583333333;bar;0;KVa;-54,63707817772222;cm;32,03236537755556;%;30,60000038;cm
2026-02-12 06:00:00.000;150,65454901476878;moh;0;None;0,07244999830583335;m3/s;0;kW;0;rpm;0;KVar;0;%;0,04817700191288889;Mill.m3;72,45310728624338;l/s;0;m3/s;624416,5;t;65;%;0;None;98,066662285607;mKVs;0;None;26,092033173472224;mm;0;m3/s;93,56775472222222;bar;0;KVa;-54,545889959777774;cm;32,118001568277776;%;30,59166604277409;cm
2026-02-12 07:00:00.000;150,65465130916454;moh;0;None;0,07223000021327779;m3/s;0;kW;0;rpm;0;KVar;0;%;0,048196717051722224;Mill.m3;72,22518670077571;l/s;0;m3/s;624416,5;t;65;%;0;None;98,02499670087796;mKVs;0;None;26,087432860444444;mm;0;m3/s;93,40971472222222;bar;0;KVa;-54,535259669;cm;32,13114516722222;%;30,56016028416377;cm
2026-02-12 08:00:00.000;150,65409216294398;moh;0;None;0,07215000068083334;m3/s;0;kW;0;rpm;0;KVar;0;%;0,04812678770041667;Mill.m3;72,14999639251147;l/s;0;m3/s;624416,5;t;65;%;0;None;98,05183237146832;mKVs;0;None;26,103749804583334;mm;0;m3/s;93,62378861111111;bar;0;KVa;-54,58909352497222;cm;32,08452523225;%;30,541666074997153;cm
2026-02-12 09:00:00.000;150,653067493656;moh;0;None;0,07212166757180556;m3/s;0;kW;0;rpm;0;KVar;0;%;0,04795584442558334;Mill.m3;72,11891430510433;l/s;0;m3/s;624416,5;t;65;%;0;None;98,03150329576997;mKVs;0;None;26,14363649238889;mm;0;m3/s;93,13576972222222;bar;0;KVa;-54,69386630397222;cm;31,970562751888888;%;30,536485694200664;cm
2026-02-12 10:00:00.000;150,653442699147;moh;0;None;0,07185027924288889;m3/s;0;kW;0;rpm;0;KVar;0;%;0,04801646674666666;Mill.m3;72,04997981422108;l/s;0;m3/s;624416,5;t;65;%;0;None;98,03194562040967;mKVs;0;None;26,129491381805554;mm;0;m3/s;93,33963055555556;bar;0;KVa;-54,65346866061111;cm;32,01097764647222;%;30,524996539430937;cm
2026-02-12 11:00:00.000;150,65400134481925;moh;0;None;0,07200000186833334;m3/s;0;kW;0;rpm;0;KVar;0;%;0,04809986855697222;Mill.m3;71,99998610837201;l/s;0;m3/s;624416,5;t;65;%;0;None;98,1166698732667;mKVs;0;None;26,11003091538889;mm;0;m3/s;93,1191675;bar;0;KVa;-54,59981282416667;cm;32,06657913241666;%;30,51666420221262;cm
2026-02-12 12:00:00.000;150,654749547462;moh;0;None;0,07220500024541666;m3/s;0;kW;0;rpm;0;KVar;0;%;0,0482124332325;Mill.m3;72,20418725432442;l/s;0;m3/s;624416,5;t;65;%;0;None;98,0076363553842;mKVs;0;None;26,083765666666668;mm;0;m3/s;93,651935;bar;0;KVa;-54,52782100941667;cm;32,141622543333334;%;30,550697942651457;cm
2026-02-12 13:00:00.000;150,65481131314596;moh;0;None;0,07224999988916667;m3/s;0;kW;0;rpm;0;KVar;0;%;0,04822524456719445;Mill.m3;72,2499834708771;l/s;0;m3/s;624416,5;t;65;%;0;None;98,03403028488422;mKVs;0;None;26,08077642625;mm;0;m3/s;93,70851833333333;bar;0;KVa;-54,518449569666664;cm;32,15016338675;%;30,558330693878016;cm
2026-02-12 14:00:00.000;150,654021583301;moh;0;None;0,07220333365411111;m3/s;0;kW;0;rpm;0;KVar;0;%;0,04810426132688888;Mill.m3;72,2026755915125;l/s;0;m3/s;624416,5;t;65;%;0;None;98,05832852202262;mKVs;0;None;26,109005821666667;mm;0;m3/s;92,55576444444445;bar;0;KVa;-54,60105048077778;cm;32,06950782352778;%;30,549998828883716;cm
2026-02-12 15:00:00.000;150,65549420628926;moh;0;None;0,0721466673738889;m3/s;0;kW;0;rpm;0;KVar;0;%;0,04832557129136111;Mill.m3;72,14584606976149;l/s;0;m3/s;624416,5;t;65;%;0;None;98,07569208472516;mKVs;0;None;26,05736689875;mm;0;m3/s;93,26338361111111;bar;0;KVa;-54,44989098394444;cm;32,21704806425;%;30,54097435014638;cm
2026-02-12 16:00:00.000;150,654606351206;moh;0;None;0,07195166891763888;m3/s;0;kW;0;rpm;0;KVar;0;%;0,04818657644847221;Mill.m3;71,95002056911778;l/s;0;m3/s;624416,5;t;65;%;0;None;98,14931356630163;mKVs;0;None;26,08979903236111;mm;0;m3/s;92,58019527777778;bar;0;KVa;-54,538396198;cm;32,12438467016667;%;30,508336559456584;cm
2026-02-12 17:00:00.000;150,65514877210327;moh;0;None;0,07185166910836112;m3/s;0;kW;0;rpm;0;KVar;0;%;0,048276628842361106;Mill.m3;71,8500123233063;l/s;0;m3/s;624416,5;t;65;%;0;None;98,15901918705661;mKVs;0;None;26,068786831833332;mm;0;m3/s;93,43358277777777;bar;0;KVa;-54,48418935055555;cm;32,184419844833336;%;30,49166841278453;cm
2026-02-12 18:00:00.000;150,65459827667328;moh;0;None;0,07144500060491667;m3/s;0;kW;0;rpm;0;KVar;0;%;0,048187828931666656;Mill.m3;71,44588768042468;l/s;0;m3/s;624416,5;t;65;%;0;None;98,16666718209834;mKVs;0;None;26,0895067825;mm;0;m3/s;91,50370138888889;bar;0;KVa;-54,53922271658333;cm;32,12521982416666;%;30,4243138790605;cm
2026-02-12 19:00:00.000;150,6544201100395;moh;0;None;0,07138333446788889;m3/s;0;kW;0;rpm;0;KVar;0;%;0,04816303371;Mill.m3;71,38351767284746;l/s;0;m3/s;624416,5;t;65;%;0;None;98,1576576314171;mKVs;0;None;26,095292408333332;mm;0;m3/s;93,68456722222223;bar;0;KVa;-54,55853356205556;cm;32,10868946916667;%;30,41666957223447;cm
2026-02-12 20:00:00.000;150,65430110208874;moh;0;None;0,07133166715341666;m3/s;0;kW;0;rpm;0;KVar;0;%;0,04815066767052777;Mill.m3;71,33130163788431;l/s;0;m3/s;624416,5;t;65;%;0;None;98,17499552655538;mKVs;0;None;26,098177802916666;mm;0;m3/s;93,16167083333333;bar;0;KVa;-54,56788804688889;cm;32,10044532591667;%;30,39999962;cm
2026-02-12 21:00:00.000;150,65377856776647;moh;0;None;0,07122833463813888;m3/s;0;kW;0;rpm;0;KVar;0;%;0,04806354622130555;Mill.m3;71,23226922377617;l/s;0;m3/s;624416,5;t;65;%;0;None;98,19233695051886;mKVs;0;None;26,118506113861113;mm;0;m3/s;93,66377083333333;bar;0;KVa;-54,6234766625;cm;32,04236412838889;%;30,39166655222011;cm
2026-02-12 22:00:00.000;150,65424453752473;moh;0;None;0,07133666785983332;m3/s;0;kW;0;rpm;0;KVar;0;%;0,04813641353983333;Mill.m3;71,33338663352463;l/s;0;m3/s;624416,5;t;65;%;0;None;98,16599519640918;mKVs;0;None;26,101503794027778;mm;0;m3/s;93,39931666666666;bar;0;KVa;-54,575716653583335;cm;32,09094248569444;%;30,40833340166825;cm
2026-02-12 23:00:00.000;150,65501606653103;moh;0;None;0,07127500050019445;m3/s;0;kW;0;rpm;0;KVar;0;%;0,048250803473861105;Mill.m3;71,27476378148097;l/s;0;m3/s;624416,5;t;65;%;0;None;98,1756824273406;mKVs;0;None;26,074812781277778;mm;0;m3/s;92,91817;bar;0;KVa;-54,49946085552778;cm;32,167202845055556;%;30,391658663451132;cm
2026-02-13 00:00:00.000;150,65448969022077;moh;0;None;0,07106333523983331;m3/s;0;kW;0;rpm;0;KVar;0;%;0,0481770966098889;Mill.m3;71,0635099865059;l/s;0;m3/s;624416,5;t;65;%;0;None;98,16666857107208;mKVs;0;None;26,092010920583334;mm;0;m3/s;93,48798472222222;bar;0;KVa;-54,55026838372222;cm;32,11806498911111;%;30,366661848964043;cm
2026-02-13 01:00:00.000;150,65425105336627;moh;0;None;0,07123000083572222;m3/s;0;kW;0;rpm;0;KVar;0;%;0,04813557430436111;Mill.m3;71,22835923312287;l/s;0;m3/s;624416,5;t;65;%;0;None;98,20833076033946;mKVs;0;None;26,101699616027776;mm;0;m3/s;93,17936361111111;bar;0;KVa;-54,574330646916664;cm;32,090382991472225;%;30,39166510779762;cm
2026-02-13 02:00:00.000;150,65401661009176;moh;0;None;0,07095000272083332;m3/s;0;kW;0;rpm;0;KVar;0;%;0,04809963986522221;Mill.m3;70,95398026569369;l/s;0;m3/s;624416,5;t;65;%;0;None;98,22500930853292;mKVs;0;None;26,110084321805555;mm;0;m3/s;93,55241944444444;bar;0;KVa;-54,59968990686111;cm;32,06642670294445;%;30,34999626895138;cm
2026-02-13 03:00:00.000;150,65408685382522;moh;0;None;0,07104833527569443;m3/s;0;kW;0;rpm;0;KVar;0;%;0,04811718718230555;Mill.m3;71,0499813542236;l/s;0;m3/s;624416,5;t;65;%;0;None;98,2367731840984;mKVs;0;None;26,10598987741667;mm;0;m3/s;93,66740638888889;bar;0;KVa;-54,58966149127778;cm;32,07812504458333;%;30,35832986450102;cm
2026-02-13 04:00:00.000;150,653166496625;moh;0;None;0,07104833527569444;m3/s;0;kW;0;rpm;0;KVar;0;%;0,04797538220719444;Mill.m3;71,04608236416607;l/s;0;m3/s;624416,5;t;65;%;0;None;98,20833695685913;mKVs;0;None;26,13907771875;mm;0;m3/s;93,11456;bar;0;KVa;-54,683354693333335;cm;31,983587797583333;%;30,357680041045157;cm
2026-02-13 05:00:00.000;150,6530196250095;moh;0;None;0,07089833646319445;m3/s;0;kW;0;rpm;0;KVar;0;%;0,04794914356952778;Mill.m3;70,89999057003443;l/s;0;m3/s;624416,5;t;65;%;0;None;98,2583421604772;mKVs;0;None;26,145200094472223;mm;0;m3/s;93,7795625;bar;0;KVa;-54,700012205;cm;31,96609528577778;%;30,33333171670086;cm
2026-02-13 06:00:00.000;150,65439446885722;moh;0;None;0,07075000430416666;m3/s;0;kW;0;rpm;0;KVar;0;%;0,04816470581691667;Mill.m3;70,75001278581207;l/s;0;m3/s;624416,5;t;65;%;0;None;98,1833286212623;mKVs;0;None;26,09490224875;mm;0;m3/s;93,48926222222222;bar;0;KVa;-54,55908881241667;cm;32,10980421377778;%;30,308335735534442;cm
2026-02-13 07:00:00.000;150,65167118447897;moh;0;None;0,0707000047;m3/s;0;kW;0;rpm;0;KVar;0;%;0,047750550124638885;Mill.m3;70,70000458;l/s;0;m3/s;624416,5;t;65;%;0;None;98,19167443436352;mKVs;0;None;26,191538494666666;mm;0;m3/s;93,36483916666667;bar;0;KVa;-54,833251101583336;cm;31,833699075888887;%;30,30000114;cm
2026-02-13 08:00:00.000;150,65234523846473;moh;0;None;0,07065000447416665;m3/s;0;kW;0;rpm;0;KVar;0;%;0,047848587833277785;Mill.m3;70,64999723743041;l/s;0;m3/s;624416,5;t;65;%;0;None;98,21667365829254;mKVs;0;None;26,16866302588889;mm;0;m3/s;93,92076138888889;bar;0;KVa;-54,76760016297222;cm;31,899058021305557;%;30,291666636106786;cm
2026-02-13 09:00:00.000;150,6520687982295;moh;0;None;0,07070000407833334;m3/s;0;kW;0;rpm;0;KVar;0;%;0,047811432626194444;Mill.m3;70,69997560986003;l/s;0;m3/s;624416,5;t;65;%;0;None;98,22500000311972;mKVs;0;None;26,177332560305555;mm;0;m3/s;93,332475;bar;0;KVa;-54,7929382295;cm;31,87428776161111;%;30,299996259463445;cm
2026-02-13 10:00:00.000;150,65236281121352;moh;0;None;0,07075000430416666;m3/s;0;kW;0;rpm;0;KVar;0;%;0,04786031812111111;Mill.m3;70,75001511913948;l/s;0;m3/s;624416,5;t;65;%;0;None;98,21667204720609;mKVs;0;None;26,165925980666668;mm;0;m3/s;93,53897694444444;bar;0;KVa;-54,76368373997222;cm;31,90687808752778;%;30,308336124417423;cm
2026-02-13 11:00:00.000;150,6528537134305;moh;0;None;0,0707000047;m3/s;0;kW;0;rpm;0;KVar;0;%;0,04792643976766667;Mill.m3;70,70000458;l/s;0;m3/s;624416,5;t;65;%;0;None;98,20833573251107;mKVs;0;None;26,150497650138888;mm;0;m3/s;93,29715666666667;bar;0;KVa;-54,714872570333334;cm;31,95095942513889;%;30,30000114;cm
2026-02-13 12:00:00.000;150,65220002198296;moh;0;None;0,07078667068055555;m3/s;0;kW;0;rpm;0;KVar;0;%;0,04783411735661111;Mill.m3;70,78788268924359;l/s;0;m3/s;624416,5;t;65;%;0;None;98,2021178000028;mKVs;0;None;26,172039456833332;mm;0;m3/s;93,38617333333333;bar;0;KVa;-54,77809481833334;cm;31,889410896027776;%;30,31464730626378;cm
2026-02-13 13:00:00.000;150,65300655240551;moh;0;None;0,0707000047;m3/s;0;kW;0;rpm;0;KVar;0;%;0,0479503960638611;Mill.m3;70,70000458;l/s;0;m3/s;624416,5;t;65;%;0;None;98,24147685894356;mKVs;0;None;26,144907845444443;mm;0;m3/s;93,64274805555556;bar;0;KVa;-54,700571693916665;cm;31,966930285916668;%;30,30000114;cm
2026-02-13 14:00:00.000;150,65298072331848;moh;0;None;0,07095166937430554;m3/s;0;kW;0;rpm;0;KVar;0;%;0,04794998280499999;Mill.m3;70,95383743272457;l/s;0;m3/s;624416,5;t;65;%;0;None;98,23333682000893;mKVs;0;None;26,144808452194443;mm;0;m3/s;93,24235694444444;bar;0;KVa;-54,70084719983333;cm;31,96665478;%;30,342306080288466;cm
2026-02-13 15:00:00.000;150,65275190076898;moh;0;None;0,07084667020555556;m3/s;0;kW;0;rpm;0;KVar;0;%;0,0479127895075;Mill.m3;70,84617520726394;l/s;0;m3/s;624416,5;t;65;%;0;None;98,26666944973411;mKVs;0;None;26,15368271;mm;0;m3/s;93,73957694444445;bar;0;KVa;-54,724248248583336;cm;31,9418592475;%;30,324362603033464;cm
2026-02-13 16:00:00.000;150,6529030104075;moh;0;None;0,07075000430416666;m3/s;0;kW;0;rpm;0;KVar;0;%;0,0479373941175;Mill.m3;70,75000661916113;l/s;0;m3/s;624416,5;t;65;%;0;None;98,2339706490323;mKVs;0;None;26,147941589166667;mm;0;m3/s;93,66083472222222;bar;0;KVa;-54,70895978955556;cm;31,958262445833334;%;30,30833470777229;cm
2026-02-13 17:00:00.000;150,65184274916874;moh;0;None;0,07065000447416667;m3/s;0;kW;0;rpm;0;KVar;0;%;0,04777534534547222;Mill.m3;70,64999323738968;l/s;0;m3/s;624416,5;t;65;%;0;None;98,21603944819007;mKVs;0;None;26,18575287052778;mm;0;m3/s;93,74674472222222;bar;0;KVa;-54,81560600811111;cm;31,850229589222224;%;30,29166596943758;cm
2026-02-13 18:00:00.000;150,651907677461;moh;0;None;0,07064667112577777;m3/s;0;kW;0;rpm;0;KVar;0;%;0,04778750805636111;Mill.m3;70,64621986563124;l/s;0;m3/s;624416,5;t;65;%;0;None;98,24999103902111;mKVs;0;None;26,18291494711111;mm;0;m3/s;93,86919583333334;bar;0;KVa;-54,80887942508333;cm;31,858337935083334;%;30,291037078158915;cm
2026-02-13 19:00:00.000;150,651333915045;moh;0;None;0,07040167001919444;m3/s;0;kW;0;rpm;0;KVar;0;%;0,04769917189238889;Mill.m3;70,40381423049233;l/s;0;m3/s;624416,5;t;65;%;0;None;98,29229361581947;mKVs;0;None;26,203526604833332;mm;0;m3/s;92,64257444444445;bar;0;KVa;-54,866947594083335;cm;31,799447168555556;%;30,25063639685914;cm
2026-02-13 20:00:00.000;150,65216103392;moh;0;None;0,07039833667080556;m3/s;0;kW;0;rpm;0;KVar;0;%;0,047823798665666675;Mill.m3;70,39627498705183;l/s;0;m3/s;624416,5;t;65;%;0;None;98,29103641191384;mKVs;0;None;26,174447166527777;mm;0;m3/s;94,06440888888889;bar;0;KVa;-54,78357526758333;cm;31,88253190486111;%;30,249379864306547;cm
2026-02-13 21:00:00.000;150,651422064285;moh;0;None;0,07020166911586109;m3/s;0;kW;0;rpm;0;KVar;0;%;0,04771441839980555;Mill.m3;70,19999815498642;l/s;0;m3/s;624416,5;t;65;%;0;None;98,24229859955827;mKVs;0;None;26,199969187333334;mm;0;m3/s;93,41347944444445;bar;0;KVa;-54,857347273;cm;31,80961138686111;%;30,21666726777693;cm
2026-02-13 22:00:00.000;150,6514978043647;moh;0;None;0,07020166911586109;m3/s;0;kW;0;rpm;0;KVar;0;%;0,047727222759972224;Mill.m3;70,2000009883486;l/s;0;m3/s;624416,5;t;65;%;0;None;98,28270284330749;mKVs;0;None;26,19698143047222;mm;0;m3/s;94,00803277777777;bar;0;KVa;-54,84907361925;cm;31,818147984777777;%;30,21666774000095;cm
2026-02-13 23:00:00.000;150,65166099468075;moh;0;None;0,07012500210291668;m3/s;0;kW;0;rpm;0;KVar;0;%;0,04774925287536111;Mill.m3;70,12259912707678;l/s;0;m3/s;624416,5;t;65;%;0;None;98,28334186130898;mKVs;0;None;26,191841125305555;mm;0;m3/s;93,18086194444444;bar;0;KVa;-54,83466677961111;cm;31,832834717444445;%;30,20000076;cm
2026-02-14 00:00:00.000;150,651170071357;moh;0;None;0,07010000199;m3/s;0;kW;0;rpm;0;KVar;0;%;0,047672894843944436;Mill.m3;70,09999847;l/s;0;m3/s;624416,5;t;65;%;0;None;98,26626020184874;mKVs;0;None;26,209657881916666;mm;0;m3/s;94,21487222222223;bar;0;KVa;-54,88334655469444;cm;31,78192938922222;%;30,20000076;cm
2026-02-14 01:00:00.000;150,65174868895278;moh;0;None;0,07010000199;m3/s;0;kW;0;rpm;0;KVar;0;%;0,047760633512638886;Mill.m3;70,09999847;l/s;0;m3/s;624416,5;t;65;%;0;None;98,27500237696059;mKVs;0;None;26,189185674416667;mm;0;m3/s;93,31490444444445;bar;0;KVa;-54,825969269;cm;31,84042156811111;%;30,20000076;cm
2026-02-14 02:00:00.000;150,65128631498828;moh;0;None;0,07006666850611111;m3/s;0;kW;0;rpm;0;KVar;0;%;0,047695948710638904;Mill.m3;70,064727826721;l/s;0;m3/s;624416,5;t;65;%;0;None;98,274993432653;mKVs;0;None;26,204278735472222;mm;0;m3/s;88,99921611111111;bar;0;KVa;-54,871317542166665;cm;31,79729834963889;%;30,20000076;cm
2026-02-14 03:00:00.000;150,65106985329425;moh;0;None;0,0700966686416111;m3/s;0;kW;0;rpm;0;KVar;0;%;0,0476639688011111;Mill.m3;70,09639939233153;l/s;0;m3/s;624416,5;t;65;%;0;None;98,26666636561464;mKVs;0;None;26,21174070663889;mm;0;m3/s;93,19921055555555;bar;0;KVa;-54,89292144419444;cm;31,775978334833333;%;30,20000076;cm
2026-02-14 04:00:00.000;150,65072842531075;moh;0;None;0,0700700018545;m3/s;0;kW;0;rpm;0;KVar;0;%;0,04761669179325;Mill.m3;70,07024771253128;l/s;0;m3/s;624416,5;t;65;%;0;None;98,28335227781704;mKVs;0;None;26,22277196338889;mm;0;m3/s;89,45177944444444;bar;0;KVa;-54,927202857944444;cm;31,74446052186111;%;30,20000076;cm
2026-02-14 05:00:00.000;150,6511761134585;moh;0;None;0,0701116687093611;m3/s;0;kW;0;rpm;0;KVar;0;%;0,047675997659472225;Mill.m3;70,11043245598411;l/s;0;m3/s;624416,5;t;65;%;0;None;98,26605870824527;mKVs;0;None;26,208933936972223;mm;0;m3/s;93,7267625;bar;0;KVa;-54,88377888755556;cm;31,783997893166667;%;30,20000076;cm
2026-02-14 06:00:00.000;150,65053031069024;moh;0;None;0,07006000180933332;m3/s;0;kW;0;rpm;0;KVar;0;%;0,04758590061333333;Mill.m3;70,06088431859659;l/s;0;m3/s;624416,5;t;65;%;0;None;98,30895372110841;mKVs;0;None;26,22995652047222;mm;0;m3/s;92,76003111111112;bar;0;KVa;-54,94691212711111;cm;31,723933153305556;%;30,191660450529163;cm
2026-02-14 07:00:00.000;150,65026339654275;moh;0;None;0,07005000176416666;m3/s;0;kW;0;rpm;0;KVar;0;%;0,047546532945416664;Mill.m3;70,05000326415477;l/s;0;m3/s;624416,5;t;65;%;0;None;98,27500015560568;mKVs;0;None;26,239142312888887;mm;0;m3/s;93,4141775;bar;0;KVa;-54,97259775675;cm;31,697688252305557;%;30,191668172780734;cm
2026-02-14 08:00:00.000;150,65057137152576;moh;0;None;0,07002500165125;m3/s;0;kW;0;rpm;0;KVar;0;%;0,04757947911344444;Mill.m3;70,02273439785822;l/s;0;m3/s;624416,5;t;65;%;0;None;98,2993884221811;mKVs;0;None;26,231454849805555;mm;0;m3/s;92,98105583333333;bar;0;KVa;-54,9442333625;cm;31,719652336555555;%;30,19166920056242;cm
2026-02-14 09:00:00.000;150,65039035382026;moh;0;None;0,06990000108666666;m3/s;0;kW;0;rpm;0;KVar;0;%;0,047550213532305555;Mill.m3;69,89993881348674;l/s;0;m3/s;624416,5;t;65;%;0;None;98,2595427532786;mKVs;0;None;26,238283366944444;mm;0;m3/s;93,7323225;bar;0;KVa;-54,96290842563889;cm;31,700142304777778;%;30,166657272184114;cm
2026-02-14 10:00:00.000;150,65333894176698;moh;0;None;0,07010000199;m3/s;0;kW;0;rpm;0;KVar;0;%;0,0479987029065;Mill.m3;70,09999847;l/s;0;m3/s;624416,5;t;65;%;0;None;98,33272588677214;mKVs;0;None;26,133636261527776;mm;0;m3/s;93,40519416666666;bar;0;KVa;-54,66642167658333;cm;31,999134961527776;%;30,20000076;cm
2026-02-14 11:00:00.000;150,6554965584945;moh;0;None;0,07010666868677777;m3/s;0;kW;0;rpm;0;KVar;0;%;0,04832368290130555;Mill.m3;70,10796188442662;l/s;0;m3/s;624416,5;t;65;%;0;None;98,28333175035262;mKVs;0;None;26,05780749775;mm;0;m3/s;93,43561777777778;bar;0;KVa;-54,45059882211111;cm;32,21578937175;%;30,20000076;cm
2026-02-14 12:00:00.000;150,65619140821224;moh;0;None;0,07003833504480556;m3/s;0;kW;0;rpm;0;KVar;0;%;0,04842427608730555;Mill.m3;70,03715780078528;l/s;0;m3/s;624416,5;t;65;%;0;None;98,31666987999367;mKVs;0;None;26,03433566497222;mm;0;m3/s;93,47490972222222;bar;0;KVa;-54,38187493144444;cm;32,28285174902778;%;30,191665617215467;cm
2026-02-14 13:00:00.000;150,6562333738545;moh;0;None;0,07005333511255556;m3/s;0;kW;0;rpm;0;KVar;0;%;0,04843768462880556;Mill.m3;70,0575624342134;l/s;0;m3/s;624416,5;t;65;%;0;None;98,28333166702075;mKVs;0;None;26,031206977694445;mm;0;m3/s;93,36763583333334;bar;0;KVa;-54,375432331388886;cm;32,29179085561111;%;30,183333307775033;cm
2026-02-14 14:00:00.000;150,6551753317425;moh;0;None;0,07010500201258334;m3/s;0;kW;0;rpm;0;KVar;0;%;0,04827829428638888;Mill.m3;70,10637146428003;l/s;0;m3/s;624416,5;t;65;%;0;None;98,3250056707878;mKVs;0;None;26,068398157361113;mm;0;m3/s;93,65232777777777;bar;0;KVa;-54,48224809263889;cm;32,185530192555554;%;30,20000076;cm
2026-02-14 15:00:00.000;150,65662233895696;moh;0;None;0,07016833563197222;m3/s;0;kW;0;rpm;0;KVar;0;%;0,048494002232;Mill.m3;70,16860370912335;l/s;0;m3/s;624416,5;t;65;%;0;None;98,31397622655456;mKVs;0;None;26,018066193055557;mm;0;m3/s;93,40224166666667;bar;0;KVa;-54,33760748977778;cm;32,32933594852778;%;30,20000076;cm
2026-02-14 16:00:00.000;150,65601273659098;moh;0;None;0,07006500183191666;m3/s;0;kW;0;rpm;0;KVar;0;%;0,048399696849916664;Mill.m3;70,06050817659366;l/s;0;m3/s;624416,5;t;65;%;0;None;98,29226911444233;mKVs;0;None;26,040070850555555;mm;0;m3/s;93,61367666666666;bar;0;KVa;-54,39936743711111;cm;32,266465505527776;%;30,20000076;cm
2026-02-14 17:00:00.000;150,65600227400475;moh;0;None;0,07007500187708333;m3/s;0;kW;0;rpm;0;KVar;0;%;0,04839989412530555;Mill.m3;70,07390031150629;l/s;0;m3/s;624416,5;t;65;%;0;None;98,3000006350369;mKVs;0;None;26,04002486286111;mm;0;m3/s;93,49997083333334;bar;0;KVa;-54,399240280444445;cm;32,26659690080555;%;30,20000076;cm
2026-02-14 18:00:00.000;150,6561601661435;moh;0;None;0,07008166857386111;m3/s;0;kW;0;rpm;0;KVar;0;%;0,04842323957808334;Mill.m3;70,081633072036;l/s;0;m3/s;624416,5;t;65;%;0;None;98,31666643560159;mKVs;0;None;26,03457747627778;mm;0;m3/s;93,416675;bar;0;KVa;-54,38478257688889;cm;32,282160700388886;%;30,20000076;cm
2026-02-14 19:00:00.000;150,65633390106572;moh;0;None;0,07021166916102776;m3/s;0;kW;0;rpm;0;KVar;0;%;0,04845176085524999;Mill.m3;70,2111143044924;l/s;0;m3/s;624416,5;t;65;%;0;None;98,33333351559145;mKVs;0;None;26,02792252372222;mm;0;m3/s;93,98119277777778;bar;0;KVa;-54,36632792052778;cm;32,301174857944446;%;30,20892704391975;cm
2026-02-14 20:00:00.000;150,65692755129803;moh;0;None;0,07034833644497221;m3/s;0;kW;0;rpm;0;KVar;0;%;0,04853702532994444;Mill.m3;70,34657364759832;l/s;0;m3/s;624416,5;t;65;%;0;None;98,3166730466122;mKVs;0;None;26,008027393916667;mm;0;m3/s;93,75875638888888;bar;0;KVa;-54,30864969863889;cm;32,358018238027775;%;30,241096360607134;cm
2026-02-14 21:00:00.000;150,65791144382175;moh;0;None;0,0702500026675;m3/s;0;kW;0;rpm;0;KVar;0;%;0,04868713341991667;Mill.m3;70,24999549745418;l/s;0;m3/s;624416,5;t;65;%;0;None;98,32559838400059;mKVs;0;None;25,973002115555555;mm;0;m3/s;90,89759027777778;bar;0;KVa;-54,20857747361111;cm;32,45809046302778;%;30,225000104997147;cm
2026-02-14 22:00:00.000;150,658006950751;moh;0;None;0,070400003345;m3/s;0;kW;0;rpm;0;KVar;0;%;0,048698895278055564;Mill.m3;70,39999319158181;l/s;0;m3/s;624416,5;t;65;%;0;None;98,32441767972519;mKVs;0;None;25,97025765302778;mm;0;m3/s;92,88745166666666;bar;0;KVa;-54,199901158138886;cm;32,46593178455556;%;30,24999956110583;cm
2026-02-14 23:00:00.000;150,6590889195335;moh;0;None;0,07060167092252778;m3/s;0;kW;0;rpm;0;KVar;0;%;0,04886204308277778;Mill.m3;70,60352109748655;l/s;0;m3/s;624416,5;t;65;%;0;None;98,36725211029875;mKVs;0;None;25,932189729555557;mm;0;m3/s;93,77892333333334;bar;0;KVa;-54,09141964575;cm;32,57469728158333;%;30,28392066222775;cm
2026-02-15 00:00:00.000;150,65874216608427;moh;0;None;0,07059833757413889;m3/s;0;kW;0;rpm;0;KVar;0;%;0,04881350816058333;Mill.m3;70,60000039496775;l/s;0;m3/s;624416,5;t;65;%;0;None;98,3424116276021;mKVs;0;None;25,943514719027778;mm;0;m3/s;93,55030611111111;bar;0;KVa;-54,125438266222226;cm;32,54234017202778;%;30,28333388222022;cm
2026-02-15 01:00:00.000;150,65950583692475;moh;0;None;0,07059833757413889;m3/s;0;kW;0;rpm;0;KVar;0;%;0,04892335218180555;Mill.m3;70,5999973949372;l/s;0;m3/s;624416,5;t;65;%;0;None;98,32442153994442;mKVs;0;None;25,917884402805555;mm;0;m3/s;93,31462388888889;bar;0;KVa;-54,049987795;cm;32,61556964422222;%;30,283333382218316;cm
2026-02-15 02:00:00.000;150,65948724874696;moh;0;None;0,07065000447416665;m3/s;0;kW;0;rpm;0;KVar;0;%;0,04892441375447223;Mill.m3;70,65000173747623;l/s;0;m3/s;624416,5;t;65;%;0;None;98,37500424246448;mKVs;0;None;25,917636659555555;mm;0;m3/s;93,7970038888889;bar;0;KVa;-54,05067020205556;cm;32,61627748241666;%;30,291667386109633;cm
2026-02-15 03:00:00.000;150,659336124966;moh;0;None;0,0707000047;m3/s;0;kW;0;rpm;0;KVar;0;%;0,048900826583861114;Mill.m3;70,70000458;l/s;0;m3/s;624416,5;t;65;%;0;None;98,36666764779382;mKVs;0;None;25,92314042127778;mm;0;m3/s;93,14398888888888;bar;0;KVa;-54,065835742944444;cm;32,60055245258334;%;30,30000114;cm
2026-02-15 04:00:00.000;150,65892488297374;moh;0;None;0,07080000390833333;m3/s;0;kW;0;rpm;0;KVar;0;%;0,04883909787147223;Mill.m3;70,79999499169047;l/s;0;m3/s;624416,5;t;65;%;0;None;98,34224413014805;mKVs;0;None;25,937543657;mm;0;m3/s;93,62082333333333;bar;0;KVa;-54,107818606361114;cm;32,55940034547222;%;30,316665997801422;cm
2026-02-15 05:00:00.000;150,65907856345677;moh;0;None;0,07085167016597221;m3/s;0;kW;0;rpm;0;KVar;0;%;0,04886181438072223;Mill.m3;70,84997769756757;l/s;0;m3/s;624416,5;t;65;%;0;None;98,31551756423336;mKVs;0;None;25,932243135944443;mm;0;m3/s;93,72105305555556;bar;0;KVa;-54,09184774030555;cm;32,574544693777774;%;30,324996343400464;cm
2026-02-15 06:00:00.000;150,65933932698226;moh;0;None;0,07090166977013888;m3/s;0;kW;0;rpm;0;KVar;0;%;0,04890045110458334;Mill.m3;70,90341172797712;l/s;0;m3/s;624416,5;t;65;%;0;None;98,2922430584518;mKVs;0;None;25,92322794777778;mm;0;m3/s;93,33094527777777;bar;0;KVa;-54,06636556219444;cm;32,600302377805555;%;30,33390190247835;cm
2026-02-15 07:00:00.000;150,660166442888;moh;0;None;0,07115166905502777;m3/s;0;kW;0;rpm;0;KVar;0;%;0,04902455048947223;Mill.m3;71,1539119242991;l/s;0;m3/s;624416,5;t;65;%;0;None;98,32443242872503;mKVs;0;None;25,894271640416665;mm;0;m3/s;93,59735694444444;bar;0;KVa;-53,98335774833333;cm;32,68303468575;%;30,374998750019;cm
2026-02-15 08:00:00.000;150,661416681747;moh;0;None;0,07129166720069445;m3/s;0;kW;0;rpm;0;KVar;0;%;0,04920995045044445;Mill.m3;71,29250123649852;l/s;0;m3/s;624416,5;t;65;%;0;None;98,27557320239356;mKVs;0;None;25,85101148888889;mm;0;m3/s;93,16366166666667;bar;0;KVa;-53,85836283333333;cm;32,806635115333336;%;30,391676302071915;cm
2026-02-15 09:00:00.000;150,66211031834982;moh;0;None;0,071396667074;m3/s;0;kW;0;rpm;0;KVar;0;%;0,04931837661988889;Mill.m3;71,40001212997635;l/s;0;m3/s;624416,5;t;65;%;0;None;98,25833838192362;mKVs;0;None;25,8257119925;mm;0;m3/s;94,18220638888889;bar;0;KVa;-53,78941429763889;cm;32,87891939097222;%;30,416667905561464;cm
2026-02-15 10:00:00.000;150,66308672381678;moh;0;None;0,07175500200508333;m3/s;0;kW;0;rpm;0;KVar;0;%;0,049462127810027776;Mill.m3;71,75342206800225;l/s;0;m3/s;624416,5;t;65;%;0;None;98,2577411974487;mKVs;0;None;25,792170205833333;mm;0;m3/s;93,47080416666667;bar;0;KVa;-53,69052463061111;cm;32,974753060805554;%;30,47556993494388;cm
2026-02-15 11:00:00.000;150,66444869237418;moh;0;None;0,07202500181547224;m3/s;0;kW;0;rpm;0;KVar;0;%;0,04966012949411111;Mill.m3;72,027041206048;l/s;0;m3/s;624416,5;t;65;%;0;None;98,24110282473816;mKVs;0;None;25,7459697715;mm;0;m3/s;93,9027275;bar;0;KVa;-53,55686187719444;cm;33,10675430163889;%;30,517235121048767;cm
2026-02-15 12:00:00.000;150,66515616281734;moh;0;None;0,07245333339488888;m3/s;0;kW;0;rpm;0;KVar;0;%;0,04977095348683334;Mill.m3;72,46056143390194;l/s;0;m3/s;624416,5;t;65;%;0;None;98,18389756814392;mKVs;0;None;25,72011099836111;mm;0;m3/s;93,56520916666666;bar;0;KVa;-53,48519643313889;cm;33,180636511222225;%;30,591667653891317;cm
2026-02-15 13:00:00.000;150,66468490919354;moh;0;None;0,07283499981680557;m3/s;0;kW;0;rpm;0;KVar;0;%;0,049696102045388886;Mill.m3;72,83866740980889;l/s;0;m3/s;624416,5;t;65;%;0;None;98,23389142486602;mKVs;0;None;25,73757616597222;mm;0;m3/s;93,32551083333334;bar;0;KVa;-53,53204091352778;cm;33,13073603341667;%;30,650558877677124;cm
2026-02-15 14:00:00.000;150,66756534211606;moh;0;None;0,07310500064230555;m3/s;0;kW;0;rpm;0;KVar;0;%;0,05014959895486111;Mill.m3;73,10182962765266;l/s;0;m3/s;624416,5;t;65;%;0;None;98,27445266314912;mKVs;0;None;25,63176006525;mm;0;m3/s;93,82906472222223;bar;0;KVa;-53,24194590180556;cm;33,43306774608333;%;30,6916738950247;cm
2026-02-15 15:00:00.000;150,6670685773566;moh;0;None;0,07299833349413888;m3/s;0;kW;0;rpm;0;KVar;0;%;0,0500614995145;Mill.m3;72,9999947250102;l/s;0;m3/s;624416,5;t;65;%;0;None;98,22500222753102;mKVs;0;None;25,652316833972222;mm;0;m3/s;93,41953916666667;bar;0;KVa;-53,29455905494444;cm;33,3743341235;%;30,683333363330796;cm
2026-02-15 16:00:00.000;150,66792787441685;moh;0;None;0,07304666704577777;m3/s;0;kW;0;rpm;0;KVar;0;%;0,05018520287005556;Mill.m3;73,04664960603996;l/s;0;m3/s;624416,5;t;65;%;0;None;98,20833731361833;mKVs;0;None;25,623452502444444;mm;0;m3/s;93,93716388888889;bar;0;KVa;-53,20931328613889;cm;33,456803641166665;%;30,6911092262123;cm
2026-02-15 17:00:00.000;150,66740036945396;moh;0;None;0,07290166639086111;m3/s;0;kW;0;rpm;0;KVar;0;%;0,05011355717644445;Mill.m3;72,90333980481421;l/s;0;m3/s;624416,5;t;65;%;0;None;98,22555880012555;mKVs;0;None;25,64016998902778;mm;0;m3/s;93,2977125;bar;0;KVa;-53,261519538305556;cm;33,40903939122222;%;30,66722410767142;cm
2026-02-15 18:00:00.000;150,66943416411146;moh;0;None;0,07290833310836112;m3/s;0;kW;0;rpm;0;KVar;0;%;0,05041168184055556;Mill.m3;72,91216175228374;l/s;0;m3/s;624416,5;t;65;%;0;None;98,20778507439057;mKVs;0;None;25,57060750247222;mm;0;m3/s;93,91315972222222;bar;0;KVa;-53,06083679183333;cm;33,60778935855556;%;30,66869433548048;cm
2026-02-15 19:00:00.000;150,66958548825977;moh;0;None;0,07313000075525;m3/s;0;kW;0;rpm;0;KVar;0;%;0,050435466081250005;Mill.m3;73,12827665466908;l/s;0;m3/s;624416,5;t;65;%;0;None;98,19111834263961;mKVs;0;None;25,565057753166666;mm;0;m3/s;93,78814416666667;bar;0;KVa;-53,03885989644444;cm;33,62364578333333;%;30,699999732218316;cm
2026-02-15 20:00:00.000;150,66841246626245;moh;0;None;0,0727199989035;m3/s;0;kW;0;rpm;0;KVar;0;%;0,05022067396522223;Mill.m3;72,72501125200903;l/s;0;m3/s;624416,5;t;65;%;0;None;98,15055692004366;mKVs;0;None;25,615176093944445;mm;0;m3/s;90,78443166666666;bar;0;KVa;-53,16176944316667;cm;33,48045052427778;%;30,63333695112293;cm
2026-02-15 21:00:00.000;150,6761332686604;moh;0;None;0,07335000174916667;m3/s;0;kW;0;rpm;0;KVar;0;%;0,051402638779416664;Mill.m3;73,35325971568408;l/s;0;m3/s;624416,5;t;65;%;0;None;98,20000938776238;mKVs;0;None;25,339384290166667;mm;0;m3/s;91,10959472222223;bar;0;KVa;-52,39434983955555;cm;34,268427106611114;%;30,742210698174926;cm
2026-02-15 22:00:00.000;150,68328457397072;moh;0;None;0,07356500271788889;m3/s;0;kW;0;rpm;0;KVar;0;%;0,052469202460833336;Mill.m3;73,56463488995921;l/s;0;m3/s;624416,5;t;65;%;0;None;98,20000458;mKVs;0;None;25,090519375444444;mm;0;m3/s;93,48280055555556;bar;0;KVa;-51,67580498525;cm;34,97946972313889;%;30,7749992755526;cm
2026-02-15 23:00:00.000;150,6882153712793;moh;0;None;0,07373333681166667;m3/s;0;kW;0;rpm;0;KVar;0;%;0,05322875304983333;Mill.m3;73,73487468455914;l/s;0;m3/s;624416,5;t;65;%;0;None;98,25000309278882;mKVs;0;None;24,913290870972222;mm;0;m3/s;93,7463463888889;bar;0;KVa;-51,181390550555555;cm;35,485836876166665;%;30,80054522338404;cm
2026-02-16 00:00:00.000;150,69361498662093;moh;0;None;0,07414667200666668;m3/s;0;kW;0;rpm;0;KVar;0;%;0,05403757094316667;Mill.m3;74,1467674407518;l/s;0;m3/s;624416,5;t;65;%;0;None;98,18333572826205;mKVs;0;None;24,72456677738889;mm;0;m3/s;93,11927111111112;bar;0;KVa;-50,64078013080555;cm;36,025048575;%;30,874460674864537;cm
2026-02-16 01:00:00.000;150,69536294801102;moh;0;None;0,07430167208416667;m3/s;0;kW;0;rpm;0;KVar;0;%;0,054301439309166664;Mill.m3;74,30324887588986;l/s;0;m3/s;624416,5;t;65;%;0;None;98,20833689695803;mKVs;0;None;24,66299735363889;mm;0;m3/s;93,36281333333334;bar;0;KVa;-50,46431223627778;cm;36,20096121830556;%;30,900540742345967;cm
2026-02-16 02:00:00.000;150,69699358505773;moh;0;None;0,074150005355;m3/s;0;kW;0;rpm;0;KVar;0;%;0,054550552120000005;Mill.m3;74,14682210727906;l/s;0;m3/s;624416,5;t;65;%;0;None;98,20778959079043;mKVs;0;None;24,604871114166667;mm;0;m3/s;90,65350055555555;bar;0;KVa;-50,30130174302778;cm;36,36703618333333;%;30,874469785837157;cm
2026-02-16 03:00:00.000;150,70001931609903;moh;0;None;0,07430167208416667;m3/s;0;kW;0;rpm;0;KVar;0;%;0,05499800381619445;Mill.m3;74,30323570925682;l/s;0;m3/s;624416,5;t;65;%;0;None;98,1500025506048;mKVs;0;None;24,500465816888887;mm;0;m3/s;93,75697222222222;bar;0;KVa;-50,0005043865;cm;36,665337031583334;%;30,900538547945434;cm
2026-02-16 04:00:00.000;150,70139589426927;moh;0;None;0,07424833913083334;m3/s;0;kW;0;rpm;0;KVar;0;%;0,05520153757555555;Mill.m3;74,25001084414711;l/s;0;m3/s;624416,5;t;65;%;0;None;98,13332939316281;mKVs;0;None;24,45297474211111;mm;0;m3/s;93,61648333333333;bar;0;KVa;-49,85982259247222;cm;36,801025814944445;%;30,891667691091687;cm
2026-02-16 05:00:00.000;150,7015955984374;moh;0;None;0,07438167205122222;m3/s;0;kW;0;rpm;0;KVar;0;%;0,05525784884666666;Mill.m3;74,38376367085803;l/s;0;m3/s;624416,5;t;65;%;0;None;98,12498774309914;mKVs;0;None;24,43983544186111;mm;0;m3/s;92,98618583333334;bar;0;KVa;-49,83836279919444;cm;36,83856667536111;%;30,908336179456583;cm
2026-02-16 06:00:00.000;150,70215554539843;moh;0;None;0,0744516714985;m3/s;0;kW;0;rpm;0;KVar;0;%;0,05532440214038888;Mill.m3;74,45000766998733;l/s;0;m3/s;624416,5;t;65;%;0;None;98,18387015203363;mKVs;0;None;24,42430623327778;mm;0;m3/s;93,27975555555555;bar;0;KVa;-49,78012508869445;cm;36,88293584233333;%;30,9250005483365;cm
2026-02-16 07:00:00.000;150,70279422018476;moh;0;None;0,07442667169536112;m3/s;0;kW;0;rpm;0;KVar;0;%;0,055397243435777774;Mill.m3;74,42135674198322;l/s;0;m3/s;624416,5;t;65;%;0;None;98,12494963033873;mKVs;0;None;24,407309849944443;mm;0;m3/s;93,6503461111111;bar;0;KVa;-49,717419941222225;cm;36,93149693819444;%;30,925530439238965;cm
2026-02-16 08:00:00.000;150,70354949127497;moh;0;None;0,07450000444916666;m3/s;0;kW;0;rpm;0;KVar;0;%;0,05553888956938888;Mill.m3;74,50248220289062;l/s;0;m3/s;624416,5;t;65;%;0;None;98,15939180842545;mKVs;0;None;24,374259101583334;mm;0;m3/s;93,24827361111112;bar;0;KVa;-49,64127858461111;cm;37,02592764991667;%;30,924999520554817;cm
2026-02-16 09:00:00.000;150,70535996843915;moh;0;None;0,07459167039119445;m3/s;0;kW;0;rpm;0;KVar;0;%;0,05581027340811111;Mill.m3;74,59216430857437;l/s;0;m3/s;624416,5;t;65;%;0;None;98,1489455285037;mKVs;0;None;24,310936188527776;mm;0;m3/s;93,54466888888889;bar;0;KVa;-49,462030199333334;cm;37,20685026505556;%;30,991403661778484;cm
2026-02-16 10:00:00.000;150,70963958640436;moh;0;None;0,07496666742636113;m3/s;0;kW;0;rpm;0;KVar;0;%;0,05643396359858333;Mill.m3;74,96975518295768;l/s;0;m3/s;624416,5;t;65;%;0;None;98,1338625389682;mKVs;0;None;24,16540845236111;mm;0;m3/s;93,30195277777777;bar;0;KVa;-49,04235415955556;cm;37,622643789083334;%;30,99166602388657;cm
2026-02-16 11:00:00.000;150,71675120556773;moh;0;None;0,07453083294575;m3/s;0;kW;0;rpm;0;KVar;0;%;0,057022247257527775;Mill.m3;75,16903134361654;l/s;0;m3/s;624416,5;t;65;%;0;None;98,1705785266074;mKVs;0;None;23,717031183805556;mm;0;m3/s;93,7037725;bar;0;KVa;-47,92461140933333;cm;38,01483280586111;%;31,04425325149505;cm
2026-02-16 12:00:00.000;150,72356257161775;moh;0;None;0,074095275127;m3/s;0;kW;0;rpm;0;KVar;0;%;0,05829476715002778;Mill.m3;75,55919864933155;l/s;0;m3/s;624416,5;t;65;%;0;None;98,16660398305851;mKVs;0;None;23,731221093888887;mm;0;m3/s;93,58701611111111;bar;0;KVa;-47,65007019138889;cm;38,86317910038889;%;31,103230947831666;cm
2026-02-16 13:00:00.000;150,7279629832735;moh;0;None;0,07570666414011111;m3/s;0;kW;0;rpm;0;KVar;0;%;0,05913317404369445;Mill.m3;75,70269566203773;l/s;0;m3/s;624416,5;t;65;%;0;None;98,19999533170669;mKVs;0;None;23,535592820305556;mm;0;m3/s;93,26744805555556;bar;0;KVa;-47,21260070969444;cm;39,42211702144444;%;31,144844994853333;cm
2026-02-16 14:00:00.000;150,7321073717318;moh;0;None;0,07595999861766668;m3/s;0;kW;0;rpm;0;KVar;0;%;0,05979894641805555;Mill.m3;75,9628774426232;l/s;0;m3/s;624416,5;t;65;%;0;None;98,20000716562511;mKVs;0;None;23,380245844027776;mm;0;m3/s;93,73884944444444;bar;0;KVa;-46,79012298669444;cm;39,86596552561111;%;31,191668256114387;cm
2026-02-16 15:00:00.000;150,733872670189;moh;0;None;0,07589999834666665;m3/s;0;kW;0;rpm;0;KVar;0;%;0,06002829933627776;Mill.m3;75,90365076317158;l/s;0;m3/s;624416,5;t;65;%;0;None;98,24167208362125;mKVs;0;None;23,32673030536111;mm;0;m3/s;93,26103333333333;bar;0;KVa;-46,61835140727778;cm;40,01886706672222;%;31,180259018314995;cm
2026-02-16 16:00:00.000;150,73724015513974;moh;0;None;0,07594666516194444;m3/s;0;kW;0;rpm;0;KVar;0;%;0,06059448276927777;Mill.m3;75,94435657881063;l/s;0;m3/s;624416,5;t;65;%;0;None;98,20308470175893;mKVs;0;None;23,194620768916668;mm;0;m3/s;94,03164444444444;bar;0;KVa;-46,27536349755555;cm;40,39632288344445;%;31,20308019670295;cm
2026-02-16 17:00:00.000;150,737608462912;moh;0;None;0,07589333164988889;m3/s;0;kW;0;rpm;0;KVar;0;%;0,06067709031630555;Mill.m3;75,88351727168168;l/s;0;m3/s;624416,5;t;65;%;0;None;98,23025281380941;mKVs;0;None;23,17534573863889;mm;0;m3/s;93,4313036111111;bar;0;KVa;-46,23361799388889;cm;40,451394398055555;%;31,163588066076734;cm
2026-02-16 18:00:00.000;150,7381411154313;moh;0;None;0,07571666418527778;m3/s;0;kW;0;rpm;0;KVar;0;%;0,060757407794000004;Mill.m3;75,7184922761766;l/s;0;m3/s;624416,5;t;65;%;0;None;98,23334015632237;mKVs;0;None;23,156604766166666;mm;0;m3/s;93,72303472222222;bar;0;KVa;-46,18923187325;cm;40,504940034;%;31,13641599060102;cm
2026-02-16 19:00:00.000;150,7396641859087;moh;0;None;0,075679997353;m3/s;0;kW;0;rpm;0;KVar;0;%;0,06090052215805556;Mill.m3;75,68150370383104;l/s;0;m3/s;624416,5;t;65;%;0;None;98,19475091718098;mKVs;0;None;23,12321133075;mm;0;m3/s;93,55292777777778;bar;0;KVa;-46,03992038386111;cm;40,60034984927778;%;31,13025118939709;cm
2026-02-16 20:00:00.000;150,74016984173298;moh;0;None;0,07551333055522222;m3/s;0;kW;0;rpm;0;KVar;0;%;0,06102328561338891;Mill.m3;75,51522872474273;l/s;0;m3/s;624416,5;t;65;%;0;None;98,21359912421701;mKVs;0;None;23,094566556416666;mm;0;m3/s;93,41061194444444;bar;0;KVa;-45,98672231097222;cm;40,68219205975;%;31,100001602226868;cm
2026-02-16 21:00:00.000;150,73932296872076;moh;0;None;0,07554166424447223;m3/s;0;kW;0;rpm;0;KVar;0;%;0,06089660626636112;Mill.m3;75,54168579363403;l/s;0;m3/s;624416,5;t;65;%;0;None;98,20526343140301;mKVs;0;None;23,1241251625;mm;0;m3/s;93,62133694444445;bar;0;KVa;-46,066161261666664;cm;40,59773890038889;%;31,112827623187783;cm
2026-02-16 22:00:00.000;150,7414626464645;moh;0;None;0,07531166482197223;m3/s;0;kW;0;rpm;0;KVar;0;%;0,06123044929419443;Mill.m3;75,3112947196889;l/s;0;m3/s;624416,5;t;65;%;0;None;98,18115733241947;mKVs;0;None;23,046228408527778;mm;0;m3/s;93,57403;bar;0;KVa;-45,856102837361114;cm;40,820301055444446;%;31,066669114452786;cm
2026-02-16 23:00:00.000;150,74029728300627;moh;0;None;0,0752983314698611;m3/s;0;kW;0;rpm;0;KVar;0;%;0,061040941987083326;Mill.m3;75,3000353432445;l/s;0;m3/s;624416,5;t;65;%;0;None;98,25000356717807;mKVs;0;None;23,090446895;mm;0;m3/s;92,94743361111111;bar;0;KVa;-45,968793232;cm;40,69396251944445;%;31,06667272557762;cm
2026-02-17 00:00:00.000;150,74044947682827;moh;0;None;0,07501500037958334;m3/s;0;kW;0;rpm;0;KVar;0;%;0,06106445948758333;Mill.m3;75,01848589453076;l/s;0;m3/s;624416,5;t;65;%;0;None;98,23027228356372;mKVs;0;None;23,084959452638888;mm;0;m3/s;93,86471166666666;bar;0;KVa;-45,95648023741666;cm;40,70964092594444;%;31,019747519484735;cm
2026-02-17 01:00:00.000;150,7404484381485;moh;0;None;0,07498666727041668;m3/s;0;kW;0;rpm;0;KVar;0;%;0,06106513320416666;Mill.m3;74,98563031150428;l/s;0;m3/s;624416,5;t;65;%;0;None;98,23333151453456;mKVs;0;None;23,08480220263889;mm;0;m3/s;93,48475388888889;bar;0;KVa;-45,95545450694444;cm;40,71009021147222;%;31,013596357221516;cm
2026-02-17 02:00:00.000;150,74089601894275;moh;0;None;0,07492166778358333;m3/s;0;kW;0;rpm;0;KVar;0;%;0,06112892760133333;Mill.m3;74,91853298114324;l/s;0;m3/s;624416,5;t;65;%;0;None;98,28517922017916;mKVs;0;None;23,06991682986111;mm;0;m3/s;93,7502625;bar;0;KVa;-45,91127183583333;cm;40,7526198475;%;31;cm
2026-02-17 03:00:00.000;150,74138724506128;moh;0;None;0,07496833408211112;m3/s;0;kW;0;rpm;0;KVar;0;%;0,061210212297166666;Mill.m3;74,96334236814842;l/s;0;m3/s;624416,5;t;65;%;0;None;98,2552647345067;mKVs;0;None;23,050950366666665;mm;0;m3/s;89,87289722222222;bar;0;KVa;-45,860421920722224;cm;40,806809740666665;%;31;cm
2026-02-17 04:00:00.000;150,74147037839825;moh;0;None;0,07484000176258332;m3/s;0;kW;0;rpm;0;KVar;0;%;0,061223061133861105;Mill.m3;74,84249650753452;l/s;0;m3/s;624416,5;t;65;%;0;None;98,25307237916137;mKVs;0;None;23,04795222711111;mm;0;m3/s;93,51125194444444;bar;0;KVa;-45,85322485952778;cm;40,81537585541667;%;30,99166638499905;cm
2026-02-17 05:00:00.000;150,74242686329052;moh;0;None;0,07481000200027776;m3/s;0;kW;0;rpm;0;KVar;0;%;0,0613573132166389;Mill.m3;74,81072858871629;l/s;0;m3/s;624416,5;t;65;%;0;None;98,30000252306351;mKVs;0;None;23,01662678222222;mm;0;m3/s;92,96989055555555;bar;0;KVa;-45,757081773138886;cm;40,90487713108333;%;30,98333051998955;cm
2026-02-17 06:00:00.000;150,74221934454226;moh;0;None;0,07448667122197222;m3/s;0;kW;0;rpm;0;KVar;0;%;0,06133499052266668;Mill.m3;74,4816079232665;l/s;0;m3/s;624416,5;t;65;%;0;None;98,32500347470987;mKVs;0;None;23,021835327333335;mm;0;m3/s;93,6714925;bar;0;KVa;-45,779160395;cm;40,8899955745;%;30,930267290572267;cm
2026-02-17 07:00:00.000;150,74166608975327;moh;0;None;0,0745516707085;m3/s;0;kW;0;rpm;0;KVar;0;%;0,06124909039941667;Mill.m3;74,55001858329237;l/s;0;m3/s;624416,5;t;65;%;0;None;98,33027970037175;mKVs;0;None;23,04187880511111;mm;0;m3/s;87,7679875;bar;0;KVa;-45,83393944536111;cm;40,832728490444445;%;30,941669139454685;cm
2026-02-17 08:00:00.000;150,7471010948948;moh;0;None;0,074450004845;m3/s;0;kW;0;rpm;0;KVar;0;%;0,062034949567361115;Mill.m3;74,45001600329957;l/s;0;m3/s;624416,5;t;65;%;0;None;98,35611872450063;mKVs;0;None;22,858511606972222;mm;0;m3/s;93,5085561111111;bar;0;KVa;-45,29226938911111;cm;41,356634774722224;%;30,925001937230665;cm
2026-02-17 09:00:00.000;150,76578740654423;moh;0;None;0,07523333258486109;m3/s;0;kW;0;rpm;0;KVar;0;%;0,0648362423607222;Mill.m3;75,2366573376647;l/s;0;m3/s;624416,5;t;65;%;0;None;98,38027674565464;mKVs;0;None;22,20487700597222;mm;0;m3/s;89,62164166666666;bar;0;KVa;-43,42695448147222;cm;43,22416220741667;%;31,04778590380797;cm
2026-02-17 10:00:00.000;150,78418133479823;moh;0;None;0,07603499895641666;m3/s;0;kW;0;rpm;0;KVar;0;%;0,06759581203597223;Mill.m3;76,03650169637172;l/s;0;m3/s;624416,5;t;65;%;0;None;98,43638202839784;mKVs;0;None;21,560977087333335;mm;0;m3/s;93,4950875;bar;0;KVa;-41,587223476;cm;45,06387625836111;%;31,186392708289606;cm
2026-02-17 11:00:00.000;150,7951192127723;moh;0;None;0,0763666671211111;m3/s;0;kW;0;rpm;0;KVar;0;%;0,06925261919019443;Mill.m3;76,36833720255494;l/s;0;m3/s;624416,5;t;65;%;0;None;98,40528278055686;mKVs;0;None;21,174386977055555;mm;0;m3/s;90,59425222222222;bar;0;KVa;-40,489934284777775;cm;46,16841316352778;%;31,2447235966128;cm
2026-02-17 12:00:00.000;150,80102468807473;moh;0;None;0,07670000196;m3/s;0;kW;0;rpm;0;KVar;0;%;0,07020272380733333;Mill.m3;76,70000458;l/s;0;m3/s;624416,5;t;65;%;0;None;98,34999867811047;mKVs;0;None;20,941051523694444;mm;0;m3/s;93,33466027777777;bar;0;KVa;-39,90032619866667;cm;46,80181633730555;%;31,30000114;cm
2026-02-17 13:00:00.000;150,8048585228951;moh;0;None;0,076750002185;m3/s;0;kW;0;rpm;0;KVar;0;%;0,07096588108616668;Mill.m3;76,75001195248088;l/s;0;m3/s;624416,5;t;65;%;0;None;98,36667075802424;mKVs;0;None;20,734382627472222;mm;0;m3/s;93,89400166666667;bar;0;KVa;-39,51540629033333;cm;47,310587521694444;%;31,308335596647666;cm
2026-02-17 14:00:00.000;150,80845025941704;moh;0;None;0,076750002185;m3/s;0;kW;0;rpm;0;KVar;0;%;0,07168670474777777;Mill.m3;76,75000428583375;l/s;0;m3/s;624416,5;t;65;%;0;None;98,4113881608095;mKVs;0;None;20,53615569861111;mm;0;m3/s;93,12665166666666;bar;0;KVa;-39,155803258166664;cm;47,79113759055556;%;31,308334318889308;cm
2026-02-17 15:00:00.000;150,81138692069555;moh;0;None;0,07690166953416666;m3/s;0;kW;0;rpm;0;KVar;0;%;0,07226924240433334;Mill.m3;76,90002523661269;l/s;0;m3/s;624416,5;t;65;%;0;None;98,38842495482834;mKVs;0;None;20,37595769988889;mm;0;m3/s;93,91510583333333;bar;0;KVa;-38,86233011725;cm;48,17949622263889;%;31,333337494390822;cm
2026-02-17 16:00:00.000;150,8123103791629;moh;0;None;0,07686833605083333;m3/s;0;kW;0;rpm;0;KVar;0;%;0,07245766280616668;Mill.m3;76,86828431755224;l/s;0;m3/s;624416,5;t;65;%;0;None;98,44999915391354;mKVs;0;None;20,3241420315;mm;0;m3/s;93,45626861111111;bar;0;KVa;-38,76922183463889;cm;48,305109488333336;%;31,328047408134683;cm
2026-02-17 17:00:00.000;150,81338659713276;moh;0;None;0,07700000331;m3/s;0;kW;0;rpm;0;KVar;0;%;0,07267949361761111;Mill.m3;77,00000481499745;l/s;0;m3/s;624416,5;t;65;%;0;None;98,46058079726296;mKVs;0;None;20,263139090638887;mm;0;m3/s;93,7147625;bar;0;KVa;-38,66079966491667;cm;48,452995382194445;%;31,35000054666413;cm
2026-02-17 18:00:00.000;150,8146739103647;moh;0;None;0,07673333544333333;m3/s;0;kW;0;rpm;0;KVar;0;%;0,07292487306930555;Mill.m3;76,73173433242225;l/s;0;m3/s;624416,5;t;65;%;0;None;98,45609117128653;mKVs;0;None;20,195660060972223;mm;0;m3/s;93,61051583333334;bar;0;KVa;-38,53424496177778;cm;48,61658170486111;%;31,305289365173305;cm
2026-02-17 19:00:00.000;150,818615712911;moh;0;None;0,0769650031525;m3/s;0;kW;0;rpm;0;KVar;0;%;0,07369855211847223;Mill.m3;76,96826606259815;l/s;0;m3/s;624416,5;t;65;%;0;None;98,47500857681906;mKVs;0;None;19,982898076;mm;0;m3/s;93,31021694444445;bar;0;KVa;-38,14155154838889;cm;49,13236819311111;%;31,344710821513626;cm
2026-02-17 20:00:00.000;150,82910494731703;moh;0;None;0,07736167017816668;m3/s;0;kW;0;rpm;0;KVar;0;%;0,07579903478444444;Mill.m3;77,3598520659733;l/s;0;m3/s;624416,5;t;65;%;0;None;98,52500447853674;mKVs;0;None;19,40526538638889;mm;0;m3/s;91,34430694444444;bar;0;KVa;-37,09271324983333;cm;50,532690113;%;31,408333179445183;cm
2026-02-17 21:00:00.000;150,83563059609824;moh;0;None;0,07775000110500001;m3/s;0;kW;0;rpm;0;KVar;0;%;0,07710756007791666;Mill.m3;77,75003624324636;l/s;0;m3/s;624416,5;t;65;%;0;None;98,48333481053685;mKVs;0;None;19,04542075422222;mm;0;m3/s;93,19495055555555;bar;0;KVa;-36,43899281786111;cm;51,40504063663889;%;31,475005627243963;cm
2026-02-17 22:00:00.000;150,8398388076705;moh;0;None;0,0777983340565;m3/s;0;kW;0;rpm;0;KVar;0;%;0,07795909167016667;Mill.m3;77,80002994992864;l/s;0;m3/s;624416,5;t;65;%;0;None;98,51666405059167;mKVs;0;None;18,811248994083332;mm;0;m3/s;93,24918861111111;bar;0;KVa;-36,01602342313889;cm;51,97272975791667;%;31,48333796446228;cm
2026-02-17 23:00:00.000;150,8430887099767;moh;0;None;0,07791166709383333;m3/s;0;kW;0;rpm;0;KVar;0;%;0,07860684763311111;Mill.m3;77,91819664973885;l/s;0;m3/s;624416,5;t;65;%;0;None;98,49243567129155;mKVs;0;None;18,633117041972223;mm;0;m3/s;93,66376722222222;bar;0;KVa;-35,69241417761111;cm;52,40456488919445;%;31,503032539301383;cm
2026-02-18 00:00:00.000;150,84511297771377;moh;0;None;0,07789999992;m3/s;0;kW;0;rpm;0;KVar;0;%;0,07902261596122223;Mill.m3;77,90000153;l/s;0;m3/s;624416,5;t;65;%;0;None;98,4666675099949;mKVs;0;None;18,51878081688889;mm;0;m3/s;92,900945;bar;0;KVa;-35,488421124194446;cm;52,681743346527774;%;31,5;cm
2026-02-18 01:00:00.000;150,84745489235075;moh;0;None;0,078150001045;m3/s;0;kW;0;rpm;0;KVar;0;%;0,07947890207894444;Mill.m3;78,14999539251403;l/s;0;m3/s;624416,5;t;65;%;0;None;98,4886381182839;mKVs;0;None;18,39330143447222;mm;0;m3/s;93,79677472222222;bar;0;KVa;-35,25441911641666;cm;52,98593615341667;%;31,541665908329854;cm
2026-02-18 02:00:00.000;150,848507233846;moh;0;None;0,07825000149499999;m3/s;0;kW;0;rpm;0;KVar;0;%;0,07970534235974999;Mill.m3;78,25000813748088;l/s;0;m3/s;624416,5;t;65;%;0;None;98,474997965037;mKVs;0;None;18,331030315833335;mm;0;m3/s;93,4564975;bar;0;KVa;-35,14816708225;cm;53,136896640416666;%;31,558334805004755;cm
2026-02-18 03:00:00.000;150,8493345834385;moh;0;None;0,07800166704416667;m3/s;0;kW;0;rpm;0;KVar;0;%;0,07986638192013888;Mill.m3;77,99998110838476;l/s;0;m3/s;624416,5;t;65;%;0;None;98,51136554832668;mKVs;0;None;18,28674443697222;mm;0;m3/s;93,22196166666667;bar;0;KVa;-35,066248578027775;cm;53,24425653847222;%;31,51666336887612;cm
2026-02-18 04:00:00.000;150,84910636200624;moh;0;None;0,07816666778666666;m3/s;0;kW;0;rpm;0;KVar;0;%;0,07982781850166666;Mill.m3;78,16815034621878;l/s;0;m3/s;624416,5;t;65;%;0;None;98,5250046174235;mKVs;0;None;18,297349081944443;mm;0;m3/s;93,79808333333334;bar;0;KVa;-35,088030500444454;cm;53,21854893152778;%;31,54469175316135;cm
2026-02-18 05:00:00.000;150,84967388316298;moh;0;None;0,07833333520333333;m3/s;0;kW;0;rpm;0;KVar;0;%;0,07992432289138889;Mill.m3;78,33184859545385;l/s;0;m3/s;624416,5;t;65;%;0;None;98,53635161047852;mKVs;0;None;18,270810657777776;mm;0;m3/s;92,89467027777778;bar;0;KVa;-35,03366258613889;cm;53,28288390736111;%;31,571974967948282;cm
2026-02-18 06:00:00.000;150,84957660844526;moh;0;None;0,07830000171999998;m3/s;0;kW;0;rpm;0;KVar;0;%;0,07992522201138888;Mill.m3;78,3000173432904;l/s;0;m3/s;624416,5;t;65;%;0;None;98,51667152269957;mKVs;0;None;18,270563551666665;mm;0;m3/s;93,7912875;bar;0;KVa;-35,04072825266667;cm;53,28348281666667;%;31,566669725566218;cm
2026-02-18 07:00:00.000;150,84989612927123;moh;0;None;0,0781650011125;m3/s;0;kW;0;rpm;0;KVar;0;%;0,07997269421416665;Mill.m3;78,16814034624427;l/s;0;m3/s;624416,5;t;65;%;0;None;98,53864438095415;mKVs;0;None;18,257508810555557;mm;0;m3/s;93,07861638888889;bar;0;KVa;-35,011431377583335;cm;53,31513071097222;%;31,544690086488348;cm
2026-02-18 08:00:00.000;150,85008079439726;moh;0;None;0,07825166816916669;m3/s;0;kW;0;rpm;0;KVar;0;%;0,0800044916978611;Mill.m3;78,24999247085415;l/s;0;m3/s;624416,5;t;65;%;0;None;98,51780775531495;mKVs;0;None;18,248764463833332;mm;0;m3/s;93,69723527777778;bar;0;KVa;-34,994146560666664;cm;53,33632891986111;%;31,55833219388372;cm
2026-02-18 09:00:00.000;150,84927356957425;moh;0;None;0,07796194561716666;m3/s;0;kW;0;rpm;0;KVar;0;%;0,07985537888219443;Mill.m3;78,17768782189815;l/s;0;m3/s;624416,5;t;65;%;0;None;98,5287126696199;mKVs;0;None;18,28977033988889;mm;0;m3/s;93,41517305555556;bar;0;KVa;-35,07175021911111;cm;53,236920938694446;%;31,546281342535103;cm
2026-02-18 10:00:00.000;150,84916226227;moh;0;None;0,07818333454916665;m3/s;0;kW;0;rpm;0;KVar;0;%;0,07983259190202777;Mill.m3;78,18563100610787;l/s;0;m3/s;624416,5;t;65;%;0;None;98,50433062422421;mKVs;0;None;18,296036615055556;mm;0;m3/s;93,70646416666666;bar;0;KVa;-35,0845336945;cm;53,221729987694445;%;31,54538492246205;cm
2026-02-18 11:00:00.000;150,84846561106875;moh;0;None;0,07862555901833333;m3/s;0;kW;0;rpm;0;KVar;0;%;0,07969446637555555;Mill.m3;78,62276257429478;l/s;0;m3/s;624416,5;t;65;%;0;None;98,41296327446007;mKVs;0;None;18,33402125138889;mm;0;m3/s;93,43526694444445;bar;0;KVa;-35,15304565616667;cm;53,12964608847222;%;31,616667610001898;cm
2026-02-18 12:00:00.000;150,84772419461302;moh;0;None;0,07879167112;m3/s;0;kW;0;rpm;0;KVar;0;%;0,07954928698905556;Mill.m3;78,79169404738889;l/s;0;m3/s;624416,5;t;65;%;0;None;98,43703435227805;mKVs;0;None;18,373945448083333;mm;0;m3/s;93,46066;bar;0;KVa;-35,226465863;cm;53,032859800888886;%;31,641670843902716;cm
2026-02-18 13:00:00.000;150,84919288308728;moh;0;None;0,07885000482000001;m3/s;0;kW;0;rpm;0;KVar;0;%;0,0798367878615;Mill.m3;78,85001473452587;l/s;0;m3/s;624416,5;t;65;%;0;None;98,4712971605491;mKVs;0;None;18,294882668916667;mm;0;m3/s;93,86422694444444;bar;0;KVa;-35,081329348833336;cm;53,22452736858333;%;31,65000234778454;cm
2026-02-18 14:00:00.000;150,84966369479176;moh;0;None;0,07884806036333333;m3/s;0;kW;0;rpm;0;KVar;0;%;0,07994899244791669;Mill.m3;78,85000754003434;l/s;0;m3/s;624416,5;t;65;%;0;None;98,42869586708083;mKVs;0;None;18,264026855166666;mm;0;m3/s;93,12430416666666;bar;0;KVa;-35,02800411816666;cm;53,29932924975;%;31,650001320002847;cm
2026-02-18 15:00:00.000;150,8504515459865;moh;0;None;0,0790483394;m3/s;0;kW;0;rpm;0;KVar;0;%;0,08008727112483333;Mill.m3;79,0508954377399;l/s;0;m3/s;624416,5;t;65;%;0;None;98,429633963839;mKVs;0;None;18,22600025838889;mm;0;m3/s;93,92295;bar;0;KVa;-34,95303683975;cm;53,39151470391667;%;31,678699512388903;cm
2026-02-18 16:00:00.000;150,84924394421;moh;0;None;0,07876833763999999;m3/s;0;kW;0;rpm;0;KVar;0;%;0,07984543496475;Mill.m3;78,77029179624681;l/s;0;m3/s;624416,5;t;65;%;0;None;98,39166682168964;mKVs;0;None;18,292504841333333;mm;0;m3/s;90,40939055555556;bar;0;KVa;-35,07478078486111;cm;53,23029193775;%;31,638613387839985;cm
2026-02-18 17:00:00.000;150,85051820065974;moh;0;None;0,07863972708383332;m3/s;0;kW;0;rpm;0;KVar;0;%;0,08010568378708333;Mill.m3;78,86039716356727;l/s;0;m3/s;624416,5;t;65;%;0;None;98,47948306367735;mKVs;0;None;18,220936882805557;mm;0;m3/s;93,301015;bar;0;KVa;-34,94576772138889;cm;53,40378958525;%;31,651485547865118;cm
2026-02-18 18:00:00.000;150,85055486013275;moh;0;None;0,07861667001999999;m3/s;0;kW;0;rpm;0;KVar;0;%;0,08010660712027777;Mill.m3;78,61667015224003;l/s;0;m3/s;624416,5;t;65;%;0;None;98,45149824125494;mKVs;0;None;18,220682783111112;mm;0;m3/s;90,43901194444445;bar;0;KVa;-34,945030214055556;cm;53,404405679027775;%;31,61666749889037;cm
2026-02-18 19:00:00.000;150,85041934256154;moh;0;None;0,07837750214166668;m3/s;0;kW;0;rpm;0;KVar;0;%;0,08008332086902778;Mill.m3;78,37675549003866;l/s;0;m3/s;624416,5;t;65;%;0;None;98,49166648861578;mKVs;0;None;18,22708660075;mm;0;m3/s;93,00773333333333;bar;0;KVa;-34,9580637625;cm;53,38888119669444;%;31,576495040680054;cm
2026-02-18 20:00:00.000;150,85050206776677;moh;0;None;0,07823833477583335;m3/s;0;kW;0;rpm;0;KVar;0;%;0,08009930021138888;Mill.m3;78,24104382700658;l/s;0;m3/s;624416,5;t;65;%;0;None;98,50683747871831;mKVs;0;None;18,222692279833332;mm;0;m3/s;93,49480222222222;bar;0;KVa;-34,950074090916665;cm;53,399533886722224;%;31,556840743771783;cm
2026-02-18 21:00:00.000;150,85008747498298;moh;0;None;0,078010000415;m3/s;0;kW;0;rpm;0;KVar;0;%;0,08001749590166667;Mill.m3;78,00897341878763;l/s;0;m3/s;624416,5;t;65;%;0;None;98,48482975988601;mKVs;0;None;18,245188398333333;mm;0;m3/s;89,96865305555555;bar;0;KVa;-34,990971884694446;cm;53,344998679166665;%;31,518162096793485;cm
2026-02-18 22:00:00.000;150,850018626719;moh;0;None;0,07805166726916667;m3/s;0;kW;0;rpm;0;KVar;0;%;0,08000351695652777;Mill.m3;78,05000231416369;l/s;0;m3/s;624416,5;t;65;%;0;None;98,48183450015863;mKVs;0;None;18,24903255325;mm;0;m3/s;92,90918138888888;bar;0;KVa;-34,9979654965;cm;53,335679521694445;%;31,525000289445185;cm
2026-02-18 23:00:00.000;150,84870126561702;moh;0;None;0,07803833387583334;m3/s;0;kW;0;rpm;0;KVar;0;%;0,07974187841388888;Mill.m3;78,04102200373019;l/s;0;m3/s;624416,5;t;65;%;0;None;98,45983147569892;mKVs;0;None;18,32098282761111;mm;0;m3/s;89,97709388888889;bar;0;KVa;-35,13072967816667;cm;53,16125444736111;%;31,52350356153542;cm
2026-02-19 00:00:00.000;150,84934979440698;moh;0;None;0,07821166798916666;m3/s;0;kW;0;rpm;0;KVar;0;%;0,07987085725638887;Mill.m3;78,20899307540289;l/s;0;m3/s;624416,5;t;65;%;0;None;98,5000061089049;mKVs;0;None;18,285513560555554;mm;0;m3/s;93,42444361111112;bar;0;KVa;-35,06457011202778;cm;53,24724080680556;%;31,551498917917364;cm
2026-02-19 01:00:00.000;150,84979630856373;moh;0;None;0,07798833365083334;m3/s;0;kW;0;rpm;0;KVar;0;%;0,07995349313608334;Mill.m3;77,99100296461242;l/s;0;m3/s;624416,5;t;65;%;0;None;98,48182999939392;mKVs;0;None;18,26278898602778;mm;0;m3/s;90,07950833333334;bar;0;KVa;-35,02187093311111;cm;53,302330218416664;%;31,51516700207883;cm
2026-02-19 02:00:00.000;150,85011744246927;moh;0;None;0,07805833396583335;m3/s;0;kW;0;rpm;0;KVar;0;%;0,08002582896208331;Mill.m3;78,05901462451557;l/s;0;m3/s;624416,5;t;65;%;0;None;98,50000149914372;mKVs;0;None;18,242896823166667;mm;0;m3/s;92,93972027777778;bar;0;KVa;-34,987364876444445;cm;53,35055395925;%;31,52650235070855;cm
2026-02-19 03:00:00.000;150,849282229234;moh;0;None;0,07799833369583334;m3/s;0;kW;0;rpm;0;KVar;0;%;0,07985818398422222;Mill.m3;78,00001110830826;l/s;0;m3/s;624416,5;t;65;%;0;None;98,50000433326703;mKVs;0;None;18,288998710305556;mm;0;m3/s;93,46380361111112;bar;0;KVa;-35,07118649258334;cm;53,238791877555556;%;31,516668368895115;cm
2026-02-19 04:00:00.000;150,84948888545452;moh;0;None;0,07803833387583334;m3/s;0;kW;0;rpm;0;KVar;0;%;0,0798985696088611;Mill.m3;78,04092050398903;l/s;0;m3/s;624416,5;t;65;%;0;None;98,5;mKVs;0;None;18,277892855972222;mm;0;m3/s;93,10397694444444;bar;0;KVa;-35,05154503975;cm;53,26571511161111;%;31,523486644804464;cm
2026-02-19 05:00:00.000;150,84860210086225;moh;0;None;0,077909999965;m3/s;0;kW;0;rpm;0;KVar;0;%;0,07971960072266666;Mill.m3;77,9090791735186;l/s;0;m3/s;624416,5;t;65;%;0;None;98,4916614323042;mKVs;0;None;18,327109231555557;mm;0;m3/s;93,62205444444444;bar;0;KVa;-35,14019860402778;cm;53,14640251783333;%;31,501512950193632;cm
2026-02-19 06:00:00.000;150,84857073403475;moh;0;None;0,07789999992;m3/s;0;kW;0;rpm;0;KVar;0;%;0,0797149628593889;Mill.m3;77,90000153;l/s;0;m3/s;624416,5;t;65;%;0;None;98,53181906652088;mKVs;0;None;18,32838439891667;mm;0;m3/s;93,27087138888889;bar;0;KVa;-35,14335208808333;cm;53,143311265083334;%;31,5;cm
2026-02-19 07:00:00.000;150,84801831780624;moh;0;None;0,07786166688950001;m3/s;0;kW;0;rpm;0;KVar;0;%;0,07960341251744443;Mill.m3;77,85910346694203;l/s;0;m3/s;624416,5;t;65;%;0;None;98,55151684849477;mKVs;0;None;18,359060710333335;mm;0;m3/s;93,92648194444445;bar;0;KVa;-35,19773271691667;cm;53,06894407052778;%;31,493183612986716;cm
2026-02-19 08:00:00.000;150,84794684412876;moh;0;None;0,077606668904;m3/s;0;kW;0;rpm;0;KVar;0;%;0,07959707188716668;Mill.m3;77,60380544703199;l/s;0;m3/s;624416,5;t;65;%;0;None;98,4993507956606;mKVs;0;None;18,360804451083332;mm;0;m3/s;93,42388805555555;bar;0;KVa;-35,20478142966667;cm;53,06471666508333;%;31,450633673519782;cm
2026-02-19 09:00:00.000;150,84737340427478;moh;0;None;0,07728528084483335;m3/s;0;kW;0;rpm;0;KVar;0;%;0,07948109014983333;Mill.m3;77,4999918766937;l/s;0;m3/s;624416,5;t;65;%;0;None;98,51667705039277;mKVs;0;None;18,392699985083336;mm;0;m3/s;93,49893861111111;bar;0;KVa;-35,262502034444445;cm;52,98739400358333;%;31,433331302215468;cm
2026-02-19 10:00:00.000;150,84568436829824;moh;0;None;0,077473336624;m3/s;0;kW;0;rpm;0;KVar;0;%;0,07914781406983333;Mill.m3;77,47754626688938;l/s;0;m3/s;624416,5;t;65;%;0;None;98,51665838401172;mKVs;0;None;18,484351266805554;mm;0;m3/s;93,48823888888889;bar;0;KVa;-35,430543686583334;cm;52,76520899797222;%;31,429590343555432;cm
2026-02-19 11:00:00.000;150,84521008512147;moh;0;None;0,077850000315;m3/s;0;kW;0;rpm;0;KVar;0;%;0,07904006108247223;Mill.m3;77,85000832331643;l/s;0;m3/s;624416,5;t;65;%;0;None;98,49999813891736;mKVs;0;None;18,51398319838889;mm;0;m3/s;93,36761972222222;bar;0;KVa;-35,47885047044444;cm;52,69337417891666;%;31,49166774611533;cm
2026-02-19 12:00:00.000;150,84504182581952;moh;0;None;0,07795166681916665;m3/s;0;kW;0;rpm;0;KVar;0;%;0,07900695016366666;Mill.m3;77,9500022358312;l/s;0;m3/s;624416,5;t;65;%;0;None;98,4916676552646;mKVs;0;None;18,523088881611113;mm;0;m3/s;93,5281625;bar;0;KVa;-35,49708896277778;cm;52,671299395388886;%;31,508333503889418;cm
2026-02-19 13:00:00.000;150,84466002853773;moh;0;None;0,077950000145;m3/s;0;kW;0;rpm;0;KVar;0;%;0,07893097800083333;Mill.m3;77,94999623584651;l/s;0;m3/s;624416,5;t;65;%;0;None;98,48792129591811;mKVs;0;None;18,54398113022222;mm;0;m3/s;93,6140775;bar;0;KVa;-35,5339558925;cm;52,62065127761111;%;31,50833250388562;cm
2026-02-19 14:00:00.000;150,84457773878876;moh;0;None;0,07787500011750001;m3/s;0;kW;0;rpm;0;KVar;0;%;0,07891555875499999;Mill.m3;77,87249993300422;l/s;0;m3/s;624416,5;t;65;%;0;None;98,51208339845451;mKVs;0;None;18,548221590833332;mm;0;m3/s;93,3073025;bar;0;KVa;-35,542221070833335;cm;52,6103712725;%;31,495416371471165;cm
2026-02-19 15:00:00.000;150,84449510820127;moh;0;None;0,07787500011750001;m3/s;0;kW;0;rpm;0;KVar;0;%;0,07889736629969445;Mill.m3;77,87749475368398;l/s;0;m3/s;624416,5;t;65;%;0;None;98,50916698762909;mKVs;0;None;18,5532243535;mm;0;m3/s;90,57505638888888;bar;0;KVa;-35,5504862475;cm;52,598243884527776;%;31,496248846856783;cm
2026-02-19 16:00:00.000;150,84383777937276;moh;0;None;0,07789999992;m3/s;0;kW;0;rpm;0;KVar;0;%;0,078761453575;Mill.m3;77,90000153;l/s;0;m3/s;624416,5;t;65;%;0;None;98,4825004987717;mKVs;0;None;18,59060054588889;mm;0;m3/s;93,02954833333334;bar;0;KVa;-35,617052715;cm;52,50763508544444;%;31,5;cm
2026-02-19 17:00:00.000;150,844079084993;moh;0;None;0,07762333543899999;m3/s;0;kW;0;rpm;0;KVar;0;%;0,078815868745;Mill.m3;77,62255006621214;l/s;0;m3/s;624416,5;t;65;%;0;None;98,52871281068727;mKVs;0;None;18,575636549166667;mm;0;m3/s;91,69531694444444;bar;0;KVa;-35,59262169955556;cm;52,54391098083333;%;31,453757796502515;cm
2026-02-19 18:00:00.000;150,84419307585625;moh;0;None;0,07728667041933335;m3/s;0;kW;0;rpm;0;KVar;0;%;0,07884769118816667;Mill.m3;77,28674525162629;l/s;0;m3/s;624416,5;t;65;%;0;None;98,54623984585837;mKVs;0;None;18,566885209027777;mm;0;m3/s;93,64655361111112;bar;0;KVa;-35,579477947916665;cm;52,565126813194446;%;31,39999962;cm
2026-02-19 19:00:00.000;150,84421001007252;moh;0;None;0,07737500322016666;m3/s;0;kW;0;rpm;0;KVar;0;%;0,07884229961824998;Mill.m3;77,37142537022675;l/s;0;m3/s;624416,5;t;65;%;0;None;98,58333397077286;mKVs;0;None;18,56836785447222;mm;0;m3/s;93,44433194444444;bar;0;KVa;-35,57941436791667;cm;52,56153281644445;%;31,4083351516749;cm
2026-02-19 20:00:00.000;150,84350689243175;moh;0;None;0,07732500363583335;m3/s;0;kW;0;rpm;0;KVar;0;%;0,07869699427599999;Mill.m3;77,3213724970182;l/s;0;m3/s;624416,5;t;65;%;0;None;98,55457597053044;mKVs;0;None;18,60832702075;mm;0;m3/s;93,30489972222222;bar;0;KVa;-35,65011342583333;cm;52,46466234197222;%;31,4037598878291;cm
2026-02-19 21:00:00.000;150,84299844013404;moh;0;None;0,07727833744116666;m3/s;0;kW;0;rpm;0;KVar;0;%;0,07859859143763889;Mill.m3;77,28682658429464;l/s;0;m3/s;624416,5;t;65;%;0;None;98,58333125057977;mKVs;0;None;18,635387634361113;mm;0;m3/s;93,62302111111111;bar;0;KVa;-35,69987403075;cm;52,39906092822222;%;31,396237121635288;cm
2026-02-19 22:00:00.000;150,843488153647;moh;0;None;0,07731167115183334;m3/s;0;kW;0;rpm;0;KVar;0;%;0,07870259769333333;Mill.m3;77,30964802567374;l/s;0;m3/s;624416,5;t;65;%;0;None;98,59542875326244;mKVs;0;None;18,606786095166665;mm;0;m3/s;93,17928055555555;bar;0;KVa;-35,65036773833334;cm;52,468397203833334;%;31,39999962;cm
2026-02-19 23:00:00.000;150,84348832979578;moh;0;None;0,07736500294783336;m3/s;0;kW;0;rpm;0;KVar;0;%;0,07870314845683334;Mill.m3;77,36649354984017;l/s;0;m3/s;624416,5;t;65;%;0;None;98,62123163621824;mKVs;0;None;18,606634566583335;mm;0;m3/s;93,9036386111111;bar;0;KVa;-35,65036773791667;cm;52,46876466530556;%;31,408333512779784;cm
2026-02-20 00:00:00.000;150,84271005656953;moh;0;None;0,07725833759916667;m3/s;0;kW;0;rpm;0;KVar;0;%;0,07853841243694444;Mill.m3;77,25360633522573;l/s;0;m3/s;624416,5;t;65;%;0;None;98,6045675246073;mKVs;0;None;18,651936850555554;mm;0;m3/s;93,51570611111111;bar;0;KVa;-35,729950798694446;cm;52,35894181972222;%;31,39999962;cm
2026-02-20 01:00:00.000;150,84220100370726;moh;0;None;0,07747500327750001;m3/s;0;kW;0;rpm;0;KVar;0;%;0,07844213702933332;Mill.m3;77,47740726724152;l/s;0;m3/s;624416,5;t;65;%;0;None;98,61586883945988;mKVs;0;None;18,678412331583335;mm;0;m3/s;91,54481305555555;bar;0;KVa;-35,77949523666667;cm;52,294758614416665;%;31,429567176800735;cm
2026-02-20 02:00:00.000;150,84134583070227;moh;0;None;0,07747500327750001;m3/s;0;kW;0;rpm;0;KVar;0;%;0,07826783802044444;Mill.m3;77,47258044613615;l/s;0;m3/s;624416,5;t;65;%;0;None;98,52877086535459;mKVs;0;None;18,726344216138887;mm;0;m3/s;89,95187944444444;bar;0;KVa;-35,86580488255556;cm;52,178560172055555;%;31,428762701521517;cm
2026-02-20 03:00:00.000;150,84187833113404;moh;0;None;0,07767500169750001;m3/s;0;kW;0;rpm;0;KVar;0;%;0,07837431166166665;Mill.m3;77,67737509398839;l/s;0;m3/s;624416,5;t;65;%;0;None;98,52123486743538;mKVs;0;None;18,6970642935;mm;0;m3/s;89,55398805555555;bar;0;KVa;-35,81255594666667;cm;52,2495419595;%;31,462895359002903;cm
2026-02-20 04:00:00.000;150,84124163944574;moh;0;None;0,077850000315;m3/s;0;kW;0;rpm;0;KVar;0;%;0,07825433425736113;Mill.m3;77,84999899000675;l/s;0;m3/s;624416,5;t;65;%;0;None;98,50832784480426;mKVs;0;None;18,73005782297222;mm;0;m3/s;91,34210472222222;bar;0;KVa;-35,87505340375;cm;52,16955728455556;%;31,491666190553868;cm
2026-02-20 05:00:00.000;150,84142506805253;moh;0;None;0,077850000315;m3/s;0;kW;0;rpm;0;KVar;0;%;0,0782790285038611;Mill.m3;77,84999332335444;l/s;0;m3/s;624416,5;t;65;%;0;None;98,57955625275923;mKVs;0;None;18,723267024972223;mm;0;m3/s;93,1378386111111;bar;0;KVa;-35,85798899094444;cm;52,18601978997222;%;31,491665246105836;cm
2026-02-20 06:00:00.000;150,84111722321248;moh;0,05375771437397769;None;0,11641589418377776;m3/s;46,95616416666667;kW;90,23250527777778;rpm;3,2574336111111113;KVar;3,4011652204444442;%;0,07816657931058332;Mill.m3;77,99999627501275;l/s;0,03841589209777778;m3/s;624416,5062265972;t;62,65925611111111;%;0;None;98,4776928248202;mKVs;0;None;18,754190446555555;mm;0;m3/s;93,6508411111111;bar;50,984674444444444;KVa;-35,92781490652778;cm;52,11105393336111;%;31,5166658966635;cm
2026-02-20 07:00:00.000;150,8151535609128;moh;0,9906438253480221;None;1,6886093000638893;m3/s;1344,1145144444445;kW;750,91701;rpm;-181,04367888888888;KVar;90,68571701119444;%;0,07317021772650001;Mill.m3;77,71612932772462;l/s;1,6109083593111113;m3/s;624417,1007147222;t;47,01332886814751;%;1,3462500239333335;None;96,25767346691853;mKVs;0;None;20,12704527072222;mm;0;m3/s;93,50400277777777;bar;1356,2078244444444;KVa;-38,46616109161111;cm;48,780145899666664;%;31,474461568353632;cm
2026-02-20 08:00:00.000;150,78137927044375;moh;0,9923529922442386;None;1,6923526771277777;m3/s;1346,8443777777777;kW;749,7467661111111;rpm;-145,59115555555556;KVar;90,73180001630556;%;0,0672436648771111;Mill.m3;76,30670984238348;l/s;1,6160746001361113;m3/s;624418,0974877952;t;47,304300442319104;%;1,350000024;None;96,2216277613489;mKVs;0;None;21,64314481825;mm;0;m3/s;90,74906277777778;bar;1354,0771252777777;KVa;-41,85198889825;cm;44,82911131225;%;31,243134146128465;cm
2026-02-20 09:00:00.000;150,7734392839168;moh;1;None;1,1810546815611112;m3/s;912,0044088888889;kW;749,4313183333334;rpm;-2,647721388888889;KVar;85,28795729811111;%;0,06602901998436111;Mill.m3;76,40773427355647;l/s;1,1046547609555555;m3/s;624419,0962260417;t;35,51891525419279;%;0,9012499763327779;None;97,28619665108468;mKVs;0;None;21,926561779333333;mm;0;m3/s;93,89884638888888;bar;911,3872552777777;KVa;-42,655940585694445;cm;44,019348566805554;%;31,24853241664181;cm
2026-02-20 10:00:00.000;150,7703616527005;moh;0,9085922956860704;None;0,8114474828200001;m3/s;608,1346513888889;kW;749,9020077777777;rpm;266,3010894444445;KVar;78,42943844308333;%;0,06555442683677777;Mill.m3;76,4587979570709;l/s;0,7350240414305554;m3/s;624420,0962476042;t;26,797318678926914;%;0,6008333570011111;None;97,78394652373768;mKVs;0;None;22,037300112222223;mm;0;m3/s;93,55039333333333;bar;669,3214613888889;KVa;-42,96315935111111;cm;43,70295333852778;%;31,25980029279292;cm
2026-02-20 11:00:00.000;150,77567443398127;moh;0,004298105385170596;None;0,09068171363633333;m3/s;2,6167877777777777;kW;42,277458055555556;rpm;2,9458983333333335;KVar;1,520120091;%;0,06632947950627777;Mill.m3;76,64121267772705;l/s;0,014045045441388888;m3/s;624420,8813411285;t;26,80000114;%;0,0016666667327777777;None;98,43602619145035;mKVs;0;None;21,856454848333332;mm;0;m3/s;94,14371166666666;bar;4,242763611111111;KVa;-42,435607909805555;cm;44,219654083555554;%;31,2902024999248;cm
2026-02-20 12:00:00.000;150,78363346751172;moh;0;None;0,07675166885836111;m3/s;0;kW;0;rpm;0;KVar;0;%;0,06753935580008334;Mill.m3;76,74997531572986;l/s;0;m3/s;624420,9375;t;26,80000114;%;0;None;98,46813982080154;mKVs;0;None;21,574150508694444;mm;0;m3/s;94,06751611111112;bar;0;KVa;-41,63987477763889;cm;45,026237912;%;31,308329438361728;cm
2026-02-20 13:00:00.000;150,79175618670715;moh;0;None;0,07725500371349998;m3/s;0;kW;0;rpm;0;KVar;0;%;0,06875310308455555;Mill.m3;77,25328033675902;l/s;0;m3/s;624420,9375;t;26,80000114;%;0;None;98,4480177953399;mKVs;0;None;21,29094272;mm;0;m3/s;92,86453861111112;bar;0;KVa;-40,82682715511111;cm;45,835403019611114;%;31,390191435753337;cm
2026-02-20 14:00:00.000;150,79870973141598;moh;0;None;0,07773666777366667;m3/s;0;kW;0;rpm;0;KVar;0;%;0,069821240297;Mill.m3;77,74221126318078;l/s;0;m3/s;624420,9375;t;26,80000114;%;0;None;98,45210098224193;mKVs;0;None;21,036181725972224;mm;0;m3/s;90,62733138888889;bar;0;KVa;-40,130458410138885;cm;46,54749461325;%;31,47291711930767;cm
2026-02-20 15:00:00.000;150,80536293644403;moh;0;None;0,07845694704083332;m3/s;0;kW;0;rpm;0;KVar;0;%;0,07105522917575002;Mill.m3;78,45299743306943;l/s;0;m3/s;624420,9375;t;26,80000114;%;0;None;98,4125000860607;mKVs;0;None;20,70981174086111;mm;0;m3/s;90,56406166666666;bar;0;KVa;-39,46573045402778;cm;47,37015318211111;%;31,589589479327625;cm
2026-02-20 16:00:00.000;150,81092418422693;moh;0;None;0,07850611400166668;m3/s;0;kW;0;rpm;0;KVar;0;%;0,07216477988277778;Mill.m3;78,50962894412613;l/s;0;m3/s;624420,9375;t;26,80000114;%;0;None;98,39374898344282;mKVs;0;None;20,404685125166665;mm;0;m3/s;93,59760027777777;bar;0;KVa;-38,91037411152778;cm;48,10985410380555;%;31,6083342450019;cm
2026-02-20 17:00:00.000;150,81775101637774;moh;0;None;0,07872750340933334;m3/s;0;kW;0;rpm;0;KVar;0;%;0,07352522048969445;Mill.m3;78,72647995116819;l/s;0;m3/s;624420,9375;t;26,80000114;%;0;None;98,4020986614556;mKVs;0;None;20,030564202111112;mm;0;m3/s;90,58701166666667;bar;0;KVa;-38,22820875447222;cm;49,01681331;%;31,63123972093127;cm
2026-02-20 18:00:00.000;150,8214940460616;moh;0;None;0,07901667182500001;m3/s;0;kW;0;rpm;0;KVar;0;%;0,07430060357011112;Mill.m3;79,01669678711025;l/s;0;m3/s;624420,9375;t;26,80000114;%;0;None;98,40624723895274;mKVs;0;None;19,817333644805554;mm;0;m3/s;89,85903972222222;bar;0;KVa;-37,852215236805556;cm;49,533736663027774;%;31,675004581681552;cm
2026-02-20 19:00:00.000;150,82938056449598;moh;0;None;0,0793483394295;m3/s;0;kW;0;rpm;0;KVar;0;%;0,07581715033200001;Mill.m3;79,35045453004629;l/s;0;m3/s;624420,9375;t;26,80000114;%;0;None;98,47291355331785;mKVs;0;None;19,400283602666665;mm;0;m3/s;91,34291611111111;bar;0;KVa;-37,069748771;cm;50,54476750961111;%;31,72499991055197;cm
2026-02-20 20:00:00.000;150,83581121957775;moh;0;None;0,07962833792016667;m3/s;0;kW;0;rpm;0;KVar;0;%;0,07713328778052779;Mill.m3;79,63023898416562;l/s;0;m3/s;624420,9375;t;26,80000114;%;0;None;98,41875710331311;mKVs;0;None;19,038345550611112;mm;0;m3/s;93,79111805555556;bar;0;KVa;-36,418914795;cm;51,42219295663889;%;31,7729152037405;cm
2026-02-20 21:00:00.000;150,845250259733;moh;0;None;0,08018500401249999;m3/s;0;kW;0;rpm;0;KVar;0;%;0,07900062441341667;Mill.m3;80,1874685684182;l/s;0;m3/s;624420,9375;t;26,80000114;%;0;None;98,40833454055863;mKVs;0;None;18,52482795813889;mm;0;m3/s;93,08441055555555;bar;0;KVa;-35,47800699966667;cm;52,66708340030556;%;31,864577908418198;cm
2026-02-20 22:00:00.000;150,85987575101973;moh;0;None;0,080648892082;m3/s;0;kW;0;rpm;0;KVar;0;%;0,08194201145616667;Mill.m3;80,66159396609395;l/s;0;m3/s;624420,9375;t;26,80000114;%;0;None;98,36547044216266;mKVs;0;None;17,715946834444445;mm;0;m3/s;93,64105138888888;bar;0;KVa;-34,039552477027776;cm;54,62800812272222;%;31,940180356019546;cm
2026-02-20 23:00:00.000;150,879495428248;moh;0;None;0,0812425025445;m3/s;0;kW;0;rpm;0;KVar;0;%;0,08584271677627779;Mill.m3;81,24248606708427;l/s;0;m3/s;624420,9375;t;26,80000114;%;0;None;98,39999955614107;mKVs;0;None;16,643252688388888;mm;0;m3/s;93,43371277777777;bar;0;KVa;-32,059754265833334;cm;57,228478431444444;%;32,031244159919325;cm
2026-02-21 00:00:00.000;150,90224177950302;moh;0;None;0,08212000143958334;m3/s;0;kW;0;rpm;0;KVar;0;%;0,09039644748125;Mill.m3;82,12260752215724;l/s;0;m3/s;624420,9375;t;26,80000114;%;0;None;98,40000438856747;mKVs;0;None;15,390976586666667;mm;0;m3/s;93,80246277777778;bar;0;KVa;-29,783164130583334;cm;60,264298970666665;%;32,1695981423361;cm
2026-02-21 01:00:00.000;150,9274978906173;moh;0;None;0,08311110863233333;m3/s;0;kW;0;rpm;0;KVar;0;%;0,09543377322608333;Mill.m3;83,11387455289884;l/s;0;m3/s;624420,9375;t;26,80000114;%;0;None;98,3749971036841;mKVs;0;None;14,005712296444445;mm;0;m3/s;93,38118277777778;bar;0;KVa;-27,25977579688889;cm;63,622515678805556;%;32,320816157490874;cm
2026-02-21 02:00:00.000;150,95181812950673;moh;0;None;0,08399527983891668;m3/s;0;kW;0;rpm;0;KVar;0;%;0,1002959944988611;Mill.m3;84,00003167365253;l/s;0;m3/s;624420,9375;t;26,80000114;%;0;None;98,41666046872497;mKVs;0;None;12,668601354444444;mm;0;m3/s;93,8117025;bar;0;KVa;-24,82866922922222;cm;66,86399720622222;%;32,45624130840711;cm
2026-02-21 03:00:00.000;150,9754447303813;moh;0;None;0,08472388962152778;m3/s;0;kW;0;rpm;0;KVar;0;%;0,1050521424038889;Mill.m3;84,72651506442212;l/s;0;m3/s;624420,9375;t;26,80000114;%;0;None;98,43956425718102;mKVs;0;None;11,360660766138889;mm;0;m3/s;93,63955277777778;bar;0;KVa;-22,463667128444445;cm;70,034761344;%;32,56458167333089;cm
2026-02-21 04:00:00.000;150,997848760946;moh;0;None;0,08557583068863889;m3/s;0;kW;0;rpm;0;KVar;0;%;0,10950888719361111;Mill.m3;85,57702852075388;l/s;0;m3/s;624420,9375;t;26,80000114;%;0;None;98,44166719639442;mKVs;0;None;10,143259047869444;mm;0;m3/s;93,30166833333334;bar;0;KVa;-20,222223069805555;cm;73,00592585838889;%;32,69791034837313;cm
2026-02-21 05:00:00.000;151,0180999660625;moh;0;None;0,0861122264658889;m3/s;0;kW;0;rpm;0;KVar;0;%;0,11358935810722223;Mill.m3;86,11442214903293;l/s;0;m3/s;624420,9375;t;26,80000114;%;0;None;98,45833455415774;mKVs;0;None;9,102660285119446;mm;0;m3/s;93,53292361111112;bar;0;KVa;-18,182004292583333;cm;75,72623954363888;%;32,78123363635262;cm
2026-02-21 06:00:00.000;151,03737626840206;moh;0;None;0,08664722657722221;m3/s;0;kW;0;rpm;0;KVar;0;%;0,11742729995333331;Mill.m3;86,65202099938018;l/s;0;m3/s;624420,9375;t;26,80000114;%;0;None;98,49166473864256;mKVs;0;None;8,143174913338889;mm;0;m3/s;93,4868113888889;bar;0;KVa;-16,269683838555554;cm;78,2848676263611;%;32,864574774301424;cm
2026-02-21 07:00:00.000;151,05569426276233;moh;0;None;0,08723666705025;m3/s;0;kW;0;rpm;0;KVar;0;%;0,12110678734000002;Mill.m3;87,26686142783822;l/s;0;m3/s;624420,9375;t;26,80000114;%;0;None;98,47914643473483;mKVs;0;None;7,2233030530194435;mm;0;m3/s;93,74409916666667;bar;0;KVa;-14,437997605972223;cm;80,73785815797223;%;32,961144066727094;cm
2026-02-21 08:00:00.000;151,07210376714676;moh;0;None;0,08777027798666667;m3/s;0;kW;0;rpm;0;KVar;0;%;0,12437707702722224;Mill.m3;87,77344317797683;l/s;0;m3/s;624420,9375;t;26,80000114;%;0;None;98,50208996122588;mKVs;0;None;6,405730777463889;mm;0;m3/s;93,522475;bar;0;KVa;-12,795906069083333;cm;82,91805070177777;%;33,031239298696896;cm
2026-02-21 09:00:00.000;151,08803914185268;moh;0;None;0,08818250236541668;m3/s;0;kW;0;rpm;0;KVar;0;%;0,12756380580027776;Mill.m3;88,18538975829449;l/s;0;m3/s;624420,9375;t;26,80000114;%;0;None;98,54794203971532;mKVs;0;None;5,609048207613889;mm;0;m3/s;93,95726111111111;bar;0;KVa;-11,20423210975;cm;85,04253875022222;%;33,097914253835256;cm
2026-02-21 10:00:00.000;151,1031634896835;moh;0;None;0,08872583411458333;m3/s;0;kW;0;rpm;0;KVar;0;%;0,1306072827902778;Mill.m3;88,72404738464284;l/s;0;m3/s;624420,9375;t;26,80000114;%;0;None;98,57499798921084;mKVs;0;None;4,848179287258333;mm;0;m3/s;90,3927625;bar;0;KVa;-9,68855963835;cm;87,07152254333333;%;33,177099971498535;cm
2026-02-21 11:00:00.000;151,1176545211028;moh;0,04315705703866427;None;0,11012947754213888;m3/s;34,98136;kW;81,18844222222222;rpm;-0,9656875;KVar;3,036090003111111;%;0,13348722495305554;Mill.m3;88,96398367215589;l/s;0,021164198515;m3/s;624420,9413994618;t;26,787349076554566;%;0;None;98,47775235683511;mKVs;0;None;4,128193325319446;mm;0;m3/s;93,68619916666667;bar;38,375104444444446;KVa;-8,237232632127778;cm;88,99148527661112;%;33,21457370536394;cm
2026-02-21 12:00:00.000;151,10854468626226;moh;0,8106558366813483;None;2,1391201526267496;m3/s;1721,8935011111112;kW;700,5829958333334;rpm;-482,9820377777778;KVar;76,1649730248889;%;0,1318993615972222;Mill.m3;88,85718466979098;l/s;2,0507118959294446;m3/s;624421,5570517709;t;68,9825789683239;%;2,1369046942361116;None;94,01447714386603;mKVs;0;None;4,5251592000833325;mm;0;m3/s;93,87094694444444;bar;1790,8806466666667;KVa;-9,133889940197221;cm;87,93290932919444;%;33,17537036177293;cm
2026-02-21 13:00:00.000;151,07785842328428;moh;0,6844361406734252;None;1,9265166853244167;m3/s;1519,4526405555555;kW;581,3973913888889;rpm;-427,77431777777775;KVar;64,75854119225;%;0,1256240836966667;Mill.m3;87,88753080772204;l/s;1,8386069383722219;m3/s;624422,5570704341;t;73,08320920116664;%;2,1428570750000002;None;94,57968303562424;mKVs;0;None;6,093978881899997;mm;0;m3/s;91,82040638888888;bar;1579,2262291666666;KVa;-12,214135064113888;cm;83,74938945802778;%;33,05420074424559;cm
2026-02-21 14:00:00.000;151,07854692166413;moh;0,1948692544520995;None;0,5379376716472778;m3/s;363,09404527777775;kW;230,73310333333333;rpm;-102,35489305555555;KVar;18,572577116583332;%;0,1255242055022222;Mill.m3;87,48965956358026;l/s;0,44377128894027784;m3/s;624423,355004132;t;70,17697645437883;%;2,1428570750000002;None;97,58426646129784;mKVs;0;None;6,118948194775;mm;0;m3/s;93,76446555555556;bar;378,80491222222224;KVa;-12,138214112244446;cm;83,68280393869445;%;32,991676332696564;cm
2026-02-21 15:00:00.000;151,08589027833943;moh;0;None;0,087486665282;m3/s;0;kW;0;rpm;0;KVar;0;%;0,1271505712725;Mill.m3;87,48739569880772;l/s;0;m3/s;624423,6875;t;72,90000153;%;2,1428570750000002;None;98,56666672779221;mKVs;0;None;5,712356567536111;mm;0;m3/s;93,63570138888889;bar;0;KVa;-11,409441630111111;cm;84,76704917641666;%;32,99789930991883;cm
2026-02-21 16:00:00.000;151,09761122600275;moh;0;None;0,08771805545983333;m3/s;0;kW;0;rpm;0;KVar;0;%;0,12949226299138888;Mill.m3;87,72412377195579;l/s;0;m3/s;624423,6875;t;72,90000153;%;2,1428570750000002;None;98,51674291049622;mKVs;0;None;5,126934051416667;mm;0;m3/s;91,33130694444445;bar;0;KVa;-10,243585375069443;cm;86,32817546011111;%;33,02494998800831;cm
2026-02-21 17:00:00.000;151,10862001843574;moh;0;None;0,08790833441000001;m3/s;0;kW;61,18908861111111;rpm;0;KVar;0;%;0,13170596529749998;Mill.m3;87,90832628271417;l/s;0;m3/s;624423,6892617013;t;72,90000153;%;1,9685373691119448;None;98,56241244637235;mKVs;0;None;4,573508368444444;mm;0;m3/s;93,6231975;bar;0;KVa;-9,136182997102777;cm;87,80397892;%;33,058333280245975;cm
2026-02-21 18:00:00.000;151,09836326075623;moh;0,9573702964369011;None;2,1753619376249174;m3/s;1757,7647927777778;kW;749,8744672222223;rpm;-424,63616;KVar;90,76136084688889;%;0,12975429966861113;Mill.m3;87,55270686848174;l/s;2,0881674659288887;m3/s;624424,2699002777;t;58,85891303985014;%;1,8333336489258334;None;94,63969563244656;mKVs;0;None;5,061425103166667;mm;0;m3/s;93,54490111111112;bar;1813,5376986111112;KVa;-10,153677199083333;cm;86,50286738222222;%;33,01255288630849;cm
2026-02-21 19:00:00.000;151,09511945446053;moh;0,9889109086983424;None;1,227394278166667;m3/s;938,1584294444444;kW;750,7288705555555;rpm;-134,87134416666666;KVar;85,63578094938889;%;0,1289961578113889;Mill.m3;87,4084096415155;l/s;1,1399864586305557;m3/s;624425,2699453472;t;35,926836228809655;%;0,9209180503716667;None;97,3402091691254;mKVs;0;None;5,250960455944444;mm;0;m3/s;93,81464111111111;bar;946,1140711111111;KVa;-10,491930642666667;cm;85,99743917130556;%;32,989553200384044;cm
2026-02-21 20:00:00.000;151,08646153433986;moh;0,976044077136537;None;2,5907748450194448;m3/s;2106,115875833333;kW;750,6255325;rpm;-470,52478972222224;KVar;90,1233776068889;%;0,1273185967736111;Mill.m3;87,28629581963692;l/s;2,503742271538888;m3/s;624426,2699758334;t;71,36065893969734;%;2,1394557137588897;None;92,93868753407261;mKVs;0;None;5,670350392738889;mm;0;m3/s;93,83713166666666;bar;2158,9291444444443;KVa;-11,34376102036111;cm;84,87906532372222;%;32,97711260018258;cm
2026-02-21 21:00:00.000;151,0836777402656;moh;0,3632598516543966;None;1,0770308423038613;m3/s;793,7988347222222;kW;327,27863055555554;rpm;-163,7103786111111;KVar;34,457360903166666;%;0,12672488754583336;Mill.m3;87,06587330951854;l/s;0,9828527781944445;m3/s;624427,2375402256;t;72,70422346010555;%;2,1428570750000002;None;96,51614764793614;mKVs;0;None;5,8187781440111115;mm;0;m3/s;93,54366805555556;bar;810,7132216666666;KVa;-11,633669534880555;cm;84,48325847980556;%;32,92289313924141;cm
2026-02-21 22:00:00.000;151,11405717395303;moh;0;None;0,08783611187566667;m3/s;0;kW;0;rpm;0;KVar;0;%;0,13276656942861112;Mill.m3;87,83726121431701;l/s;0;m3/s;624427,5;t;72,70000458;%;2,1428570750000002;None;98,63543918627572;mKVs;0;None;4,308357238805556;mm;0;m3/s;94,11237472222223;bar;0;KVa;-8,603943719097222;cm;88,51104757563888;%;33,03955337797384;cm
2026-02-21 23:00:00.000;151,13538859018826;moh;0;None;0,08872027867180557;m3/s;0;kW;0;rpm;0;KVar;0;%;0,1370271981983333;Mill.m3;88,72483545632403;l/s;0;m3/s;624427,5;t;72,70000458;%;2,1428570750000002;None;98,67287703607393;mKVs;0;None;3,2432005141194447;mm;0;m3/s;93,67983833333334;bar;0;KVa;-6,467514037966667;cm;91,35146520458333;%;33,17288703595744;cm
2026-02-22 00:00:00.000;151,15002413397826;moh;0;None;0,08927333497666666;m3/s;0;kW;0;rpm;0;KVar;0;%;0,13997384706055557;Mill.m3;89,27457398464071;l/s;0;m3/s;624427,5;t;72,70000458;%;2,1428570750000002;None;98,6500143283679;mKVs;0;None;2,5065379672833332;mm;0;m3/s;93,66080638888889;bar;0;KVa;-5,002788967522222;cm;93,31589895930556;%;33,2562139055472;cm
2026-02-22 01:00:00.000;151,15774086019252;moh;0,29359789643927736;None;0,7612882909955833;m3/s;576,7314580555555;kW;279,27602083333335;rpm;-150,6430038888889;KVar;26,45733665927778;%;0,14155239484555557;Mill.m3;89,90840308877226;l/s;0,6713871896522222;m3/s;624427,5612781076;t;69,5625514135055;%;2,1428570750000002;None;97,11794152328528;mKVs;0;None;2,111901177236111;mm;0;m3/s;94,37014194444444;bar;600,5070666666667;KVa;-4,2304441663972225;cm;94,3682649185;%;33,358343492719456;cm
2026-02-22 02:00:00.000;151,14561737433428;moh;0,9983138509278244;None;0,8970102480691667;m3/s;651,9495066666667;kW;750,1665930555556;rpm;-36,759260833333336;KVar;79,28255706436111;%;0,1391349466166667;Mill.m3;89,52700251549713;l/s;0,8058258935827778;m3/s;624428,3594580208;t;27,51277239616413;%;0,6164967234436111;None;97,9440216723476;mKVs;0;None;2,7162636651916663;mm;0;m3/s;93,85991694444445;bar;651,9458719444444;KVa;-5,436702304380555;cm;92,75663021941666;%;33,308329692639845;cm
2026-02-22 03:00:00.000;151,13507788576175;moh;1;None;0,9408453452922223;m3/s;709,4731977777777;kW;749,4999908333333;rpm;-39,979280833333334;KVar;80,88726467636111;%;0,137050630065;Mill.m3;89,30077976106888;l/s;0,8515464403652779;m3/s;624429,359488125;t;29,431923292166655;%;0,7140025820611111;None;97,80648954955716;mKVs;0;None;3,2373428345777775;mm;0;m3/s;94,23081305555556;bar;712,9378358333333;KVa;-6,485523647583334;cm;91,36708535116666;%;33,26046050766454;cm
2026-02-22 04:00:00.000;151,10968496193752;moh;0,9779244266239819;None;2,0104718146647222;m3/s;1609,542446111111;kW;749,9167083333333;rpm;-358,38697083333335;KVar;92,55360584280555;%;0,13199701813083334;Mill.m3;88,68435506947057;l/s;1,922035560317778;m3/s;624430,3594980035;t;54,141232335027915;%;1,6301019786425;None;95,37090199114638;mKVs;0;None;4,500745137463889;mm;0;m3/s;94,11247555555556;bar;1649,293626111111;KVa;-9,017868042419444;cm;87,99801360141667;%;33,17712850050645;cm
2026-02-22 05:00:00.000;151,06764404608379;moh;0,9702126215757576;None;2,6251608231583337;m3/s;2127,175845;kW;749,8120608333334;rpm;-509,32109;KVar;90,13946102997222;%;0,12366876304055556;Mill.m3;87,37426973055814;l/s;2,5377751790333334;m3/s;624431,3595503819;t;72,33510807804232;%;2,141439841452778;None;92,86654285361949;mKVs;0;None;6,582809024322222;mm;0;m3/s;93,81575;bar;2191,730416388889;KVa;-13,215891519944444;cm;82,44584246827777;%;32,97924972976198;cm
2026-02-22 06:00:00.000;151,02983467494428;moh;0,5399782355207409;None;1,5446977025876385;m3/s;1194,155833888889;kW;467,5425080555556;rpm;-286,3574263888889;KVar;51,20421619333333;%;0,11612194450444444;Mill.m3;85,85434498703525;l/s;1,4588410701944448;m3/s;624432,3455830555;t;72,3294243221225;%;2,1428570750000002;None;95,40080190660687;mKVs;0;None;8,469513787230555;mm;0;m3/s;94,07609972222222;bar;1229,5804163888888;KVa;-17,005437215305555;cm;77,41462936305555;%;32,745935961093636;cm
2026-02-22 07:00:00.000;151,03072694230522;moh;0;None;0,08569999784333332;m3/s;0;kW;0;rpm;0;KVar;0;%;0,1161202663713889;Mill.m3;85,70007515577053;l/s;0;m3/s;624432,6875;t;72,20000458;%;2,1428570750000002;None;98,5228553976192;mKVs;0;None;8,469933403911112;mm;0;m3/s;93,99380916666667;bar;0;KVa;-16,930694579833332;cm;77,41351074552777;%;32,716679784252754;cm
2026-02-22 08:00:00.000;151,03525592594875;moh;0;None;0,08593555730477778;m3/s;0;kW;0;rpm;0;KVar;0;%;0,11703583524;Mill.m3;85,93659660783916;l/s;0;m3/s;624432,6875;t;72,20000458;%;2,1428570750000002;None;98,54379607990974;mKVs;0;None;8,241040971591666;mm;0;m3/s;93,29462583333333;bar;0;KVa;-16,47624545672222;cm;78,02389081325;%;32,758332928893104;cm
2026-02-22 09:00:00.000;151,04190701094697;moh;0;None;0,08638139408638888;m3/s;0;kW;0;rpm;0;KVar;0;%;0,118351634855;Mill.m3;86,38567022402253;l/s;0;m3/s;624432,6875;t;72,20000458;%;2,1428570750000002;None;98,53333398998215;mKVs;0;None;7,912091149119444;mm;0;m3/s;93,67448583333334;bar;0;KVa;-15,813077291027778;cm;78,90108949916667;%;32,822869400448894;cm
2026-02-22 10:00:00.000;151,05731636157316;moh;0;None;0,08710916836797224;m3/s;0;kW;0;rpm;0;KVar;0;%;0,12141342119305555;Mill.m3;87,1045213979019;l/s;0;m3/s;624432,6875;t;72,20000458;%;2,1428570750000002;None;98,57214565885167;mKVs;0;None;7,146644592388888;mm;0;m3/s;93,72604527777777;bar;0;KVa;-14,245236715091666;cm;80,94228155361111;%;32,937398126325554;cm
2026-02-22 11:00:00.000;151,07400676340114;moh;0;None;0,08773722338183335;m3/s;0;kW;0;rpm;0;KVar;0;%;0,12474992377777777;Mill.m3;87,74169910284125;l/s;0;m3/s;624432,6875;t;72,20000458;%;2,1428570750000002;None;98,55213658553676;mKVs;0;None;6,312518649786111;mm;0;m3/s;93,45826944444444;bar;0;KVa;-12,60586208836111;cm;83,166617033;%;33,02286275857503;cm
2026-02-22 12:00:00.000;151,09745628239347;moh;0;None;0,08861916800125;m3/s;0;kW;0;rpm;0;KVar;0;%;0,12941248386472223;Mill.m3;88,62494500776054;l/s;0;m3/s;624432,6875;t;72,20000458;%;2,1428570750000002;None;98,5521439756736;mKVs;0;None;5,146878560561111;mm;0;m3/s;93,99400305555555;bar;0;KVa;-10,264867146794446;cm;86,27499004002777;%;33,15619581911474;cm
2026-02-22 13:00:00.000;151,12505166427948;moh;0;None;0,08950833603500001;m3/s;0;kW;0;rpm;0;KVar;0;%;0,13492215481249997;Mill.m3;89,50832750909795;l/s;0;m3/s;624432,6875;t;72,20000458;%;2,1428570750000002;None;98,58119527899272;mKVs;0;None;3,7694613139138893;mm;0;m3/s;93,02132083333333;bar;0;KVa;-7,507256401750001;cm;89,94810295030555;%;33,297857090015206;cm
2026-02-22 14:00:00.000;151,15364653533078;moh;0;None;0,09043333820055556;m3/s;0;kW;0;rpm;0;KVar;0;%;0,14068629704694444;Mill.m3;90,43740960598005;l/s;0;m3/s;624432,6875;t;72,20000458;%;2,1428570750000002;None;98,57714150980848;mKVs;0;None;2,328425513383333;mm;0;m3/s;94,12919555555555;bar;0;KVa;-4,644927978611111;cm;93,79086591933333;%;33,42905035205009;cm
2026-02-22 15:00:00.000;151,1800274329013;moh;0;None;0,09137250274111111;m3/s;0;kW;0;rpm;0;KVar;0;%;0,1459334551913889;Mill.m3;91,3789324174119;l/s;0;m3/s;624432,6875;t;72,20000458;%;2,1428570750000002;None;98,58737435600423;mKVs;0;None;1,016635894653889;mm;0;m3/s;93,41833444444444;bar;0;KVa;-2,0066070555908335;cm;97,28897094775;%;33,562379969765146;cm
2026-02-22 16:00:00.000;151,20640158630877;moh;0;None;0,09237833714472223;m3/s;0;kW;0;rpm;0;KVar;0;%;0,15120583214361114;Mill.m3;92,37883295974899;l/s;0;m3/s;624432,6875;t;72,20000458;%;2,1428570750000002;None;98,63547619089955;mKVs;0;None;0,05980088975733333;mm;0;m3/s;93,8043611111111;bar;0;KVa;0,6298489040622779;cm;100,80389034330555;%;33,71452784557383;cm
2026-02-22 17:00:00.000;151,23460819698553;moh;0;None;0,09285833454694443;m3/s;0;kW;0;rpm;0;KVar;0;%;0,15685286455472222;Mill.m3;92,86227742822282;l/s;0;m3/s;624432,6875;t;72,20000458;%;2,1428570750000002;None;98,61452040826741;mKVs;0;None;0;mm;0;m3/s;93,52383555555555;bar;0;KVa;3,450876871716667;cm;104,5685778863889;%;33,78952284138791;cm
2026-02-22 18:00:00.000;151,26041334812325;moh;0;None;0,09396555467180553;m3/s;0;kW;0;rpm;0;KVar;0;%;0,16202990188388885;Mill.m3;93,96316796046602;l/s;0;m3/s;624432,6875;t;72,20000458;%;2,1428570750000002;None;98,65833475635156;mKVs;0;None;0;mm;0;m3/s;93,77624527777778;bar;0;KVa;6,032723320855556;cm;108,01993493777778;%;33,95404032835854;cm
2026-02-22 19:00:00.000;151,28239612074398;moh;0;None;0,09460944473444445;m3/s;0;kW;0;rpm;0;KVar;0;%;0,16642751818694446;Mill.m3;94,62660104632572;l/s;0;m3/s;624432,6875;t;72,20000458;%;2,1428570750000002;None;98,67307359448505;mKVs;0;None;0;mm;0;m3/s;93,75008583333333;bar;0;KVa;8,232371012413887;cm;110,9516797163889;%;34,04368402811912;cm
2026-02-22 20:00:00.000;151,30122513840274;moh;0;None;0,09499999881;m3/s;0;kW;0;rpm;0;KVar;0;%;0,17020354245166666;Mill.m3;95;l/s;0;m3/s;624432,6875;t;72,20000458;%;2,1428570750000002;None;98,71667493840539;mKVs;0;None;0;mm;0;m3/s;93,74184583333333;bar;0;KVa;10,117895337152778;cm;113,46902899166666;%;34,10000229;cm
2026-02-22 21:00:00.000;151,31601125473364;moh;0;None;0,09529750012050002;m3/s;0;kW;0;rpm;0;KVar;0;%;0,17317321802194446;Mill.m3;95,30473959261398;l/s;0;m3/s;624432,6875;t;72,20000458;%;2,1428570750000002;None;98,76666528313062;mKVs;0;None;0;mm;0;m3/s;93,15903222222222;bar;0;KVa;11,597154405;cm;115,44881195694444;%;34,15618757007419;cm
2026-02-22 22:00:00.000;151,3198168613825;moh;0;None;0,09549389007805557;m3/s;0;kW;0;rpm;0;KVar;0;%;0,17397150837111114;Mill.m3;95,49987185976312;l/s;0;m3/s;624432,6875;t;72,20000458;%;2,1428570750000002;None;98,76668236703678;mKVs;0;None;0;mm;0;m3/s;93,1967;bar;0;KVa;11,982688904333333;cm;115,98100381027778;%;34,19166908275444;cm
2026-02-22 23:00:00.000;151,3139796918594;moh;0;None;0,09554250145327779;m3/s;0;kW;0;rpm;0;KVar;0;%;0,17282105053472221;Mill.m3;95,55059847160388;l/s;0;m3/s;624432,6875;t;72,20000458;%;2,1428570750000002;None;98,8061816246334;mKVs;0;None;0;mm;0;m3/s;88,73047138888889;bar;0;KVa;11,4022064205;cm;115,21403587777777;%;34,18333290391099;cm
2026-02-23 00:00:00.000;151,30683530374546;moh;0;None;0,09511666621;m3/s;0;kW;0;rpm;0;KVar;0;%;0,17137816376999998;Mill.m3;95,1166524576798;l/s;0;m3/s;624432,6875;t;72,20000458;%;2,1428570750000002;None;98,70216013257595;mKVs;0;None;0;mm;0;m3/s;93,32601916666667;bar;0;KVa;10,684903462916667;cm;114,25211033777778;%;34,11666656281051;cm
2026-02-23 01:00:00.000;151,2992620890001;moh;0;None;0,09501749954083334;m3/s;0;kW;0;rpm;0;KVar;0;%;0,16986473851916664;Mill.m3;95,01505248470265;l/s;0;m3/s;624432,6875;t;72,20000458;%;2,1428570750000002;None;98,74167219247578;mKVs;0;None;0;mm;0;m3/s;93,65942833333334;bar;0;KVa;9,928491379838889;cm;113,24315989222222;%;34,10215218857366;cm
2026-02-23 02:00:00.000;151,2920916347797;moh;0;None;0,09488333265166667;m3/s;0;kW;0;rpm;0;KVar;0;%;0,16844154274361112;Mill.m3;94,88333539721545;l/s;0;m3/s;624432,6875;t;72,20000458;%;2,1428570750000002;None;98,71666741140419;mKVs;0;None;0;mm;0;m3/s;93,14048027777778;bar;0;KVa;9,212146335230555;cm;112,29436280166667;%;34,083335463893974;cm
2026-02-23 03:00:00.000;151,28525093706523;moh;0;None;0,09488333265166667;m3/s;0;kW;0;rpm;0;KVar;0;%;0,16707240798194442;Mill.m3;94,88332548059199;l/s;0;m3/s;624432,6875;t;72,20000458;%;2,1428570750000002;None;98,71421105511664;mKVs;0;None;0;mm;0;m3/s;93,53227055555556;bar;0;KVa;8,528429667027778;cm;111,38160390166667;%;34,08333404719487;cm
2026-02-23 04:00:00.000;151,2792141488655;moh;0;None;0,09472194446597221;m3/s;0;kW;0;rpm;0;KVar;0;%;0,16585254194861113;Mill.m3;94,71848008773894;l/s;0;m3/s;624432,6875;t;72,20000458;%;2,1428570750000002;None;98,73620319668107;mKVs;0;None;0;mm;0;m3/s;93,2312025;bar;0;KVa;7,9232152304;cm;110,56836187444445;%;34,05978406346814;cm
2026-02-23 05:00:00.000;151,27350103573022;moh;0;None;0,09430777945902777;m3/s;0;kW;0;rpm;0;KVar;0;%;0,1647106845125;Mill.m3;94,31380004953355;l/s;0;m3/s;624432,6875;t;72,20000458;%;2,1428570750000002;None;98,67716854591467;mKVs;0;None;0;mm;0;m3/s;93,44237361111111;bar;0;KVa;7,351455688491667;cm;109,80712336972222;%;34;cm
2026-02-23 06:00:00.000;151,26788992993426;moh;0;None;0,09427083360277777;m3/s;0;kW;0;rpm;0;KVar;0;%;0,16359452757055556;Mill.m3;94,26566174665872;l/s;0;m3/s;624432,6875;t;72,20000458;%;2,1428570750000002;None;98,65000168946654;mKVs;0;None;0;mm;0;m3/s;90,09092194444445;bar;0;KVa;6,791165669725;cm;109,06301963722223;%;34,00000002557976;cm
2026-02-23 07:00:00.000;151,26388091657802;moh;0;None;0,0940841667561111;m3/s;0;kW;0;rpm;0;KVar;0;%;0,16279356315777777;Mill.m3;94,07711398956769;l/s;0;m3/s;624432,6875;t;72,20000458;%;2,1428570750000002;None;98,69781670162986;mKVs;0;None;0;mm;0;m3/s;93,37690333333333;bar;0;KVa;6,389821370425;cm;108,52904068027777;%;33,977171154842225;cm
2026-02-23 08:00:00.000;151,261250088202;moh;0;None;0,09391305492125;m3/s;0;kW;0;rpm;0;KVar;0;%;0,16226148702638887;Mill.m3;93,91363605237552;l/s;0;m3/s;624432,6875;t;72,20000458;%;2,1428570750000002;None;98,72499717271813;mKVs;0;None;0;mm;0;m3/s;93,41078555555555;bar;0;KVa;6,126302083241667;cm;108,17432420527778;%;33,947831659298934;cm
2026-02-23 09:00:00.000;151,25865630696228;moh;0;None;0,09307083239116666;m3/s;0;kW;0;rpm;0;KVar;0;%;0,16173776047250002;Mill.m3;93,84853023498609;l/s;0;m3/s;624432,6875;t;72,20000458;%;2,1428570750000002;None;98,69102753599894;mKVs;0;None;0;mm;0;m3/s;93,09422972222222;bar;0;KVa;5,866962009255556;cm;107,82517718111112;%;33,935505292339684;cm
2026-02-23 10:00:00.000;151,2569509387195;moh;0;None;0,09371666486;m3/s;0;kW;0;rpm;0;KVar;0;%;0,16139888059083338;Mill.m3;93,71666142774852;l/s;0;m3/s;624432,6875;t;72,20000458;%;2,1428570750000002;None;98,66666948779475;mKVs;0;None;0;mm;0;m3/s;93,72783305555555;bar;0;KVa;5,693889194111111;cm;107,59925544722222;%;33,91666730278755;cm
2026-02-23 11:00:00.000;151,25863618570648;moh;0;None;0,09387999921999998;m3/s;0;kW;0;rpm;0;KVar;0;%;0,1617253657191667;Mill.m3;93,8813139772618;l/s;0;m3/s;624432,6875;t;72,20000458;%;2,1428570750000002;None;98,66666531875231;mKVs;0;None;0;mm;0;m3/s;92,97387416666666;bar;0;KVa;5,862685309752778;cm;107,8169154863889;%;33,94018858179536;cm
2026-02-23 12:00:00.000;151,26510680034227;moh;0;None;0,09396166639999999;m3/s;0;kW;0;rpm;0;KVar;0;%;0,16300825159805554;Mill.m3;93,96037113340698;l/s;0;m3/s;624432,6875;t;72,20000458;%;2,1428570750000002;None;98,65982298827632;mKVs;0;None;0;mm;0;m3/s;93,23748555555555;bar;0;KVa;6,505249871105555;cm;108,6721674425;%;33,951482214555696;cm
2026-02-23 13:00:00.000;151,27389981149673;moh;0;None;0,09401416666791666;m3/s;0;kW;0;rpm;0;KVar;0;%;0,16477327208611112;Mill.m3;94,01250391680696;l/s;0;m3/s;624432,6875;t;72,20000458;%;2,1428570750000002;None;98,69702626408585;mKVs;0;None;0;mm;0;m3/s;93,33076444444444;bar;0;KVa;7,3877461749833335;cm;109,84884611388888;%;33,96517969942541;cm
2026-02-23 14:00:00.000;151,27936016404377;moh;0;None;0,09408222236152777;m3/s;0;kW;0;rpm;0;KVar;0;%;0,1658620522347222;Mill.m3;94,08118398529406;l/s;0;m3/s;624432,6875;t;72,20000458;%;2,1428570750000002;None;98,67649589095498;mKVs;0;None;0;mm;0;m3/s;93,11644138888889;bar;0;KVa;7,931861877611111;cm;110,57470395611111;%;33,97500254913352;cm
2026-02-23 15:00:00.000;151,28806246578688;moh;0;None;0,09442250049847221;m3/s;0;kW;0;rpm;0;KVar;0;%;0,1676067850280556;Mill.m3;94,42252983421523;l/s;0;m3/s;624432,6875;t;72,20000458;%;2,1428570750000002;None;98,67500102711425;mKVs;0;None;0;mm;0;m3/s;93,72191083333334;bar;0;KVa;8,803668551975;cm;111,73785888527777;%;34,0068343639443;cm
2026-02-23 16:00:00.000;151,29403743991938;moh;0;None;0,09445555619972222;m3/s;0;kW;0;rpm;0;KVar;0;%;0,16880189626722225;Mill.m3;94,45571257344474;l/s;0;m3/s;624432,6875;t;72,20000458;%;2,1428570750000002;None;98,68333692277947;mKVs;0;None;0;mm;0;m3/s;93,05343083333334;bar;0;KVa;9,402338663863889;cm;112,53459699722222;%;34,01816355482477;cm
2026-02-23 17:00:00.000;151,30121070201702;moh;0;None;0,09444972314013887;m3/s;0;kW;0;rpm;0;KVar;0;%;0,17022358222555553;Mill.m3;94,45286089052941;l/s;0;m3/s;624432,6875;t;72,20000458;%;2,1428570750000002;None;98,69016634801689;mKVs;0;None;0;mm;0;m3/s;93,62602138888889;bar;0;KVa;10,116250779680556;cm;113,48238925111112;%;34,02350220485483;cm
2026-02-23 18:00:00.000;151,31049877790966;moh;0;None;0,09454111192055555;m3/s;0;kW;0;rpm;0;KVar;0;%;0,1720895133436111;Mill.m3;94,53766407002801;l/s;0;m3/s;624432,6875;t;72,20000458;%;2,1428570750000002;None;98,68571853928245;mKVs;0;None;0;mm;0;m3/s;93,34404555555555;bar;0;KVa;11,046977572472223;cm;114,7263418825;%;34,03395249971666;cm
2026-02-23 19:00:00.000;151,32122448332166;moh;0;None;0,09498638775819444;m3/s;0;kW;0;rpm;0;KVar;0;%;0,17422698866055555;Mill.m3;94,98949324022409;l/s;0;m3/s;624432,6875;t;72,20000458;%;2,1428570750000002;None;98,64166754143262;mKVs;0;None;0;mm;0;m3/s;93,22353694444445;bar;0;KVa;12,116826375638889;cm;116,15132647194444;%;34,09850128340551;cm
2026-02-23 20:00:00.000;151,33072751363244;moh;0;None;0,09505833251000001;m3/s;0;kW;0;rpm;0;KVar;0;%;0,1761390435;Mill.m3;95,0583488817659;l/s;0;m3/s;624432,6875;t;72,20000458;%;2,1428570750000002;None;98,7015186190931;mKVs;0;None;0;mm;0;m3/s;93,67168694444445;bar;0;KVa;13,069241841277778;cm;117,426028265;%;34,10833766246685;cm
2026-02-23 21:00:00.000;151,34023583638574;moh;0;None;0,09507388810116667;m3/s;0;kW;0;rpm;0;KVar;0;%;0,17803736298305553;Mill.m3;95,07502603187751;l/s;0;m3/s;624432,6875;t;72,20000458;%;2,1428570750000002;None;98,70682738791322;mKVs;0;None;0;mm;0;m3/s;93,23846305555556;bar;0;KVa;14,017846848694445;cm;118,69157600472222;%;34,11667220161311;cm
2026-02-23 22:00:00.000;151,345714592993;moh;0;None;0,09511666621;m3/s;0;kW;0;rpm;0;KVar;0;%;0,17914226061305552;Mill.m3;95,11656417932446;l/s;0;m3/s;624432,6875;t;72,20000458;%;2,1428570750000002;None;98,74166705449896;mKVs;0;None;0;mm;0;m3/s;93,83408555555556;bar;0;KVa;14,57113054025;cm;119,4281727175;%;34,11665395189234;cm
2026-02-23 23:00:00.000;151,34158323796976;moh;0;None;0,09501361110347221;m3/s;0;kW;0;rpm;0;KVar;0;%;0,1783279579913889;Mill.m3;95,01058930838934;l/s;0;m3/s;624432,6875;t;72,20000458;%;2,1428570750000002;None;98,74848039469752;mKVs;0;None;0;mm;0;m3/s;93,42845916666667;bar;0;KVa;14,162309433861111;cm;118,8853059;%;34,10151427154357;cm
2026-02-24 00:00:00.000;151,33118754450578;moh;0;None;0,0944186120197222;m3/s;0;kW;0;rpm;0;KVar;0;%;0,17624381137888886;Mill.m3;94,41320898428258;l/s;0;m3/s;624432,6875;t;72,20000458;%;2,1428570750000002;None;98,78333613834099;mKVs;0;None;0;mm;0;m3/s;93,4737313888889;bar;0;KVa;13,121905855555555;cm;117,49587423861111;%;34,00833287026188;cm
2026-02-24 01:00:00.000;151,32045111838437;moh;0;None;0,09411916674847223;m3/s;0;kW;0;rpm;0;KVar;0;%;0,1741082309966667;Mill.m3;94,12776488199172;l/s;0;m3/s;624432,6875;t;72,20000458;%;2,1428570750000002;None;98,72652403836072;mKVs;0;None;0;mm;0;m3/s;93,6230913888889;bar;0;KVa;12,049666512111111;cm;116,0721568675;%;33,97651974814224;cm
2026-02-24 02:00:00.000;151,31015774588698;moh;0;None;0,09373027653263888;m3/s;0;kW;0;rpm;0;KVar;0;%;0,17204850030666669;Mill.m3;93,72733079559973;l/s;0;m3/s;624432,6875;t;72,20000458;%;2,1428570750000002;None;98,74166824809168;mKVs;0;None;0;mm;0;m3/s;93,20698472222222;bar;0;KVa;11,018430921916666;cm;114,69900013861111;%;33,91819113044518;cm
2026-02-24 03:00:00.000;151,30085468361085;moh;0;None;0,0932558323136111;m3/s;0;kW;0;rpm;0;KVar;0;%;0,17018338395472224;Mill.m3;93,25001458326959;l/s;0;m3/s;624432,6875;t;72,20000458;%;2,1428570750000002;None;98,76667064416014;mKVs;0;None;0;mm;0;m3/s;93,67368083333334;bar;0;KVa;10,093913607294445;cm;113,45558992583334;%;33,850002468381035;cm
2026-02-24 04:00:00.000;151,29236117046872;moh;0;None;0,09301805591305552;m3/s;0;kW;0;rpm;0;KVar;0;%;0,1684889554533333;Mill.m3;93,01453092381448;l/s;0;m3/s;624432,6875;t;72,20000458;%;2,1428570750000002;None;98,73176595791571;mKVs;0;None;0;mm;0;m3/s;93,27473388888889;bar;0;KVa;9,23754798055;cm;112,32597089833334;%;33,80833287528032;cm
2026-02-24 05:00:00.000;151,28361057555222;moh;0;None;0,09261166945930555;m3/s;0;kW;0;rpm;0;KVar;0;%;0,16672595611694443;Mill.m3;92,60931443307585;l/s;0;m3/s;624432,6875;t;72,20000458;%;2,1428570750000002;None;98,75155629124674;mKVs;0;None;0;mm;0;m3/s;93,74323361111111;bar;0;KVa;8,362977769558332;cm;111,15063661472222;%;33,751552004186955;cm
2026-02-24 06:00:00.000;151,2777779817485;moh;0;None;0,0924500040725;m3/s;0;kW;0;rpm;0;KVar;0;%;0,1655581978825;Mill.m3;92,45000217000127;l/s;0;m3/s;624432,6875;t;72,20000458;%;2,1428570750000002;None;98,76667156164632;mKVs;0;None;0;mm;0;m3/s;93,64906361111112;bar;0;KVa;7,779659695075001;cm;110,37213554416667;%;33,725000296667936;cm
2026-02-24 07:00:00.000;151,27180970928623;moh;0;None;0,09224167156;m3/s;0;kW;0;rpm;0;KVar;0;%;0,16436229358166668;Mill.m3;92,24166486274852;l/s;0;m3/s;624432,6875;t;72,20000458;%;2,1428570750000002;None;98,7968952657277;mKVs;0;None;0;mm;0;m3/s;93,49204083333333;bar;0;KVa;7,181977166177778;cm;109,5748625811111;%;33,691666915287556;cm
2026-02-24 08:00:00.000;151,27480578296525;moh;0;None;0,09229167116416666;m3/s;0;kW;0;rpm;0;KVar;0;%;0,16495577491027777;Mill.m3;92,29166123609072;l/s;0;m3/s;624432,6875;t;72,20000458;%;2,1428570750000002;None;98,80156000105633;mKVs;0;None;0;mm;0;m3/s;89,58315833333333;bar;0;KVa;7,477887471594444;cm;109,9705168575;%;33,699999538629754;cm
2026-02-24 09:00:00.000;151,28629264566425;moh;0;None;0,09256000324319442;m3/s;0;kW;0;rpm;0;KVar;0;%;0,16724210977249998;Mill.m3;92,56203547610964;l/s;0;m3/s;624432,6875;t;72,20000458;%;2,1428570750000002;None;98,79999752397329;mKVs;0;None;0;mm;0;m3/s;93,44227972222222;bar;0;KVa;8,624390496011111;cm;111,49474018194445;%;33,74010503929457;cm
2026-02-24 10:00:00.000;151,29350389208548;moh;0;None;0,09297277840374998;m3/s;0;kW;0;rpm;0;KVar;0;%;0,16869193045833336;Mill.m3;92,9706762715472;l/s;0;m3/s;624432,6875;t;72,20000458;%;2,1428570750000002;None;98,68647314092412;mKVs;0;None;0;mm;0;m3/s;93,8342925;bar;0;KVa;9,348742167327778;cm;112,46128814305555;%;33,79999924;cm
2026-02-24 11:00:00.000;151,28219499638857;moh;0;None;0,09261388970955554;m3/s;0;kW;0;rpm;0;KVar;0;%;0,16968395533194444;Mill.m3;92,25730730705268;l/s;0;m3/s;620266,6807532291;t;71,71831021611044;%;1,6130951870138892;None;97,94217156136716;mKVs;0;None;0;mm;0;m3/s;90,81185527777778;bar;0;KVa;9,203368292891666;cm;113,12263788527778;%;33,57449691173713;cm
2026-02-24 12:00:00.000;149;moh;0;None;0;m3/s;0;kW;0;rpm;0;KVar;0;%;0,16932752927305555;Mill.m3;0;l/s;0;m3/s;0;t;0;%;0;None;0;mKVs;0;None;0;mm;0;m3/s;0;bar;0;KVa;-219,38888888888889;cm;112,8850199475;%;0;cm
2026-02-24 13:00:00.000;149;moh;0;None;0;m3/s;0;kW;0;rpm;0;KVar;0;%;0,1697991937;Mill.m3;0;l/s;0;m3/s;0;t;0;%;0;None;0;mKVs;0;None;0;mm;0;m3/s;0;bar;0;KVa;-220;cm;113,1994629;%;0;cm
2026-02-24 14:00:00.000;149;moh;0;None;0;m3/s;0;kW;0;rpm;0;KVar;0;%;0,1697991937;Mill.m3;0;l/s;0;m3/s;0;t;0;%;0;None;0;mKVs;0;None;0;mm;0;m3/s;0;bar;0;KVa;-220;cm;113,1994629;%;0;cm
2026-02-24 15:00:00.000;150,94092337803647;moh;0,7009220932683993;None;1,642527547641;m3/s;1520,10505;kW;589,363625;rpm;-239,80884472222223;KVar;64,39519784877778;%;0,16369189933138886;Mill.m3;79,07478769901644;l/s;1,5639061896622222;m3/s;535598,0179708855;t;64,30441642723505;%;0;None;80,17229810627249;mKVs;0;None;0;mm;0;m3/s;81,548075;bar;1543,5006252777778;KVa;-27,024820115958335;cm;109,12793056944444;%;28,88850360765696;cm
2026-02-24 16:00:00.000;151,2389416067573;moh;0,7179101314423748;None;1,7886568540906944;m3/s;1621,545125;kW;597,8900569444445;rpm;-322,17614194444445;KVar;68,40622732555556;%;0,15766360643416663;Mill.m3;91,46608878292133;l/s;1,6971910631111111;m3/s;624436,9344494445;t;77,40000153;%;0;None;93,9957158646306;mKVs;0;None;0;mm;0;m3/s;94,81552277777777;bar;1654,928443611111;KVa;3,901256985083333;cm;105,10907091777777;%;33,59999754218325;cm
2026-02-24 17:00:00.000;151,25121321363923;moh;0;None;0,0916602805273611;m3/s;0;kW;0,4626838888888889;rpm;0;KVar;0;%;0,16019500543916668;Mill.m3;91,6605105838078;l/s;0;m3/s;624437,4950149653;t;77,40000153;%;0;None;98,44166553141993;mKVs;0;None;0;mm;0;m3/s;94,35126972222223;bar;0;KVa;5,111668904638889;cm;106,79667069611111;%;33,60869017208017;cm
2026-02-24 18:00:00.000;151,272780640779;moh;0;None;0,09229167116416666;m3/s;0;kW;0;rpm;0;KVar;0;%;0,16451112261416664;Mill.m3;92,29379773077356;l/s;0;m3/s;624437,5;t;77,40000153;%;0;None;98,42500048001008;mKVs;0;None;0;mm;0;m3/s;94,47465916666667;bar;0;KVa;7,269172668555556;cm;109,67408387194445;%;33,70035536655428;cm
2026-02-24 19:00:00.000;151,2904452239303;moh;0;None;0,09278805706944443;m3/s;0;kW;0;rpm;0;KVar;0;%;0,16806698007166665;Mill.m3;92,78788711204709;l/s;0;m3/s;624437,5;t;77,40000153;%;0;None;98,44166633696315;mKVs;0;None;0;mm;0;m3/s;94,35784555555556;bar;0;KVa;9,0382130941;cm;112,04465585944445;%;33,7916661286092;cm
2026-02-24 20:00:00.000;151,304859587114;moh;0;None;0,09301916691847222;m3/s;0;kW;0;rpm;0;KVar;0;%;0,17095916604277778;Mill.m3;93,01830645614591;l/s;0;m3/s;624437,5;t;77,40000153;%;0;None;98,46666437115404;mKVs;0;None;0;mm;0;m3/s;94,41638777777777;bar;0;KVa;10,481249491861112;cm;113,97277809277777;%;33,8170154352175;cm
2026-02-24 21:00:00.000;151,3109007629595;moh;0;None;0,09337055401527777;m3/s;0;kW;0;rpm;0;KVar;0;%;0,17217611828805554;Mill.m3;93,37113758156451;l/s;0;m3/s;624437,5;t;77,40000153;%;0;None;98,46730869379577;mKVs;0;None;0;mm;0;m3/s;94,55017111111111;bar;0;KVa;11,090579564222223;cm;114,78407808472222;%;33,867306225739114;cm
2026-02-24 22:00:00.000;151,31017274326635;moh;0;None;0,09323916575819445;m3/s;0;kW;0;rpm;0;KVar;0;%;0,1720382884113889;Mill.m3;93,23716638587692;l/s;0;m3/s;624437,5;t;77,40000153;%;0;None;98,50034771690207;mKVs;0;None;0;mm;0;m3/s;95,28921222222222;bar;0;KVa;11,0169219975;cm;114,69219066611112;%;33,849654627082316;cm
2026-02-24 23:00:00.000;151,3071856177699;moh;0;None;0,09321388804902779;m3/s;0;kW;0;rpm;0;KVar;0;%;0,17146238434472225;Mill.m3;93,21540650396098;l/s;0;m3/s;624437,5;t;77,40000153;%;0;None;98,52465662055455;mKVs;0;None;0;mm;0;m3/s;94,9328175;bar;0;KVa;10,722300211333334;cm;114,30825669694444;%;33,84166883310071;cm
2026-02-25 00:00:00.000;151,30080810672348;moh;0;None;0,09315305501041667;m3/s;0;kW;0;rpm;0;KVar;0;%;0,17017086494444444;Mill.m3;93,15626549572532;l/s;0;m3/s;624437,5;t;77,40000153;%;0;None;98,47500260468821;mKVs;0;None;0;mm;0;m3/s;91,84170305555556;bar;0;KVa;10,082380505552779;cm;113,44724387444444;%;33,833676205629295;cm
2026-02-25 01:00:00.000;151,29340380886035;moh;0;None;0,09313194428791666;m3/s;0;kW;0;rpm;0;KVar;0;%;0,1686888539027778;Mill.m3;93,12924726022341;l/s;0;m3/s;624437,5;t;77,40000153;%;0;None;98,43264930739157;mKVs;0;None;0;mm;0;m3/s;90,47527083333334;bar;0;KVa;9,34247758657222;cm;112,4592369625;%;33,832648945149224;cm
2026-02-25 02:00:00.000;151,28562691897025;moh;0;None;0,09319861046833335;m3/s;0;kW;0;rpm;0;KVar;0;%;0,16713681677722225;Mill.m3;93,2020161616888;l/s;0;m3/s;624437,5;t;77,40000153;%;0;None;98,43401200883247;mKVs;0;None;0;mm;0;m3/s;94,3580913888889;bar;0;KVa;8,56674194325;cm;111,42454422666667;%;33,80867235422286;cm
2026-02-25 03:00:00.000;151,2783737334145;moh;0;None;0,09291277854652778;m3/s;0;kW;0;rpm;0;KVar;0;%;0,16567781192305553;Mill.m3;92,91609452145852;l/s;0;m3/s;624437,5;t;77,40000153;%;0;None;98,42466648595372;mKVs;0;None;0;mm;0;m3/s;89,53459472222222;bar;0;KVa;7,8386349149944445;cm;110,45187582416666;%;33,791665366676796;cm
2026-02-25 04:00:00.000;151,27328671419426;moh;0;None;0,09261666941972221;m3/s;0;kW;0;rpm;0;KVar;0;%;0,16467890520722223;Mill.m3;92,61348408917935;l/s;0;m3/s;624437,5;t;77,40000153;%;0;None;98,42500156332702;mKVs;0;None;0;mm;0;m3/s;93,6405236111111;bar;0;KVa;7,331958346866666;cm;109,78593545444444;%;33,758002378362;cm
2026-02-25 05:00:00.000;151,26815484391253;moh;0;None;0,09258250308583334;m3/s;0;kW;0;rpm;0;KVar;0;%;0,16363362220833333;Mill.m3;92,58240077680159;l/s;0;m3/s;624437,5;t;77,40000153;%;0;None;98,41633861167226;mKVs;0;None;0;mm;0;m3/s;91,65999305555556;bar;0;KVa;6,816813151083333;cm;109,089084;%;33,74201284362884;cm
2026-02-25 06:00:00.000;151,26235360207448;moh;0;None;0,09250000367666665;m3/s;0;kW;0;rpm;0;KVar;0;%;0,16248114868472222;Mill.m3;92,49999454335361;l/s;0;m3/s;624437,5;t;77,40000153;%;0;None;98,37008497881476;mKVs;0;None;0;mm;0;m3/s;90,29405833333334;bar;0;KVa;6,237517462652778;cm;108,32076312;%;33,7333322533536;cm
2026-02-25 07:00:00.000;151,25950190981098;moh;0;None;0,09234167076833333;m3/s;0;kW;0;rpm;0;KVar;0;%;0,16189582466722224;Mill.m3;92,3416480538663;l/s;0;m3/s;624437,5;t;77,40000153;%;0;None;98,34133955549713;mKVs;0;None;0;mm;0;m3/s;92,00005416666667;bar;0;KVa;5,94985961925;cm;107,9305527763889;%;33,70833066199481;cm
2026-02-25 08:00:00.000;151,24879812723;moh;0,870347246500877;None;1,601104627285222;m3/s;1290,0890702777779;kW;702,6943188888889;rpm;-75,4960763888889;KVar;79,01487920383333;%;0,15979113077444448;Mill.m3;92,37302674918269;l/s;1,5039671937766665;m3/s;624437,9622890452;t;53,567946240197074;%;0;None;96,06841815127919;mKVs;0;None;0;mm;0;m3/s;91,7683175;bar;1293,6967908333334;KVa;4,888051351094443;cm;106,52742254472223;%;33,712766566313995;cm
2026-02-25 09:00:00.000;151,2306253133;moh;1;None;1,8939683745527773;m3/s;1501,0770311111112;kW;749,9145358333334;rpm;-10,985292222222222;KVar;91,9804648505;%;0,1561513185611111;Mill.m3;92,11947214949599;l/s;1,8020697471694445;m3/s;624438,959405816;t;50,58647760788718;%;0;None;95,63227799615935;mKVs;0;None;0;mm;0;m3/s;93,4790275;bar;1501,1147316666666;KVa;3,0706532794694446;cm;104,10087865888889;%;33,673294696386805;cm
2026-02-25 10:00:00.000;151,22230522233002;moh;0,5847957191725525;None;1,1490965869888332;m3/s;863,7437316666667;kW;576,0776102777778;rpm;85,18130583333334;KVar;55,565794626472226;%;0,15448235392305557;Mill.m3;91,68945569394954;l/s;1,0579255095355555;m3/s;624439,9573821006;t;45,80463971485063;%;0;None;96,88126154175897;mKVs;0;None;0;mm;0;m3/s;94,71938444444444;bar;878,9020713888889;KVa;2,2306145562550004;cm;102,98823593277778;%;33,610330465309836;cm
2026-02-25 11:00:00.000;151,23237712785476;moh;0,10159896186785203;None;0,27985156202272227;m3/s;162,6666888888889;kW;186,34433833333333;rpm;-14,175144722222223;KVar;9,888766543277777;%;0,1564807375325;Mill.m3;91,9027735236566;l/s;0,19180960108444445;m3/s;624440,6793934549;t;42,16602012430983;%;0;None;98,04647525779252;mKVs;0;None;0;mm;0;m3/s;94,50017444444444;bar;171,38293944444445;KVa;3,238737318269444;cm;104,32049271388888;%;33,65927099511941;cm
2026-02-25 12:00:00.000;151,22687181646074;moh;0,7894911865524746;None;1,4798006287771672;m3/s;1175,127438611111;kW;671,4655797222222;rpm;-231,77050055555554;KVar;72,4611856885;%;0,15541157730444444;Mill.m3;92,02363618622735;l/s;1,3877598022444444;m3/s;624441,5032084549;t;54,958981272762834;%;0;None;96,13975624955442;mKVs;0;None;0;mm;0;m3/s;89,28070805555555;bar;1200,2334577777779;KVa;2,6944012112805553;cm;103,60771946583333;%;33,660520641832825;cm
2026-02-25 13:00:00.000;151,20155743381383;moh;0,987499902300048;None;1,8731937211714724;m3/s;1498,6366266666666;kW;750,2339275;rpm;-238,04597194444443;KVar;91,94489542652778;%;0,15039817678722223;Mill.m3;91,2282843924896;l/s;1,7721036258944443;m3/s;624442,4947232638;t;51,401518881637074;%;0;None;95,55608212956389;mKVs;0;None;0,12181599935132223;mm;0;m3/s;93,92808638888889;bar;1516,9438541666666;KVa;0,1674016317208425;cm;100,26545117622223;%;33,56109663166125;cm
2026-02-25 14:00:00.000;151,17184936364737;moh;0,9875130356207733;None;1,893254506380556;m3/s;1500,4089175;kW;749,9163072222223;rpm;-256,46138972222224;KVar;91,98608856188889;%;0,1444467400902778;Mill.m3;90,4104993583167;l/s;1,8029132527222222;m3/s;624443,4996482813;t;51,56621093550012;%;0;None;95,54690340329172;mKVs;0;None;1,3883145651391666;mm;0;m3/s;95,14913222222222;bar;1521,5816908333334;KVa;-2,8007761637388886;cm;96,29782829369445;%;33,43343471290891;cm
2026-02-25 15:00:00.000;151,14066920789003;moh;0,9816530829129999;None;1,8893992129666666;m3/s;1499,1307394444445;kW;749,6679852777778;rpm;-279,52562472222223;KVar;91,96544670583333;%;0,13823727233694444;Mill.m3;89,576747626302;l/s;1,7998170379916665;m3/s;624444,4995498265;t;51,48358872012344;%;0;None;95,61246302267216;mKVs;0;None;2,940682305363889;mm;0;m3/s;94,67082944444445;bar;1524,6024427777777;KVa;-5,917494032186111;cm;92,15817975013888;%;33,308602094634466;cm
2026-02-25 16:00:00.000;151,10838520288075;moh;0,9883330765002001;None;1,8899794916027783;m3/s;1498,374371388889;kW;749,6667786111111;rpm;-246,51506444444445;KVar;91,97621972794444;%;0,1317623967922222;Mill.m3;88,42047317995244;l/s;1,801432901208333;m3/s;624445,4995915451;t;51,63389141678722;%;0;None;95,55008935086141;mKVs;0;None;4,5594003464611115;mm;0;m3/s;95,06592166666667;bar;1519,3968866666667;KVa;-9,148517185122223;cm;87,84159925258334;%;33,13361282378707;cm
2026-02-25 17:00:00.000;151,07465459934312;moh;0,982500154322033;None;1,8846932042805553;m3/s;1496,682425;kW;750,2486047222222;rpm;-287,48695166666664;KVar;91,94979710011111;%;0,1250501172463889;Mill.m3;87,24900469299176;l/s;1,7974694847444441;m3/s;624446,4996309202;t;51,43250675769205;%;0;None;95,45805798830295;mKVs;0;None;6,237470838880555;mm;0;m3/s;93,82293944444444;bar;1523,5096791666667;KVa;-12,519382900416666;cm;83,36674497369444;%;32,96680550565195;cm
2026-02-25 18:00:00.000;151,04718206481274;moh;0,9891665173667625;None;1,8843741963666663;m3/s;1498,4389811111112;kW;750,2499863888889;rpm;-243,99826388888889;KVar;91,953568501;%;0,11951870328944444;Mill.m3;86,32598444500618;l/s;1,7980351961916665;m3/s;624447,499572691;t;51,56666326561849;%;0;None;95,50661659086673;mKVs;0;None;7,6203240287;mm;0;m3/s;93,56653416666667;bar;1516,0773738888888;KVa;-15,2703815035;cm;79,67913523922222;%;32,82533803212297;cm
2026-02-25 19:00:00.000;151,030660647868;moh;0,9833500090450585;None;1,8850572884000003;m3/s;1497,6245169444444;kW;750,250005;rpm;-278,9338422222222;KVar;91,96174297336111;%;0,1161540720561111;Mill.m3;85,8500095159199;l/s;1,7992614785888887;m3/s;624448,4995930209;t;51,44998924839411;%;0;None;95,55400538718186;mKVs;0;None;8,461481730280555;mm;0;m3/s;93,62068055555555;bar;1523,779278888889;KVa;-16,931571960555555;cm;77,43604835869445;%;32,738903502279136;cm
2026-02-25 20:00:00.000;151,0143084064565;moh;0,9968723343339447;None;1,8800302377166669;m3/s;1496,7310691666667;kW;750,0833502777778;rpm;-82,12904861111112;KVar;91,93308501763889;%;0,11292070983388888;Mill.m3;85,07878597937109;l/s;1,7949627081166668;m3/s;624449,4996085591;t;51,63378114089112;%;0;None;95,44595302077038;mKVs;0;None;9,269822438724999;mm;0;m3/s;93,73504611111112;bar;1502,9734327777778;KVa;-18,562130399083333;cm;75,2804745128611;%;32,633508249573204;cm
2026-02-25 21:00:00.000;150,9909668696005;moh;1;None;1,8089203308499997;m3/s;1436,1107402777777;kW;749,9166897222223;rpm;11,125516944444444;KVar;91,46366301619445;%;0,10826829657944445;Mill.m3;84,31976802456028;l/s;1,7245494803527774;m3/s;624450,4996609895;t;49,29401681968368;%;1,3571424367;None;95,63992192359218;mKVs;0;None;10,47701263648611;mm;0;m3/s;94,33338833333333;bar;1436,4872694444443;KVa;-20,89334276;cm;72,17886445841667;%;32,51702156237694;cm
2026-02-25 22:00:00.000;150,96640349167077;moh;1;None;1,7964122282444448;m3/s;1427,3734919444444;kW;750,0815622222223;rpm;-58,352403333333335;KVar;91,38823341766667;%;0,10335308353694445;Mill.m3;83,59323550588707;l/s;1,7132351189111117;m3/s;624451,5001563368;t;49,138931086066066;%;1,428570986;None;95,6439302205566;mKVs;0;None;11,827901628888888;mm;0;m3/s;91,81064;bar;1429,646736388889;KVa;-23,348736232333334;cm;68,90205601472222;%;32,40000153;cm
2026-02-25 23:00:00.000;150,9422575849944;moh;0,9975177542306777;None;1,7988923182222218;m3/s;1430,434413611111;kW;749,8332883333334;rpm;-150,00796527777777;KVar;91,40727155469445;%;0,09851417468647224;Mill.m3;82,77123527663284;l/s;1,7160908181555554;m3/s;624452,4996808853;t;49,117379114372305;%;1,428570986;None;95,52501369332788;mKVs;0;None;13,158601761333333;mm;0;m3/s;92,47368555555556;bar;1438,4252797222223;KVa;-25,765669081333332;cm;65,67611688069445;%;32,267023704377515;cm
2026-02-26 00:00:00.000;150,9250292127125;moh;0,9819601464906218;None;1,7973812685916668;m3/s;1427,7090433333333;kW;750,1684427777777;rpm;-272,1211122222222;KVar;91,40092591197222;%;0,09504886046072224;Mill.m3;82,12480568510139;l/s;1,7151389154166663;m3/s;624453,4996975174;t;49,115964721775605;%;1,428570986;None;95,52649356206516;mKVs;0;None;14,111562941361111;mm;0;m3/s;92,50163111111111;bar;1454,6373063888889;KVa;-27,491972181583332;cm;63,36590831613889;%;32,17500058778628;cm
2026-02-26 01:00:00.000;150,917092710518;moh;0,9828173640639377;None;1,7952569460916663;m3/s;1429,235408888889;kW;750,0833311111111;rpm;-253,6645725;KVar;91,38934018802777;%;0,093437329164;Mill.m3;81,80107098894666;l/s;1,713401114986111;m3/s;624454,4997228299;t;49,28297246999541;%;1,428570986;None;95,53714784976721;mKVs;0;None;14,554734123722222;mm;0;m3/s;94,1809486111111;bar;1456,3602675;KVa;-28,28856574175;cm;62,29155305341666;%;32,11684647672445;cm
2026-02-26 02:00:00.000;150,91441652945448;moh;1;None;1,7995956145861107;m3/s;1429,8470697222222;kW;750,0833369444445;rpm;-76,20337944444445;KVar;91,41827013213889;%;0,09288679824783333;Mill.m3;81,85000186417261;l/s;1,7177405436888893;m3/s;624455,499769809;t;49,19999959999554;%;1,428570986;None;95,62554986874059;mKVs;0;None;14,70612949475;mm;0;m3/s;88,84526333333334;bar;1431,6162958333334;KVa;-28,55797662066667;cm;61,92453471416667;%;32,12500151861707;cm
2026-02-26 03:00:00.000;150,9155796902734;moh;1;None;1,7974462012944445;m3/s;1430,4208336111112;kW;750,4148663888889;rpm;-47,41793388888889;KVar;91,40399723019445;%;0,09310888424744444;Mill.m3;81,85001636413563;l/s;1,715599626241667;m3/s;624456,499765868;t;49,78297768329725;%;1,428570986;None;95,40127570072278;mKVs;0;None;14,645056618861112;mm;0;m3/s;92,91679888888889;bar;1431,0987422222222;KVa;-28,442781237444443;cm;62,07258921755555;%;32,12500393524675;cm
2026-02-26 04:00:00.000;150,9135445252645;moh;1;None;1,7966748555611107;m3/s;1429,4924805555556;kW;749,7518144444444;rpm;-120,50759055555555;KVar;91,3983285905;%;0,09272014871222221;Mill.m3;81,89165139411924;l/s;1,7147493541055552;m3/s;624457,4998084028;t;49,19998665216833;%;1,428570986;None;95,55667923257401;mKVs;0;None;14,751958633944444;mm;0;m3/s;89,74047722222222;bar;1433,7861244444443;KVa;-28,644095528055555;cm;61,81343389275;%;32,133331906098014;cm
2026-02-26 05:00:00.000;150,91092150162552;moh;1;None;1,799731969911111;m3/s;1428,9157611111111;kW;750;rpm;-74,90034472222223;KVar;91,4186309173889;%;0,09219302605630557;Mill.m3;81,90001156998088;l/s;1,7177947460527778;m3/s;624458,4998222918;t;49,86628405448219;%;1,428570986;None;95,4920515626171;mKVs;0;None;14,896917553166666;mm;0;m3/s;93,33349555555556;bar;1428,9980411111112;KVa;-28,907097710055556;cm;61,462017545916666;%;32,13333636331421;cm
2026-02-26 06:00:00.000;150,91273678488204;moh;0,9958332235689992;None;1,7980298505944445;m3/s;1430,3057394444445;kW;750,4166622222223;rpm;-133,91644916666667;KVar;91,40645910919444;%;0,09252331917141667;Mill.m3;81,99887615120888;l/s;1,71596886285;m3/s;624459,4998718924;t;49,75075287039789;%;1,428570986;None;95,55932383446817;mKVs;0;None;14,806086856138888;mm;0;m3/s;92,08844472222222;bar;1436,3533797222221;KVa;-28,72861650247222;cm;61,68221382483333;%;32,149813583431104;cm
2026-02-26 07:00:00.000;150,93075651666055;moh;1;None;1,8017390280916667;m3/s;1432,6149819444445;kW;749,95193;rpm;-31,585098055555555;KVar;91,42624168447222;%;0,09607833797575001;Mill.m3;82,70504186643512;l/s;1,7189363354361116;m3/s;624460,4998933855;t;49,35178719960434;%;1,428570986;None;95,49381207050648;mKVs;0;None;13,828456877861111;mm;0;m3/s;88,74688527777778;bar;1432,4995330555555;KVa;-26,936353048222223;cm;64,05222566388889;%;32,24961567795451;cm
2026-02-26 08:00:00.000;150,97318437480732;moh;1;None;1,7984676251194447;m3/s;1428,7312661111112;kW;749,9166638888889;rpm;31,947586666666666;KVar;91,39469293038889;%;0,1044796415506389;Mill.m3;84,32039859194856;l/s;1,7142039636333333;m3/s;624461,4999348612;t;49,634490689542034;%;1,428570986;None;95,45890476501337;mKVs;0;None;11,518098620194445;mm;0;m3/s;91,21305222222222;bar;1429,880868888889;KVa;-22,698241341805556;cm;69,65309518216667;%;32,49961596633112;cm
2026-02-26 09:00:00.000;151,03343669308614;moh;1;None;1,7929386864583332;m3/s;1430,4517766666668;kW;750,3670577777777;rpm;-13,281665;KVar;90,90295342325;%;0,11584943443944447;Mill.m3;86,36895494162526;l/s;1,7070820098444448;m3/s;624462,4999247396;t;49,49567315841895;%;1,4206344805222222;None;95,5563638239852;mKVs;0;None;8,329307980033333;mm;0;m3/s;94,1097975;bar;1430,2770825;KVa;-16,602777269694446;cm;77,23295716119445;%;32,813945218680864;cm
2026-02-26 10:00:00.000;151,11411341832223;moh;0,9976050352235089;None;1,796535957513889;m3/s;1431,858563611111;kW;749,9052447222223;rpm;93,72879416666666;KVar;90,91106109497223;%;0,13191083436972223;Mill.m3;89,03928892877734;l/s;1,7082981281888885;m3/s;624463,4964434722;t;49,037522476965805;%;1,4206344805222224;None;95,64936067939489;mKVs;0;None;4,313957638219446;mm;0;m3/s;93,56492416666667;bar;1434,3684988888888;KVa;-8,569855584302779;cm;87,94055712011111;%;33,2186160486304;cm
2026-02-26 11:00:00.000;151,18627803085064;moh;0,9998949522514912;None;1,8062137653305557;m3/s;1429,3369805555556;kW;749,9166322222222;rpm;110,65412027777778;KVar;91,39697382277778;%;0,14712104056305556;Mill.m3;91,59644885918519;l/s;1,714546084116667;m3/s;624464,4978562327;t;48,952095080693226;%;1,428570986;None;95,8214645431508;mKVs;0;None;0,817249721895;mm;0;m3/s;93,11673305555556;bar;1432,1012044444444;KVa;-1,398624844028333;cm;98,08069319927777;%;33,572072402790546;cm
2026-02-26 12:00:00.000;151,22932593103977;moh;1;None;2,523513201541667;m3/s;2038,0536777777777;kW;749,9565986111111;rpm;-92,35022805555556;KVar;90,57514213966667;%;0,15537487417777776;Mill.m3;92,75608637686604;l/s;2,431266925816667;m3/s;624465,4983649479;t;68,44088782519607;%;1,4246027332611109;None;93,12328502246979;mKVs;0;None;0;mm;0;m3/s;94,60961472222222;bar;2041,9366052777777;KVa;2,911581251388889;cm;103,58325017555556;%;33,76778831294686;cm
2026-02-26 13:00:00.000;151,25779314051076;moh;1;None;2,6116347325638904;m3/s;2098,775458888889;kW;749,8333522222222;rpm;-87,37940277777778;KVar;90,56091274658333;%;0,16151184035861113;Mill.m3;93,42038397516755;l/s;2,518257951233333;m3/s;624466,4988000173;t;70,84737189360604;%;1,428570986;None;92,89166945887138;mKVs;0;None;0;mm;0;m3/s;93,93680305555556;bar;2098,7832280555554;KVa;5,770094129838889;cm;107,67455997611111;%;33,87434120740466;cm
2026-02-26 14:00:00.000;151,27774512799598;moh;1;None;2,615643708575;m3/s;2100,0231433333333;kW;750,2432958333334;rpm;-96,48520638888888;KVar;90,51934547361111;%;0,16550055826833332;Mill.m3;94,3906714487753;l/s;2,52108454975;m3/s;624467,4988215277;t;70,90000153;%;1,428570986;None;92,91600117159045;mKVs;0;None;0;mm;0;m3/s;93,93827916666666;bar;2102,319702222222;KVa;7,766668531811112;cm;110,33370487472222;%;34,015334861495994;cm
2026-02-26 15:00:00.000;151,2922641415118;moh;1;None;2,614807015583333;m3/s;2100,1513122222223;kW;749,7566722222223;rpm;-104,61653444444444;KVar;90,53174599361111;%;0,16842832800777782;Mill.m3;94,59634111991818;l/s;2,5202412710333335;m3/s;624468,4988502777;t;70,93199370717886;%;1,428570986;None;92,87566714815478;mKVs;0;None;0;mm;0;m3/s;94,09685;bar;2104,7025719444446;KVa;9,222225613002777;cm;112,28555215472223;%;34,0423351638975;cm
2026-02-26 16:00:00.000;151,30157918071208;moh;0,9983332305384157;None;2,6185203426388886;m3/s;2102,427207222222;kW;749,5900480555556;rpm;-192,3595327777778;KVar;90,48576403672222;%;0,1702839844275;Mill.m3;95,10669824568556;l/s;2,523368092352778;m3/s;624469,498853941;t;71,09999847;%;1,428570986;None;92,91666516226454;mKVs;0;None;0;mm;0;m3/s;94,06153527777778;bar;2108,7761111111113;KVa;10,153100753716666;cm;113,52265588555555;%;34,11533385055704;cm
2026-02-26 17:00:00.000;151,30924380705784;moh;0,9925668960936692;None;2,6480726585472225;m3/s;2135,258286111111;kW;749,8266008333334;rpm;-231,68129944444445;KVar;90,05436575022222;%;0,17183707492555556;Mill.m3;95,37554624024509;l/s;2,552703187044444;m3/s;624470,4988783507;t;72,01414096616692;%;1,9861109610250003;None;92,64368004168747;mKVs;0;None;0;mm;0;m3/s;94,02928194444445;bar;2144,954571111111;KVa;10,921592712555556;cm;114,55804926277777;%;34,16666854776843;cm
2026-02-26 18:00:00.000;151,31693685967446;moh;0,9990996899339135;None;2,6469401837194444;m3/s;2146,8005130555557;kW;749,9166627777778;rpm;-188,4133286111111;KVar;90,07727983402778;%;0,1733650017625;Mill.m3;95,79901748035284;l/s;2,5511448806527777;m3/s;624471,4988984895;t;72,36398556010477;%;2,1428570750000002;None;92,56734357651104;mKVs;0;None;0;mm;0;m3/s;94,38990083333333;bar;2154,5916908333334;KVa;11,687774658138888;cm;115,57666943055555;%;34,20765931275511;cm
2026-02-26 19:00:00.000;151,33285967160825;moh;1;None;2,6431527961888888;m3/s;2146,6609475;kW;749,916675;rpm;-192,60707555555555;KVar;90,141068271;%;0,17653754364666666;Mill.m3;96,34329050720858;l/s;2,5468072174499996;m3/s;624472,4989212153;t;72,4193662563445;%;2,1428570750000002;None;92,60342662806549;mKVs;0;None;0;mm;0;m3/s;94,27594222222223;bar;2152,746794166667;KVa;13,278206718083334;cm;117,69169641305555;%;34,308328803057336;cm
2026-02-26 20:00:00.000;151,361155488658;moh;1;None;2,6488707265194447;m3/s;2145,3481863888887;kW;750,0000297222222;rpm;-197,47742;KVar;90,06780779102778;%;0,18214758172222223;Mill.m3;97,14111361652284;l/s;2,551789159438889;m3/s;624473,498929948;t;72,46397082520011;%;2,1428570750000002;None;92,61958839205762;mKVs;0;None;0;mm;0;m3/s;93,9933;bar;2155,3166580555558;KVa;16,101014879388888;cm;121,43172051583333;%;34,406983399573136;cm
2026-02-26 21:00:00.000;151,40237075730963;moh;1;None;2,6591716819388886;m3/s;2139,345003888889;kW;749,9937183333333;rpm;-134,78913888888889;KVar;89,93700271183333;%;0,19005899793555556;Mill.m3;98,49432378395358;l/s;2,560683720613889;m3/s;624474,4989668055;t;72,44728172134873;%;2,1428570750000002;None;92,73488548327482;mKVs;0;None;0;mm;0;m3/s;94,51437805555555;bar;2141,0466891666665;KVa;20,22109561638889;cm;126,7059988225;%;34,60855913557823;cm
2026-02-26 22:00:00.000;151,4378956614699;moh;1;None;2,6566209289555553;m3/s;2139,0197866666667;kW;750,1666677777778;rpm;-106,01310611111111;KVar;89,99374870725;%;0,19562446726499996;Mill.m3;99,79729447483908;l/s;2,556824990708333;m3/s;624475,498981684;t;72,53332783741895;%;2,1428570750000002;None;92,73676636040732;mKVs;0;None;0;mm;0;m3/s;93,9930025;bar;2138,87525;KVa;23,779640197;cm;130,41631572583333;%;34,78197977591169;cm
2026-02-26 23:00:00.000;151,45665033813123;moh;1;None;2,6617402016500002;m3/s;2137,5788075;kW;750,1598947222222;rpm;-122,14351388888889;KVar;89,92529743877778;%;0,1984776944475;Mill.m3;100,26177102837087;l/s;2,5614797425916667;m3/s;624476,4990134896;t;72,7153143465225;%;2,1428570750000002;None;92,74166672033726;mKVs;0;None;0;mm;0;m3/s;93,84714861111111;bar;2141,4805869444444;KVa;25,66125233925;cm;132,3184678788889;%;34,83265444425863;cm
2026-02-27 00:00:00.000;151,4582778806731;moh;1;None;2,657926386458333;m3/s;2138,9550655555554;kW;749,9234419444444;rpm;-135,63687194444444;KVar;89,97891735358333;%;0,1987505536136111;Mill.m3;100,09348089537986;l/s;2,557853783547222;m3/s;624477,4990165451;t;72,5873967066036;%;2,1428570750000002;None;92,79695356383587;mKVs;0;None;0;mm;0;m3/s;94,4703275;bar;2140,4824558333335;KVa;25,830637612944443;cm;132,50037384722222;%;34,80901210915957;cm
2026-02-27 01:00:00.000;151,44875222266413;moh;1;None;2,656468853702778;m3/s;2140,3839041666665;kW;749,9999805555556;rpm;-148,84859805555556;KVar;89,99578357252778;%;0,19733117839749997;Mill.m3;99,78129068498072;l/s;2,556686725688889;m3/s;624478,4990421701;t;72,33469863451383;%;2,1428570750000002;None;92,71598657729457;mKVs;0;None;0;mm;0;m3/s;94,26038944444444;bar;2143,529609166667;KVa;24,879671733972224;cm;131,5541212275;%;34,775678399457064;cm
2026-02-27 02:00:00.000;151,44408164391248;moh;1;None;2,6529848201944444;m3/s;2142,8481316666666;kW;750,2432269444445;rpm;-139,26362527777778;KVar;90,04355208033333;%;0,19661140835833332;Mill.m3;99,54461957359901;l/s;2,5534384854138885;m3/s;624479,4990801214;t;72,3180325915535;%;2,1428570750000002;None;92,65053601828943;mKVs;0;None;0;mm;0;m3/s;94,23519777777778;bar;2146,9428380555555;KVa;24,40760294691667;cm;131,07427472777778;%;34,73333372555344;cm
2026-02-27 03:00:00.000;151,44276267282865;moh;1;None;2,6540989014583327;m3/s;2137,8661580555554;kW;750,0832813888888;rpm;-141,87805138888888;KVar;90,03114880452777;%;0,19641734822055557;Mill.m3;99,8215692351565;l/s;2,5542817738361108;m3/s;624480,4991075346;t;72,379250875917;%;2,1428570750000002;None;92,6611680221389;mKVs;0;None;0;mm;0;m3/s;93,95386138888888;bar;2142,282451111111;KVa;24,276563856805556;cm;130,944901365;%;34,77500345327506;cm
2026-02-27 04:00:00.000;151,44267304568422;moh;1;None;2,656903985925;m3/s;2145,036870277778;kW;750,2568055555555;rpm;-143,2862961111111;KVar;89,98938386430555;%;0,19640576922222222;Mill.m3;99,78471835826316;l/s;2,557121858316667;m3/s;624481,4991265798;t;72,31803253413075;%;2,1428570750000002;None;92,6521310161805;mKVs;0;None;0;mm;0;m3/s;94,38278916666667;bar;2146,4457925;KVa;24,2677391895;cm;130,93718296194444;%;34,77431571372887;cm
2026-02-27 05:00:00.000;151,44304916391957;moh;1;None;2,657114016888889;m3/s;2144,98349;kW;750,0068366666667;rpm;-123,49304055555555;KVar;89,98377818947222;%;0,19644875468444442;Mill.m3;99,60923805025904;l/s;2,5575063726638887;m3/s;624482,4991266147;t;72,26802902246716;%;2,1428570750000002;None;92,62443039159594;mKVs;0;None;0;mm;0;m3/s;94,48760944444444;bar;2146,1226194444444;KVa;24,30278354161111;cm;130,96583981694445;%;34,742350116279994;cm
2026-02-27 06:00:00.000;151,44990004611682;moh;1;None;2,655825229475;m3/s;2146,4691022222223;kW;749,8264783333333;rpm;-127,61307638888889;KVar;90,00550751169445;%;0,19746967315333333;Mill.m3;99,80106885119397;l/s;2,556079569908334;m3/s;624483,4991774653;t;72,35000473892966;%;2,1428570750000002;None;92,64999852941986;mKVs;0;None;0;mm;0;m3/s;94,47515472222223;bar;2150,2146386111112;KVa;24,987551372166667;cm;131,64645385194444;%;34,78264753152776;cm
2026-02-27 07:00:00.000;151,46145617250565;moh;1;None;2,6642811537166655;m3/s;2143,7199286111113;kW;749,9999969444444;rpm;-171,0392875;KVar;89,88318206047222;%;0,19920028122027775;Mill.m3;99,93192560483774;l/s;2,5643434710250004;m3/s;624484,4991798957;t;72,28471048842465;%;2,1428570750000002;None;92,65902960930688;mKVs;0;None;0;mm;0;m3/s;94,65622;bar;2153,5867275;KVa;26,141018337583333;cm;132,8001920825;%;34,80833259749618;cm
2026-02-27 08:00:00.000;151,47565162926904;moh;1;None;2,662035303427778;m3/s;2146,2211941666665;kW;750,4097788888889;rpm;-126,66391444444444;KVar;89,92038737255555;%;0,20131417136944443;Mill.m3;100,22336624720445;l/s;2,561813733258333;m3/s;624485,4991834201;t;72,08335360508275;%;2,1428570750000002;None;92,68403030268391;mKVs;0;None;0;mm;0;m3/s;94,92289916666667;bar;2146,1610144444444;KVa;27,558330959055557;cm;134,20945146083332;%;34,80763717695833;cm
2026-02-27 09:00:00.000;151,49205902887675;moh;1;None;2,659252717561111;m3/s;2145,9458575;kW;750,173595;rpm;-103,577205;KVar;89,96493066208333;%;0,20378022801222218;Mill.m3;100,46666156661301;l/s;2,5587847202555554;m3/s;624486,4992192362;t;72,2652844583911;%;2,1428570750000002;None;92,68195031215117;mKVs;0;None;0;mm;0;m3/s;94,49677694444445;bar;2147,7719163888887;KVa;29,198748272;cm;135,8534885025;%;34,866666266639946;cm
2026-02-27 10:00:00.000;151,50593581686874;moh;1;None;2,651563303919444;m3/s;2140,821336666667;kW;749,9283105555555;rpm;-87,16499583333334;KVar;90,08293755816666;%;0,2058686711175;Mill.m3;100,80202617449878;l/s;2,5507603474083327;m3/s;624487,4992302605;t;72,10199238762931;%;2,142857075;None;92,67542808905326;mKVs;0;None;0;mm;0;m3/s;94,74450611111111;bar;2142,411039722222;KVa;30,588031343972222;cm;137,24578518722222;%;34,912042916338;cm
2026-02-27 11:00:00.000;151,51917488757474;moh;1;None;2,6591816735583333;m3/s;2139,1884025;kW;750,3333577777778;rpm;-69,94806472222223;KVar;89,97931406222222;%;0,20785174037444443;Mill.m3;101,33789254152995;l/s;2,557806497238889;m3/s;624488,4952549653;t;72,54266600896716;%;2,1428570750000002;None;92,78333233451009;mKVs;0;None;0;mm;0;m3/s;91,44321611111111;bar;2137,387819722222;KVa;31,911443073944444;cm;138,56783209694444;%;34,989336203734915;cm
2026-02-27 12:00:00.000;151,52928970916525;moh;1;None;2,6554158038611106;m3/s;2191,1057097222224;kW;750,0593291666667;rpm;-92,70267555555556;KVar;89,6752113748611;%;0,20879109278583335;Mill.m3;101,58300951154364;l/s;2,5543847940222224;m3/s;624489,497004427;t;74,3986710319979;%;2,193730206275;None;92,45490577126316;mKVs;0;None;0;mm;0;m3/s;89,01648694444444;bar;2192,770921388889;KVa;32,83203633666667;cm;139,19406607027778;%;34,991667903087595;cm
2026-02-27 13:00:00.000;151,5383590717521;moh;1;None;2,662983581752778;m3/s;2192,168613888889;kW;749,6666727777778;rpm;-168,4446625;KVar;89,92500305;%;0,210741636655;Mill.m3;101,48110782674905;l/s;2,561500072;m3/s;624490,5016484202;t;74,3912155478771;%;2,200000048;None;92,43728081989582;mKVs;0;None;0;mm;0;m3/s;90,02859222222222;bar;2197,1709680555555;KVa;33,83247799241666;cm;140,49442801166666;%;35,00833427418384;cm
2026-02-27 14:00:00.000;151,5459706486804;moh;1;None;2,6633783022833333;m3/s;2194,4271183333335;kW;749,4999827777777;rpm;-188,954655;KVar;89,92500305;%;0,21188516062861107;Mill.m3;101,88387345500071;l/s;2,561500072;m3/s;624491,5016834028;t;74,30000305;%;2,200000048;None;92,4543942811115;mKVs;0;None;0;mm;0;m3/s;88,0441511111111;bar;2200,452048888889;KVa;34,59427727613889;cm;141,25677829527777;%;35,07106398843918;cm
2026-02-27 15:00:00.000;151,55136477175475;moh;0,9945608227498585;None;2,6634833018333333;m3/s;2196,5009652777776;kW;750,2500111111111;rpm;-240,7643175;KVar;89,92500305;%;0,21268667894083335;Mill.m3;101,98333038889722;l/s;2,561500072;m3/s;624492,5017033855;t;74,30000305;%;2,200000048;None;92,4499974578283;mKVs;0;None;0;mm;0;m3/s;93,44554722222222;bar;2205,7489638888887;KVa;35,13278113472222;cm;141,7911241386111;%;35,08333496388253;cm
2026-02-27 16:00:00.000;151,55445969213147;moh;0,9899999499000001;None;2,6635299683000007;m3/s;2194,4826066666665;kW;749,5833363888889;rpm;-303,6883827777778;KVar;89,92500305;%;0,21316484743916664;Mill.m3;102,03077229746313;l/s;2,561500072;m3/s;624493,5017449305;t;74,11577643543053;%;2,200000048;None;92,45394509270639;mKVs;0;None;0;mm;0;m3/s;90,430935;bar;2212,788087222222;KVa;35,443789164416664;cm;142,10990142388889;%;35,09166887694699;cm
2026-02-27 17:00:00.000;151,55403037313067;moh;0,9899999499000001;None;2,663304413711111;m3/s;2182,4030894444445;kW;749,833315;rpm;-304,8914272222222;KVar;89,92500305;%;0,21311457699611108;Mill.m3;101,8010923959777;l/s;2,561500072;m3/s;624494,5017680903;t;73,75788925280084;%;2,200000048;None;92,60089258114033;mKVs;0;None;0;mm;0;m3/s;89,76573027777778;bar;2201,842705;KVa;35,40609995561111;cm;142,07638718833334;%;35,05394148523173;cm
2026-02-27 18:00:00.000;151,55220579525502;moh;0,9894781670675786;None;2,663090525738889;m3/s;2179,0920658333334;kW;749,9166680555555;rpm;-314,7361802777778;KVar;89,92500305;%;0,2128316189997222;Mill.m3;101,58003161472757;l/s;2,561500072;m3/s;624495,5017779515;t;73,70000458;%;2,200000048;None;92,57938572729728;mKVs;0;None;0;mm;0;m3/s;84,42034194444444;bar;2199,0042016666666;KVa;35,22079467625;cm;141,88775043305554;%;35,02105249490826;cm
2026-02-27 19:00:00.000;151,54957728619212;moh;0,9862276979658097;None;2,662734693930555;m3/s;2176,337595;kW;749,7894552777777;rpm;-387,59525;KVar;89,92500305;%;0,21244474355833334;Mill.m3;101,23544138307305;l/s;2,561500072;m3/s;624496,501806198;t;73,70000458;%;2,200000048;None;92,59955544026573;mKVs;0;None;0;mm;0;m3/s;90,12881444444444;bar;2209,488705;KVa;34,95983123791667;cm;141,62983450166666;%;34,98727701199128;cm
2026-02-27 20:00:00.000;151,54491046954394;moh;0,9799999595;None;2,662610250019444;m3/s;2174,539348888889;kW;749,5877394444444;rpm;-410,14101166666666;KVar;89,92500305;%;0,21174415250944445;Mill.m3;101,10521317225985;l/s;2,561500072;m3/s;624497,5018115974;t;73,70000458;%;2,200000048;None;92,62939343062963;mKVs;0;None;0;mm;0;m3/s;92,60838361111111;bar;2212,9647422222224;KVa;34,49221293155556;cm;141,1627714352778;%;34,958336415240375;cm
2026-02-27 21:00:00.000;151,5387212786462;moh;0,9799999595;None;2,6624002509194447;m3/s;2177,862201944444;kW;750,0327602777778;rpm;-417,1820186111111;KVar;89,92500305;%;0,21082879627722223;Mill.m3;100,89795317175725;l/s;2,561500072;m3/s;624498,5018491147;t;73,70000458;%;2,200000048;None;92,5960506987182;mKVs;0;None;0;mm;0;m3/s;93,8295763888889;bar;2214,7155430555554;KVa;33,87641906783333;cm;140,55253432583334;%;34,9282795717354;cm
2026-02-27 22:00:00.000;151,53072320390226;moh;0,9799999595;None;2,662199974;m3/s;2176,048013611111;kW;750,0395161111111;rpm;-451,48836611111113;KVar;89,92500305;%;0,20962385945944442;Mill.m3;100,7000046;l/s;2,561500072;m3/s;624499,501844045;t;73,70000458;%;2,200000048;None;92,64999902707244;mKVs;0;None;0;mm;0;m3/s;89,49491916666666;bar;2222,2722544444446;KVa;33,07452307655556;cm;139,74924383944443;%;34,90000153;cm
2026-02-27 23:00:00.000;151,52402114749052;moh;0,9795621793603358;None;2,6620269191861112;m3/s;2175,320416388889;kW;749,5437883333333;rpm;-478,0218033333333;KVar;89,92500305;%;0,2086193693466667;Mill.m3;100,52501511674335;l/s;2,561500072;m3/s;624500,5019110765;t;73,70000458;%;2,200000048;None;92,67104359166657;mKVs;0;None;0;mm;0;m3/s;93,69919166666666;bar;2225,3859480555557;KVa;32,40540822625;cm;139,07958221166666;%;34,87500262420483;cm