DateTime;Value (Cluster1.DRIVDAL_INNTAK_NIVA_OPPSTROM_KOTE_PV);Unit (Cluster1.DRIVDAL_INNTAK_NIVA_OPPSTROM_KOTE_PV);Value (Cluster1.DRIVDAL_G1_GEN_F_PV);Unit (Cluster1.DRIVDAL_G1_GEN_F_PV);Value (Cluster1.DRIVDAL_G1_GEN_COSPHI_PV);Unit (Cluster1.DRIVDAL_G1_GEN_COSPHI_PV);Value (Cluster1.DRIVDAL_INNTAK_MAGASIN_TOT_VF_PV);Unit (Cluster1.DRIVDAL_INNTAK_MAGASIN_TOT_VF_PV);Value (Cluster1.DRIVDAL_G1_GEN_P_PV);Unit (Cluster1.DRIVDAL_G1_GEN_P_PV);Value (Cluster1.DRIVDAL_G1_GEN_TURTALL_PV);Unit (Cluster1.DRIVDAL_G1_GEN_TURTALL_PV);Value (Cluster1.DRIVDAL_G1_GEN_Q_PV);Unit (Cluster1.DRIVDAL_G1_GEN_Q_PV);Value (Cluster1.DRIVDAL_G1_TURB_VIRKNGRD_PV);Unit (Cluster1.DRIVDAL_G1_TURB_VIRKNGRD_PV);Value (Cluster1.DRIVDAL_INNTAK_MAGASIN_VOLUM_PV);Unit (Cluster1.DRIVDAL_INNTAK_MAGASIN_VOLUM_PV);Value (Cluster1.DRIVDAL_INNTAK_MINVF_LITER_PV);Unit (Cluster1.DRIVDAL_INNTAK_MINVF_LITER_PV);Value (Cluster1.DRIVDAL_G1_TURB_VF_PV);Unit (Cluster1.DRIVDAL_G1_TURB_VF_PV);Value (Cluster1.DRIVDAL_G1_GEN_TIMETELLER_PV);Unit (Cluster1.DRIVDAL_G1_GEN_TIMETELLER_PV);Value (Cluster1.DRIVDAL_G1_TURB_PADRAG_PV);Unit (Cluster1.DRIVDAL_G1_TURB_PADRAG_PV);Value (Cluster1.DRIVDAL_G1_KONTROLL_AGC_DB_SP);Unit (Cluster1.DRIVDAL_G1_KONTROLL_AGC_DB_SP);Value (Cluster1.DRIVDAL_G1_RORGATE_VANN_TRYKK_PV);Unit (Cluster1.DRIVDAL_G1_RORGATE_VANN_TRYKK_PV);Value (Cluster1.DRIVDAL_KRST_KONTROLL_KOM_AL);Unit (Cluster1.DRIVDAL_KRST_KONTROLL_KOM_AL);Value (Cluster1.DRIVDAL_INNTAK_MAGASIN_NED_KAP_PV);Unit (Cluster1.DRIVDAL_INNTAK_MAGASIN_NED_KAP_PV);Value (Cluster1.DRIVDAL_INNTAK_NIVA_OVERLOP_VF_PV);Unit (Cluster1.DRIVDAL_INNTAK_NIVA_OVERLOP_VF_PV);Value (Cluster1.DRIVDAL_G1_HYDRL_OLJE_TRYKK_PV);Unit (Cluster1.DRIVDAL_G1_HYDRL_OLJE_TRYKK_PV);Value (Cluster1.DRIVDAL_G1_GEN_S_PV);Unit (Cluster1.DRIVDAL_G1_GEN_S_PV);Value (Cluster1.DRIVDAL_INNTAK_NIVA_OPPSTROM_REF_HRV_PV);Unit (Cluster1.DRIVDAL_INNTAK_NIVA_OPPSTROM_REF_HRV_PV);Value (Cluster1.DRIVDAL_INNTAK_MAGASIN_FYLLGRAD_PV);Unit (Cluster1.DRIVDAL_INNTAK_MAGASIN_FYLLGRAD_PV);Value (Cluster1.DRIVDAL_INNTAK_MINVF_CM_PV);Unit (Cluster1.DRIVDAL_INNTAK_MINVF_CM_PV)
2025-12-31 23:00:00.000;150,96360112129474;moh;0;Hz;0;None;0,09116055864069443;m3/s;0;kW;0;rpm;0;KVar;0;%;0,10249604916872222;Mill.m3;91,16663594976669;l/s;0;m3/s;624189,6875;t;45;%;1,938776016;None;98,25237800173036;mKVs;0;None;12,063586341694444;mm;0;m3/s;92,936465;bar;0;KVa;-23,63136715411111;cm;68,33069941125;%;33,53571633623412;cm
2026-01-01 00:00:00.000;150,9672557458509;moh;0;Hz;0;None;0,09106333742152779;m3/s;0;kW;0;rpm;0;KVar;0;%;0,10355632328722222;Mill.m3;91,06117634111808;l/s;0;m3/s;624189,6875;t;45;%;1,938776016;None;98,23929436991594;mKVs;0;None;11,772011016277778;mm;0;m3/s;93,96715166666667;bar;0;KVa;-23,272700839861113;cm;69,03754910233333;%;33,53332931879858;cm
2026-01-01 01:00:00.000;150,97019759823263;moh;0;Hz;0;None;0,09126750386083332;m3/s;0;kW;0;rpm;0;KVar;0;%;0,10397134461555556;Mill.m3;91,27996658226508;l/s;0;m3/s;624189,6875;t;45;%;1,938776016;None;98,21429640462351;mKVs;0;None;11,657879935805555;mm;0;m3/s;93,92254833333334;bar;0;KVa;-22,989315456416666;cm;69,31422922211111;%;33,56072012760582;cm
2026-01-01 02:00:00.000;150,97091119853076;moh;0;Hz;0;None;0,09145417019013888;m3/s;0;kW;0;rpm;0;KVar;0;%;0,10421815566027778;Mill.m3;91,45743023554567;l/s;0;m3/s;624189,6875;t;45;%;1,938776016;None;98,20238425738596;mKVs;0;None;11,59000693425;mm;0;m3/s;93,62022388888889;bar;0;KVa;-22,912584942666665;cm;69,47877114425;%;33,5750039119947;cm
2026-01-01 03:00:00.000;150,973280396689;moh;0;Hz;0;None;0,09158444748305557;m3/s;0;kW;0;rpm;0;KVar;0;%;0,10466893614194446;Mill.m3;91,59251960150425;l/s;0;m3/s;624189,6875;t;45;%;1,938776016;None;98,26307742273633;mKVs;0;None;11,466042836388889;mm;0;m3/s;94,10409361111111;bar;0;KVa;-22,667753434027777;cm;69,77929041077778;%;33,583337102820394;cm
2026-01-01 04:00:00.000;150,97631014946452;moh;0;Hz;0;None;0,09178861431555557;m3/s;0;kW;0;rpm;0;KVar;0;%;0,10527121564916668;Mill.m3;91,79140902901516;l/s;0;m3/s;624189,6875;t;45;%;1,938776016;None;98,2285972286471;mKVs;0;None;11,30041546325;mm;0;m3/s;94,22331138888889;bar;0;KVa;-22,369681465694445;cm;70,18081175294445;%;33,61666181288318;cm
2026-01-01 05:00:00.000;150,97945536332048;moh;0;Hz;0;None;0,09184694809833334;m3/s;0;kW;0;rpm;0;KVar;0;%;0,10588694098555554;Mill.m3;91,85457019902309;l/s;0;m3/s;624189,6875;t;45;%;1,938776016;None;98,23985533138529;mKVs;0;None;11,131090801694445;mm;0;m3/s;93,92687583333333;bar;0;KVa;-22,05597771686111;cm;70,59129500891666;%;33,62561187398632;cm
2026-01-01 06:00:00.000;150,98444710344847;moh;0;Hz;0;None;0,09199472556333332;m3/s;0;kW;0;rpm;0;KVar;0;%;0,10685493322166667;Mill.m3;91,99175836654558;l/s;0;m3/s;624189,6875;t;45;%;1,938776016;None;98,24403523965393;mKVs;0;None;10,864892961694444;mm;0;m3/s;94,16534055555556;bar;0;KVa;-21,559189691805557;cm;71,23662435925;%;33,65596676706373;cm
2026-01-01 07:00:00.000;150,98800051976724;moh;0;Hz;0;None;0,09213667090000001;m3/s;0;kW;0;rpm;0;KVar;0;%;0,10758643875138889;Mill.m3;92,14154126321395;l/s;0;m3/s;624189,6875;t;45;%;1,938776016;None;98,23097505282477;mKVs;0;None;10,663728714583334;mm;0;m3/s;93,75686444444445;bar;0;KVa;-21,202888489055557;cm;71,72429593402778;%;33,67736385634993;cm
2026-01-01 08:00:00.000;150,99118087549425;moh;0;Hz;0;None;0,09217361557666667;m3/s;0;kW;0;rpm;0;KVar;0;%;0,10824090741166668;Mill.m3;92,16680462295187;l/s;0;m3/s;624189,6875;t;45;%;1,938776016;None;98,22263689071559;mKVs;0;None;10,483750450083333;mm;0;m3/s;91,88584861111111;bar;0;KVa;-20,883428785;cm;72,16060473169445;%;33,68097282890958;cm
2026-01-01 09:00:00.000;150,99217433666652;moh;0;Hz;0;None;0,09214055981333333;m3/s;0;kW;0;rpm;0;KVar;0;%;0,10843543116638889;Mill.m3;92,14159123576313;l/s;0;m3/s;624189,6875;t;45;%;1,938776016;None;98,25231677012773;mKVs;0;None;10,4303402376;mm;0;m3/s;91,81783888888889;bar;0;KVa;-20,780347186833332;cm;72,29028691380556;%;33,67737099512959;cm
2026-01-01 10:00:00.000;150,9943431624255;moh;0;Hz;0;None;0,09224361601666667;m3/s;0;kW;0;rpm;0;KVar;0;%;0,10884096790361113;Mill.m3;92,24165222377694;l/s;0;m3/s;624189,6875;t;45;%;1,938776016;None;98,25236252974452;mKVs;0;None;10,31975492082778;mm;0;m3/s;93,5602538888889;bar;0;KVa;-20,565889145361112;cm;72,56064529497222;%;33,691665109759626;cm
2026-01-01 11:00:00.000;150,9963167490663;moh;0;Hz;0;None;0,09252889239222221;m3/s;0;kW;0;rpm;0;KVar;0;%;0,10932594394500003;Mill.m3;92,52644511683897;l/s;0;m3/s;624189,6875;t;45;%;1,938776016;None;98,25597833469956;mKVs;0;None;10,187756222155556;mm;0;m3/s;94,38111888888889;bar;0;KVa;-20,369275407944443;cm;72,88396222861111;%;33,73760990869076;cm
2026-01-01 12:00:00.000;150,9988498659635;moh;0;Hz;0;None;0,09273000193888888;m3/s;0;kW;0;rpm;0;KVar;0;%;0,10975818202194444;Mill.m3;92,7354340114634;l/s;0;m3/s;624189,6875;t;45;%;1,938776016;None;98,16430242650947;mKVs;0;None;10,072058783550002;mm;0;m3/s;93,71310166666666;bar;0;KVa;-20,12396918297222;cm;73,17212145247223;%;33,77735216757407;cm
2026-01-01 13:00:00.000;151,00164848755654;moh;0;Hz;0;None;0,09280250180097224;m3/s;0;kW;0;rpm;0;KVar;0;%;0,11035720821972227;Mill.m3;92,80374989611109;l/s;0;m3/s;624189,6875;t;45;%;1,938776016;None;98,2357032191702;mKVs;0;None;9,915977901705558;mm;0;m3/s;94,17621083333333;bar;0;KVa;-19,838617112305556;cm;73,57147159780556;%;33,791667227759625;cm
2026-01-01 14:00:00.000;151,0032128806645;moh;0;Hz;0;None;0,09286694588750001;m3/s;0;kW;0;rpm;0;KVar;0;%;0,11066673159138891;Mill.m3;92,8568673034721;l/s;0;m3/s;624189,6875;t;45;%;1,938776016;None;98,16666873788262;mKVs;0;None;9,837566377174998;mm;0;m3/s;93,99011194444445;bar;0;KVa;-19,67608134186111;cm;73,77782137263888;%;33,7749966200456;cm
2026-01-01 15:00:00.000;151,00643657765602;moh;0;Hz;0;None;0,09309333351708332;m3/s;0;kW;0;rpm;0;KVar;0;%;0,11131250943138889;Mill.m3;93,0909898986939;l/s;0;m3/s;624189,6875;t;45;%;1,938776016;None;98,17501277703846;mKVs;0;None;9,674320009075;mm;0;m3/s;93,76692861111111;bar;0;KVa;-19,362903171555555;cm;74,20833988333334;%;33,827348644064784;cm
2026-01-01 16:00:00.000;151,00840719523802;moh;0;Hz;0;None;0,09306805568333334;m3/s;0;kW;0;rpm;0;KVar;0;%;0,11166985420444443;Mill.m3;93,06019064314356;l/s;0;m3/s;624189,6875;t;45;%;1,938776016;None;98,15233840537915;mKVs;0;None;9,582953558972223;mm;0;m3/s;93,62944222222222;bar;0;KVa;-19,160342747111113;cm;74,44657035380555;%;33,83097797717461;cm
2026-01-01 17:00:00.000;151,0105900858777;moh;0;Hz;0;None;0,09307083334222221;m3/s;0;kW;0;rpm;0;KVar;0;%;0,11211162043111111;Mill.m3;93,07059404392051;l/s;0;m3/s;624189,6875;t;45;%;1,938776016;None;98,16431258103191;mKVs;0;None;9,472094641888889;mm;0;m3/s;93,70811805555556;bar;0;KVa;-18,946681553333335;cm;74,74108077175;%;33,81068296864925;cm
2026-01-01 18:00:00.000;151,01434526054447;moh;0;Hz;0;None;0,09313027780055556;m3/s;0;kW;0;rpm;0;KVar;0;%;0,11286199671444447;Mill.m3;93,12748535313905;l/s;0;m3/s;624189,6875;t;45;%;1,938776016;None;98,19150871121462;mKVs;0;None;9,284500546055556;mm;0;m3/s;94,67356972222223;bar;0;KVa;-18,567055596416665;cm;75,24133307108333;%;33,83098901709792;cm
2026-01-01 19:00:00.000;151,016120061489;moh;0;Hz;0;None;0,09283777893263888;m3/s;0;kW;0;rpm;0;KVar;0;%;0,11321166026444444;Mill.m3;92,8327372929898;l/s;0;m3/s;624189,6875;t;45;%;1,938776016;None;98,2416637759379;mKVs;0;None;9,197084638950002;mm;0;m3/s;93,60275388888888;bar;0;KVa;-18,390558031333335;cm;75,47444163375;%;33,7976553431654;cm
2026-01-01 20:00:00.000;151,017716706486;moh;0;Hz;0;None;0,09230000526;m3/s;0;kW;0;rpm;0;KVar;0;%;0,11355061724166668;Mill.m3;92,30000305;l/s;0;m3/s;624189,6875;t;45;%;1,938776016;None;98,25834257938162;mKVs;0;None;9,112345377850001;mm;0;m3/s;94,2139475;bar;0;KVa;-18,226360746555557;cm;75,70041291927778;%;33,70000076;cm
2026-01-01 21:00:00.000;151,01909430493998;moh;0;Hz;0;None;0,09235000486416665;m3/s;0;kW;0;rpm;0;KVar;0;%;0,11380965362194444;Mill.m3;92,35010092308507;l/s;0;m3/s;624189,6875;t;45;%;1,938776016;None;98,26068001359616;mKVs;0;None;9,047586653147222;mm;0;m3/s;93,35899055555555;bar;0;KVa;-18,092401293138888;cm;75,87310294961111;%;33,708350299751736;cm
2026-01-01 22:00:00.000;151,02190754249324;moh;0;Hz;0;None;0,09212694861666666;m3/s;0;kW;0;rpm;0;KVar;0;%;0,11437803367694444;Mill.m3;92,12505148865775;l/s;0;m3/s;624189,6875;t;45;%;1,938776016;None;98,23934145288968;mKVs;0;None;8,905491299277779;mm;0;m3/s;94,074755;bar;0;KVa;-17,8120846235;cm;76,25202291158334;%;33,67500822572496;cm
2026-01-01 23:00:00.000;151,02344929522323;moh;0;Hz;0;None;0,09208417056999998;m3/s;0;kW;0;rpm;0;KVar;0;%;0,11468445653861108;Mill.m3;92,08231718127733;l/s;0;m3/s;624189,6875;t;45;%;1,938776016;None;98,27767520488864;mKVs;0;None;8,828885820072223;mm;0;m3/s;93,38434222222222;bar;0;KVa;-17,656665378777777;cm;76,45630238663888;%;33,66890345801822;cm
2026-01-02 00:00:00.000;151,02517153923574;moh;0;Hz;0;None;0,09213861535666668;m3/s;0;kW;0;rpm;0;KVar;0;%;0,11502782965;Mill.m3;92,14133359518856;l/s;0;m3/s;624189,6875;t;45;%;1,938776016;None;98,28099792494946;mKVs;0;None;8,743042416091667;mm;0;m3/s;94,24344055555555;bar;0;KVa;-17,483859591138888;cm;76,68522082605556;%;33,67733419013716;cm
2026-01-02 01:00:00.000;151,02744037385125;moh;0;Hz;0;None;0,09205111480666667;m3/s;0;kW;0;rpm;0;KVar;0;%;0,11548402500861112;Mill.m3;92,05031938858839;l/s;0;m3/s;624189,6875;t;45;%;1,938776016;None;98,30233034939128;mKVs;0;None;8,628993564280556;mm;0;m3/s;91,91514;bar;0;KVa;-17,256601119722223;cm;76,98935131383334;%;33,66433244462247;cm
2026-01-02 02:00:00.000;151,0298714044098;moh;0;Hz;0;None;0,09213861535666666;m3/s;0;kW;0;rpm;0;KVar;0;%;0,1159757657061111;Mill.m3;92,14134156746293;l/s;0;m3/s;624189,6875;t;45;%;1,938776016;None;98,3333115706479;mKVs;0;None;8,506058587055557;mm;0;m3/s;91,61968527777778;bar;0;KVa;-17,014346652166665;cm;77,31717734780555;%;33,67733532900863;cm
2026-01-02 03:00:00.000;151,0305833037845;moh;0;Hz;0;None;0,09193444740666668;m3/s;0;kW;0;rpm;0;KVar;0;%;0,11612032528194445;Mill.m3;91,93371107008625;l/s;0;m3/s;624189,6875;t;45;%;1,938776016;None;98,2749974325918;mKVs;0;None;8,469918569172222;mm;0;m3/s;93,67405;bar;0;KVa;-16,94289737286111;cm;77,41355048180556;%;33,647674477271046;cm
2026-01-02 04:00:00.000;151,03404560457153;moh;0;Hz;0;None;0,09167000198291668;m3/s;0;kW;0;rpm;0;KVar;0;%;0,11675898940611111;Mill.m3;91,67189335119497;l/s;0;m3/s;624189,6875;t;45;%;1,938776016;None;98,29998069089692;mKVs;0;None;8,310252295705556;mm;0;m3/s;94,02889583333334;bar;0;KVa;-16,58548990886111;cm;77,83932732488888;%;33,61666897944019;cm
2026-01-02 05:00:00.000;151,03403633084645;moh;0;Hz;0;None;0,0914561131361111;m3/s;0;kW;0;rpm;0;KVar;0;%;0,1168601216788889;Mill.m3;91,45416614140737;l/s;0;m3/s;624189,6875;t;45;%;1,938776016;None;98,29166176178971;mKVs;0;None;8,284969329961111;mm;0;m3/s;93,40346;bar;0;KVa;-16,591330633555554;cm;77,90674889813889;%;33,580995688092116;cm
2026-01-02 06:00:00.000;151,0340303478195;moh;0;Hz;0;None;0,09114500284250002;m3/s;0;kW;0;rpm;0;KVar;0;%;0,11679975683222225;Mill.m3;91,14960410554205;l/s;0;m3/s;624189,6875;t;45;%;1,938776016;None;98,25833813192743;mKVs;0;None;8,300060696252777;mm;0;m3/s;94,00720111111112;bar;0;KVa;-16,604296368527777;cm;77,86650528352777;%;33,53565848322723;cm
2026-01-02 07:00:00.000;151,03616259636044;moh;0;Hz;0;None;0,0910050034525;m3/s;0;kW;0;rpm;0;KVar;0;%;0,11727724537444446;Mill.m3;91,00039761890153;l/s;0;m3/s;624189,6875;t;45;%;1,938776016;None;98,25172365063051;mKVs;0;None;8,180688222416666;mm;0;m3/s;93,80126083333333;bar;0;KVa;-16,380534701777776;cm;78,18483187363888;%;33,51434268955118;cm
2026-01-02 08:00:00.000;151,0366492161048;moh;0;Hz;0;None;0,09076972669986112;m3/s;0;kW;0;rpm;0;KVar;0;%;0,1172914027925;Mill.m3;90,76707133142061;l/s;0;m3/s;624189,6875;t;45;%;1,938776016;None;98,30232776549715;mKVs;0;None;8,1771490309;mm;0;m3/s;93,93541388888889;bar;0;KVa;-16,333736842194444;cm;78,19426882086111;%;33,48101017943759;cm
2026-01-02 09:00:00.000;151,03763704519875;moh;0;Hz;0;None;0,09031667311833333;m3/s;0;kW;0;rpm;0;KVar;0;%;0,11744573801833331;Mill.m3;90,31666296058945;l/s;0;m3/s;624189,6875;t;45;%;1,938776016;None;98,31667429825927;mKVs;0;None;8,138565487325;mm;0;m3/s;94,20063027777778;bar;0;KVa;-16,246592202472222;cm;78,29715815722223;%;33,41666683057255;cm
2026-01-02 10:00:00.000;151,04076938245046;moh;0;Hz;0;None;0,09037500539041667;m3/s;0;kW;0;rpm;0;KVar;0;%;0,11809564310833334;Mill.m3;90,37787083670476;l/s;0;m3/s;624189,6875;t;45;%;1,938776016;None;98,29768092029704;mKVs;0;None;7,976089053791667;mm;0;m3/s;93,98754194444444;bar;0;KVa;-15,919960869527777;cm;78,7304294586389;%;33,42732150088693;cm
2026-01-02 11:00:00.000;151,04327829772566;moh;0;Hz;0;None;0,09058306047402778;m3/s;0;kW;0;rpm;0;KVar;0;%;0,11859102826861113;Mill.m3;90,58224318207456;l/s;0;m3/s;624189,6875;t;45;%;1,938776016;None;98,31667674183382;mKVs;0;None;7,852242787583333;mm;0;m3/s;94,07373111111112;bar;0;KVa;-15,664477878888889;cm;79,06068615480555;%;33,46433996227359;cm
2026-01-02 12:00:00.000;151,05009716887326;moh;0;Hz;0;None;0,09097194804097222;m3/s;0;kW;0;rpm;0;KVar;0;%;0,12022725320999998;Mill.m3;90,97457492479371;l/s;0;m3/s;624189,6875;t;45;%;1,938776016;None;98,31667596406778;mKVs;0;None;7,443186442088891;mm;0;m3/s;94,21043083333333;bar;0;KVa;-14,993057251527778;cm;80,1515032461111;%;33,51065418094403;cm
2026-01-02 13:00:00.000;151,0552903143864;moh;0;Hz;0;None;0,09082611526027777;m3/s;0;kW;0;rpm;0;KVar;0;%;0,12110574338694442;Mill.m3;90,82532770962017;l/s;0;m3/s;624189,6875;t;45;%;1,938776016;None;98,27499518262623;mKVs;0;None;7,223563724013891;mm;0;m3/s;91,93493861111111;bar;0;KVa;-14,47213066886111;cm;80,73716314069445;%;33,49167494597558;cm
2026-01-02 14:00:00.000;151,05771622168734;moh;0;Hz;0;None;0,09061222707569445;m3/s;0;kW;0;rpm;0;KVar;0;%;0,1214895116061111;Mill.m3;90,60815380343827;l/s;0;m3/s;624189,6875;t;45;%;1,938776016;None;98,28333636055982;mKVs;0;None;7,127621968619445;mm;0;m3/s;91,8646925;bar;0;KVa;-14,2341232305;cm;80,99300738377778;%;33,45603264493305;cm
2026-01-02 15:00:00.000;151,06047930120724;moh;0;Hz;0;None;0,09043333927666666;m3/s;0;kW;0;rpm;0;KVar;0;%;0,12216250774055555;Mill.m3;90,4333971741818;l/s;0;m3/s;624189,6875;t;45;%;1,938776016;None;98,35231669843155;mKVs;0;None;6,959372626497222;mm;0;m3/s;92,83599916666667;bar;0;KVa;-13,950411479;cm;81,4416731718889;%;33,43334296431269;cm
2026-01-02 16:00:00.000;151,06250290875704;moh;0;Hz;0;None;0,09028167265000002;m3/s;0;kW;0;rpm;0;KVar;0;%;0,12248830891805554;Mill.m3;90,27876757942167;l/s;0;m3/s;624189,6875;t;45;%;1,938776016;None;98,33232239207187;mKVs;0;None;6,8779224819583344;mm;0;m3/s;93,66112444444444;bar;0;KVa;-13,753615485;cm;81,65887438322223;%;33,425000453066176;cm
2026-01-02 17:00:00.000;151,06408435920565;moh;0;Hz;0;None;0,09030500559194443;m3/s;0;kW;0;rpm;0;KVar;0;%;0,12281798297583331;Mill.m3;90,30233811164685;l/s;0;m3/s;624189,6875;t;45;%;1,938776016;None;98,38102703897232;mKVs;0;None;6,795503828394445;mm;0;m3/s;93,4702075;bar;0;KVa;-13,589897157194445;cm;81,87865731961111;%;33,41666849721372;cm
2026-01-02 18:00:00.000;151,06523423686966;moh;0;Hz;0;None;0,09027778402638888;m3/s;0;kW;0;rpm;0;KVar;0;%;0,12304300961666666;Mill.m3;90,2753872497131;l/s;0;m3/s;624189,6875;t;45;%;1,938776016;None;98,39628019577918;mKVs;0;None;6,739247639866667;mm;0;m3/s;93,89149333333333;bar;0;KVa;-13,476833766222223;cm;82,028672664;%;33,408340457968;cm
2026-01-02 19:00:00.000;151,0669960341206;moh;0;Hz;0;None;0,09025250615180555;m3/s;0;kW;0;rpm;0;KVar;0;%;0,1233959205311111;Mill.m3;90,25124880943144;l/s;0;m3/s;624189,6875;t;45;%;1,938776016;None;98,38102712253502;mKVs;0;None;6,6510200500694445;mm;0;m3/s;93,29924833333334;bar;0;KVa;-13,3003743475;cm;82,26394570716667;%;33,40833476361068;cm
2026-01-02 20:00:00.000;151,06714120782996;moh;0;Hz;0;None;0,09034195078597222;m3/s;0;kW;0;rpm;0;KVar;0;%;0,12342839682583331;Mill.m3;90,34271451374528;l/s;0;m3/s;624189,6875;t;45;%;1,938776016;None;98,41436591943568;mKVs;0;None;6,642901102702777;mm;0;m3/s;93,31201972222222;bar;0;KVa;-13,2860777095;cm;82,28559625394445;%;33,41666994163606;cm
2026-01-02 21:00:00.000;151,06787873939925;moh;0;Hz;0;None;0,09034195076527779;m3/s;0;kW;0;rpm;0;KVar;0;%;0,12357214265833333;Mill.m3;90,34148151966254;l/s;0;m3/s;624189,6875;t;45;%;1,938776016;None;98,4356531505855;mKVs;0;None;6,606964535055556;mm;0;m3/s;93,65924694444445;bar;0;KVa;-13,21281856913889;cm;82,3814265988889;%;33,41666810833078;cm
2026-01-02 22:00:00.000;151,06802150815471;moh;0;Hz;0;None;0,09020972831208333;m3/s;0;kW;0;rpm;0;KVar;0;%;0,12360410991972223;Mill.m3;90,21224492749074;l/s;0;m3/s;624189,6875;t;45;%;1,938776016;None;98,43563648394357;mKVs;0;None;6,598972744355555;mm;0;m3/s;93,40235222222222;bar;0;KVa;-13,198216755361111;cm;82,40273763747223;%;33,40833623581038;cm
2026-01-02 23:00:00.000;151,06864310298022;moh;0;Hz;0;None;0,09025834003916666;m3/s;0;kW;0;rpm;0;KVar;0;%;0,1237298168436111;Mill.m3;90,2583421313694;l/s;0;m3/s;624189,6875;t;45;%;1,938776016;None;98,43934673189766;mKVs;0;None;6,56754599678889;mm;0;m3/s;93,53182472222223;bar;0;KVa;-13,13509623186111;cm;82,4865423201389;%;33,40833537471244;cm
2026-01-03 00:00:00.000;151,0687496749546;moh;0;Hz;0;None;0,09033028417013887;m3/s;0;kW;0;rpm;0;KVar;0;%;0,12374994900833333;Mill.m3;90,33275239048518;l/s;0;m3/s;624189,6875;t;45;%;1,938776016;None;98,44396830090908;mKVs;0;None;6,562512715666666;mm;0;m3/s;93,74808416666667;bar;0;KVa;-13,1250254325;cm;82,49996376;%;33,418965295405506;cm
2026-01-03 01:00:00.000;151,06874891862591;moh;0;Hz;0;None;0,09039250612125;m3/s;0;kW;0;rpm;0;KVar;0;%;0,12375477205972221;Mill.m3;90,3904171670082;l/s;0;m3/s;624189,6875;t;45;%;1,938776016;None;98,50449468123033;mKVs;0;None;6,561306847511111;mm;0;m3/s;93,41409583333333;bar;0;KVa;-13,124003941694445;cm;82,50317923155555;%;33,42720303047734;cm
2026-01-03 02:00:00.000;151,0689852737759;moh;0;Hz;0;None;0,09049167235583334;m3/s;0;kW;0;rpm;0;KVar;0;%;0,12378661336472223;Mill.m3;90,49168475354672;l/s;0;m3/s;624189,6875;t;45;%;1,938776016;None;98,5356272860129;mKVs;0;None;6,553346845877778;mm;0;m3/s;93,90889583333333;bar;0;KVa;-13,102522955333333;cm;82,52440836080555;%;33,441669670245474;cm
2026-01-03 03:00:00.000;151,06960917290394;moh;0;Hz;0;None;0,09048972791986111;m3/s;0;kW;0;rpm;0;KVar;0;%;0,12392059388000001;Mill.m3;90,49167872579521;l/s;0;m3/s;624189,6875;t;45;%;1,938776016;None;98,5060394909277;mKVs;0;None;6,5198516846;mm;0;m3/s;93,4209911111111;bar;0;KVa;-13,0391523585;cm;82,61372680866667;%;33,44166880914754;cm
2026-01-03 04:00:00.000;151,06987369096493;moh;0;Hz;0;None;0,09079694880347222;m3/s;0;kW;0;rpm;0;KVar;0;%;0,12398059402444445;Mill.m3;90,79938941282772;l/s;0;m3/s;624189,6875;t;45;%;1,938776016;None;98,50833828825559;mKVs;0;None;6,504851447288889;mm;0;m3/s;93,3884638888889;bar;0;KVa;-13,012203640305556;cm;82,65372939630555;%;33,48562699768808;cm
2026-01-03 05:00:00.000;151,0705251638515;moh;0;Hz;0;None;0,09066667159333333;m3/s;0;kW;0;rpm;0;KVar;0;%;0,12410318890277777;Mill.m3;90,66668943546745;l/s;0;m3/s;624189,6875;t;45;%;1,938776016;None;98,54999690170237;mKVs;0;None;6,4742024740833335;mm;0;m3/s;93,609745;bar;0;KVa;-12,947845459527779;cm;82,73545985652778;%;33,46667006551135;cm
2026-01-03 06:00:00.000;151,070964663155;moh;0;Hz;0;None;0,09024472898736112;m3/s;0;kW;0;rpm;0;KVar;0;%;0,12419046856333332;Mill.m3;90,24231609008635;l/s;0;m3/s;624189,6875;t;45;%;1,938776016;None;98,5522812000854;mKVs;0;None;6,452382405613889;mm;0;m3/s;93,61939527777778;bar;0;KVa;-12,904209561444445;cm;82,79364634566667;%;33,4060459652965;cm
2026-01-03 07:00:00.000;151,0710754742235;moh;0;Hz;0;None;0,09017084010999998;m3/s;0;kW;0;rpm;0;KVar;0;%;0,12422225064861112;Mill.m3;90,1663133595646;l/s;0;m3/s;624189,6875;t;45;%;1,938776016;None;98,51437761335248;mKVs;0;None;6,444437239111111;mm;0;m3/s;93,69569138888889;bar;0;KVa;-12,891103955972222;cm;82,81483522986112;%;33,39771636655984;cm
2026-01-03 08:00:00.000;151,07010929814123;moh;0;Hz;0;None;0,08973333736;m3/s;0;kW;0;rpm;0;KVar;0;%;0,12402113964944445;Mill.m3;89,73338327698345;l/s;0;m3/s;624189,6875;t;45;%;1,938776016;None;98,54742943244358;mKVs;0;None;6,494714948977778;mm;0;m3/s;92,74093944444445;bar;0;KVa;-12,989425660555556;cm;82,68075930269444;%;33,33334025349172;cm
2026-01-03 09:00:00.000;151,0702515057195;moh;0;Hz;0;None;0,08955833626000001;m3/s;0;kW;0;rpm;0;KVar;0;%;0,12405084286194444;Mill.m3;89,55834052060008;l/s;0;m3/s;624189,6875;t;45;%;1,938776016;None;98,57956566934973;mKVs;0;None;6,4872890050444445;mm;0;m3/s;90,31407694444444;bar;0;KVa;-12,975133261972223;cm;82,70056266616666;%;33,30833373641115;cm
2026-01-03 10:00:00.000;151,07040964222125;moh;0;Hz;0;None;0,08950000256;m3/s;0;kW;0;rpm;0;KVar;0;%;0,12408126709388886;Mill.m3;89,5;l/s;0;m3/s;624189,6875;t;45;%;1,938776016;None;98,56825438427029;mKVs;0;None;6,4796829225;mm;0;m3/s;92,57623694444445;bar;0;KVa;-12,959365846194444;cm;82,72084520030556;%;33,29999924;cm
2026-01-03 11:00:00.000;151,0704685818487;moh;0;Hz;0;None;0,08963222561333332;m3/s;0;kW;0;rpm;0;KVar;0;%;0,12408315009027777;Mill.m3;89,63262928443545;l/s;0;m3/s;624189,6875;t;45;%;1,938776016;None;98,59999852109586;mKVs;0;None;6,479212443083333;mm;0;m3/s;93,90508916666667;bar;0;KVa;-12,955364652527777;cm;82,72209875355556;%;33,31894659055106;cm
2026-01-03 12:00:00.000;151,07099092230052;moh;0;Hz;0;None;0,08967305920333335;m3/s;0;kW;0;rpm;0;KVar;0;%;0,12418771490722222;Mill.m3;89,67497839485115;l/s;0;m3/s;624189,6875;t;45;%;1,938776016;None;98,58106272962489;mKVs;0;None;6,4530711704305554;mm;0;m3/s;93,22230527777778;bar;0;KVa;-12,902526856277778;cm;82,7918097811389;%;33,32499656242557;cm
2026-01-03 13:00:00.000;151,07116888260032;moh;0;Hz;0;None;0,08965944800666666;m3/s;0;kW;0;rpm;0;KVar;0;%;0,12424410451972222;Mill.m3;89,65911240215401;l/s;0;m3/s;624189,6875;t;45;%;1,938776016;None;98,55000059609029;mKVs;0;None;6,438973744766667;mm;0;m3/s;93,45051472222222;bar;0;KVa;-12,881571451444444;cm;82,82940400391666;%;33,322729954965894;cm
2026-01-03 14:00:00.000;151,07092867946722;moh;0;Hz;0;None;0,08973333735999998;m3/s;0;kW;0;rpm;0;KVar;0;%;0,12417457527111112;Mill.m3;89,73328994303944;l/s;0;m3/s;624189,6875;t;45;%;1,938776016;None;98,56893874829669;mKVs;0;None;6,456356048730555;mm;0;m3/s;93,68436166666666;bar;0;KVa;-12,90215386325;cm;82,78305102311111;%;33,33332691985306;cm
2026-01-03 15:00:00.000;151,0708640496664;moh;0;Hz;0;None;0,08973528181666666;m3/s;0;kW;0;rpm;0;KVar;0;%;0,12417368477166668;Mill.m3;89,73335566569169;l/s;0;m3/s;624189,6875;t;45;%;1,938776016;None;98,62272125184028;mKVs;0;None;6,456578572533333;mm;0;m3/s;93,66785027777777;bar;0;KVa;-12,913712395861111;cm;82,78245633483333;%;33,33333630895695;cm
2026-01-03 16:00:00.000;151,07011846849048;moh;0;Hz;0;None;0,08954666954083333;m3/s;0;kW;0;rpm;0;KVar;0;%;0,12403313521638888;Mill.m3;89,5447497496392;l/s;0;m3/s;624189,6875;t;45;%;1,938776016;None;98,58560121118406;mKVs;0;None;6,491716173122222;mm;0;m3/s;93,66819222222222;bar;0;KVa;-12,988166810416667;cm;82,68875704869444;%;33,30606879857946;cm
2026-01-03 17:00:00.000;151,07060817380523;moh;0;Hz;0;None;0,08946166905416666;m3/s;0;kW;0;rpm;0;KVar;0;%;0,12412159351833332;Mill.m3;89,46361592611295;l/s;0;m3/s;624189,6875;t;45;%;1,938776016;None;98,54166088830523;mKVs;0;None;6,469601525241667;mm;0;m3/s;93,8798075;bar;0;KVa;-12,938652039777777;cm;82,74772849711111;%;33,29393530439544;cm
2026-01-03 18:00:00.000;151,07014640922625;moh;0;Hz;0;None;0,08950000256;m3/s;0;kW;0;rpm;0;KVar;0;%;0,12403100705694442;Mill.m3;89,5;l/s;0;m3/s;624189,6875;t;45;%;1,938776016;None;98,54167588849381;mKVs;0;None;6,492248111444445;mm;0;m3/s;94,12782527777777;bar;0;KVa;-12,985047235583334;cm;82,687337875;%;33,29999924;cm
2026-01-03 19:00:00.000;151,0709074204005;moh;0;Hz;0;None;0,08985583779888888;m3/s;0;kW;0;rpm;0;KVar;0;%;0,12418189144972223;Mill.m3;89,85531497757601;l/s;0;m3/s;624189,6875;t;45;%;1,938776016;None;98,58106281063414;mKVs;0;None;6,454527113397222;mm;0;m3/s;94,23556416666666;bar;0;KVa;-12,909049988583334;cm;82,78792875038889;%;33,34165863842282;cm
2026-01-03 20:00:00.000;151,07036020465273;moh;0;Hz;0;None;0,08950000256;m3/s;0;kW;0;rpm;0;KVar;0;%;0,1240697905561111;Mill.m3;89,5;l/s;0;m3/s;624189,6875;t;45;%;1,938776016;None;98,64168123595404;mKVs;0;None;6,482552422511111;mm;0;m3/s;94,16250805555555;bar;0;KVa;-12,964278328583333;cm;82,7131927505;%;33,29999924;cm
2026-01-03 21:00:00.000;151,07025145971895;moh;0;Hz;0;None;0,08940833558500001;m3/s;0;kW;0;rpm;0;KVar;0;%;0,12405029310000001;Mill.m3;89,408323903101;l/s;0;m3/s;624189,6875;t;45;%;1,938776016;None;98,6189353126534;mKVs;0;None;6,487426758;mm;0;m3/s;93,94711833333334;bar;0;KVa;-12,974853516666666;cm;82,7001953125;%;33,28333139420491;cm
2026-01-03 22:00:00.000;151,07056223282422;moh;0;Hz;0;None;0,08950000256;m3/s;0;kW;0;rpm;0;KVar;0;%;0,12411249797972224;Mill.m3;89,5;l/s;0;m3/s;624189,6875;t;45;%;1,938776016;None;98,68784452834738;mKVs;0;None;6,471875508866667;mm;0;m3/s;92,13943666666667;bar;0;KVa;-12,944026523666667;cm;82,74166607275;%;33,29999924;cm
2026-01-03 23:00:00.000;151,0704645612559;moh;0;Hz;0;None;0,08945000233500001;m3/s;0;kW;0;rpm;0;KVar;0;%;0,12409219522388887;Mill.m3;89,4499884608631;l/s;0;m3/s;624189,6875;t;45;%;1,938776016;None;98,70380471680737;mKVs;0;None;6,476951175358333;mm;0;m3/s;93,26725527777778;bar;0;KVa;-12,953626845222223;cm;82,72812964208333;%;33,291664088918445;cm
2026-01-04 00:00:00.000;151,07064591204227;moh;0;Hz;0;None;0,08979806007833332;m3/s;0;kW;0;rpm;0;KVar;0;%;0,12412979944638888;Mill.m3;89,79992461180515;l/s;0;m3/s;624189,6875;t;45;%;1,938776016;None;98,66895226791118;mKVs;0;None;6,467550066022222;mm;0;m3/s;92,5752075;bar;0;KVa;-12,934828865388889;cm;82,75320065733334;%;33,34165509498152;cm
2026-01-04 01:00:00.000;151,0703968481496;moh;0;Hz;0;None;0,08950000256;m3/s;0;kW;0;rpm;0;KVar;0;%;0,12407999673944445;Mill.m3;89,5;l/s;0;m3/s;624189,6875;t;45;%;1,938776016;None;98,66441723907964;mKVs;0;None;6,480000813966666;mm;0;m3/s;92,59473027777777;bar;0;KVa;-12,959717645277777;cm;82,71999774536111;%;33,29999924;cm
2026-01-04 02:00:00.000;151,07045779427094;moh;0;Hz;0;None;0,089290001615;m3/s;0;kW;0;rpm;0;KVar;0;%;0,12409505235694446;Mill.m3;89,28651571105299;l/s;0;m3/s;624189,6875;t;45;%;1,938776016;None;98,61664737295942;mKVs;0;None;6,476236979333334;mm;0;m3/s;93,684265;bar;0;KVa;-12,953868443333333;cm;82,73003472291667;%;33,26441897527268;cm
2026-01-04 03:00:00.000;151,06979701754443;moh;0;Hz;0;None;0,08966805920291668;m3/s;0;kW;0;rpm;0;KVar;0;%;0,1239542734075;Mill.m3;89,67799539573298;l/s;0;m3/s;624189,6875;t;45;%;1,938776016;None;98,68783969249141;mKVs;0;None;6,5114318000888884;mm;0;m3/s;93,48110194444445;bar;0;KVa;-13,0211851335;cm;82,63618058233334;%;33,3189256234356;cm
2026-01-04 04:00:00.000;151,06990456394124;moh;0;Hz;0;None;0,08954083615;m3/s;0;kW;0;rpm;0;KVar;0;%;0,12397909376527778;Mill.m3;89,54274986303774;l/s;0;m3/s;624189,6875;t;45;%;1,938776016;None;98,71886954354653;mKVs;0;None;6,505226559155555;mm;0;m3/s;93,52320138888889;bar;0;KVa;-13,009902108694444;cm;82,65272755222222;%;33,30610646318554;cm
2026-01-04 05:00:00.000;151,0701676213905;moh;0;Hz;0;None;0,08996667216;m3/s;0;kW;0;rpm;0;KVar;0;%;0,12403684815444443;Mill.m3;89,96669927574892;l/s;0;m3/s;624189,6875;t;45;%;1,938776016;None;98,66889723324583;mKVs;0;None;6,490787930155554;mm;0;m3/s;93,48170777777777;bar;0;KVa;-12,98324585;cm;82,6912322145;%;33,36667165565224;cm
2026-01-04 06:00:00.000;151,07035309105032;moh;0;Hz;0;None;0,08966139246333334;m3/s;0;kW;0;rpm;0;KVar;0;%;0,12407576631388886;Mill.m3;89,65924637525279;l/s;0;m3/s;624189,6875;t;45;%;1,938776016;None;98,74774449369198;mKVs;0;None;6,481058332777778;mm;0;m3/s;93,937675;bar;0;KVa;-12,963786656333333;cm;82,71717728541667;%;33,322749094293066;cm
2026-01-04 07:00:00.000;151,06979703659985;moh;0;Hz;0;None;0,089450002335;m3/s;0;kW;0;rpm;0;KVar;0;%;0,12395594276805555;Mill.m3;89,44999379418282;l/s;0;m3/s;624189,6875;t;45;%;1,938776016;None;98,81283341197293;mKVs;0;None;6,511014302666666;mm;0;m3/s;93,83856583333333;bar;0;KVa;-13,02090962925;cm;82,63729392208333;%;33,29166497779382;cm
2026-01-04 08:00:00.000;151,06989693457348;moh;0;Hz;0;None;0,08930000165999998;m3/s;0;kW;0;rpm;0;KVar;0;%;0,12398000127361113;Mill.m3;89,2999953433465;l/s;0;m3/s;624189,6875;t;45;%;1,938776016;None;98,75992735621483;mKVs;0;None;6,504999796633333;mm;0;m3/s;93,33038527777778;bar;0;KVa;-13,00999959463889;cm;82,65333260572223;%;33,26666555223531;cm
2026-01-04 09:00:00.000;151,0695625263135;moh;0;Hz;0;None;0,08897027835013888;m3/s;0;kW;0;rpm;0;KVar;0;%;0,12391256525749998;Mill.m3;88,97204759284423;l/s;0;m3/s;624189,6875;t;45;%;1,938776016;None;98,7272512259223;mKVs;0;None;6,521858639255556;mm;0;m3/s;93,05688833333333;bar;0;KVa;-13,04427676763889;cm;82,60837525302777;%;33,214420596370715;cm
2026-01-04 10:00:00.000;151,06908422636488;moh;0;Hz;0;None;0,08880333389499999;m3/s;0;kW;0;rpm;0;KVar;0;%;0,12381571451805558;Mill.m3;88,80173048507741;l/s;0;m3/s;624189,6875;t;45;%;1,938776016;None;98,77724948230195;mKVs;0;None;6,546071370466667;mm;0;m3/s;93,65425472222222;bar;0;KVa;-13,091583253333333;cm;82,54380713641666;%;33,18333023728512;cm
2026-01-04 11:00:00.000;151,0689401336711;moh;0;Hz;0;None;0,08878527855097221;m3/s;0;kW;0;rpm;0;KVar;0;%;0,12378631684861112;Mill.m3;88,78699780802263;l/s;0;m3/s;624189,6875;t;45;%;1,938776016;None;98,85224350593283;mKVs;0;None;6,5534210205;mm;0;m3/s;93,55367944444444;bar;0;KVa;-13,106282552222222;cm;82,52420828222222;%;33,18333198725835;cm
2026-01-04 12:00:00.000;151,0686432585998;moh;0;Hz;0;None;0,08882166793083333;m3/s;0;kW;0;rpm;0;KVar;0;%;0,12372924898611111;Mill.m3;88,82525280341832;l/s;0;m3/s;624189,6875;t;45;%;1,938776016;None;98,83943200705964;mKVs;0;None;6,5676879882999994;mm;0;m3/s;93,7698975;bar;0;KVa;-13,135096231666667;cm;82,48616303419445;%;33,19390660346586;cm
2026-01-04 13:00:00.000;151,06822956406728;moh;0;Hz;0;None;0,08898833359083332;m3/s;0;kW;0;rpm;0;KVar;0;%;0,12364588515;Mill.m3;88,9866089758171;l/s;0;m3/s;624189,6875;t;45;%;1,938776016;None;98,78094734321311;mKVs;0;None;6,588528951066667;mm;0;m3/s;92,71154305555555;bar;0;KVa;-13,176778156361111;cm;82,43058713266667;%;33,214435151705025;cm
2026-01-04 14:00:00.000;151,0687936287247;moh;0;Hz;0;None;0,08897861182430557;m3/s;0;kW;0;rpm;0;KVar;0;%;0,12375417034444446;Mill.m3;88,97180098398043;l/s;0;m3/s;624189,6875;t;45;%;1,938776016;None;98,78555558036525;mKVs;0;None;6,561457316133333;mm;0;m3/s;93,53119722222222;bar;0;KVa;-13,121795655666666;cm;82,50277794683333;%;33,20000076;cm
2026-01-04 15:00:00.000;151,06900028844194;moh;0;Hz;0;None;0,08877555595777778;m3/s;0;kW;0;rpm;0;KVar;0;%;0,12380004920000003;Mill.m3;88,77507462988227;l/s;0;m3/s;624189,6875;t;45;%;1,938776016;None;98,80609343153718;mKVs;0;None;6,549987793;mm;0;m3/s;92,31962277777778;bar;0;KVa;-13,09941609775;cm;82,53336334333333;%;33,18943261613952;cm
2026-01-04 16:00:00.000;151,0686195792854;moh;0;Hz;0;None;0,08837305771152777;m3/s;0;kW;0;rpm;0;KVar;0;%;0,12372731654027777;Mill.m3;88,37500148417682;l/s;0;m3/s;624189,6875;t;45;%;1,938776016;None;98,78556880112465;mKVs;0;None;6,568171183333333;mm;0;m3/s;93,50010722222223;bar;0;KVa;-13,13746134325;cm;82,48487430291667;%;33,12500157417177;cm
2026-01-04 17:00:00.000;151,0684389981685;moh;0;Hz;0;None;0,08849166830583334;m3/s;0;kW;0;rpm;0;KVar;0;%;0,12368834655222226;Mill.m3;88,49164722593245;l/s;0;m3/s;624189,6875;t;45;%;1,938776016;None;98,7416704702799;mKVs;0;None;6,577913496177778;mm;0;m3/s;93,48597916666667;bar;0;KVa;-13,156382243055555;cm;82,45889542841667;%;33,14166506921639;cm
2026-01-04 18:00:00.000;151,07048893240176;moh;0;Hz;0;None;0,08837500214749998;m3/s;0;kW;0;rpm;0;KVar;0;%;0,12409130421583332;Mill.m3;88,37501470634145;l/s;0;m3/s;624189,6875;t;45;%;1,938776016;None;98,74166705584189;mKVs;0;None;6,4771736992472215;mm;0;m3/s;93,75075805555555;bar;0;KVa;-12,95296139186111;cm;82,72753531077778;%;33,12500346303175;cm
2026-01-04 19:00:00.000;151,0815052756258;moh;0;Hz;0;None;0,08890472315402775;m3/s;0;kW;0;rpm;0;KVar;0;%;0,12626338688694444;Mill.m3;88,90573750607282;l/s;0;m3/s;624189,6875;t;45;%;1,938776016;None;98,79167395688167;mKVs;0;None;5,934153662727778;mm;0;m3/s;93,46414527777777;bar;0;KVa;-11,854693094361112;cm;84,17559047175;%;33,19612379259679;cm
2026-01-04 20:00:00.000;151,09361108520528;moh;0;Hz;0;None;0,08933833516583332;m3/s;0;kW;0;rpm;0;KVar;0;%;0,12870870493916667;Mill.m3;89,33664541655524;l/s;0;m3/s;624189,6875;t;45;%;1,938776016;None;98,82722619342438;mKVs;0;None;5,322822994572222;mm;0;m3/s;93,838575;bar;0;KVa;-10,640085009166667;cm;85,80580620291667;%;33,27277382049934;cm
2026-01-04 21:00:00.000;151,10009125865676;moh;0;Hz;0;None;0,08941166882916667;m3/s;0;kW;0;rpm;0;KVar;0;%;0,1300137807586111;Mill.m3;89,41336872091031;l/s;0;m3/s;624189,6875;t;45;%;1,938776016;None;98,81221003384066;mKVs;0;None;4,996554056966667;mm;0;m3/s;93,658545;bar;0;KVa;-9,99199761442778;cm;86,67585451419444;%;33,28556087613313;cm
2026-01-04 22:00:00.000;151,10482038728324;moh;0;Hz;0;None;0,08950000256;m3/s;0;kW;0;rpm;0;KVar;0;%;0,13095731321194443;Mill.m3;89,5;l/s;0;m3/s;624189,6875;t;45;%;1,938776016;None;98,87003337335503;mKVs;0;None;4,760672251386111;mm;0;m3/s;93,89330527777778;bar;0;KVa;-9,519407484224999;cm;87,30487437927778;%;33,29999924;cm
2026-01-04 23:00:00.000;151,10760821941352;moh;0;Hz;0;None;0,08950000256;m3/s;0;kW;0;rpm;0;KVar;0;%;0,13151384167527783;Mill.m3;89,5;l/s;0;m3/s;624189,6875;t;45;%;1,938776016;None;98,82057027015597;mKVs;0;None;4,6215396457805555;mm;0;m3/s;93,94123111111111;bar;0;KVa;-9,240578545425;cm;87,67589346441666;%;33,29999924;cm
2026-01-05 00:00:00.000;151,11032767274548;moh;0;Hz;0;None;0,08961666996;m3/s;0;kW;0;rpm;0;KVar;0;%;0,13207273378194445;Mill.m3;89,61667015224003;l/s;0;m3/s;624189,6875;t;45;%;1,938776016;None;98,85000981849632;mKVs;0;None;4,481815761752778;mm;0;m3/s;93,71354555555556;bar;0;KVa;-8,966132270077779;cm;88,04849253469445;%;33,316666677231126;cm
2026-01-05 01:00:00.000;151,1156551524745;moh;0;Hz;0;None;0,08957194745666666;m3/s;0;kW;0;rpm;0;KVar;0;%;0,13311151181805558;Mill.m3;89,57386642773876;l/s;0;m3/s;624189,6875;t;45;%;1,938776016;None;98,87332288035569;mKVs;0;None;4,222121768466667;mm;0;m3/s;93,66892444444444;bar;0;KVa;-8,438411288766666;cm;88,74100848222223;%;33,31055175942494;cm
2026-01-05 02:00:00.000;151,12393411990874;moh;0;Hz;0;None;0,09002500585999999;m3/s;0;kW;0;rpm;0;KVar;0;%;0,13477322124222224;Mill.m3;90,0249845737655;l/s;0;m3/s;624189,6875;t;45;%;1,938776016;None;98,88943393918507;mKVs;0;None;3,8066948783944445;mm;0;m3/s;93,98594305555555;bar;0;KVa;-7,610045539083333;cm;89,84881426505555;%;33,37499826299385;cm
2026-01-05 03:00:00.000;151,13645969050353;moh;0;Hz;0;None;0,09031278424638889;m3/s;0;kW;0;rpm;0;KVar;0;%;0,13727400890416666;Mill.m3;90,31519880030237;l/s;0;m3/s;624189,6875;t;45;%;1,938776016;None;98,89166929387387;mKVs;0;None;3,181497785883333;mm;0;m3/s;93,78523555555556;bar;0;KVa;-6,359104580302778;cm;91,51600551644445;%;33,41053578549009;cm
2026-01-05 04:00:00.000;151,14708921747825;moh;0;Hz;0;None;0,0907250046725;m3/s;0;kW;0;rpm;0;KVar;0;%;0,1393970916911111;Mill.m3;90,72499393142532;l/s;0;m3/s;624189,6875;t;45;%;1,938776016;None;98,86666362091074;mKVs;0;None;2,650727165997222;mm;0;m3/s;93,9590911111111;bar;0;KVa;-5,297003851872223;cm;92,93139563666666;%;33,47499918807383;cm
2026-01-05 05:00:00.000;151,15536247234198;moh;0;Hz;0;None;0,09090000391000001;m3/s;0;kW;0;rpm;0;KVar;0;%;0,14107655440444444;Mill.m3;90,90000094583587;l/s;0;m3/s;624189,6875;t;45;%;1,938776016;None;98,86448879202403;mKVs;0;None;2,230860392347222;mm;0;m3/s;93,72168194444444;bar;0;KVa;-4,465065002469444;cm;94,05103870038889;%;33,50000023500021;cm
2026-01-05 06:00:00.000;151,15852839953473;moh;0;Hz;0;None;0,09102833668416667;m3/s;0;kW;0;rpm;0;KVar;0;%;0,1416977615361111;Mill.m3;91,03192314775599;l/s;0;m3/s;624189,6875;t;45;%;1,938776016;None;98,90218416182357;mKVs;0;None;2,0755598280138887;mm;0;m3/s;93,9697775;bar;0;KVa;-4,1497294109;cm;94,46517425277777;%;33,51884645935181;cm
2026-01-05 07:00:00.000;151,161325261447;moh;0;Hz;0;None;0,09141527952541667;m3/s;0;kW;0;rpm;0;KVar;0;%;0,1422535897013889;Mill.m3;91,41519508571896;l/s;0;m3/s;624189,6875;t;45;%;1,938776016;None;98,89556390095284;mKVs;0;None;1,9366031222638889;mm;0;m3/s;93,67669222222223;bar;0;KVa;-3,8684844969333336;cm;94,83572682266667;%;33,572826362129945;cm
2026-01-05 08:00:00.000;151,16412524276825;moh;0;Hz;0;None;0,09130833546416667;m3/s;0;kW;0;rpm;0;KVar;0;%;0,14282241721583333;Mill.m3;91,308400355817;l/s;0;m3/s;624189,6875;t;45;%;1,938776016;None;98,9083354024898;mKVs;0;None;1,7943954466833334;mm;0;m3/s;93,55716972222223;bar;0;KVa;-3,5882356431527778;cm;95,21494479638889;%;33,55834428049787;cm
2026-01-05 09:00:00.000;151,1658001774515;moh;0;Hz;0;None;0,09078389133105556;m3/s;0;kW;0;rpm;0;KVar;0;%;0,14235423664277777;Mill.m3;91,29112520195046;l/s;0;m3/s;624189,6875;t;45;%;1,9280050381333333;None;98,86666781445795;mKVs;0;None;1,7031067741222223;mm;0;m3/s;93,52953472222222;bar;0;KVa;-3,404823303275;cm;94,90282505963889;%;33,552174028091216;cm
2026-01-05 10:00:00.000;151,16606035233562;moh;0;Hz;0;None;0,09149889039638892;m3/s;0;kW;0;rpm;0;KVar;0;%;0,1432047318025;Mill.m3;91,50137981867579;l/s;0;m3/s;624189,6875;t;45;%;1,938776016;None;98,8986018827796;mKVs;0;None;1,6988160872999998;mm;0;m3/s;93,84660694444445;bar;0;KVa;-3,393461439438889;cm;95,46982246011112;%;33,58533162071603;cm
2026-01-05 11:00:00.000;151,16681012711254;moh;0;Hz;0;None;0,09144833489555557;m3/s;0;kW;0;rpm;0;KVar;0;%;0,1433537860827778;Mill.m3;91,4507484797362;l/s;0;m3/s;624189,6875;t;45;%;1,938776016;None;98,92270359712143;mKVs;0;None;1,6615528528527777;mm;0;m3/s;93,15370916666667;bar;0;KVa;-3,3200327555166664;cm;95,569191954;%;33,583331519359206;cm
2026-01-05 12:00:00.000;151,16781498767344;moh;0;Hz;0;None;0,0917497244786111;m3/s;0;kW;0;rpm;0;KVar;0;%;0,14355657810277778;Mill.m3;91,74757059967925;l/s;0;m3/s;624189,6875;t;45;%;1,938776016;None;98,92198302701128;mKVs;0;None;1,6108555265416666;mm;0;m3/s;92,37754666666666;bar;0;KVa;-3,2197697955416666;cm;95,70438469888889;%;33,608335856938915;cm
2026-01-05 13:00:00.000;151,16818557732628;moh;0;Hz;0;None;0,09177111312944444;m3/s;0;kW;0;rpm;0;KVar;0;%;0,14363694149166667;Mill.m3;91,77271592005289;l/s;0;m3/s;624189,6875;t;45;%;1,938776016;None;98,87007862289069;mKVs;0;None;1,590764787375;mm;0;m3/s;91,46509722222223;bar;0;KVa;-3,1820890636138888;cm;95,7579619075;%;33,62500237971499;cm
2026-01-05 14:00:00.000;151,16935976881675;moh;0;Hz;0;None;0,09184694685666664;m3/s;0;kW;0;rpm;0;KVar;0;%;0,14386993626944444;Mill.m3;91,85002649477583;l/s;0;m3/s;624189,6875;t;45;%;1,938776016;None;98,82500358831953;mKVs;0;None;1,5325164795833333;mm;0;m3/s;93,20831611111112;bar;0;KVa;-3,0644734697333336;cm;95,91329023472223;%;33,63571979906931;cm
2026-01-05 15:00:00.000;151,16944189553874;moh;0;Hz;0;None;0,09184111363152776;m3/s;0;kW;0;rpm;0;KVar;0;%;0,1438875347022222;Mill.m3;91,83922031545666;l/s;0;m3/s;624189,6875;t;45;%;1,938776016;None;98,86666367479877;mKVs;0;None;1,5281168620333334;mm;0;m3/s;93,4133325;bar;0;KVa;-3,0559582178055558;cm;95,92502292927777;%;33,63095901079937;cm
2026-01-05 16:00:00.000;151,16988158756425;moh;0;Hz;0;None;0,09177500196;m3/s;0;kW;0;rpm;0;KVar;0;%;0,1439723813361111;Mill.m3;91,77500000389142;l/s;0;m3/s;624189,6875;t;45;%;1,938776016;None;98,85596139410227;mKVs;0;None;1,506905025875;mm;0;m3/s;93,49402194444444;bar;0;KVa;-3,012699550855556;cm;95,9815865613889;%;33,62500196305471;cm
2026-01-05 17:00:00.000;151,16990971135442;moh;0;Hz;0;None;0,09190916947;m3/s;0;kW;0;rpm;0;KVar;0;%;0,1439909144022222;Mill.m3;91,90830829276948;l/s;0;m3/s;624189,6875;t;45;%;1,938776016;None;98,85475066286402;mKVs;0;None;1,502272287963889;mm;0;m3/s;93,73695194444444;bar;0;KVa;-3,006765577430555;cm;95,99394168566667;%;33,64404558834945;cm
2026-01-05 18:00:00.000;151,17317942463282;moh;0;Hz;0;None;0,09171666925333334;m3/s;0;kW;0;rpm;0;KVar;0;%;0,14462087629694442;Mill.m3;91,71503825442524;l/s;0;m3/s;624189,6875;t;45;%;1,938776016;None;98,87499421483967;mKVs;0;None;1,3447803919055556;mm;0;m3/s;93,72221055555555;bar;0;KVa;-2,6834487914166667;cm;96,41391913033333;%;33,6226279993769;cm
2026-01-05 19:00:00.000;151,176545903631;moh;0;Hz;0;None;0,09183139122402778;m3/s;0;kW;0;rpm;0;KVar;0;%;0,14530300484055553;Mill.m3;91,83144549535658;l/s;0;m3/s;624189,6875;t;45;%;1,938776016;None;98,97499916029648;mKVs;0;None;1,174248589461111;mm;0;m3/s;93,93058361111112;bar;0;KVa;-2,345992194475;cm;96,86867037986111;%;33,625006462985844;cm
2026-01-05 20:00:00.000;151,17965276564559;moh;0;Hz;0;None;0,09190722501333333;m3/s;0;kW;0;rpm;0;KVar;0;%;0,14592191227833334;Mill.m3;91,90823965343151;l/s;0;m3/s;624189,6875;t;45;%;1,938776016;None;98,93806441901773;mKVs;0;None;1,0195223489108334;mm;0;m3/s;93,97321833333334;bar;0;KVa;-2,0351579455611115;cm;97,28127396888888;%;33,64403578294392;cm
2026-01-05 21:00:00.000;151,18182230851667;moh;0;Hz;0;None;0,09230000526;m3/s;0;kW;0;rpm;0;KVar;0;%;0,14635803751083334;Mill.m3;92,30000305;l/s;0;m3/s;624189,6875;t;45;%;1,938776016;None;99,03333401775951;mKVs;0;None;0,9104898240930556;mm;0;m3/s;93,8505975;bar;0;KVa;-1,8181949190555555;cm;97,57202900694445;%;33,70000076;cm
2026-01-05 22:00:00.000;151,18376399446907;moh;0;Hz;0;None;0,09223333746416666;m3/s;0;kW;0;rpm;0;KVar;0;%;0,14675057645361111;Mill.m3;92,2333212433112;l/s;0;m3/s;624189,6875;t;45;%;1,938776016;None;98,9701694555758;mKVs;0;None;0,8123546176599998;mm;0;m3/s;93,78116388888888;bar;0;KVa;-1,623874240411111;cm;97,83372101416667;%;33,691665332811645;cm
2026-01-05 23:00:00.000;151,18530604789322;moh;0;Hz;0;None;0,09230000526;m3/s;0;kW;0;rpm;0;KVar;0;%;0,1470524657325;Mill.m3;92,30000305;l/s;0;m3/s;624189,6875;t;45;%;1,938776016;None;98,97500141026204;mKVs;0;None;0,7368829515297223;mm;0;m3/s;93,13551694444445;bar;0;KVa;-1,470989651425;cm;98,03497729938888;%;33,70000076;cm
2026-01-06 00:00:00.000;151,187783453614;moh;0;Hz;0;None;0,09241167104263887;m3/s;0;kW;0;rpm;0;KVar;0;%;0,14754863391777776;Mill.m3;92,41416492745584;l/s;0;m3/s;624189,6875;t;45;%;1,938776016;None;98,983342669311;mKVs;0;None;0,6128417121033334;mm;0;m3/s;92,45064305555556;bar;0;KVa;-1,2237379286691665;cm;98,36575493122223;%;33,71902749856696;cm
2026-01-06 01:00:00.000;151,19897300421448;moh;0;Hz;0;None;0,09292250060180553;m3/s;0;kW;0;rpm;0;KVar;0;%;0,1497589345286111;Mill.m3;92,92518432035725;l/s;0;m3/s;624189,6875;t;45;%;1,938776016;None;99,0380534989698;mKVs;0;None;0,13084496392148892;mm;0;m3/s;93,67225722222223;bar;0;KVa;-0,10442097981188332;cm;99,83929190655556;%;33,80235865514048;cm
2026-01-06 02:00:00.000;151,218809235391;moh;0;Hz;0;None;0,09360277727152777;m3/s;0;kW;0;rpm;0;KVar;0;%;0,15370958919277777;Mill.m3;93,60024135284444;l/s;0;m3/s;624189,6875;t;45;%;1,938776016;None;99,09999768997075;mKVs;0;None;0;mm;0;m3/s;93,58284111111111;bar;0;KVa;1,876462300691111;cm;102,47305979972222;%;33,894022875852016;cm
2026-01-06 03:00:00.000;151,24243801449379;moh;0;Hz;0;None;0,09464805569208333;m3/s;0;kW;0;rpm;0;KVar;0;%;0,15842971789805554;Mill.m3;94,65546907573307;l/s;0;m3/s;624189,6875;t;45;%;1,938776016;None;99,04999684614766;mKVs;0;None;0;mm;0;m3/s;93,51248277777778;bar;0;KVa;4,236522250833333;cm;105,61981255416667;%;34,04402506370643;cm
2026-01-06 04:00:00.000;151,2610538909195;moh;0;Hz;0;None;0,09528777839666666;m3/s;0;kW;0;rpm;0;KVar;0;%;0,16218524359027778;Mill.m3;95,2916790750687;l/s;0;m3/s;624189,6875;t;45;%;1,938776016;None;99,08568364420675;mKVs;0;None;0;mm;0;m3/s;93,89858222222222;bar;0;KVa;6,102896796363888;cm;108,12349588166667;%;34,141669819143715;cm
2026-01-06 05:00:00.000;151,27097709128222;moh;0;Hz;0;None;0,0958108347326111;m3/s;0;kW;0;rpm;0;KVar;0;%;0,16417838062055554;Mill.m3;95,81363669542077;l/s;0;m3/s;624189,6875;t;45;%;1,938776016;None;99,11431048129289;mKVs;0;None;0;mm;0;m3/s;92,46008861111112;bar;0;KVa;7,095298767172221;cm;109,45225408833333;%;34,21068218240475;cm
2026-01-06 06:00:00.000;151,277081745578;moh;0;Hz;0;None;0,09616666783666666;m3/s;0;kW;0;rpm;0;KVar;0;%;0,1654158064133333;Mill.m3;96,16666804667176;l/s;0;m3/s;624189,6875;t;45;%;1,938776016;None;99,10234799566763;mKVs;0;None;0;mm;0;m3/s;93,64946611111111;bar;0;KVa;7,709291246094445;cm;110,27720781972222;%;34,266666246669196;cm
2026-01-06 07:00:00.000;151,27847451066603;moh;0;Hz;0;None;0,09599166860166666;m3/s;0;kW;0;rpm;0;KVar;0;%;0,16569267883777777;Mill.m3;95,99166453141261;l/s;0;m3/s;624189,6875;t;45;%;1,938776016;None;99,10855480408482;mKVs;0;None;0;mm;0;m3/s;93,28120388888888;bar;0;KVa;7,847179836775001;cm;110,46178926111111;%;34,24166601556738;cm
2026-01-06 08:00:00.000;151,28469733309376;moh;0;Hz;0;None;0,09568250247833333;m3/s;0;kW;0;rpm;0;KVar;0;%;0,1669256429336111;Mill.m3;95,68559139625968;l/s;0;m3/s;624189,6875;t;45;%;1,938776016;None;99,08802805032468;mKVs;0;None;0;mm;0;m3/s;94,20118583333333;bar;0;KVa;8,465881347566665;cm;111,28376060694444;%;34,20234744655204;cm
2026-01-06 09:00:00.000;151,29576166461328;moh;0;Hz;0;None;0,0958925019126111;m3/s;0;kW;0;rpm;0;KVar;0;%;0,16912497579500002;Mill.m3;95,89418423840355;l/s;0;m3/s;624189,6875;t;45;%;1,938776016;None;99,12265501858941;mKVs;0;None;0;mm;0;m3/s;91,91999388888888;bar;0;KVa;9,571931626780557;cm;112,7499848063889;%;34,23333361444402;cm
2026-01-06 10:00:00.000;151,3075115920594;moh;0;Hz;0;None;0,0963980557148611;m3/s;0;kW;0;rpm;0;KVar;0;%;0,17147714370527775;Mill.m3;96,40001650132359;l/s;0;m3/s;624189,6875;t;45;%;1,938776016;None;99,13333497441897;mKVs;0;None;0;mm;0;m3/s;93,4335988888889;bar;0;KVa;10,747744242861112;cm;114,31809647972223;%;34,3000016963786;cm
2026-01-06 11:00:00.000;151,31773617186425;moh;0;Hz;0;None;0,09688027583513889;m3/s;0;kW;0;rpm;0;KVar;0;%;0,17351663118166666;Mill.m3;96,88308030713529;l/s;0;m3/s;624189,6875;t;45;%;1,938776016;None;99,10833958176443;mKVs;0;None;0;mm;0;m3/s;93,5672675;bar;0;KVa;11,768879360694445;cm;115,677755765;%;34,36901237592018;cm
2026-01-06 12:00:00.000;151,32680199426835;moh;0;Hz;0;None;0,09723805352333335;m3/s;0;kW;0;rpm;0;KVar;0;%;0,1753427200877778;Mill.m3;97,23743970258582;l/s;0;m3/s;624189,6875;t;45;%;1,938776016;None;99,15000035826205;mKVs;0;None;0;mm;0;m3/s;93,53604805555555;bar;0;KVa;12,67831166588889;cm;116,89514732277777;%;34,419004350363515;cm
2026-01-06 13:00:00.000;151,33331625388072;moh;0;Hz;0;None;0,0976250004;m3/s;0;kW;0;rpm;0;KVar;0;%;0,17664432937638888;Mill.m3;97,62510165565267;l/s;0;m3/s;624189,6875;t;45;%;1,938776016;None;99,08332211180311;mKVs;0;None;0;mm;0;m3/s;93,63499861111111;bar;0;KVa;13,328827752305555;cm;117,76288669166667;%;34,475014632281976;cm
2026-01-06 14:00:00.000;151,3399179994895;moh;0;Hz;0;None;0,0978000015;m3/s;0;kW;0;rpm;0;KVar;0;%;0,17800007382111113;Mill.m3;97,80000305;l/s;0;m3/s;624189,6875;t;45;%;1,938776016;None;99,02368555427213;mKVs;0;None;0;mm;0;m3/s;93,60784222222222;bar;0;KVa;14,000595941722223;cm;118,66671466444444;%;34,5;cm
2026-01-06 15:00:00.000;151,34430837884625;moh;0;Hz;0;None;0,0977416678;m3/s;0;kW;0;rpm;0;KVar;0;%;0,1788525110738889;Mill.m3;97,74166019605131;l/s;0;m3/s;624189,6875;t;45;%;1,938776016;None;99,11065544353436;mKVs;0;None;0;mm;0;m3/s;93,87733;bar;0;KVa;14,428757560194445;cm;119,2350091575;%;34,491665488631085;cm
2026-01-06 16:00:00.000;151,34823924456074;moh;0;Hz;0;None;0,0978000015;m3/s;0;kW;0;rpm;0;KVar;0;%;0,1796422997972222;Mill.m3;97,80000305;l/s;0;m3/s;624189,6875;t;45;%;1,938776016;None;99,06642355401593;mKVs;0;None;0;mm;0;m3/s;93,8560936111111;bar;0;KVa;14,822811549972222;cm;119,76153255138888;%;34,5;cm
2026-01-06 17:00:00.000;151,35190405762873;moh;0;Hz;0;None;0,09781361193097222;m3/s;0;kW;0;rpm;0;KVar;0;%;0,18037693848833336;Mill.m3;97,81616359344672;l/s;0;m3/s;624189,6875;t;45;%;1,938776016;None;99,0356435757565;mKVs;0;None;0;mm;0;m3/s;93,65163583333333;bar;0;KVa;15,18930647236111;cm;120,25129483361111;%;34,502309121355445;cm
2026-01-06 18:00:00.000;151,35454594004125;moh;0;Hz;0;None;0,097891389225;m3/s;0;kW;0;rpm;0;KVar;0;%;0,1809060663561111;Mill.m3;97,88432970395635;l/s;0;m3/s;624189,6875;t;45;%;1,938776016;None;99,04306905105973;mKVs;0;None;0;mm;0;m3/s;92,78425305555555;bar;0;KVa;15,45359293663889;cm;120,60404466222222;%;34,512047515712176;cm
2026-01-06 19:00:00.000;151,35664555992278;moh;0;Hz;0;None;0,09758027789666666;m3/s;0;kW;0;rpm;0;KVar;0;%;0,18131981057972224;Mill.m3;97,58281262896341;l/s;0;m3/s;624189,6875;t;45;%;1,938776016;None;99,06295278452725;mKVs;0;None;0;mm;0;m3/s;93,83609527777777;bar;0;KVa;15,664070975583334;cm;120,8798735911111;%;34,468973474713096;cm
2026-01-06 20:00:00.000;151,358186397357;moh;0;Hz;0;None;0,09762694485666668;m3/s;0;kW;0;rpm;0;KVar;0;%;0,1816354319505556;Mill.m3;97,62498732157124;l/s;0;m3/s;624189,6875;t;45;%;1,938776016;None;99,01436075034418;mKVs;0;None;0;mm;0;m3/s;94,03671527777777;bar;0;KVa;15,819384258527778;cm;121,0902846125;%;34,47499829919854;cm
2026-01-06 21:00:00.000;151,35641509410925;moh;0;Hz;0;None;0,09768527855666667;m3/s;0;kW;0;rpm;0;KVar;0;%;0,18128912409833337;Mill.m3;97,68339550928071;l/s;0;m3/s;624189,6875;t;45;%;1,938776016;None;99,06896697035663;mKVs;0;None;0;mm;0;m3/s;93,84283305555556;bar;0;KVa;15,64233568036111;cm;120,85941441277778;%;34,48334214375798;cm
2026-01-06 22:00:00.000;151,34803103993448;moh;0;Hz;0;None;0,09736833234763889;m3/s;0;kW;0;rpm;0;KVar;0;%;0,17962998076833336;Mill.m3;97,3625601472202;l/s;0;m3/s;624189,6875;t;45;%;1,938776016;None;99,03333507104401;mKVs;0;None;0;mm;0;m3/s;93,87674555555556;bar;0;KVa;14,80692969511111;cm;119,7533211486111;%;34,439359788920534;cm
2026-01-06 23:00:00.000;151,33619441724426;moh;0;Hz;0;None;0,09696388724416667;m3/s;0;kW;0;rpm;0;KVar;0;%;0,17726379569861112;Mill.m3;96,96517778983554;l/s;0;m3/s;624189,6875;t;45;%;1,938776016;None;99,05372101138929;mKVs;0;None;0;mm;0;m3/s;93,75199166666667;bar;0;KVa;13,623004489722222;cm;118,17586283055556;%;34,389360801297734;cm
2026-01-07 00:00:00.000;151,32285893568482;moh;0;Hz;0;None;0,09679472098347223;m3/s;0;kW;0;rpm;0;KVar;0;%;0,17460918008611112;Mill.m3;96,79687894979105;l/s;0;m3/s;624189,6875;t;45;%;1,938776016;None;99,00461090167434;mKVs;0;None;0;mm;0;m3/s;94,04313416666666;bar;0;KVa;12,289589776416667;cm;116,40611974555556;%;34,350000579448896;cm
2026-01-07 01:00:00.000;151,31003092236836;moh;0;Hz;0;None;0,09662749915961111;m3/s;0;kW;0;rpm;0;KVar;0;%;0,1720336491452778;Mill.m3;96,6333359813789;l/s;0;m3/s;624189,6875;t;45;%;1,938776016;None;99,02707755259395;mKVs;0;None;0;mm;0;m3/s;93,91988555555555;bar;0;KVa;11,006537543166667;cm;114,68909919361111;%;34,33333395997581;cm
2026-01-07 02:00:00.000;151,30003381339284;moh;0;Hz;0;None;0,09615694561550002;m3/s;0;kW;0;rpm;0;KVar;0;%;0,1700143003872222;Mill.m3;96,15810316121352;l/s;0;m3/s;624189,6875;t;45;%;1,938776016;None;98,998579354467;mKVs;0;None;0;mm;0;m3/s;94,0833225;bar;0;KVa;10,006879170072223;cm;113,3428674625;%;34,264370837115514;cm
2026-01-07 03:00:00.000;151,28974005653902;moh;0;Hz;0;None;0,09581472389461113;m3/s;0;kW;0;rpm;0;KVar;0;%;0,16797202039944442;Mill.m3;95,81518589739609;l/s;0;m3/s;624189,6875;t;45;%;1,938776016;None;99,09165278715648;mKVs;0;None;0;mm;0;m3/s;93,48017833333333;bar;0;KVa;8,979064093874998;cm;111,98134836194444;%;34,22500146331687;cm
2026-01-07 04:00:00.000;151,280375391367;moh;0;Hz;0;None;0,0956863903141111;m3/s;0;kW;0;rpm;0;KVar;0;%;0,1660855202238889;Mill.m3;95,68605138602943;l/s;0;m3/s;624189,6875;t;45;%;1,938776016;None;98,95976514315026;mKVs;0;None;0;mm;0;m3/s;93,36534833333333;bar;0;KVa;8,039432101674999;cm;110,72367872583334;%;34,18333579275568;cm
2026-01-07 05:00:00.000;151,274314094452;moh;0;Hz;0;None;0,09545500133844445;m3/s;0;kW;0;rpm;0;KVar;0;%;0,16487738511805555;Mill.m3;95,45260085459114;l/s;0;m3/s;624189,6875;t;45;%;1,938776016;None;98,91062767153642;mKVs;0;None;0;mm;0;m3/s;93,6488625;bar;0;KVa;7,433696322983334;cm;109,91825803611111;%;34,15603665488333;cm
2026-01-07 06:00:00.000;151,26643434325973;moh;0;Hz;0;None;0,09538889001899999;m3/s;0;kW;0;rpm;0;KVar;0;%;0,16329649130388887;Mill.m3;95,39026352109141;l/s;0;m3/s;624189,6875;t;45;%;1,938776016;None;98,9583352208142;mKVs;0;None;0;mm;0;m3/s;93,3083875;bar;0;KVa;6,646580166402778;cm;108,86432846972222;%;34,16896548484697;cm
2026-01-07 07:00:00.000;151,26107647786725;moh;0;Hz;0;None;0,09516138871333334;m3/s;0;kW;0;rpm;0;KVar;0;%;0,1622411353063889;Mill.m3;95,15891756754591;l/s;0;m3/s;624189,6875;t;45;%;1,938776016;None;98,92729402825152;mKVs;0;None;0;mm;0;m3/s;93,66207777777778;bar;0;KVa;6,109742058647221;cm;108,16075530555555;%;34,12270430376499;cm
2026-01-07 08:00:00.000;151,2589234769285;moh;0;Hz;0;None;0,09494166573083333;m3/s;0;kW;0;rpm;0;KVar;0;%;0,16177973100833334;Mill.m3;94,9416750874644;l/s;0;m3/s;624189,6875;t;45;%;1,938776016;None;98,93333238114127;mKVs;0;None;0;mm;0;m3/s;93,82231333333333;bar;0;KVa;5,8932071264;cm;107,85315690833333;%;34,09166993252672;cm
2026-01-07 09:00:00.000;151,266381891411;moh;0;Hz;0;None;0,09518861110666667;m3/s;0;kW;0;rpm;0;KVar;0;%;0,16324766340555558;Mill.m3;95,19104486108216;l/s;0;m3/s;624189,6875;t;45;%;1,938776016;None;98,9833312550357;mKVs;0;None;0;mm;0;m3/s;94,08041138888889;bar;0;KVa;6,6341103447166665;cm;108,83177533527778;%;34,12729381687769;cm
2026-01-07 10:00:00.000;151,2810343680965;moh;0;Hz;0;None;0,09584389037166666;m3/s;0;kW;0;rpm;0;KVar;0;%;0,16621154664916665;Mill.m3;95,84403598837774;l/s;0;m3/s;624189,6875;t;45;%;1,938776016;None;98,97495527207909;mKVs;0;None;0;mm;0;m3/s;92,47602527777778;bar;0;KVa;8,11744266083611;cm;110,8076987975;%;34,22367234427581;cm
2026-01-07 11:00:00.000;151,29555451643952;moh;0;Hz;0;None;0,09654388841258332;m3/s;0;kW;0;rpm;0;KVar;0;%;0,169130697505;Mill.m3;96,54869624049552;l/s;0;m3/s;624189,6875;t;45;%;1,938776016;None;98,94648612513515;mKVs;0;None;0;mm;0;m3/s;91,93521194444445;bar;0;KVa;9,551459417908331;cm;112,75379870527777;%;34,32124215118932;cm
2026-01-07 12:00:00.000;151,30663838778312;moh;0;Hz;0;None;0,09708444215027777;m3/s;0;kW;0;rpm;0;KVar;0;%;0,17132286129972224;Mill.m3;97,08388197809518;l/s;0;m3/s;624189,6875;t;45;%;1,938776016;None;98,92764179821864;mKVs;0,31666666666666665;None;0;mm;0;m3/s;91,56606055555555;bar;0;KVa;10,660875106222223;cm;114,21524030166667;%;34,38333348164377;cm
2026-01-07 13:00:00.000;151,3070068;moh;0;Hz;0;None;0,0968672195625;m3/s;0;kW;0;rpm;0;KVar;0;%;0,1710679618083333;Mill.m3;97,09999847;l/s;0;m3/s;624189,6875;t;45;%;1,938776016;None;98,90000153;mKVs;1;None;0;mm;0;m3/s;95;bar;0;KVa;10,70068359;cm;114,04530840833333;%;34,40000153;cm
2026-01-07 14:00:00.000;151,3070068;moh;0;Hz;0;None;0,0970999971;m3/s;0;kW;0;rpm;0;KVar;0;%;0,1714013666;Mill.m3;97,09999847;l/s;0;m3/s;624189,6875;t;45;%;1,938776016;None;98,90000153;mKVs;1;None;0;mm;0;m3/s;95;bar;0;KVa;10,70068359;cm;114,2675781;%;34,40000153;cm
2026-01-07 15:00:00.000;151,3070068;moh;0;Hz;0;None;0,0970999971;m3/s;0;kW;0;rpm;0;KVar;0;%;0,1714013666;Mill.m3;97,09999847;l/s;0;m3/s;624189,6875;t;45;%;1,938776016;None;98,90000153;mKVs;1;None;0;mm;0;m3/s;95;bar;0;KVa;10,70068359;cm;114,2675781;%;34,40000153;cm
2026-01-07 16:00:00.000;151,3070068;moh;0;Hz;0;None;0,0970999971;m3/s;0;kW;0;rpm;0;KVar;0;%;0,1714013666;Mill.m3;97,09999847;l/s;0;m3/s;624189,6875;t;45;%;1,938776016;None;98,90000153;mKVs;1;None;0;mm;0;m3/s;95;bar;0;KVa;10,70068359;cm;114,2675781;%;34,40000153;cm
2026-01-07 17:00:00.000;151,3070068;moh;0;Hz;0;None;0,0970999971;m3/s;0;kW;0;rpm;0;KVar;0;%;0,1714013666;Mill.m3;97,09999847;l/s;0;m3/s;624189,6875;t;45;%;1,938776016;None;98,90000153;mKVs;1;None;0;mm;0;m3/s;95;bar;0;KVa;10,70068359;cm;114,2675781;%;34,40000153;cm
2026-01-07 18:00:00.000;151,3070068;moh;0;Hz;0;None;0,0970999971;m3/s;0;kW;0;rpm;0;KVar;0;%;0,1714013666;Mill.m3;97,09999847;l/s;0;m3/s;624189,6875;t;45;%;1,938776016;None;98,90000153;mKVs;1;None;0;mm;0;m3/s;95;bar;0;KVa;10,70068359;cm;114,2675781;%;34,40000153;cm
2026-01-07 19:00:00.000;151,3070068;moh;0;Hz;0;None;0,0970999971;m3/s;0;kW;0;rpm;0;KVar;0;%;0,1714013666;Mill.m3;97,09999847;l/s;0;m3/s;624189,6875;t;45;%;1,938776016;None;98,90000153;mKVs;1;None;0;mm;0;m3/s;95;bar;0;KVa;10,70068359;cm;114,2675781;%;34,40000153;cm
2026-01-07 20:00:00.000;151,3070068;moh;0;Hz;0;None;0,0970999971;m3/s;0;kW;0;rpm;0;KVar;0;%;0,1714013666;Mill.m3;97,09999847;l/s;0;m3/s;624189,6875;t;45;%;1,938776016;None;98,90000153;mKVs;1;None;0;mm;0;m3/s;95;bar;0;KVa;10,70068359;cm;114,2675781;%;34,40000153;cm
2026-01-07 21:00:00.000;151,3070068;moh;0;Hz;0;None;0,0970999971;m3/s;0;kW;0;rpm;0;KVar;0;%;0,1714013666;Mill.m3;97,09999847;l/s;0;m3/s;624189,6875;t;45;%;1,938776016;None;98,90000153;mKVs;1;None;0;mm;0;m3/s;95;bar;0;KVa;10,70068359;cm;114,2675781;%;34,40000153;cm
2026-01-07 22:00:00.000;151,3070068;moh;0;Hz;0;None;0,0970999971;m3/s;0;kW;0;rpm;0;KVar;0;%;0,1714013666;Mill.m3;97,09999847;l/s;0;m3/s;624189,6875;t;45;%;1,938776016;None;98,90000153;mKVs;1;None;0;mm;0;m3/s;95;bar;0;KVa;10,70068359;cm;114,2675781;%;34,40000153;cm
2026-01-07 23:00:00.000;151,3070068;moh;0;Hz;0;None;0,0970999971;m3/s;0;kW;0;rpm;0;KVar;0;%;0,1714013666;Mill.m3;97,09999847;l/s;0;m3/s;624189,6875;t;45;%;1,938776016;None;98,90000153;mKVs;1;None;0;mm;0;m3/s;95;bar;0;KVa;10,70068359;cm;114,2675781;%;34,40000153;cm
2026-01-08 00:00:00.000;151,3070068;moh;0;Hz;0;None;0,0970999971;m3/s;0;kW;0;rpm;0;KVar;0;%;0,1714013666;Mill.m3;97,09999847;l/s;0;m3/s;624189,6875;t;45;%;1,938776016;None;98,90000153;mKVs;1;None;0;mm;0;m3/s;95;bar;0;KVa;10,70068359;cm;114,2675781;%;34,40000153;cm
2026-01-08 01:00:00.000;151,3070068;moh;0;Hz;0;None;0,0970999971;m3/s;0;kW;0;rpm;0;KVar;0;%;0,1714013666;Mill.m3;97,09999847;l/s;0;m3/s;624189,6875;t;45;%;1,938776016;None;98,90000153;mKVs;1;None;0;mm;0;m3/s;95;bar;0;KVa;10,70068359;cm;114,2675781;%;34,40000153;cm
2026-01-08 02:00:00.000;151,3070068;moh;0;Hz;0;None;0,0970999971;m3/s;0;kW;0;rpm;0;KVar;0;%;0,1714013666;Mill.m3;95,34209094720163;l/s;0;m3/s;624189,6875;t;45;%;1,938776016;None;98,90000153;mKVs;1;None;0;mm;0;m3/s;93,88606916666667;bar;0;KVa;10,70068359;cm;114,2675781;%;34,40000153;cm
2026-01-08 03:00:00.000;151,23858177449884;moh;0;Hz;0;None;0,0970999971;m3/s;0;kW;0;rpm;0;KVar;0;%;0,1714013666;Mill.m3;94,27772871066152;l/s;0;m3/s;624189,6875;t;45;%;1,938776016;None;98,90000153;mKVs;1;None;0;mm;0;m3/s;93,55800472222222;bar;0;KVa;10,70068359;cm;114,2675781;%;34,40000153;cm
2026-01-08 04:00:00.000;151,2299957;moh;0;Hz;0;None;0,0970999971;m3/s;0;kW;0;rpm;0;KVar;0;%;0,1714013666;Mill.m3;93,59999847;l/s;0;m3/s;624189,6875;t;45;%;1,938776016;None;98,90000153;mKVs;1;None;0;mm;0;m3/s;94,22897694444444;bar;0;KVa;10,70068359;cm;114,2675781;%;34,40000153;cm
2026-01-08 05:00:00.000;151,2299957;moh;0;Hz;0;None;0,0970999971;m3/s;0;kW;0;rpm;0;KVar;0;%;0,1714013666;Mill.m3;93,59999847;l/s;0;m3/s;624189,6875;t;45;%;1,938776016;None;98,90000153;mKVs;1;None;0;mm;0;m3/s;92,89433861111111;bar;0;KVa;10,70068359;cm;114,2675781;%;34,40000153;cm
2026-01-08 06:00:00.000;151,2299957;moh;0;Hz;0;None;0,0970999971;m3/s;0;kW;0;rpm;0;KVar;0;%;0,1714013666;Mill.m3;93,59999847;l/s;0;m3/s;624189,6875;t;45;%;1,938776016;None;98,90000153;mKVs;1;None;0;mm;0;m3/s;94,16315833333333;bar;0;KVa;10,70068359;cm;114,2675781;%;34,40000153;cm
2026-01-08 07:00:00.000;151,2299957;moh;0;Hz;0;None;0,09715444188666666;m3/s;0;kW;0;rpm;0;KVar;0;%;0,17093459989166668;Mill.m3;93,59999847;l/s;0;m3/s;624189,6875;t;45;%;1,938776016;None;98,90000153;mKVs;1;None;0;mm;0;m3/s;93,97432416666666;bar;0;KVa;10,70068359;cm;113,95640053166667;%;34,40000153;cm
2026-01-08 08:00:00.000;151,22084501091229;moh;0;Hz;0;None;0,09612055348169443;m3/s;0;kW;0;rpm;0;KVar;0;%;0,1674621486425;Mill.m3;93,45085787983574;l/s;0;m3/s;624189,6875;t;45;%;1,938776016;None;98,9239022198694;mKVs;0,7638888888888888;None;0;mm;0;m3/s;93,99746833333333;bar;0;KVa;8,689125905902777;cm;111,64143295;%;34,26289565473332;cm
2026-01-08 09:00:00.000;151,22070200770952;moh;0;Hz;0;None;0,09309222209638887;m3/s;0;kW;0;rpm;0;KVar;0;%;0,15414707224722224;Mill.m3;93,09223447445991;l/s;0;m3/s;624189,6875;t;45;%;1,938776016;None;99,005221672764;mKVs;0;None;0;mm;0;m3/s;93,79448;bar;0;KVa;2,071037292408333;cm;102,76471828;%;33,8166216206438;cm
2026-01-08 10:00:00.000;151,2186661738285;moh;0;Hz;0;None;0,09265694688555555;m3/s;0;kW;0;rpm;0;KVar;0;%;0,15373377690583334;Mill.m3;92,65363951409931;l/s;0;m3/s;624189,6875;t;45;%;1,938776016;None;99,0749978780505;mKVs;0;None;0;mm;0;m3/s;94,50184861111111;bar;0;KVa;1,8666076662500002;cm;102,48918258444445;%;33,765733371960216;cm
2026-01-08 11:00:00.000;151,21659935097398;moh;0;Hz;0;None;0,09240000446833332;m3/s;0;kW;0;rpm;0;KVar;0;%;0,1533351485847222;Mill.m3;92,39999996334052;l/s;0;m3/s;624189,6875;t;45;%;1,938776016;None;98,99906840314254;mKVs;0;None;0;mm;0;m3/s;93,63983888888889;bar;0;KVa;1,6625807021444443;cm;102,22343058277778;%;33,716666701118285;cm
2026-01-08 12:00:00.000;151,21500937215473;moh;0;Hz;0;None;0,09268166894666667;m3/s;0;kW;0;rpm;0;KVar;0;%;0,15299670761666667;Mill.m3;92,68367358551453;l/s;0;m3/s;624189,6875;t;45;%;1,938776016;None;99,01293290645012;mKVs;0;None;0;mm;0;m3/s;95,1763938888889;bar;0;KVa;1,5005662705777778;cm;101,99780566111112;%;33,76760576016615;cm
2026-01-08 13:00:00.000;151,21449045248877;moh;0;Hz;0;None;0,09253166808288889;m3/s;0;kW;0;rpm;0;KVar;0;%;0,15247786740166666;Mill.m3;92,78875571197463;l/s;0;m3/s;624189,6875;t;45;%;1,933390527066667;None;98,99674635858408;mKVs;0;None;0;mm;0;m3/s;93,54944611111111;bar;0;KVa;1,4453218247055555;cm;101,6519132275;%;33,78333621550404;cm
2026-01-08 14:00:00.000;151,2137986057205;moh;0;Hz;0;None;0,09285000090583333;m3/s;0;kW;0;rpm;0;KVar;0;%;0,15275972919;Mill.m3;92,8500096566464;l/s;0;m3/s;624189,6875;t;45;%;1,938776016;None;99,0598899725583;mKVs;0;None;0;mm;0;m3/s;94,53556277777778;bar;0;KVa;1,3804117836972223;cm;101,8398219088889;%;33,791667366646394;cm
2026-01-08 15:00:00.000;151,2134699551665;moh;0;Hz;0;None;0,09274055738319444;m3/s;0;kW;0;rpm;0;KVar;0;%;0,1527048134488889;Mill.m3;92,73737861000785;l/s;0;m3/s;624189,6875;t;45;%;1,938776016;None;98,9466527568079;mKVs;0;None;0;mm;0;m3/s;94,3610186111111;bar;0;KVa;1,3476774425777778;cm;101,80321125138889;%;33,77671587169036;cm
2026-01-08 16:00:00.000;151,21261892983625;moh;0;Hz;0;None;0,09286361208222223;m3/s;0;kW;0;rpm;0;KVar;0;%;0,15251241592055556;Mill.m3;92,86198123370633;l/s;0;m3/s;624189,6875;t;45;%;1,938776016;None;98,96323889561509;mKVs;0;None;0;mm;0;m3/s;92,92727;bar;0;KVa;1,2612194482555554;cm;101,67494538111112;%;33,78994597614526;cm
2026-01-08 17:00:00.000;151,2118723226865;moh;0;Hz;0;None;0,0927302796798611;m3/s;0;kW;0;rpm;0;KVar;0;%;0,15238143525388886;Mill.m3;92,72831121815298;l/s;0;m3/s;624189,6875;t;45;%;1,938776016;None;98,96838926142948;mKVs;0;None;0;mm;0;m3/s;94,64742916666667;bar;0;KVa;1,1876636078305556;cm;101,58762506583334;%;33,77673120479062;cm
2026-01-08 18:00:00.000;151,21032146438176;moh;0;Hz;0;None;0,09273833512319446;m3/s;0;kW;0;rpm;0;KVar;0;%;0,1520781840877778;Mill.m3;92,73959993635172;l/s;0;m3/s;624189,6875;t;45;%;1,938776016;None;98,96493750868655;mKVs;0;None;0;mm;0;m3/s;94,51256527777778;bar;0;KVa;1,0329861112416665;cm;101,38545786555555;%;33,773265979685064;cm
2026-01-08 19:00:00.000;151,20986830039328;moh;0;Hz;0;None;0,09265000248916665;m3/s;0;kW;0;rpm;0;KVar;0;%;0,1519624454338889;Mill.m3;92,64993433017183;l/s;0;m3/s;624189,6875;t;45;%;1,938776016;None;98,94338589315333;mKVs;0;None;0;mm;0;m3/s;93,90033361111111;bar;0;KVa;0,9862094457888889;cm;101,30829962583333;%;33,758321901282955;cm
2026-01-08 20:00:00.000;151,20842299195755;moh;0;Hz;0;None;0,09251167025097222;m3/s;0;kW;0;rpm;0;KVar;0;%;0,15170221086805555;Mill.m3;92,51042601692713;l/s;0;m3/s;624189,6875;t;45;%;1,938776016;None;98,90000949960015;mKVs;0;None;0;mm;0;m3/s;94,47826472222222;bar;0;KVa;0,8433193631866666;cm;101,13480853944445;%;33,735070810260474;cm
2026-01-08 21:00:00.000;151,20698457389312;moh;0;Hz;0;None;0,0926383359148611;m3/s;0;kW;0;rpm;0;KVar;0;%;0,15139757798277775;Mill.m3;92,63960052301755;l/s;0;m3/s;624189,6875;t;45;%;1,938776016;None;98,94825495754445;mKVs;0;None;0;mm;0;m3/s;94,05180333333334;bar;0;KVa;0,6982421875622222;cm;100,93172009277778;%;33,756599621906446;cm
2026-01-08 22:00:00.000;151,20684360449744;moh;0;Hz;0;None;0,09280861243458333;m3/s;0;kW;0;rpm;0;KVar;0;%;0,15137165317638887;Mill.m3;92,80619647184642;l/s;0;m3/s;624189,6875;t;45;%;1,938776016;None;98,8760637540313;mKVs;0;None;0;mm;0;m3/s;94,7972425;bar;0;KVa;0,6846957737438889;cm;100,91443716444445;%;33,784406199240046;cm
2026-01-08 23:00:00.000;151,2056670025117;moh;0;Hz;0;None;0,09268833551902776;m3/s;0;kW;0;rpm;0;KVar;0;%;0,15113338064388887;Mill.m3;92,6895685630982;l/s;0;m3/s;624189,6875;t;45;%;1,938776016;None;98,86964348661563;mKVs;0;None;0;mm;0;m3/s;91,7972811111111;bar;0;KVa;0,5666859944916667;cm;100,75558783361112;%;33,7649275230982;cm
2026-01-09 00:00:00.000;151,20512711004102;moh;0;Hz;0;None;0,09246167064680555;m3/s;0;kW;0;rpm;0;KVar;0;%;0,15102759401694443;Mill.m3;92,46044497687942;l/s;0;m3/s;624189,6875;t;45;%;1,938776016;None;98,8831762284406;mKVs;0;None;0,0024948120116666667;mm;0;m3/s;93,83559;bar;0;KVa;0,5126868354155555;cm;100,68506286994445;%;33,72674074243498;cm
2026-01-09 01:00:00.000;151,2044188186241;moh;0;Hz;0;None;0,09265000248916666;m3/s;0;kW;0;rpm;0;KVar;0;%;0,15089737570666664;Mill.m3;92,65000149666837;l/s;0;m3/s;624189,6875;t;45;%;1,938776016;None;98,81666007708765;mKVs;0;None;0;mm;0;m3/s;94,76556611111111;bar;0;KVa;0,442873636905;cm;100,59825149472222;%;33,75833309555724;cm
2026-01-09 02:00:00.000;151,2047898980108;moh;0;Hz;0;None;0,09278361259097223;m3/s;0;kW;0;rpm;0;KVar;0;%;0,15092487510499997;Mill.m3;92,78398754853934;l/s;0;m3/s;624189,6875;t;45;%;1,938776016;None;98,8250023105611;mKVs;0;None;0,005703396269807777;mm;0;m3/s;94,6358375;bar;0;KVa;0,4777145386254423;cm;100,61658574188888;%;33,781581603285666;cm
2026-01-09 03:00:00.000;151,20353064405847;moh;0;Hz;0;None;0,09252500352027776;m3/s;0;kW;0;rpm;0;KVar;0;%;0,15060986044555552;Mill.m3;92,52580437180002;l/s;0;m3/s;624189,6875;t;45;%;1,938776016;None;98,89166312730168;mKVs;0;None;0,004216512043946667;mm;0;m3/s;94,51180083333334;bar;0;KVa;0,3644180298598907;cm;100,40657422533333;%;33,741665098914645;cm
2026-01-09 04:00:00.000;151,20266767978327;moh;0;Hz;0;None;0,09256083654916665;m3/s;0;kW;0;rpm;0;KVar;0;%;0,15057101713222223;Mill.m3;92,56283634364493;l/s;0;m3/s;624189,6875;t;45;%;1,938776016;None;98,85833013647066;mKVs;0;None;0,007563696968668333;mm;0;m3/s;92,16259444444445;bar;0;KVa;0,2768792047018653;cm;100,380679638;%;33,74166193229611;cm
2026-01-09 05:00:00.000;151,20244724632695;moh;0;Hz;0;None;0,09246167064680554;m3/s;0;kW;0;rpm;0;KVar;0;%;0,1505405102283333;Mill.m3;92,46051064337975;l/s;0;m3/s;624189,6875;t;45;%;1,938776016;None;98,88333503333466;mKVs;0;None;0,0032624138723594443;mm;0;m3/s;94,17666583333333;bar;0;KVa;0,24161020919167026;cm;100,36034024033333;%;33,726751686713065;cm
2026-01-09 06:00:00.000;151,201379204236;moh;0;Hz;0;None;0,09250222597819445;m3/s;0;kW;0;rpm;0;KVar;0;%;0,1503519539636111;Mill.m3;92,50050068712234;l/s;0;m3/s;624189,6875;t;45;%;1,938776016;None;98,85744884111594;mKVs;0;None;0,02361255222177611;mm;0;m3/s;94,67577277777778;bar;0;KVa;0,1356845432357903;cm;100,23463556263889;%;33,733337086613474;cm
2026-01-09 07:00:00.000;151,20129087644366;moh;0;Hz;0;None;0,09230000526;m3/s;0;kW;0;rpm;0;KVar;0;%;0,15023059617666665;Mill.m3;92,30000305;l/s;0;m3/s;624189,6875;t;45;%;1,938776016;None;98,91178129288866;mKVs;0;None;0,014338599312107226;mm;0;m3/s;94,51312694444445;bar;0;KVa;0,12171851267670361;cm;100,15373041252778;%;33,70000076;cm
2026-01-09 08:00:00.000;151,2009224336868;moh;0;Hz;0;None;0,09230889330541665;m3/s;0;kW;0;rpm;0;KVar;0;%;0,15019223793277778;Mill.m3;92,30982627280854;l/s;0;m3/s;624189,6875;t;45;%;1,938776016;None;98,86007566549392;mKVs;0;None;0,03474807739510388;mm;0;m3/s;93,21292333333334;bar;0;KVa;0,09334140357582081;cm;100,12815746297223;%;33,69824317643793;cm
2026-01-09 09:00:00.000;151,20101775051492;moh;0;Hz;0;None;0,09205500378194445;m3/s;0;kW;0;rpm;0;KVar;0;%;0,15019418569444445;Mill.m3;92,05352832290103;l/s;0;m3/s;624189,6875;t;45;%;1,938776016;None;98,84963784458891;mKVs;0;None;0,048154619005799454;mm;0;m3/s;93,5889375;bar;0;KVa;0,10453542078045362;cm;100,12945645361111;%;33,661850816101186;cm
2026-01-09 10:00:00.000;151,19938613081604;moh;0;Hz;0;None;0,09222806036333334;m3/s;0;kW;0;rpm;0;KVar;0;%;0,14979775494777778;Mill.m3;92,22933894876901;l/s;0;m3/s;624189,6875;t;45;%;1,938776016;None;98,84518930826022;mKVs;0;None;0,0875350104439778;mm;0;m3/s;94,52366333333333;bar;0;KVa;-0,06415049234715084;cm;99,86516916647223;%;33,689906108894974;cm
2026-01-09 11:00:00.000;151,19967300148622;moh;0;Hz;0;None;0,09225667113041668;m3/s;0;kW;0;rpm;0;KVar;0;%;0,1499429936686111;Mill.m3;92,25589758614592;l/s;0;m3/s;624189,6875;t;45;%;1,938776016;None;98,89166737806998;mKVs;0;None;0,06495369804931779;mm;0;m3/s;94,77459777777777;bar;0;KVa;-0,02323998343006032;cm;99,96199468147222;%;33,700002510806705;cm
2026-01-09 12:00:00.000;151,1989240675489;moh;2,8667648929363763;Hz;0;None;0,09184694685666665;m3/s;0;kW;71,32020916666667;rpm;0;KVar;0;%;0,14960042638666665;Mill.m3;91,84571816103166;l/s;0;m3/s;624189,748986875;t;45;%;1,938776016;None;98,84821446225969;mKVs;0;None;0,10904693604168668;mm;0;m3/s;94,79731166666667;bar;0;KVa;-0,10508219400073278;cm;99,73361384316667;%;33,6351043362638;cm
2026-01-09 13:00:00.000;151,19796514945733;moh;0;Hz;0;None;0,09206667046;m3/s;0;kW;0,312535;rpm;0;KVar;0;%;0,14959949982055556;Mill.m3;92,06664893987406;l/s;0;m3/s;624190,122434618;t;45;%;1,938776016;None;98,90000744574279;mKVs;0;None;0,13484488595133334;mm;0;m3/s;93,73044833333333;bar;0;KVa;-0,20387013753927774;cm;99,73299868111111;%;33,66666518670875;cm
2026-01-09 14:00:00.000;151,19703072161062;moh;0;Hz;0;None;0,09200444807430556;m3/s;0;kW;0;rpm;0;KVar;0;%;0,149300276505;Mill.m3;92,00943097306626;l/s;0;m3/s;624190,125;t;45;%;1,938776016;None;98,88332667151722;mKVs;0;None;0,22053146364817663;mm;0;m3/s;95,30695888888889;bar;0;KVa;-0,29627058241406135;cm;99,53351595241666;%;33,65656450791816;cm
2026-01-09 15:00:00.000;151,19659733316348;moh;0;Hz;0;None;0,09190139193305558;m3/s;0;kW;0;rpm;0;KVar;0;%;0,14931704390055558;Mill.m3;91,89797052682009;l/s;0;m3/s;624190,125;t;45;%;1,938776016;None;98,89166565587391;mKVs;0;None;0,18242518107147884;mm;0;m3/s;94,63389722222222;bar;0;KVa;-0,3287039862572398;cm;99,54469447766667;%;33,63510500292028;cm
2026-01-09 16:00:00.000;151,1963291414548;moh;0;Hz;0;None;0,09183528146180556;m3/s;0;kW;0;rpm;0;KVar;0;%;0,149190311145;Mill.m3;91,83490429073825;l/s;0;m3/s;624190,125;t;45;%;1,938776016;None;98,83130265757207;mKVs;0;None;0,20242267186015164;mm;0;m3/s;94,59675805555555;bar;0;KVa;-0,3660032484347361;cm;99,46020649780556;%;33,62702878923638;cm
2026-01-09 17:00:00.000;151,195355590866;moh;0;Hz;0;None;0,09161167006263887;m3/s;0;kW;0;rpm;0;KVar;0;%;0,14909185046777781;Mill.m3;91,60687800012533;l/s;0;m3/s;624190,125;t;45;%;1,938776016;None;98,87672687096705;mKVs;0;None;0,23925823636184723;mm;0;m3/s;94,32753694444445;bar;0;KVa;-0,4613155788471555;cm;99,39456464958333;%;33,591662808525484;cm
2026-01-09 18:00:00.000;151,19348466760087;moh;0;Hz;0;None;0,09145027955916665;m3/s;0;kW;0;rpm;0;KVar;0;%;0,14881046219333335;Mill.m3;91,4463630186785;l/s;0;m3/s;624190,125;t;45;%;1,938776016;None;98,91078499834194;mKVs;0;None;0,2973853217255044;mm;0;m3/s;94,262775;bar;0;KVa;-0,655623541847112;cm;99,20697195197222;%;33,583332074927476;cm
2026-01-09 19:00:00.000;151,19458081190837;moh;0;Hz;0;None;0,09131611384958334;m3/s;0;kW;0;rpm;0;KVar;0;%;0,14893859285305558;Mill.m3;91,31716476516601;l/s;0;m3/s;624190,125;t;45;%;1,938776016;None;98,81844202138991;mKVs;0;None;0,26701566908713115;mm;0;m3/s;95,05280361111112;bar;0;KVa;-0,5382156371724984;cm;99,29239292141666;%;33,57499981585119;cm
2026-01-09 20:00:00.000;151,193281758163;moh;0;Hz;0;None;0,09109055863527778;m3/s;0;kW;0;rpm;0;KVar;0;%;0,14870035019444444;Mill.m3;91,08742571068501;l/s;0;m3/s;624190,125;t;45;%;1,938776016;None;98,83824213055121;mKVs;0;None;0,3249126010622223;mm;0;m3/s;94,08480916666667;bar;0;KVa;-0,6731923421475;cm;99,13356702519444;%;33,5267756131475;cm
2026-01-09 21:00:00.000;151,1924383420317;moh;0;Hz;0;None;0,09118583614277777;m3/s;0;kW;0;rpm;0;KVar;0;%;0,14850336089666666;Mill.m3;91,18499083971055;l/s;0;m3/s;624190,125;t;45;%;1,938776016;None;98,83511665580964;mKVs;0;None;0,3741603427562321;mm;0;m3/s;94,40078527777777;bar;0;KVa;-0,7561026678845073;cm;99,00223914166666;%;33,53760664724981;cm
2026-01-09 22:00:00.000;151,19224601839994;moh;0;Hz;0;None;0,09097583691291666;m3/s;0;kW;0;rpm;0;KVar;0;%;0,1483700079183333;Mill.m3;90,97082119180452;l/s;0;m3/s;624190,125;t;45;%;1,938776016;None;98,82500420108784;mKVs;0;None;0,4074986775623332;mm;0;m3/s;93,87556444444445;bar;0;KVa;-0,7694286769659359;cm;98,91333643583333;%;33,506551064213944;cm
2026-01-09 23:00:00.000;151,19141068190592;moh;0;Hz;0;None;0,09106139209569444;m3/s;0;kW;0;rpm;0;KVar;0;%;0,14828180342166666;Mill.m3;91,06256434714292;l/s;0;m3/s;624190,125;t;45;%;1,938776016;None;98,77929049076283;mKVs;0;None;0,4295497470409443;mm;0;m3/s;94,68462944444444;bar;0;KVa;-0,8563232420903337;cm;98,85453353322222;%;33,52322389292608;cm
2026-01-10 00:00:00.000;151,19134721924206;moh;0;Hz;0;None;0,09104194779805554;m3/s;0;kW;0;rpm;0;KVar;0;%;0,1481834081961111;Mill.m3;91,04085556134913;l/s;0;m3/s;624190,125;t;45;%;1,938776016;None;98,82680700517258;mKVs;0;None;0,45414818658056555;mm;0;m3/s;92,49008777777777;bar;0;KVa;-0,856289333752077;cm;98,78893767313889;%;33,518453617022594;cm
2026-01-10 01:00:00.000;151,18986503154105;moh;0;Hz;0;None;0,09102055894027776;m3/s;0;kW;0;rpm;0;KVar;0;%;0,1480235307863889;Mill.m3;91,02154685978206;l/s;0;m3/s;624190,125;t;45;%;1,938776016;None;98,81419061480194;mKVs;0;None;0,4941177368107321;mm;0;m3/s;94,76523444444445;bar;0;KVa;-1,0140652125501222;cm;98,68235240413888;%;33,51736409207305;cm
2026-01-10 02:00:00.000;151,1908677968851;moh;0;Hz;0;None;0,09088639285819444;m3/s;0;kW;0;rpm;0;KVar;0;%;0,14805516669000002;Mill.m3;90,88750775044926;l/s;0;m3/s;624190,125;t;45;%;1,938776016;None;98,85656941239951;mKVs;0;None;0,48620859780994446;mm;0;m3/s;94,39408916666666;bar;0;KVa;-0,9079827202205218;cm;98,70344352602778;%;33,49821544411776;cm
2026-01-10 03:00:00.000;151,18997427128033;moh;0;Hz;0;None;0,09091361496180556;m3/s;0;kW;0;rpm;0;KVar;0;%;0,14803406641333333;Mill.m3;90,91250328090482;l/s;0;m3/s;624190,125;t;45;%;1,938776016;None;98,82622337274528;mKVs;0;None;0,4914834764234444;mm;0;m3/s;93,83262805555556;bar;0;KVa;-1,00519392225775;cm;98,6893778895;%;33,501786013120984;cm
2026-01-10 04:00:00.000;151,18875674578624;moh;0;Hz;0;None;0,09079694880347221;m3/s;0;kW;0;rpm;0;KVar;0;%;0,14776922449944443;Mill.m3;90,79584723381713;l/s;0;m3/s;624190,125;t;45;%;1,938776016;None;98,79166048653185;mKVs;0;None;0,5576939052985657;mm;0;m3/s;92,62980583333334;bar;0;KVa;-1,1298073662338646;cm;98,51281649116666;%;33,48512097765253;cm
2026-01-10 05:00:00.000;151,1877667328809;moh;0;Hz;0;None;0,09072500467250001;m3/s;0;kW;0;rpm;0;KVar;0;%;0,14755700594694443;Mill.m3;90,72500559804115;l/s;0;m3/s;624190,125;t;45;%;1,938776016;None;98,8717676304215;mKVs;0;None;0,6107478671633335;mm;0;m3/s;94,79516222222222;bar;0;KVa;-1,2231487698444445;cm;98,37133878183333;%;33,47500085471499;cm
2026-01-10 06:00:00.000;151,18573912517138;moh;0;Hz;0;None;0,09065306054152777;m3/s;0;kW;0;rpm;0;KVar;0;%;0,14716240736805555;Mill.m3;90,65415307342373;l/s;0;m3/s;624190,125;t;45;%;1,938776016;None;98,85622038623359;mKVs;0;None;0,7093980577302776;mm;0;m3/s;95,1655661111111;bar;0;KVa;-1,4254591201083333;cm;98,10827208538889;%;33,46487917624572;cm
2026-01-10 07:00:00.000;151,18622768864884;moh;0;Hz;0;None;0,09060833851416666;m3/s;0;kW;0;rpm;0;KVar;0;%;0,14722206997277776;Mill.m3;90,60836257849589;l/s;0;m3/s;624190,125;t;45;%;1,938776016;None;98,8734631503945;mKVs;0;None;0,6944825914041666;mm;0;m3/s;94,291565;bar;0;KVa;-1,378135681263889;cm;98,14804685408333;%;33,45833774855331;cm
2026-01-10 08:00:00.000;151,18572157538128;moh;0;Hz;0;None;0,0906802826451389;m3/s;0;kW;0;rpm;0;KVar;0;%;0,14715635347555556;Mill.m3;90,67921840865446;l/s;0;m3/s;624190,125;t;45;%;1,938776016;None;98,84820984502336;mKVs;0;None;0,7109112209686111;mm;0;m3/s;93,28925222222222;bar;0;KVa;-1,4273876615694445;cm;98,10423545972222;%;33,46845989923759;cm
2026-01-10 09:00:00.000;151,186713759456;moh;0;Hz;0;None;0,09029139522305556;m3/s;0;kW;0;rpm;0;KVar;0;%;0,1473344077383333;Mill.m3;90,29141207380549;l/s;0;m3/s;624190,125;t;45;%;1,938776016;None;98,92516731342079;mKVs;0;None;0,6663979424397223;mm;0;m3/s;94,86076444444444;bar;0;KVa;-1,3289091322888886;cm;98,22293758327778;%;33,408332985860106;cm
2026-01-10 10:00:00.000;151,1851706170411;moh;0;Hz;0;None;0,09034195045486111;m3/s;0;kW;0;rpm;0;KVar;0;%;0,1470379966636111;Mill.m3;90,34491781582217;l/s;0;m3/s;624190,125;t;45;%;1,938776016;None;98,90303089781688;mKVs;0;None;0,7405005560916668;mm;0;m3/s;93,29812361111111;bar;0;KVa;-1,484057108622222;cm;98,02533198480556;%;33,41666938608901;cm
2026-01-10 11:00:00.000;151,18515691302835;moh;0;Hz;0;None;0,09041972822486112;m3/s;0;kW;0;rpm;0;KVar;0;%;0,14704537047916666;Mill.m3;90,42073909044622;l/s;0;m3/s;624190,125;t;45;%;1,938776016;None;98,90805687334428;mKVs;0;None;0,7386567857597223;mm;0;m3/s;94,64717583333334;bar;0;KVa;-1,4845275881333333;cm;98,0302486641389;%;33,43153468642421;cm
2026-01-10 12:00:00.000;151,18400193680156;moh;0;Hz;0;None;0,09043333927666666;m3/s;0;kW;0;rpm;0;KVar;0;%;0,14680038019166666;Mill.m3;90,43330559124753;l/s;0;m3/s;624190,125;t;45;%;1,938776016;None;98,88669786774973;mKVs;0;None;0,7999038696416666;mm;0;m3/s;94,12262944444444;bar;0;KVa;-1,5998077395;cm;97,86692238;%;33,43332988117954;cm
2026-01-10 13:00:00.000;151,1836208768262;moh;0;Hz;0;None;0,09044695032847222;m3/s;0;kW;0;rpm;0;KVar;0;%;0,14673029212638888;Mill.m3;90,44595686945716;l/s;0;m3/s;624190,125;t;45;%;1,938776016;None;98,92320431203423;mKVs;0;None;0,8174260457483333;mm;0;m3/s;94,42751027777778;bar;0;KVa;-1,6376283435222223;cm;97,82019691633333;%;33,43513718686067;cm
2026-01-10 14:00:00.000;151,18352218573943;moh;0;Hz;0;None;0,09065889376666666;m3/s;0;kW;0;rpm;0;KVar;0;%;0,14668850024749996;Mill.m3;90,65877451812393;l/s;0;m3/s;624190,125;t;45;%;1,938776016;None;98,88975218017963;mKVs;0;None;0,8278740776816667;mm;0;m3/s;95,4777875;bar;0;KVa;-1,6477033828972223;cm;97,7923352578889;%;33,46667059328105;cm
2026-01-10 15:00:00.000;151,1828346127363;moh;0;Hz;0;None;0,0903750061975;m3/s;0;kW;0;rpm;0;KVar;0;%;0,14656692722694445;Mill.m3;90,37500128973323;l/s;0;m3/s;624190,125;t;45;%;1,938776016;None;98,89324748889662;mKVs;0;None;0,8582666185319444;mm;0;m3/s;93,95519166666666;bar;0;KVa;-1,7165374753333333;cm;97,71128966177778;%;33,425000786394406;cm
2026-01-10 16:00:00.000;151,18368800827582;moh;0;Hz;0;None;0,09034778399041665;m3/s;0;kW;0;rpm;0;KVar;0;%;0,14674338839;Mill.m3;90,34885162438984;l/s;0;m3/s;624190,125;t;45;%;1,938776016;None;98,90833334613232;mKVs;0;None;0,814151763933611;mm;0;m3/s;95,00919777777777;bar;0;KVa;-1,6310670642694445;cm;97,82892852438889;%;33,416670330519004;cm
2026-01-10 17:00:00.000;151,18246329318382;moh;0;Hz;0;None;0,09035945070972223;m3/s;0;kW;0;rpm;0;KVar;0;%;0,14648833034944445;Mill.m3;90,36237431697323;l/s;0;m3/s;624190,125;t;45;%;1,938776016;None;98,89580317734195;mKVs;0;None;0,8779165479827779;mm;0;m3/s;94,61350027777777;bar;0;KVa;-1,7536205714527777;cm;97,65888960325;%;33,42319695288237;cm
2026-01-10 18:00:00.000;151,1827507452654;moh;0;Hz;0;None;0,09044695032847222;m3/s;0;kW;0;rpm;0;KVar;0;%;0,14655013630833336;Mill.m3;90,44602278583665;l/s;0;m3/s;624190,125;t;45;%;1,938776016;None;98,89167148911814;mKVs;0;None;0,8624649048083332;mm;0;m3/s;95,49507333333334;bar;0;KVa;-1,7249298095;cm;97,70009422416666;%;33,43514660338326;cm
2026-01-10 19:00:00.000;151,18261983548166;moh;0;Hz;0;None;0,09037889498666667;m3/s;0;kW;0;rpm;0;KVar;0;%;0,1465354281533333;Mill.m3;90,38248670024913;l/s;0;m3/s;624190,125;t;45;%;1,938776016;None;98,90635020827922;mKVs;0;None;0,8661418491069443;mm;0;m3/s;93,65555;bar;0;KVa;-1,736458672338889;cm;97,69028937091667;%;33,424992064305634;cm
2026-01-10 20:00:00.000;151,18166736615262;moh;0;Hz;0;None;0,09049167235583333;m3/s;0;kW;0;rpm;0;KVar;0;%;0,14633346346666667;Mill.m3;90,49170342013204;l/s;0;m3/s;624190,125;t;45;%;1,938776016;None;98,97681235477641;mKVs;0;None;0,9166336059583334;mm;0;m3/s;94,55493166666666;bar;0;KVa;-1,8340979680444445;cm;97,555645625;%;33,44167233687134;cm
2026-01-10 21:00:00.000;151,18191789727044;moh;0;Hz;0;None;0,09025834003916666;m3/s;0;kW;0;rpm;0;KVar;0;%;0,146383561175;Mill.m3;90,25833921471543;l/s;0;m3/s;624190,125;t;45;%;1,938776016;None;98,8916691010993;mKVs;0;None;0,904108683275;mm;0;m3/s;94,62352777777778;bar;0;KVa;-1,808221604886111;cm;97,58904520666667;%;33,40833495805215;cm
2026-01-10 22:00:00.000;151,18083072532443;moh;0;Hz;0;None;0,09026806172236111;m3/s;0;kW;0;rpm;0;KVar;0;%;0,1461672473363889;Mill.m3;90,26632818927833;l/s;0;m3/s;624190,125;t;45;%;1,938776016;None;98,90833326363362;mKVs;0;None;0,958188374858611;mm;0;m3/s;93,8474125;bar;0;KVa;-1,918050977897222;cm;97,44483333025;%;33,408334735833336;cm
2026-01-10 23:00:00.000;151,18129633749777;moh;0;Hz;0;None;0,09035945070972223;m3/s;0;kW;0;rpm;0;KVar;0;%;0,14625314491972224;Mill.m3;90,36223392869603;l/s;0;m3/s;624190,125;t;45;%;1,938776016;None;98,92501175761593;mKVs;0;None;0,9367137485149999;mm;0;m3/s;93,99577333333333;bar;0;KVa;-1,8711810640805555;cm;97,50209878269445;%;33,42317689763367;cm
2026-01-11 00:00:00.000;151,18021914149625;moh;0;Hz;0;None;0,09039445055722221;m3/s;0;kW;0;rpm;0;KVar;0;%;0,1460551315863889;Mill.m3;90,38774065089244;l/s;0;m3/s;624190,125;t;45;%;1,938776016;None;98,93932648061708;mKVs;0;None;0,9862179225591666;mm;0;m3/s;93,21230027777777;bar;0;KVa;-1,9768863254722222;cm;97,37008700875;%;33,426820675216355;cm
2026-01-11 01:00:00.000;151,1801450981155;moh;0;Hz;0;None;0,09030500650250001;m3/s;0;kW;0;rpm;0;KVar;0;%;0,14602656382388887;Mill.m3;90,30398601582493;l/s;0;m3/s;624190,125;t;45;%;1,938776016;None;98,91639963600868;mKVs;0;None;0,9933598835666667;mm;0;m3/s;93,44054666666666;bar;0;KVa;-1,9850709704027778;cm;97,35104183530555;%;33,41485585828085;cm
2026-01-11 02:00:00.000;151,17986638177902;moh;0;Hz;0;None;0,09044500589249999;m3/s;0;kW;0;rpm;0;KVar;0;%;0,14597987153722222;Mill.m3;90,44607178562315;l/s;0;m3/s;624190,125;t;45;%;1,938776016;None;98,95833608191214;mKVs;0;None;1,0050328571666667;mm;0;m3/s;93,96104666666666;bar;0;KVa;-2,012566460622222;cm;97,31991339794445;%;33,435153603276156;cm
2026-01-11 03:00:00.000;151,17947982934191;moh;0;Hz;0;None;0,09064917166958335;m3/s;0;kW;0;rpm;0;KVar;0;%;0,14589344577000002;Mill.m3;90,65394210212074;l/s;0;m3/s;624190,125;t;45;%;1,938776016;None;99,01454621763385;mKVs;0;None;1,0266388785194445;mm;0;m3/s;94,67474027777777;bar;0;KVa;-2,0527140301166664;cm;97,26229591316667;%;33,464849037817956;cm
2026-01-11 04:00:00.000;151,17858313570596;moh;0;Hz;0;None;0,09067056046527777;m3/s;0;kW;0;rpm;0;KVar;0;%;0,14571484175416669;Mill.m3;90,67197557910153;l/s;0;m3/s;624190,125;t;45;%;1,938776016;None;99,00075437734674;mKVs;0;None;1,0712899098972222;mm;0;m3/s;94,7027638888889;bar;0;KVa;-2,1420288088;cm;97,14322522655556;%;33,467425220623966;cm
2026-01-11 05:00:00.000;151,1790626961545;moh;0;Hz;0;None;0,09079889323944444;m3/s;0;kW;0;rpm;0;KVar;0;%;0,1458073613588889;Mill.m3;90,79615114915957;l/s;0;m3/s;624190,125;t;45;%;1,938776016;None;98,97684179877035;mKVs;0;None;1,0481601288444442;mm;0;m3/s;93,68791138888889;bar;0;KVa;-2,094107734061111;cm;97,20490485425;%;33,48516439365492;cm
2026-01-11 06:00:00.000;151,178202094081;moh;0;Hz;0;None;0,09081055985527778;m3/s;0;kW;0;rpm;0;KVar;0;%;0,14564586290305556;Mill.m3;90,81602950634067;l/s;0;m3/s;624190,125;t;45;%;1,938776016;None;99,0546692702038;mKVs;0;None;1,0885344609416667;mm;0;m3/s;94,1970125;bar;0;KVa;-2,179014418205556;cm;97,09723970783334;%;33,488004376336086;cm
2026-01-11 07:00:00.000;151,17791376301227;moh;0;Hz;0;None;0,09091555939777778;m3/s;0;kW;0;rpm;0;KVar;0;%;0,1455838435675;Mill.m3;90,91284316747472;l/s;0;m3/s;624190,125;t;45;%;1,938776016;None;99,05831058005671;mKVs;0;None;1,1040390860583336;mm;0;m3/s;93,25716944444444;bar;0;KVa;-2,208633423166667;cm;97,05589385844445;%;33,50183488805919;cm
2026-01-11 08:00:00.000;151,17755276255028;moh;0;Hz;0;None;0,09085722631861111;m3/s;0;kW;0;rpm;0;KVar;0;%;0,1455211719291667;Mill.m3;90,85449317273172;l/s;0;m3/s;624190,125;t;45;%;1,938776016;None;99,06510341828536;mKVs;0;None;1,1197068955027778;mm;0;m3/s;94,5942061111111;bar;0;KVa;-2,243567573;cm;97,01411349227777;%;33,49349887724648;cm
2026-01-11 09:00:00.000;151,17641603148124;moh;0;Hz;0;None;0,09070944918472222;m3/s;0;kW;0;rpm;0;KVar;0;%;0,14528315015833332;Mill.m3;90,71216629287296;l/s;0;m3/s;624190,125;t;45;%;1,938776016;None;99,11018003261755;mKVs;0;None;1,1792119345833334;mm;0;m3/s;93,72613222222222;bar;0;KVa;-2,3584238689166668;cm;96,855435055;%;33,47316668833373;cm
2026-01-11 10:00:00.000;151,17573133496427;moh;0;Hz;0;None;0,09090000391;m3/s;0;kW;0;rpm;0;KVar;0;%;0,14514272594;Mill.m3;90,89995194605038;l/s;0;m3/s;624190,125;t;45;%;1,938776016;None;99,06666742441723;mKVs;0;None;1,214317745672222;mm;0;m3/s;93,1635438888889;bar;0;KVa;-2,4269824556472224;cm;96,7618204975;%;33,49999323472956;cm
2026-01-11 11:00:00.000;151,17481178786;moh;0;Hz;0;None;0,09113333622666667;m3/s;0;kW;0;rpm;0;KVar;0;%;0,14496986013333335;Mill.m3;91,13336184321093;l/s;0;m3/s;624190,125;t;45;%;1,938776016;None;99,11299370479497;mKVs;0;None;1,2575340270166666;mm;0;m3/s;94,29094083333334;bar;0;KVa;-2,517840067486111;cm;96,64657662661111;%;33,533338096758264;cm
2026-01-11 12:00:00.000;151,1723113965405;moh;0;Hz;0;None;0,09114889179722221;m3/s;0;kW;0;rpm;0;KVar;0;%;0,14445699180166663;Mill.m3;91,14550627332505;l/s;0;m3/s;624190,125;t;45;%;1,938776016;None;99,06849325899967;mKVs;0;None;1,3857523598333332;mm;0;m3/s;94,15137305555555;bar;0;KVa;-2,770678202436111;cm;96,3046593975;%;33,53333123549003;cm
2026-01-11 13:00:00.000;151,17249147679982;moh;0;Hz;0;None;0,09143083553055556;m3/s;0;kW;0;rpm;0;KVar;0;%;0,14451246438444446;Mill.m3;91,43153915552887;l/s;0;m3/s;624190,125;t;45;%;1,938776016;None;99,05056303192933;mKVs;0;None;1,3718838160055558;mm;0;m3/s;94,31074666666666;bar;0;KVa;-2,7493201362666664;cm;96,34164155258334;%;33,573158397511165;cm
2026-01-11 14:00:00.000;151,17229165182715;moh;0;Hz;0;None;0,09184889137541664;m3/s;0;kW;0;rpm;0;KVar;0;%;0,14443604337083335;Mill.m3;91,84813868525102;l/s;0;m3/s;624190,125;t;45;%;1,938776016;None;99,04165274890845;mKVs;0;None;1,3909890914055558;mm;0;m3/s;94,847505;bar;0;KVa;-2,7714199490888887;cm;96,29069476519444;%;33,63332616902574;cm
2026-01-11 15:00:00.000;151,17231981400545;moh;0;Hz;0;None;0,09189166936000001;m3/s;0;kW;0;rpm;0;KVar;0;%;0,14450083570055552;Mill.m3;91,89166801722858;l/s;0;m3/s;624190,125;t;45;%;1,938776016;None;99,02315945121053;mKVs;0;None;1,3747914631;mm;0;m3/s;94,96308027777778;bar;0;KVa;-2,7640406291611113;cm;96,33388904927777;%;33,64166845805343;cm
2026-01-11 16:00:00.000;151,17218578615643;moh;0;Hz;0;None;0,09201222585958332;m3/s;0;kW;0;rpm;0;KVar;0;%;0,14448000515666667;Mill.m3;92,01436053563135;l/s;0;m3/s;624190,125;t;45;%;1,938776016;None;98,95370198531505;mKVs;0;None;1,379998524786111;mm;0;m3/s;94,88357777777777;bar;0;KVa;-2,763888041308333;cm;96,32000310533333;%;33,65648734243214;cm
2026-01-11 17:00:00.000;151,1717741355265;moh;0;Hz;0;None;0,09224167156;m3/s;0;kW;0;rpm;0;KVar;0;%;0,14449273845750002;Mill.m3;92,24171152972052;l/s;0;m3/s;624190,125;t;45;%;1,938776016;None;98,90825832354699;mKVs;0;None;1,3768153719305556;mm;0;m3/s;95,34831444444444;bar;0;KVa;-2,828097873241667;cm;96,32849349852778;%;33,69167358185222;cm
2026-01-11 18:00:00.000;151,1716293016144;moh;0;Hz;0;None;0,09216194852611109;m3/s;0;kW;0;rpm;0;KVar;0;%;0,14425710453694446;Mill.m3;92,1592177480922;l/s;0;m3/s;624190,125;t;45;%;1,938776016;None;98,93133699053038;mKVs;0;None;1,4357227747833334;mm;0;m3/s;94,11074805555556;bar;0;KVa;-2,8344811333194446;cm;96,17140604675;%;33,68332807148451;cm
2026-01-11 19:00:00.000;151,1726792508718;moh;0;Hz;0;None;0,09260639180027776;m3/s;0;kW;0;rpm;0;KVar;0;%;0,14452227780694446;Mill.m3;92,61205588430275;l/s;0;m3/s;624190,125;t;45;%;1,938776016;None;98,91666107982712;mKVs;0;None;1,3694296942138888;mm;0;m3/s;94,71978111111112;bar;0;KVa;-2,734959920247223;cm;96,34818755255556;%;33,72315938103927;cm
2026-01-11 20:00:00.000;151,17144753609972;moh;0;Hz;0;None;0,09291694586541668;m3/s;0;kW;0;rpm;0;KVar;0;%;0,1441762546711111;Mill.m3;92,92142340844013;l/s;0;m3/s;624190,125;t;45;%;1,938776016;None;98,8916774890268;mKVs;0;None;1,4559364318572225;mm;0;m3/s;94,17366666666666;bar;0;KVa;-2,854398091619444;cm;96,11750278497222;%;33,8018519142772;cm
2026-01-11 21:00:00.000;151,17161317991108;moh;0;Hz;0;None;0,09258805894347222;m3/s;0;kW;0;rpm;0;KVar;0;%;0,14427956542083334;Mill.m3;92,57824923138024;l/s;0;m3/s;624190,125;t;45;%;1,938776016;None;98,9491166186324;mKVs;0;None;1,4301088121144447;mm;0;m3/s;94,90738305555556;bar;0;KVa;-2,8346337212472217;cm;96,18637625397223;%;33,76667140942895;cm
2026-01-11 22:00:00.000;151,17020513160736;moh;0;Hz;0;None;0,09245694778597223;m3/s;0;kW;0;rpm;0;KVar;0;%;0,14413335067555555;Mill.m3;92,45280554426432;l/s;0;m3/s;624190,125;t;45;%;1,938776016;None;98,95170015483234;mKVs;0;None;1,4666620889427782;mm;0;m3/s;94,77255611111111;bar;0;KVa;-2,9685762193499987;cm;96,08890084225;%;33,71470909365255;cm
2026-01-11 23:00:00.000;151,16978057196906;moh;0;Hz;0;None;0,09268778007861112;m3/s;0;kW;0;rpm;0;KVar;0;%;0,1438503703341667;Mill.m3;92,69345699315998;l/s;0;m3/s;624190,125;t;45;%;1,938776016;None;98,8932694326408;mKVs;0;None;1,537407769011111;mm;0;m3/s;93,81130361111111;bar;0;KVa;-3,0331717596527774;cm;95,90024668236111;%;33,75647009609749;cm
2026-01-12 00:00:00.000;151,16940473321296;moh;0;Hz;0;None;0,0925891699488889;m3/s;0;kW;0;rpm;0;KVar;0;%;0,14391263575305555;Mill.m3;92,59229347833805;l/s;0;m3/s;624190,125;t;45;%;1,938776016;None;98,85186039981188;mKVs;0;None;1,521841684986111;mm;0;m3/s;93,99719;bar;0;KVa;-3,058420817036112;cm;95,94175601425;%;33,74352545952562;cm
2026-01-12 01:00:00.000;151,16917013211153;moh;0;Hz;0;None;0,0927027804166667;m3/s;0;kW;0;rpm;0;KVar;0;%;0,14387083841027776;Mill.m3;92,7072215288161;l/s;0;m3/s;624190,125;t;45;%;1,938776016;None;98,8731391874808;mKVs;0;None;1,5322897168611116;mm;0;m3/s;93,63579805555555;bar;0;KVa;-3,080173068572223;cm;95,9138937425;%;33,804616023744245;cm
2026-01-12 02:00:00.000;151,1689536068419;moh;0;Hz;0;None;0,09274083558097224;m3/s;0;kW;0;rpm;0;KVar;0;%;0,14373862782555558;Mill.m3;92,74777683140293;l/s;0;m3/s;624190,125;t;45;%;1,938776016;None;98,86666798112208;mKVs;0;None;1,5653419493611114;mm;0;m3/s;94,3224775;bar;0;KVa;-3,114823235463889;cm;95,82575425125;%;33,778737062877276;cm
2026-01-12 03:00:00.000;151,1685918012133;moh;0;Hz;0;None;0,09279194660583337;m3/s;0;kW;0;rpm;0;KVar;0;%;0,14378360701361106;Mill.m3;92,7917872291994;l/s;0;m3/s;624190,125;t;45;%;1,938776016;None;98,82703041429285;mKVs;0;None;1,5540970695611107;mm;0;m3/s;92,6783588888889;bar;0;KVa;-3,1228637696277786;cm;95,855740463;%;33,764784747490644;cm
2026-01-12 04:00:00.000;151,16826879129098;moh;0;Hz;0;None;0,09291500142930557;m3/s;0;kW;0;rpm;0;KVar;0;%;0,1436894118086111;Mill.m3;92,94287062230515;l/s;0;m3/s;624190,125;t;45;%;1,938776016;None;98,85000867879138;mKVs;0;None;1,577646467222223;mm;0;m3/s;94,56494638888888;bar;0;KVa;-3,1783379449250004;cm;95,79294175002778;%;33,814798563041315;cm
2026-01-12 05:00:00.000;151,16786622974433;moh;0;Hz;0;None;0,09314027825916667;m3/s;0;kW;0;rpm;0;KVar;0;%;0,14370170436666663;Mill.m3;93,13730073166515;l/s;0;m3/s;624190,125;t;45;%;1,938776016;None;98,8646187042911;mKVs;0;None;1,5745735170000001;mm;0;m3/s;94,35293055555556;bar;0;KVa;-3,2147937351750002;cm;95,80113555311111;%;33,83520448964951;cm
2026-01-12 06:00:00.000;151,16891350213027;moh;0;Hz;0;None;0,09319166656930554;m3/s;0;kW;0;rpm;0;KVar;0;%;0,14363786454861108;Mill.m3;93,19501621649151;l/s;0;m3/s;624190,125;t;45;%;1,938776016;None;98,84921019100823;mKVs;0;None;1,5905337864305555;mm;0;m3/s;94,53089444444444;bar;0;KVa;-3,1174638535722226;cm;95,7585762676111;%;33,84166927678763;cm
2026-01-12 07:00:00.000;151,1700967183675;moh;0;Hz;0;None;0,0929644451363889;m3/s;0;kW;0;rpm;0;KVar;0;%;0,14420927971222225;Mill.m3;92,96508553934635;l/s;0;m3/s;624190,125;t;45;%;1,938776016;None;98,931454242377;mKVs;0;None;1,4476797315333332;mm;0;m3/s;94,03568055555556;bar;0;KVa;-3,0023998684722213;cm;96,13952007394444;%;33,800004252074174;cm
2026-01-12 08:00:00.000;151,17189732107028;moh;0;Hz;0;None;0,09224055610130556;m3/s;0;kW;0;rpm;0;KVar;0;%;0,14401229065611112;Mill.m3;92,99832848086803;l/s;0;m3/s;624190,125;t;45;%;1,9333905270666665;None;98,9375690640055;mKVs;0;None;1,392760382587778;mm;0;m3/s;95,09426722222223;bar;0;KVa;-2,7935443454000004;cm;96,00819403344444;%;33,80272513186515;cm
2026-01-12 09:00:00.000;151,1733558093385;moh;0;Hz;0;None;0,09320999926013891;m3/s;0;kW;0;rpm;0;KVar;0;%;0,14467426942694442;Mill.m3;93,21099772881472;l/s;0;m3/s;624190,125;t;45;%;1,938776016;None;98,95587978882139;mKVs;0;None;1,3314331901555552;mm;0;m3/s;94,76585722222222;bar;0;KVa;-2,6736619736611114;cm;96,44951267097223;%;33,833339336804066;cm
2026-01-12 10:00:00.000;151,17519665161413;moh;0;Hz;0;None;0,09291444447552777;m3/s;0;kW;0;rpm;0;KVar;0;%;0,14461470179444438;Mill.m3;93,17194837631361;l/s;0;m3/s;624190,125;t;45;%;1,9333905270666665;None;98,86715602923493;mKVs;0;None;1,2421582539805553;mm;0;m3/s;95,5938325;bar;0;KVa;-2,465031093941666;cm;96,40980095355556;%;33,82500054971562;cm
2026-01-12 11:00:00.000;151,17567423151056;moh;0;Hz;0;None;0,09320194427152778;m3/s;0;kW;0,005633611111111111;rpm;0;KVar;0;%;0,14511297397888892;Mill.m3;93,20355230497573;l/s;0;m3/s;624190,125;t;45;%;1,938776016;None;98,82797989708757;mKVs;0;None;1,2217564052083334;mm;0;m3/s;93,4596138888889;bar;0;KVa;-2,432984246272223;cm;96,74198195347222;%;33,8414200923568;cm
2026-01-12 12:00:00.000;151,17531697695816;moh;0;Hz;0;None;0,09345027589013888;m3/s;0;kW;9,232154444444445;rpm;0;KVar;0;%;0,14494687193916664;Mill.m3;93,46169579680512;l/s;0;m3/s;624190,2853707639;t;45;%;1,9333905270666665;None;98,85122025174822;mKVs;0;None;1,2632815042033334;mm;0;m3/s;94,4251225;bar;0;KVa;-2,460721333819445;cm;96,63124887766666;%;33,88024346643959;cm
2026-01-12 13:00:00.000;151,1742965962705;moh;0;Hz;0;None;0,09327916560736112;m3/s;0;kW;0;rpm;0;KVar;0;%;0,14489740248638888;Mill.m3;93,27525012794024;l/s;0;m3/s;624190,3125;t;45;%;1,938776016;None;98,77472790977117;mKVs;0;None;1,2756496004805555;mm;0;m3/s;94,15304888888889;bar;0;KVa;-2,5693342421333334;cm;96,59826744938889;%;33,85173431359494;cm
2026-01-12 14:00:00.000;151,175908439892;moh;0;Hz;0;None;0,09332194350930555;m3/s;0;kW;0;rpm;0;KVar;0;%;0,1451876221788889;Mill.m3;93,32109560307009;l/s;0;m3/s;624190,3125;t;45;%;1,938776016;None;98,83507296203334;mKVs;0;None;1,2030940584944443;mm;0;m3/s;93,71342083333333;bar;0;KVa;-2,408697340311111;cm;96,79174870427778;%;33,86667283724821;cm
2026-01-12 15:00:00.000;151,17654594739318;moh;0;Hz;0;None;0,09323638793319444;m3/s;0;kW;0;rpm;0;KVar;0;%;0,14528403264111112;Mill.m3;93,23784066426501;l/s;0;m3/s;624190,3125;t;45;%;1,938776016;None;98,82987023757413;mKVs;0;None;1,178991529668611;mm;0;m3/s;94,19115388888889;bar;0;KVa;-2,346865336238889;cm;96,8560234271389;%;33,84826328966587;cm
2026-01-12 16:00:00.000;151,17855250258086;moh;0;Hz;0;None;0,09323833241069446;m3/s;0;kW;0;rpm;0;KVar;0;%;0,1456696797822222;Mill.m3;93,23555806861833;l/s;0;m3/s;624190,3125;t;45;%;1,938776016;None;98,79166604033561;mKVs;0;None;1,0825792949225;mm;0;m3/s;94,70035805555555;bar;0;KVa;-2,148492601144445;cm;97,11312306719445;%;33,8433992338371;cm
2026-01-12 17:00:00.000;151,17652597067956;moh;0;Hz;0;None;0,09307277757055554;m3/s;0;kW;0;rpm;0;KVar;0;%;0,1454091712233333;Mill.m3;93,07270633924946;l/s;0;m3/s;624190,3125;t;45;%;1,938776016;None;98,78680692124404;mKVs;0;None;1,147706773412223;mm;0;m3/s;93,98983638888889;bar;0;KVa;-2,343788147016666;cm;96,93944822975;%;33,82499739577799;cm
2026-01-12 18:00:00.000;151,17746216528565;moh;0;Hz;0;None;0,093249998985;m3/s;0;kW;0;rpm;0;KVar;0;%;0,14551556762222218;Mill.m3;93,25000252776671;l/s;0;m3/s;624190,3125;t;45;%;1,938776016;None;98,7631940027358;mKVs;0;None;1,1211077371030562;mm;0;m3/s;94,73099194444444;bar;0;KVa;-2,2567409939416665;cm;97,01037981211111;%;33,85000074611938;cm
2026-01-12 19:00:00.000;151,17741792531731;moh;0;Hz;0;None;0,09317805485402778;m3/s;0;kW;0;rpm;0;KVar;0;%;0,14559489594305552;Mill.m3;93,1795939188876;l/s;0;m3/s;624190,3125;t;45;%;1,938776016;None;98,86668020315834;mKVs;0;None;1,101275549900556;mm;0;m3/s;94,49956361111111;bar;0;KVa;-2,2612550523972232;cm;97,06326544025;%;33,83994209911497;cm
2026-01-12 20:00:00.000;151,17750099178437;moh;0;Hz;0;None;0,09314194395958332;m3/s;0;kW;0;rpm;0;KVar;0;%;0,14545161429111111;Mill.m3;93,14356493536998;l/s;0;m3/s;624190,3125;t;45;%;1,938776016;None;98,78680789178483;mKVs;0;None;1,137095557100278;mm;0;m3/s;90,48851194444444;bar;0;KVa;-2,2500440810888884;cm;96,96774431797222;%;33,83333542004771;cm
2026-01-12 21:00:00.000;151,17812001666988;moh;0;Hz;0;None;0,09293750056611112;m3/s;0;kW;0;rpm;0;KVar;0;%;0,14573417435833333;Mill.m3;92,9414141559282;l/s;0;m3/s;624190,3125;t;45;%;1,938776016;None;98,83771450483577;mKVs;0;None;1,0664558410113893;mm;0;m3/s;93,71753944444444;bar;0;KVa;-2,1902550590861107;cm;97,15611847808333;%;33,8100722762228;cm
2026-01-12 22:00:00.000;151,17877656306715;moh;0;Hz;0;None;0,09293000060472222;m3/s;0;kW;0;rpm;0;KVar;0;%;0,14577049126861108;Mill.m3;92,92864511499958;l/s;0;m3/s;624190,3125;t;45;%;1,938776016;None;98,81182137185124;mKVs;0;None;1,0573768615711112;mm;0;m3/s;94,52688777777777;bar;0;KVa;-2,1195220946305553;cm;97,18032959852778;%;33,79999924;cm
2026-01-12 23:00:00.000;151,1787057178214;moh;0;Hz;0;None;0,09294638973069447;m3/s;0;kW;0;rpm;0;KVar;0;%;0,14574551671277775;Mill.m3;92,94594577418695;l/s;0;m3/s;624190,3125;t;45;%;1,938776016;None;98,8315925134438;mKVs;0;None;1,0636202493152782;mm;0;m3/s;94,15643666666666;bar;0;KVa;-2,139472961427222;cm;97,16367973755555;%;33,791669267450374;cm
2026-01-13 00:00:00.000;151,1780145428591;moh;0;Hz;0;None;0,09289111230055558;m3/s;0;kW;0;rpm;0;KVar;0;%;0,14550429348361113;Mill.m3;92,88584575419134;l/s;0;m3/s;624190,3125;t;45;%;1,938776016;None;98,8250073104843;mKVs;0;None;1,1239263744800003;mm;0;m3/s;94,54640166666667;bar;0;KVa;-2,192526923254166;cm;97,00286316333333;%;33,808339914864376;cm
2026-01-13 01:00:00.000;151,17863752831468;moh;0;Hz;0;None;0,09289583431236109;m3/s;0;kW;0;rpm;0;KVar;0;%;0,14556055804583332;Mill.m3;92,89623222714438;l/s;0;m3/s;624190,3125;t;45;%;1,938776016;None;98,81841613206133;mKVs;0;None;1,1098607379719443;mm;0;m3/s;93,48714138888889;bar;0;KVa;-2,132492065475;cm;97,04037111144444;%;33,79999924;cm
2026-01-13 02:00:00.000;151,17758305003173;moh;0;Hz;0;None;0,09296527844236112;m3/s;0;kW;0;rpm;0;KVar;0;%;0,14551439060694446;Mill.m3;92,96745672709933;l/s;0;m3/s;624190,3125;t;45;%;1,938776016;None;98,78508128209445;mKVs;0;None;1,1214023165444444;mm;0;m3/s;94,51963777777777;bar;0;KVa;-2,241694132416667;cm;97,00959464238889;%;33,81667231624915;cm
2026-01-13 03:00:00.000;151,17608721935207;moh;0;Hz;0;None;0,09295138952499998;m3/s;0;kW;0;rpm;0;KVar;0;%;0,1452405767186111;Mill.m3;92,95034015464574;l/s;0;m3/s;624190,3125;t;45;%;1,938776016;None;98,80484467352514;mKVs;0;None;1,1898549396605556;mm;0;m3/s;94,16429083333334;bar;0;KVa;-2,3902723525083336;cm;96,82705251983333;%;33,80833276416666;cm
2026-01-13 04:00:00.000;151,1783758021387;moh;0;Hz;0;None;0,09286777869513889;m3/s;0;kW;0;rpm;0;KVar;0;%;0,14567154855583334;Mill.m3;92,86882349858146;l/s;0;m3/s;624190,3125;t;45;%;1,938776016;None;98,82017049494159;mKVs;0;None;1,082113054025;mm;0;m3/s;94,04784527777778;bar;0;KVa;-2,1628316245416666;cm;97,11436498605555;%;33,79999924;cm
2026-01-13 05:00:00.000;151,1794380960304;moh;0;Hz;0;None;0,09300555578361111;m3/s;0;kW;0;rpm;0;KVar;0;%;0,1458814143575;Mill.m3;93,00819827104898;l/s;0;m3/s;624190,3125;t;45;%;1,938776016;None;98,80836617621058;mKVs;0;None;1,0296461317305554;mm;0;m3/s;94,25392416666666;bar;0;KVa;-2,0571051705111114;cm;97,25427727272222;%;33,80833365307591;cm
2026-01-13 06:00:00.000;151,177766245774;moh;0;Hz;0;None;0,09293555637930555;m3/s;0;kW;0;rpm;0;KVar;0;%;0,1455735446863889;Mill.m3;92,93191572406799;l/s;0;m3/s;624190,3125;t;45;%;1,938776016;None;98,84649926008885;mKVs;0;None;1,1066140068916666;mm;0;m3/s;93,3300225;bar;0;KVa;-2,2226799860083335;cm;97,04902941397222;%;33,80000255751155;cm
2026-01-13 07:00:00.000;151,17656455452075;moh;0;Hz;0;None;0,09277277936416664;m3/s;0;kW;0;rpm;0;KVar;0;%;0,14530808146027777;Mill.m3;92,77522497331664;l/s;0;m3/s;624190,3125;t;45;%;1,938776016;None;98,79343556899381;mKVs;0;None;1,172979142975;mm;0;m3/s;93,62520527777778;bar;0;KVa;-2,343724568747222;cm;96,87205562677778;%;33,7850972165142;cm
2026-01-13 08:00:00.000;151,176418959508;moh;0;Hz;0;None;0,09280000130166666;m3/s;0;kW;0;rpm;0;KVar;0;%;0,14530225932722224;Mill.m3;92,8000129499717;l/s;0;m3/s;624190,3125;t;45;%;1,938776016;None;98,85657624646325;mKVs;0;None;1,174435085638889;mm;0;m3/s;93,8133;bar;0;KVa;-2,357211642841667;cm;96,86817192736112;%;33,78333468774949;cm
2026-01-13 09:00:00.000;151,17690962166165;moh;0;Hz;0;None;0,0924500040725;m3/s;0;kW;0;rpm;0;KVar;0;%;0,1453994246633333;Mill.m3;92,45002466994427;l/s;0;m3/s;624190,3125;t;45;%;1,938776016;None;98,81185592604655;mKVs;0;None;1,1501439412333334;mm;0;m3/s;94,11905361111111;bar;0;KVa;-2,3094473945166665;cm;96,93294919516667;%;33,725004046610934;cm
2026-01-13 10:00:00.000;151,1762644123326;moh;17,225121186322887;Hz;0,2117881248273154;None;0,2717645260249166;m3/s;175,37285944444446;kW;301,78876388888887;rpm;30,3319475;KVar;18,62614882018333;%;0,14531679518111112;Mill.m3;92,43559410451978;l/s;0,1793295245145833;m3/s;624190,6776615278;t;34,95542257221478;%;1,938776016;None;98,52763742405232;mKVs;0;None;1,1708005267765098;mm;0;m3/s;94,37202611111111;bar;193,43561805555555;KVa;-2,3712370131227254;cm;96,87786505002778;%;33,731569975418445;cm
2026-01-13 11:00:00.000;151,17518485192696;moh;0;Hz;0;None;0,09291722314958337;m3/s;0;kW;0;rpm;0;KVar;0;%;0,14503680707000002;Mill.m3;92,91715997700766;l/s;0;m3/s;624191,125;t;41,5;%;1,938776016;None;98,79341871227739;mKVs;0;None;1,2407981023277779;mm;0;m3/s;93,8465175;bar;0;KVa;-2,4813334149;cm;96,69120443075;%;33,79166081119048;cm
2026-01-13 12:00:00.000;151,17507272207956;moh;0;Hz;0;None;0,09274361290763888;m3/s;0;kW;0;rpm;0;KVar;0;%;0,14502404695166665;Mill.m3;92,74189846562128;l/s;0;m3/s;624191,125;t;41,5;%;1,938776016;None;98,79261177609517;mKVs;0;None;1,2439876131250003;mm;0;m3/s;93,3869438888889;bar;0;KVa;-2,4932098389000004;cm;96,6826991825;%;33,77499948111322;cm
2026-01-13 13:00:00.000;151,17421597022553;moh;0;Hz;0;None;0,09235194540522221;m3/s;0;kW;0;rpm;0;KVar;0;%;0,1448629320847222;Mill.m3;92,8717804123714;l/s;0;m3/s;624191,125;t;41,5;%;1,938776016;None;98,84913949840261;mKVs;0;None;1,2842665776916666;mm;0;m3/s;93,50006972222222;bar;0;KVa;-2,5738101536166664;cm;96,57528803083333;%;33,78902354572198;cm
2026-01-13 14:00:00.000;151,17339495711576;moh;0;Hz;0;None;0,09298833376694446;m3/s;0;kW;0;rpm;0;KVar;0;%;0,1446725024375;Mill.m3;92,98055451399166;l/s;0;m3/s;624191,125;t;41,5;%;1,938776016;None;98,7773071486178;mKVs;0;None;1,3318739993888888;mm;0;m3/s;93,5327375;bar;0;KVa;-2,6620822483694444;cm;96,44833458736112;%;33,8166630382589;cm
2026-01-13 15:00:00.000;151,1738266433116;moh;0;Hz;0;None;0,09291250068097223;m3/s;0;kW;0;rpm;0;KVar;0;%;0,14477174347250002;Mill.m3;92,90818595731355;l/s;0;m3/s;624191,125;t;41,5;%;1,938776016;None;98,72500564430669;mKVs;0;None;1,3070636324305553;mm;0;m3/s;93,44494944444445;bar;0;KVa;-2,6158014932888896;cm;96,51449648555555;%;33,79999924;cm
2026-01-13 16:00:00.000;151,17561920627426;moh;0;Hz;0;None;0,09284583441750001;m3/s;0;kW;0;rpm;0;KVar;0;%;0,14510866678777778;Mill.m3;92,85150915921345;l/s;0;m3/s;624191,125;t;41,5;%;1,938776016;None;98,73936034009299;mKVs;0;None;1,222832997686111;mm;0;m3/s;93,63978194444445;bar;0;KVa;-2,440944247827778;cm;96,73911141425;%;33,79699134127631;cm
2026-01-13 17:00:00.000;151,17647054919576;moh;0;Hz;0;None;0,09313138843222223;m3/s;0;kW;0;rpm;0;KVar;0;%;0,1452571830347222;Mill.m3;93,126922211558;l/s;0;m3/s;624191,125;t;41,5;%;1,938776016;None;98,82197771764724;mKVs;0;None;1,1857032774561111;mm;0;m3/s;93,81683694444445;bar;0;KVa;-2,3536343046055554;cm;96,8381241475;%;33,81967603218669;cm
2026-01-13 18:00:00.000;151,1770823395554;moh;0;Hz;0;None;0,09319361034180555;m3/s;0;kW;0;rpm;0;KVar;0;%;0,14541730063722222;Mill.m3;93,1916482550816;l/s;0;m3/s;624191,125;t;41,5;%;1,938776016;None;98,74166788781923;mKVs;0;None;1,1456743874805557;mm;0;m3/s;93,505705;bar;0;KVa;-2,293027242197222;cm;96,94486814969444;%;33,8416641941056;cm
2026-01-13 19:00:00.000;151,17694168220854;moh;0;Hz;0;None;0,09332583198791665;m3/s;0;kW;0;rpm;0;KVar;0;%;0,14540465278166664;Mill.m3;93,32944945824639;l/s;0;m3/s;624191,125;t;41,5;%;1,938776016;None;98,76064870152881;mKVs;0;None;1,1488363477855554;mm;0;m3/s;93,290895;bar;0;KVa;-2,3132281834027775;cm;96,93643601841667;%;33,86135061713658;cm
2026-01-13 20:00:00.000;151,1774928867295;moh;0;Hz;0;None;0,0934852757376389;m3/s;0;kW;0;rpm;0;KVar;0;%;0,14556133612305555;Mill.m3;93,48340814633517;l/s;0;m3/s;624191,125;t;41,5;%;1,938776016;None;98,6863454446822;mKVs;0;None;1,1096657647147226;mm;0;m3/s;93,3860025;bar;0;KVa;-2,251853943052778;cm;97,04089141416667;%;33,88334531524807;cm
2026-01-13 21:00:00.000;151,17899756696985;moh;0;Hz;0;None;0,09342694265847222;m3/s;0;kW;0;rpm;0;KVar;0;%;0,14581611543916667;Mill.m3;93,42499806833844;l/s;0;m3/s;624191,125;t;41,5;%;1,938776016;None;98,74166713699756;mKVs;0;None;1,0459709166977778;mm;0;m3/s;93,86536638888889;bar;0;KVa;-2,096689012438889;cm;97,21074439197223;%;33,87500079082951;cm
2026-01-13 22:00:00.000;151,18295362359754;moh;0;Hz;0;None;0,09376916519;m3/s;0;kW;0,005590277777777777;rpm;0;KVar;0;%;0,14657781524416666;Mill.m3;93,7703690847033;l/s;0;m3/s;624191,125;t;41,5;%;1,3276647367527776;None;98,68728569743762;mKVs;0;None;0,8555454678194444;mm;0;m3/s;93,72919138888889;bar;0;KVa;-1,7074627347416667;cm;97,71854580847223;%;33,924339657620955;cm
2026-01-13 23:00:00.000;151,15974036624442;moh;49,00185766790251;Hz;0,9156286713747492;None;2,4284018905320552;m3/s;1987,6272175;kW;742,8907616666667;rpm;-632,2950136111111;KVar;85,01697813463889;%;0,14203074955138886;Mill.m3;93,43621135627424;l/s;2,3411468387566665;m3/s;624191,5682409896;t;68,41078993796063;%;2,1428570750000002;None;93,41521206653795;mKVs;0;None;1,9923125373305555;mm;0;m3/s;94,30908277777777;bar;2086,503982222222;KVa;-4,004347059366666;cm;94,68716617186111;%;33,87499722242069;cm
2026-01-14 00:00:00.000;151,13103163994523;moh;49,988396082864426;Hz;0,9795295584781494;None;0,898934356536111;m3/s;652,3427727777778;kW;749,8332525;rpm;-132,63468555555556;KVar;79,1861432603611;%;0,13623263815194442;Mill.m3;92,85839739259387;l/s;0,8059424915027777;m3/s;624192,5755591146;t;27,403738860463772;%;0,6164967234436111;None;97,99183531989313;mKVs;0;None;3,4418402778416666;mm;0;m3/s;94,05395555555556;bar;662,93737;KVa;-6,892022026772222;cm;90,82175879933334;%;33,796995917293486;cm
2026-01-14 01:00:00.000;151,124556455323;moh;1,7751365989214276;Hz;0,006987041519222611;None;0,10665932920827778;m3/s;2,860425;kW;43,540765;rpm;-0,4318694444444444;KVar;1,5259760327777778;%;0,1348288822566667;Mill.m3;92,33198380231521;l/s;0,01432432466111111;m3/s;624193,3740142882;t;26,39999962;%;0,0017006806202777777;None;98,66310184358626;mKVs;0;None;3,792779710505556;mm;0;m3/s;93,99906388888888;bar;2,975019722222222;KVa;-7,543890211341666;cm;89,88592113905555;%;33,70533081787078;cm
2026-01-14 02:00:00.000;151,12566516194275;moh;0;Hz;0;None;0,09222417144999999;m3/s;0;kW;0;rpm;0;KVar;0;%;0,13513300569166667;Mill.m3;92,22066375311992;l/s;0;m3/s;624193,4375;t;26,39999962;%;0;None;98,59168022764322;mKVs;0;None;3,716748555666667;mm;0;m3/s;93,63878305555555;bar;0;KVa;-7,43321736645;cm;90,08866946;%;33,688666822300796;cm
2026-01-14 03:00:00.000;151,12566616072576;moh;0;Hz;0;None;0,09206667046000001;m3/s;0;kW;0;rpm;0;KVar;0;%;0,1351315902852778;Mill.m3;92,06667091224003;l/s;0;m3/s;624193,4375;t;26,39999962;%;0;None;98,61134002129474;mKVs;0;None;3,7171024747555554;mm;0;m3/s;92,40556972222222;bar;0;KVa;-7,433369954333333;cm;90,08772589394444;%;33,66666832554961;cm
2026-01-14 04:00:00.000;151,1267977689775;moh;0;Hz;0;None;0,09183333566;m3/s;0;kW;0;rpm;0;KVar;0;%;0,13536961633444444;Mill.m3;91,83337552472052;l/s;0;m3/s;624193,4375;t;26,39999962;%;0;None;98,61365671706221;mKVs;0;None;3,65759531675;mm;0;m3/s;93,55526944444445;bar;0;KVa;-7,318242390766666;cm;90,24641109022222;%;33,63334114101888;cm
2026-01-14 05:00:00.000;151,12673439640798;moh;0;Hz;0;None;0,09162916851708335;m3/s;0;kW;0;rpm;0;KVar;0;%;0,1353318864786111;Mill.m3;91,62986479075109;l/s;0;m3/s;624193,4375;t;26,39999962;%;0;None;98,63333583765935;mKVs;0;None;3,6670282152555553;mm;0;m3/s;88,17502055555556;bar;0;KVa;-7,329050699783334;cm;90,22125759094445;%;33,603001021896475;cm
2026-01-14 06:00:00.000;151,12872133213227;moh;0;Hz;0;None;0,09163500288041666;m3/s;0;kW;0,0025544444444444443;rpm;0;KVar;0;%;0,1357479837361111;Mill.m3;91,62540993526218;l/s;0;m3/s;624193,4375;t;26,39999962;%;0;None;98,5744043493497;mKVs;0;None;3,5630035399333333;mm;0;m3/s;93,15569388888889;bar;0;KVa;-7,1260155573083335;cm;90,49865807455555;%;33,59400942125364;cm
2026-01-14 07:00:00.000;151,1217342992315;moh;45,78323868626141;Hz;0,8295516635856881;None;0,6929879702395556;m3/s;496,7560197222222;kW;702,2589172222222;rpm;24,54488361111111;KVar;65,65385723080556;%;0,13436184877694443;Mill.m3;91,2018768252223;l/s;0,6017513869547222;m3/s;624193,9160088367;t;25,650589483450915;%;0,6105443426797221;None;98,07913449307095;mKVs;0;None;3,909536997469444;mm;0;m3/s;94,12332888888889;bar;502,72370722222223;KVa;-7,818798488972222;cm;89,57456783627778;%;33,53139327444507;cm
2026-01-14 08:00:00.000;151,1053609159567;moh;28,50120159313115;Hz;0,5220158921277916;None;1,354966494324;m3/s;1081,7640877777778;kW;443,3680313888889;rpm;-199,12672555555557;KVar;47,03761501236111;%;0,13110874593111113;Mill.m3;90,99572183295261;l/s;1,2639673536916667;m3/s;624194,7901668751;t;48,623834321052676;%;1,3988095498680557;None;95,63880010191923;mKVs;0;None;4,722813500222222;mm;0;m3/s;93,4445975;bar;1104,9133616666666;KVa;-9,453404744238888;cm;87,40583129405556;%;33,51367502035299;cm
2026-01-14 09:00:00.000;151,06624458102257;moh;39,72574339671835;Hz;0,7543467336730402;None;1,8307550769880003;m3/s;1426,8106180555556;kW;611,662295;rpm;-221,32264305555555;KVar;71,66537683316666;%;0,12334147843388889;Mill.m3;89,96382438574783;l/s;1,7407554976888884;m3/s;624195,7422714237;t;61,77416615812855;%;1,4090138897638889;None;95,35801872093137;mKVs;0;None;6,6646300422166656;mm;0;m3/s;93,66659138888889;bar;1445,4213138888888;KVa;-13,366478814166667;cm;82,22765348113889;%;33,369028518728044;cm
2026-01-14 10:00:00.000;151,05117264718754;moh;49,024011006655634;Hz;0,9295406093453993;None;0,7397674276694044;m3/s;554,0445025;kW;743,2676808333333;rpm;17,479090555555555;KVar;71,4519568233317;%;0,11997595523250458;Mill.m3;88,89027131247796;l/s;0,6369135268706442;m3/s;624195,8794584896;t;27,366214987367925;%;0,6088428117191342;None;98,0884321331782;mKVs;0;None;7,401792424234144;mm;0;m3/s;94,08693138888889;bar;561,4974627777777;KVa;-14,812460377690515;cm;79,98396974957359;%;33,19696952842882;cm
2026-01-14 11:00:00.000;151,0523289084255;moh;50,00674568827782;Hz;0,974577909861401;None;0,8189079686952777;m3/s;606,8727825;kW;750,1666522222222;rpm;-133,0366425;KVar;78,3377350481389;%;0,12046265461805555;Mill.m3;88,9313531959654;l/s;0,7299535685069444;m3/s;624197,7443345486;t;26,731013012941126;%;0,6122450233;None;97,9248749332969;mKVs;0;None;7,384336259608334;mm;0;m3/s;93,70128972222223;bar;622,3930702777777;KVa;-14,76812574638889;cm;80,30843698802778;%;33,20000187192747;cm
2026-01-14 12:00:00.000;151,02884844386952;moh;50,04067888066655;Hz;0,9543463839202139;None;2,5767276790152778;m3/s;2099,6418625;kW;750,4166880555556;rpm;-665,0066255555555;KVar;90,05187280463889;%;0,1158415213813889;Mill.m3;88,28510611610483;l/s;2,4884412042424997;m3/s;624198,7443463369;t;70,99074634281723;%;2,1386053748563896;None;92,92189862382864;mKVs;0;None;8,539619445869446;mm;0;m3/s;93,67810638888889;bar;2202,3013894444443;KVa;-17,09284040677778;cm;77,22768188102778;%;33,11705668299132;cm
2026-01-14 13:00:00.000;150,98796610882272;moh;49,99837087429233;Hz;0,9599590119218625;None;2,646923645411111;m3/s;2138,8034555555555;kW;749,8333280555555;rpm;-633,6949697222223;KVar;89,94727151441667;%;0,10768313897;Mill.m3;86,97668973530672;l/s;2,5599854940249998;m3/s;624199,7443818229;t;72,54922787294429;%;2,1428570750000002;None;92,75000350944913;mKVs;0;None;10,6439384891;mm;0;m3/s;94,21881833333333;bar;2232,3578269444442;KVa;-21,188426549166667;cm;71,78875995169444;%;32,92577513763752;cm
2026-01-14 14:00:00.000;150,96903333400573;moh;50,01439035551864;Hz;0,9605460579551042;None;0,8796713520809724;m3/s;649,6017902777778;kW;750,2500219444445;rpm;-187,0087147222222;KVar;77,91439162344444;%;0,10355779933305558;Mill.m3;85,98131243510707;l/s;0,7906221384922223;m3/s;624200,7443657987;t;27,436786064988866;%;0,6147960428233333;None;97,78852322454983;mKVs;0;None;11,65979936413889;mm;0;m3/s;93,99651333333334;bar;676,0422625;KVa;-23,02999199713889;cm;69,03853452497222;%;32,76324476993785;cm
2026-01-14 15:00:00.000;150,95927829534227;moh;25,85612317726931;Hz;0,44256137491865694;None;1,0552239111954167;m3/s;819,1030005555556;kW;411,90032083333335;rpm;-250,10494444444444;KVar;42,05883617358333;%;0,1019254636931389;Mill.m3;85,39408903187228;l/s;0,9698211669152776;m3/s;624201,649945243;t;41,3026507839298;%;0,9657031996869445;None;96,54468956786819;mKVs;0;None;12,220497343777778;mm;0;m3/s;94,09047666666666;bar;856,9398402777778;KVa;-24,065055847361112;cm;67,95030852416667;%;32,68271721927223;cm
2026-01-14 16:00:00.000;150,9472135056102;moh;26,11893373829244;Hz;0,44361240648079364;None;1,0790378930101387;m3/s;828,4527980555556;kW;415,93326333333334;rpm;-238,48368;KVar;41,60258818686111;%;0,0994521580656389;Mill.m3;84,68411344567896;l/s;0,994353723598;m3/s;624202,4883190624;t;62,29067710701318;%;0,9662698660055554;None;96,40690379814478;mKVs;0;None;12,900656381583333;mm;0;m3/s;93,77965944444445;bar;863,4817433333334;KVa;-25,28060065402778;cm;66,30143973180556;%;32,5621860351387;cm
2026-01-14 17:00:00.000;150,91908568538946;moh;50,02063441606619;Hz;0,955385707929704;None;2,4683157555805555;m3/s;1985,9861841666666;kW;750,4166580555556;rpm;-605,2072433333333;KVar;92,14999982969445;%;0,09388182601955554;Mill.m3;83,8845859530523;l/s;2,3844252017138894;m3/s;624203,4181355903;t;66,14187506983468;%;1,98979580425;None;93,6679816169835;mKVs;0;None;14,432497447527778;mm;0;m3/s;93,89417083333333;bar;2074,2372466666666;KVa;-28,081037732;cm;62,587885232;%;32,455369641258166;cm
2026-01-14 18:00:00.000;150,89471747887174;moh;49,977639179923194;Hz;0,9587807685593315;None;2,500099433194445;m3/s;2014,6017227777777;kW;749,4166625;rpm;-580,5264197222223;KVar;91,93894009088889;%;0,08899035019024998;Mill.m3;83,22315159762863;l/s;2,4167464507444447;m3/s;624204,4181585243;t;67,05861583668629;%;2,01530605575;None;93,41323956190458;mKVs;0;None;15,777653374166666;mm;0;m3/s;93,989825;bar;2098,195918611111;KVa;-30,520935059166668;cm;59,32690097002778;%;32,33719211947521;cm
2026-01-14 19:00:00.000;150,88088181491597;moh;38,80400350277376;Hz;0,7189902727793308;None;1,8419432105436386;m3/s;1443,1804797222221;kW;598,2960047222223;rpm;-425,47835638888887;KVar;69,6913562775;%;0,08617229732830556;Mill.m3;82,64752615676538;l/s;1,7592921309944445;m3/s;624205,4181759027;t;63,60829561542943;%;1,4291384571083332;None;94,93630977321851;mKVs;0;None;16,552617813916665;mm;0;m3/s;94,11051916666666;bar;1503,4628605555556;KVa;-31,912740071027777;cm;57,44819947330556;%;32,253858858011135;cm
2026-01-14 20:00:00.000;150,8663249954735;moh;49,1169537100774;Hz;0,9000733269673356;None;2,3138492906808614;m3/s;1880,4940127777777;kW;744,0404352777778;rpm;-681,5421163888889;KVar;85,9601714661111;%;0,08329813612869444;Mill.m3;81,49780013764176;l/s;2,2324867735022225;m3/s;624206,418185868;t;65,68487149578762;%;2,035147135475;None;93,67469905711367;mKVs;0;None;17,34301249338889;mm;0;m3/s;91,74297638888889;bar;1999,3602783333333;KVa;-33,35896809825;cm;55,53209107711111;%;32,07438255071258;cm
2026-01-14 21:00:00.000;150,85910775553575;moh;50,01577071835014;Hz;0,886050630392923;None;0,8738345141022222;m3/s;641,6753036111111;kW;750,4999830555555;rpm;-335,79883472222224;KVar;79,13395873372222;%;0,08182130563597222;Mill.m3;81,21983741158225;l/s;0,7926572016472223;m3/s;624207,4182052604;t;27,1466668608565;%;0,6162132762047222;None;97,73879342267276;mKVs;0;None;17,749140846166668;mm;0;m3/s;93,57080777777777;bar;723,7761844444444;KVa;-34,09241570322222;cm;54,54753714738889;%;32,02947167488589;cm
2026-01-14 22:00:00.000;150,86169147271153;moh;1,7273291717512336;Hz;0,0056395859326669176;None;0,0959568724468889;m3/s;3,133026666666667;kW;42,655454444444445;rpm;-1,744388888888889;KVar;1,7463617113777776;%;0,08233725560894445;Mill.m3;80,96800946807925;l/s;0,014985481670777777;m3/s;624208,1498289931;t;26,30000114;%;0,0017006806202777777;None;98,35076241046058;mKVs;0;None;17,607254453694445;mm;0;m3/s;94,09360916666667;bar;3,150511388888889;KVa;-33,83609771638889;cm;54,89150450975;%;31,995527001168057;cm
2026-01-14 23:00:00.000;150,86749917126005;moh;0;Hz;0;None;0,08109527861666666;m3/s;0;kW;0;rpm;0;KVar;0;%;0,08347737426883335;Mill.m3;81,09798722444555;l/s;0;m3/s;624208,1875;t;26,30000114;%;0;None;98,29999474540493;mKVs;0;None;17,293721517305556;mm;0;m3/s;93,24104944444444;bar;0;KVa;-33,25271606497222;cm;55,651584445833336;%;32,01280720994505;cm
2026-01-15 00:00:00.000;150,872669749281;moh;0;Hz;0;None;0,08140833614;m3/s;0;kW;0;rpm;0;KVar;0;%;0,08452991971683334;Mill.m3;81,40826308785624;l/s;0;m3/s;624208,1875;t;26,30000114;%;0;None;98,31668404727837;mKVs;0;None;17,004272247416665;mm;0;m3/s;93,24352777777777;bar;0;KVa;-32,732815211416664;cm;56,35327954725;%;32,05832425226146;cm
2026-01-15 01:00:00.000;150,8768226235515;moh;0;Hz;0;None;0,08180000384833334;m3/s;0;kW;0;rpm;0;KVar;0;%;0,08536194519477777;Mill.m3;81,80000265833758;l/s;0;m3/s;624208,1875;t;26,30000114;%;0;None;98,31668493615341;mKVs;0;None;16,775464587;mm;0;m3/s;93,475935;bar;0;KVa;-32,319569057361115;cm;56,90796457994445;%;32,11666842389314;cm
2026-01-15 02:00:00.000;150,87930187095;moh;0;Hz;0;None;0,08203583533541667;m3/s;0;kW;0;rpm;0;KVar;0;%;0,08585357653449999;Mill.m3;82,03801665051151;l/s;0;m3/s;624208,1875;t;26,30000114;%;0;None;98,32946524105621;mKVs;0;None;16,640266418333333;mm;0;m3/s;93,54939972222222;bar;0;KVa;-32,070719402916666;cm;57,235717964833334;%;32,16280124582794;cm
2026-01-15 03:00:00.000;150,881289524254;moh;0;Hz;0;None;0,08221722290597223;m3/s;0;kW;0;rpm;0;KVar;0;%;0,08626012156333333;Mill.m3;82,21295275655433;l/s;0;m3/s;624208,1875;t;26,30000114;%;0;None;98,32887869441689;mKVs;0;None;16,528466541833332;mm;0;m3/s;93,57687694444445;bar;0;KVa;-31,87132517436111;cm;57,506748583;%;32,18332773732338;cm
2026-01-15 04:00:00.000;150,88259409663524;moh;0;Hz;0;None;0,08242416613430557;m3/s;0;kW;0;rpm;0;KVar;0;%;0,08650536379858334;Mill.m3;82,42655866404537;l/s;0;m3/s;624208,1875;t;26,30000114;%;0;None;98,31666801974411;mKVs;0;None;16,461024813027777;mm;0;m3/s;93,57692333333334;bar;0;KVa;-31,74121008922222;cm;57,67024283972222;%;32,216671034385755;cm
2026-01-15 05:00:00.000;150,88391490757502;moh;0;Hz;0;None;0,08256249874625002;m3/s;0;kW;0;rpm;0;KVar;0;%;0,0867818788926389;Mill.m3;82,56451400859405;l/s;0;m3/s;624208,1875;t;26,30000114;%;0;None;98,30445781728656;mKVs;0;None;16,38498327188889;mm;0;m3/s;93,90426444444445;bar;0;KVa;-31,608505250833332;cm;57,85458536177778;%;32,23778763007529;cm
2026-01-15 06:00:00.000;150,88545927231476;moh;0;Hz;0;None;0,08294166376083334;m3/s;0;kW;0;rpm;0;KVar;0;%;0,08708938521613888;Mill.m3;82,94166692083333;l/s;0;m3/s;624208,1875;t;26,30000114;%;0;None;98,30774960019671;mKVs;0;None;16,300418851833335;mm;0;m3/s;93,44108416666667;bar;0;KVa;-31,454755997305554;cm;58,05959053066667;%;32,291666033333335;cm
2026-01-15 07:00:00.000;150,88775393197227;moh;0;Hz;0;None;0,08309999729166669;m3/s;0;kW;0;rpm;0;KVar;0;%;0,08754517299263886;Mill.m3;83,09999841167007;l/s;0;m3/s;624208,1875;t;26,30000114;%;0;None;98,2461289298422;mKVs;0;None;16,17507701422222;mm;0;m3/s;93,56491111111112;bar;0;KVa;-31,225191753333334;cm;58,36345001711111;%;32,31666606610602;cm
2026-01-15 08:00:00.000;150,88952617036676;moh;0;Hz;0;None;0,08317166428202778;m3/s;0;kW;0;rpm;0;KVar;0;%;0,0878996771236111;Mill.m3;83,1705163985154;l/s;0;m3/s;624208,1875;t;26,30000114;%;0;None;98,30342097242713;mKVs;0;None;16,07758840027778;mm;0;m3/s;93,67930638888889;bar;0;KVa;-31,047104731305556;cm;58,59978545483333;%;32,32841936302814;cm
2026-01-15 09:00:00.000;150,89788608233945;moh;0;Hz;0;None;0,08319138891027777;m3/s;0;kW;0;rpm;0;KVar;0;%;0,08904955883822221;Mill.m3;83,66580795244991;l/s;0;m3/s;624208,1875;t;26,300001139999996;%;0;None;98,25643521698784;mKVs;0;None;15,537760203916667;mm;0;m3/s;94,02738583333333;bar;0;KVa;-30,047156439972223;cm;59,36637246913889;%;32,4033285848675;cm
2026-01-15 10:00:00.000;150,91398342564548;moh;0;Hz;0;None;0,08439139128041667;m3/s;0;kW;0;rpm;0;KVar;0;%;0,09277775184272219;Mill.m3;84,38804468356513;l/s;0;m3/s;624208,1875;t;26,30000114;%;0;None;98,24342463788518;mKVs;0;None;14,736118104805556;mm;0;m3/s;93,55172333333333;bar;0;KVa;-28,610848321166667;cm;61,85183455172222;%;32,51386605665974;cm
2026-01-15 11:00:00.000;150,92874663974465;moh;0;Hz;0;None;0,08462666832125;m3/s;0;kW;0;rpm;0;KVar;0;%;0,09570097852919443;Mill.m3;84,62727862335377;l/s;0;m3/s;624208,1875;t;26,30000114;%;0;None;98,26615570754302;mKVs;0;None;13,932230419888889;mm;0;m3/s;93,49801388888889;bar;0;KVa;-27,12784661125;cm;63,8006524915;%;32,549989894742374;cm
2026-01-15 12:00:00.000;150,93967830794304;moh;0;Hz;0;None;0,08502305468805557;m3/s;0;kW;0;rpm;0;KVar;0;%;0,09788912367119443;Mill.m3;85,02381738430043;l/s;0;m3/s;624208,1875;t;26,30000114;%;0;None;98,35000137251382;mKVs;0;None;13,330490749888888;mm;0;m3/s;92,75737444444445;bar;0;KVa;-26,035982768916668;cm;65,25941518269444;%;32,607815950508396;cm
2026-01-15 13:00:00.000;150,94596880279514;moh;0;Hz;0;None;0,08502249866625002;m3/s;0;kW;0;rpm;0;KVar;0;%;0,09917676254091666;Mill.m3;85,02030339299559;l/s;0;m3/s;624208,1875;t;26,30000114;%;0;None;98,34219304759117;mKVs;0;None;12,97639020363889;mm;0;m3/s;93,01664305555556;bar;0;KVa;-25,404955545916668;cm;66,11784214533333;%;32,6171880826089;cm
2026-01-15 14:00:00.000;150,95273040120054;moh;0;Hz;0;None;0,08518388685194443;m3/s;0;kW;0;rpm;0;KVar;0;%;0,10052985922916668;Mill.m3;85,18799213217527;l/s;0;m3/s;624208,1875;t;26,30000114;%;0;None;98,34946982503793;mKVs;0;None;12,604288101777778;mm;0;m3/s;93,85832444444445;bar;0;KVa;-24,729516772;cm;67,0199065316389;%;32,64114335497652;cm
2026-01-15 15:00:00.000;150,95823592165104;moh;0;Hz;0;None;0,08525583098291666;m3/s;0;kW;0,002525;rpm;0;KVar;0;%;0,10164153912638887;Mill.m3;85,25373992809554;l/s;0;m3/s;624208,1875;t;26,30000114;%;0,018424042402777778;None;98,30894815265535;mKVs;0;None;12,298576357416668;mm;0;m3/s;93,70160916666667;bar;0;KVa;-24,176991781;cm;67,76102553408333;%;32,65053579460333;cm
2026-01-15 16:00:00.000;150,94422830894845;moh;48,86369659760243;Hz;0,920141399782768;None;1,5038493938538884;m3/s;1197,6910680555557;kW;741,0651241666667;rpm;-123,55413972222222;KVar;83,04412828063889;%;0,09890112828650002;Mill.m3;85,1480054083691;l/s;1,4192167798000002;m3/s;624208,7461874478;t;43,126926840428354;%;1,326531053;None;96,3265313876559;mKVs;0;None;13,05218929775;mm;0;m3/s;93,85297222222222;bar;1209,8298697222222;KVa;-25,565821330083335;cm;65,93408576172222;%;32,62499458915174;cm
2026-01-15 17:00:00.000;150,90837597558112;moh;49,99994496123285;Hz;0,9828088179146044;None;2,25611474675;m3/s;1815,0296391666666;kW;750,08331;rpm;-334,49466722222223;KVar;93,48877438427778;%;0,09177419764741668;Mill.m3;84,24831315956843;l/s;2,1719532996999997;m3/s;624209,746205191;t;60,053132652322255;%;1,8353177767861113;None;94,35040250775891;mKVs;0;None;15,01209534575;mm;0;m3/s;94,03891333333333;bar;1846,4417980555556;KVa;-29,147334627777777;cm;61,18279898975;%;32,501080083059975;cm
2026-01-15 18:00:00.000;150,89507489106526;moh;49,992545472302666;Hz;0,9951210050100322;None;0,8493016148713889;m3/s;622,242355;kW;749,8396533333333;rpm;62,80026888888889;KVar;78,72288316066667;%;0,08899867437333332;Mill.m3;83,11261198107293;l/s;0,7638235795952778;m3/s;624210,7466713194;t;26,70428169587124;%;0,6064966486366666;None;97,76858523606042;mKVs;0;None;15,775364133555556;mm;0;m3/s;93,93279722222222;bar;627,9429625;KVa;-30,493740506694444;cm;59,33245040072222;%;32,317202078380426;cm
2026-01-15 19:00:00.000;150,9036783094175;moh;1,7365414353809854;Hz;0,005628835899170477;None;0,09869984168958333;m3/s;3,9167747222222222;kW;42,3872825;rpm;1,1577911111111112;KVar;2,050766833561111;%;0,0906980462597222;Mill.m3;83,09676891990529;l/s;0,01554974770225;m3/s;624211,5557892361;t;26;%;0,0016666667327777777;None;98,42415647976894;mKVs;0;None;15,308037016027777;mm;0;m3/s;91,55458944444445;bar;3,145230833333333;KVa;-29,63679843408333;cm;60,46536461616667;%;32,3161278037801;cm
2026-01-15 20:00:00.000;150,92106281295807;moh;0;Hz;0;None;0,0834155543;m3/s;0;kW;0;rpm;0;KVar;0;%;0,09422750663541667;Mill.m3;83,41659000537476;l/s;0;m3/s;624211,625;t;26;%;0;None;98,37499982503165;mKVs;0;None;14,337435616722223;mm;0;m3/s;93,09788027777778;bar;0;KVa;-27,86707984025;cm;62,818337482;%;32,3666645721567;cm
2026-01-15 21:00:00.000;150,93859918700326;moh;0;Hz;0;None;0,08400444653666665;m3/s;0;kW;0;rpm;0;KVar;0;%;0,09768721581366667;Mill.m3;84,00458011710259;l/s;0;m3/s;624211,625;t;26;%;0;None;98,35000431774694;mKVs;0;None;13,386015363833334;mm;0;m3/s;93,71718444444444;bar;0;KVa;-26,144451566444445;cm;65,1248104946389;%;32,457797645705895;cm
2026-01-15 22:00:00.000;150,94844969281132;moh;0;Hz;0;None;0,08454333535694444;m3/s;0;kW;0;rpm;0;KVar;0;%;0,09967680183977776;Mill.m3;84,54671125833762;l/s;0;m3/s;624211,625;t;26;%;0;None;98,30887988729224;mKVs;0;None;12,838879479777777;mm;0;m3/s;93,28638805555556;bar;0;KVa;-25,156046548944445;cm;66,45120148130556;%;32,54111908049427;cm
2026-01-15 23:00:00.000;150,95654011985624;moh;0;Hz;0;None;0,0847872223288889;m3/s;0;kW;0;rpm;0;KVar;0;%;0,10128502645527776;Mill.m3;84,78760275047871;l/s;0;m3/s;624211,625;t;26;%;0;None;98,34166522228098;mKVs;0;None;12,396617466611112;mm;0;m3/s;93,47191111111111;bar;0;KVa;-24,348309834416668;cm;67,52335012344444;%;32,583333880524386;cm
2026-01-16 00:00:00.000;150,968517167998;moh;0;Hz;0;None;0,08516916483625;m3/s;0;kW;0;rpm;0;KVar;0;%;0,10366496640416667;Mill.m3;85,17095785328678;l/s;0;m3/s;624211,625;t;26;%;0;None;98,3785723602651;mKVs;0;None;11,742134306444445;mm;0;m3/s;93,54172083333333;bar;0;KVa;-23,152520921305555;cm;69,10997761505556;%;32,64112307750899;cm
2026-01-16 01:00:00.000;150,96432768715314;moh;48,89131152502053;Hz;0,885336244307982;None;2,334776679690139;m3/s;1905,3619777777778;kW;741,4774375;rpm;-630,59351;KVar;81,66685208111112;%;0,10293651156222221;Mill.m3;85,72623778829303;l/s;2,250044569586667;m3/s;624212,0785080207;t;66,50836285303342;%;2,1369046942361116;None;93,29645576636416;mKVs;0;None;11,942459320444444;mm;0;m3/s;93,93498222222222;bar;2008,4386680555556;KVa;-23,561748928333333;cm;68,62434033252778;%;32,72499954751279;cm
2026-01-16 02:00:00.000;150,9425959113832;moh;50,00072337861578;Hz;0,9607784555637733;None;2,645413204561111;m3/s;2137,920771388889;kW;750,0723644444445;rpm;-613,9258038888889;KVar;89,94806393672222;%;0,0985643163071111;Mill.m3;85,47501646657051;l/s;2,559931550366666;m3/s;624213,0785288195;t;72,6311134254442;%;2,1428570750000002;None;92,70691720449425;mKVs;0;None;13,144812691333334;mm;0;m3/s;93,08880194444444;bar;2224,854280833333;KVa;-25,732570225333333;cm;65,70954397047223;%;32,683337154679585;cm
2026-01-16 03:00:00.000;150,9235164279599;moh;49,99726433285484;Hz;0,9599999785;None;2,6459412945166667;m3/s;2143,829246388889;kW;750,0055091666667;rpm;-647,4848191666666;KVar;89,93239072225;%;0,09474108177697221;Mill.m3;84,90805518656818;l/s;2,560997406147222;m3/s;624214,078558264;t;72,90109229213776;%;2,1428570750000002;None;92,59134711799126;mKVs;0;None;14,196201960722222;mm;0;m3/s;93,74493083333333;bar;2237,2661230555555;KVa;-27,64112260697222;cm;63,16072210786111;%;32,604546599749675;cm
2026-01-16 04:00:00.000;150,9213041443872;moh;50,011610530148445;Hz;0,9503978449044205;None;0,8888941756491666;m3/s;655,6225925;kW;750,1666633333333;rpm;-210,67697083333334;KVar;79,27120037113889;%;0,09426870377127776;Mill.m3;84,52583242082376;l/s;0,8043691759502777;m3/s;624215,0786007986;t;27,613766719101644;%;0,6122450233;None;97,6053643652223;mKVs;0;None;14,326105965833333;mm;0;m3/s;93,85179222222222;bar;690,0884338888889;KVa;-27,872869703305554;cm;62,84580383294445;%;32,53333641505005;cm
2026-01-16 05:00:00.000;150,92398333222147;moh;50,009166203058086;Hz;0,9913825216754923;None;0,8283887089908332;m3/s;617,6759383333333;kW;750,1611594444445;rpm;-87,66052;KVar;78,6249515975;%;0,09479054543622223;Mill.m3;84,71540760210996;l/s;0,7436515476927777;m3/s;624216,0786267361;t;26,68554409395377;%;0,6122450233;None;97,70000053332446;mKVs;0;None;14,182599385527778;mm;0;m3/s;93,78726444444445;bar;625,4135552777777;KVa;-27,602513631333334;cm;63,19369841494444;%;32,56611498622074;cm
2026-01-16 06:00:00.000;150,90416043483904;moh;49,97444126256156;Hz;0,9701907913700252;None;2,5758223550141666;m3/s;2103,015153888889;kW;749,7555213888888;rpm;-546,3977286111111;KVar;89,93300151772222;%;0,09091523788480557;Mill.m3;84,15070311854791;l/s;2,4917218670394443;m3/s;624217,0786357813;t;71,15410132340115;%;2,1386053748563896;None;92,61942515892474;mKVs;0;None;15,248309240138889;mm;0;m3/s;93,97323444444444;bar;2170,675635833333;KVa;-29,57210116925;cm;60,61015918602778;%;32,49221877685056;cm
2026-01-16 07:00:00.000;150,885367949403;moh;49,96749749942971;Hz;0,978278100024657;None;2,6450275130194445;m3/s;2140,0061433333335;kW;749,5777775;rpm;-458,1172538888889;KVar;89,92713235144444;%;0,08709479276547223;Mill.m3;83,67084203450935;l/s;2,5613549995861113;m3/s;624218,0786749477;t;72,99668544157075;%;2,1428570750000002;None;92,50943707783274;mKVs;0;None;16,298931544027777;mm;0;m3/s;93,73552583333333;bar;2190,561470277778;KVa;-31,459274291527777;cm;58,06319640486111;%;32,40943847729659;cm
2026-01-16 08:00:00.000;150,879695540232;moh;50,01161058035036;Hz;0,9799999595;None;2,6482654166305553;m3/s;2144,017155833333;kW;750,2499969444444;rpm;-429,3457063888889;KVar;89,87623839875;%;0,08595298754205555;Mill.m3;83,44459327958296;l/s;2,5648156929583332;m3/s;624219,0786932985;t;72,85555061635543;%;2,1428570750000002;None;92,60891157161095;mKVs;0;None;16,612928389333334;mm;0;m3/s;93,5248375;bar;2187,5028163888887;KVa;-32,02905019158333;cm;57,30199188888889;%;32,374447000370225;cm
2026-01-16 09:00:00.000;150,87610269644952;moh;50,00022113897892;Hz;0,9799999595;None;2,6454800817555557;m3/s;2144,3563602777776;kW;750,0888741666666;rpm;-412,7649375;KVar;89,91666592366667;%;0,08519849040366667;Mill.m3;83,40947463785976;l/s;2,56206671;m3/s;624220,0787364758;t;72,34888619340958;%;2,1428570750000002;None;92,60888856649495;mKVs;0;None;16,82041485936111;mm;0;m3/s;93,9280925;bar;2185,1065025;KVa;-32,38962809202778;cm;56,798993896527776;%;32,358332186905;cm
2026-01-16 10:00:00.000;150,8811480804115;moh;50,059437857145326;Hz;0,9791102520041203;None;2,6479316771166665;m3/s;2143,4311561111112;kW;750,8277252777777;rpm;-455,52509888888886;KVar;89,88506742888889;%;0,08619817871975001;Mill.m3;83,72310375578417;l/s;2,564215266047222;m3/s;624221,0787350173;t;72,54887345250977;%;2,1428570750000002;None;92,59166659531809;mKVs;0;None;16,545500648305556;mm;0;m3/s;93,83293416666666;bar;2191,108731111111;KVa;-31,89034355947222;cm;57,46545294716667;%;32,39943734636834;cm
2026-01-16 11:00:00.000;150,89338514027148;moh;49,99139606362066;Hz;0,9858335650108445;None;2,6505707720777774;m3/s;2146,01554;kW;749,7612988888889;rpm;-377,3599716666667;KVar;89,85356903;%;0,08865305545366668;Mill.m3;84,2182727338782;l/s;2,566357136;m3/s;624222,078740625;t;72,75000420638295;%;2,1428570750000002;None;92,54166897356606;mKVs;0;None;15,87040964675;mm;0;m3/s;93,51681833333333;bar;2176,308632222222;KVa;-30,664863587055557;cm;59,10203688975;%;32,49166802912293;cm
2026-01-16 12:00:00.000;150,91689035379252;moh;49,98299181577578;Hz;0,9902694956948619;None;2,64896330495;m3/s;2148,458276388889;kW;749,8072269444444;rpm;-299,97352555555557;KVar;89,88680447202778;%;0,09329525389566665;Mill.m3;84,86857818195412;l/s;2,5640972450805557;m3/s;624223,0787996007;t;72,5844711565674;%;2,1428570750000002;None;92,51094513809238;mKVs;0;None;14,59380510061111;mm;0;m3/s;94,10440694444445;bar;2168,9311727777776;KVa;-28,319604661666666;cm;62,19683560377778;%;32,597385954593;cm
2026-01-16 13:00:00.000;150,95120185399364;moh;50,012684208372065;Hz;0,9899985749000696;None;2,298939929012658;m3/s;2144,075927222222;kW;750,0877530555556;rpm;-334,6047011111111;KVar;89,92303938128357;%;0,1001403496876282;Mill.m3;86,05738707230107;l/s;2,18493213432093;m3/s;624223,2138123958;t;72,4320977901391;%;2,142854098809618;None;92,5880435441326;mKVs;0;None;12,71134793730536;mm;0;m3/s;93,62059666666667;bar;2170,230143333333;KVa;-24,878294637421362;cm;66,76023322886765;%;32,76812141961216;cm
2026-01-16 14:00:00.000;150,99105654708873;moh;49,956700892489344;Hz;0,9899999499000001;None;2,6524027332472224;m3/s;2144,550868888889;kW;749,2256827777778;rpm;-341,56652583333334;KVar;89,11932658930556;%;0,10811453871583333;Mill.m3;87,09761188581231;l/s;2,5439825485944443;m3/s;624225,0764668923;t;72,5175342938849;%;2,1428570750000002;None;92,62568820621365;mKVs;0;None;10,526698006527777;mm;0;m3/s;94,19436361111111;bar;2170,173566666667;KVa;-20,911339653972224;cm;72,07635905038889;%;32,936654539745746;cm
2026-01-16 15:00:00.000;151,03175959212274;moh;50,00166434997217;Hz;0,9885428429654906;None;2,6520233843972227;m3/s;2142,236466388889;kW;749,8333072222222;rpm;-364,8251452777778;KVar;89,88516987794445;%;0,1162513725075;Mill.m3;87,85108695511659;l/s;2,564208496525;m3/s;624226,0765450348;t;72,24384235353409;%;2,1428570750000002;None;92,71869698535626;mKVs;0;None;8,437156677316665;mm;0;m3/s;94,22293083333334;bar;2176,5876566666666;KVa;-16,837637159916667;cm;77,50091520852777;%;33,03596039406142;cm
2026-01-16 16:00:00.000;151,06818110522204;moh;49,9783793343192;Hz;0,9899999499000001;None;2,653507545897223;m3/s;2143,7005169444446;kW;749,7237752777778;rpm;-362,5965644444444;KVar;89,87435465972223;%;0,12355886661472222;Mill.m3;88,57028325031125;l/s;2,5649438652416667;m3/s;624227,0765944271;t;72,21758495315147;%;2,1428570750000002;None;92,73596269649904;mKVs;0;None;6,610283321722223;mm;0;m3/s;94,20469333333334;bar;2176,2073838888887;KVa;-13,19639841725;cm;82,37257751877777;%;33,15000608131931;cm
2026-01-16 17:00:00.000;151,09915943496924;moh;50,00964387590648;Hz;0,9899999499000001;None;2,6470756510666664;m3/s;2144,4414108333335;kW;750,1095563888889;rpm;-368,2073091666667;KVar;89,98060376655556;%;0,12976468361666668;Mill.m3;89,34999854917133;l/s;2,5577189202444446;m3/s;624228,0765864758;t;72,08857678143515;%;2,1428570750000002;None;92,7898054042389;mKVs;0;None;5,058828989505555;mm;0;m3/s;94,57480194444445;bar;2176,8396730555555;KVa;-10,094871521591667;cm;86,50979006044444;%;33,276795095042715;cm
2026-01-16 18:00:00.000;151,12353317785548;moh;49,96921103065414;Hz;0,9899999499000001;None;2,6490715934361106;m3/s;2140,9408391666666;kW;749,5833252777778;rpm;-362,7663661111111;KVar;89,95649797533333;%;0,1346615355163889;Mill.m3;89,72732047628926;l/s;2,5593581516638886;m3/s;624229,0765999131;t;72,27715241575142;%;2,1428570750000002;None;92,76579003737749;mKVs;0;None;3,8346163433083333;mm;0;m3/s;93,75799527777778;bar;2172,4866075;KVa;-7,656457689030555;cm;89,77435544408333;%;33,33595514670474;cm
2026-01-16 19:00:00.000;151,14230785036673;moh;50,00938103246789;Hz;0,9899999499000001;None;2,642041197838889;m3/s;2145,717720277778;kW;750,0833463888889;rpm;-369,02328277777775;KVar;90,06795391711111;%;0,13840735417638889;Mill.m3;90,2653546704496;l/s;2,551779028222222;m3/s;624230,0766244965;t;72,26236374149076;%;2,1428570750000002;None;92,86543926366471;mKVs;0;None;2,898161146452778;mm;0;m3/s;94,009095;bar;2181,1099777777777;KVa;-5,776320563405556;cm;92,27157020544445;%;33,41666703996012;cm
2026-01-16 20:00:00.000;151,156282237057;moh;50,00452212401352;Hz;0,989738050151424;None;2,643787238941666;m3/s;2140,175291111111;kW;750,0833152777777;rpm;-371,46880694444445;KVar;90,04439368825;%;0,1412313646311111;Mill.m3;90,40647656535366;l/s;2,553381181488889;m3/s;624231,0766137673;t;72,22621665062891;%;2,1428570750000002;None;92,97022468938572;mKVs;0;None;2,192158169308333;mm;0;m3/s;94,07993111111111;bar;2173,141188611111;KVa;-4,375436570994443;cm;94,15424478475;%;33,42499995307382;cm
2026-01-16 21:00:00.000;151,16626376241607;moh;49,96942708476712;Hz;0,9875004772994959;None;2,6457039588833333;m3/s;2138,222497777778;kW;749,2499958333333;rpm;-372,3176461111111;KVar;90,02142800075;%;0,1432366673013889;Mill.m3;90,78337231511681;l/s;2,5549428629166666;m3/s;624232,0764948784;t;72,23430755469259;%;2,1428570750000002;None;92,97219314139812;mKVs;0;None;1,6908327737722224;mm;0;m3/s;94,1758763888889;bar;2172,933502222222;KVa;-3,3747227985972224;cm;95,49111196844444;%;33,48333918436475;cm
2026-01-16 22:00:00.000;151,1721714927513;moh;49,964960106007915;Hz;0,9799999595;None;2,651133022680556;m3/s;2143,3320425;kW;749,6666525;rpm;-429,67007;KVar;89,93606041775;%;0,14390559790944446;Mill.m3;90,7032623314076;l/s;2,5607478386555553;m3/s;624233,0765520313;t;72,22675169105044;%;2,1428570750000002;None;92,92798545290273;mKVs;0;None;1,524503495927778;mm;0;m3/s;94,4882075;bar;2186,0311266666668;KVa;-2,782190110791667;cm;95,93706478536112;%;33,47189480763739;cm
2026-01-16 23:00:00.000;151,17441251166076;moh;50,01968925809871;Hz;0,9799999595;None;2,6487511098166663;m3/s;2139,2735047222222;kW;750,1666747222222;rpm;-439,31336444444446;KVar;89,97668668866666;%;0,14487292441916666;Mill.m3;90,76504756188872;l/s;2,557985331811111;m3/s;624234,07654125;t;72,24901521329858;%;2,1428570750000002;None;93,09465780577108;mKVs;0;None;1,2817679509888888;mm;0;m3/s;94,30053666666667;bar;2184,9793244444445;KVa;-2,5615988837027777;cm;96,58195131094445;%;33,48072129124964;cm
2026-01-17 00:00:00.000;151,17420394560497;moh;50,011144334195556;Hz;0,9783329944169515;None;2,6515998855444445;m3/s;2149,222111111111;kW;749,9739288888888;rpm;-470,5418125;KVar;89,93482182783333;%;0,1448529791;Mill.m3;90,765070117918;l/s;2,5608321625;m3/s;624235,076597309;t;72,43955583375268;%;2,1428570750000002;None;93,07238307501197;mKVs;0;None;1,286754608013889;mm;0;m3/s;94,4101336111111;bar;2196,815365277778;KVa;-2,5776672363166666;cm;96,56865416625;%;33,480724294922794;cm
2026-01-17 01:00:00.000;151,16994902837038;moh;50,008804261810766;Hz;0,9799999595;None;2,64963104015;m3/s;2149,4455830555557;kW;750,0261175;rpm;-450,27508;KVar;89,96299877;%;0,1439973308463889;Mill.m3;90,71324927964294;l/s;2,558916332572222;m3/s;624236,0765852258;t;71,95522263153546;%;2,1428570750000002;None;93,02393137126543;mKVs;0;None;1,500667995888889;mm;0;m3/s;92,97619277777778;bar;2190,244361388889;KVa;-3,003281487191667;cm;95,99821885358334;%;33,458336152503136;cm
2026-01-17 02:00:00.000;151,16473841316667;moh;49,997809113803946;Hz;0,9799999595;None;2,6478257843361113;m3/s;2146,5777794444443;kW;749,9166530555556;rpm;-450,9023602777778;KVar;89,98427687797222;%;0,14296877505583333;Mill.m3;90,36451645307893;l/s;2,557469250077778;m3/s;624237,0766357987;t;72,23333546933134;%;2,1428570750000002;None;93,02470001325983;mKVs;0;None;1,7578061421611113;mm;0;m3/s;94,48235805555555;bar;2189,8523816666666;KVa;-3,523114522216667;cm;95,31251667911111;%;33,410942849828515;cm
2026-01-17 03:00:00.000;151,15648632739425;moh;50,02494779261461;Hz;0,9758331301251583;None;2,652085241886111;m3/s;2144,4459225;kW;750,5260819444444;rpm;-474,8514861111111;KVar;89,9182027368611;%;0,1413134828702778;Mill.m3;90,10494933629012;l/s;2,5619621596777775;m3/s;624238,0766384549;t;72,3614505063492;%;2,1428570750000002;None;93,0671051608817;mKVs;0;None;2,1716287400583334;mm;0;m3/s;94,07827666666667;bar;2199,6992708333332;KVa;-4,349365234355556;cm;94,20899001147222;%;33,39478510853291;cm
2026-01-17 04:00:00.000;151,14971713852975;moh;50,00343432318472;Hz;0,9799999595;None;2,5384352459027784;m3/s;2040,4295408333332;kW;750,0572513888889;rpm;-425,46635166666664;KVar;91,58556575661112;%;0,13995176629166667;Mill.m3;89,67500639503434;l/s;2,4485815272722213;m3/s;624239,0766626389;t;67,86040064102667;%;2,0410995162388885;None;93,69628753239779;mKVs;0;None;2,512058681872222;mm;0;m3/s;83,94766444444444;bar;2085,4796094444446;KVa;-5,026346842461111;cm;93,30117649486111;%;33,32500056251717;cm
2026-01-17 05:00:00.000;151,14067387105848;moh;50,02078109985343;Hz;0,9705727795669405;None;2,6386848663388887;m3/s;2135,6224363888887;kW;750,3333563888889;rpm;-505,8656511111111;KVar;90,10872857838889;%;0,13815908763194448;Mill.m3;89,68330295966423;l/s;2,549006373219444;m3/s;624240,0766963194;t;72,0359465263393;%;2,142573627761111;None;93,16117060879981;mKVs;0;None;2,960228390102778;mm;0;m3/s;93,6455111111111;bar;2193,264150833333;KVa;-5,927946302669445;cm;92,10605862988889;%;33,32499515776975;cm
2026-01-17 06:00:00.000;151,12982307859374;moh;50,00109241014013;Hz;0,969999969;None;2,65525406345;m3/s;2142,324306111111;kW;750,0260072222222;rpm;-511,2653516666667;KVar;89,85605197666666;%;0,13599820489;Mill.m3;89,06492532781645;l/s;2,566188487875;m3/s;624241,0766992709;t;72,5770842312115;%;2,1428570750000002;None;93,05062751579828;mKVs;0;None;3,500448862780556;mm;0;m3/s;93,70964;bar;2199,751565277778;KVa;-7,013414170938889;cm;90,66546914825;%;33,239065250377514;cm
2026-01-17 07:00:00.000;151,11679179015624;moh;50,01764084432173;Hz;0,971926706058487;None;2,6484753515416664;m3/s;2138,467847222222;kW;750,3906322222222;rpm;-501,04293722222224;KVar;89,94702413266667;%;0,13338893436861113;Mill.m3;88,44874780476708;l/s;2,5600023390166666;m3/s;624242,0788748958;t;72,65625881245221;%;2,1428570750000002;None;93,07648699329829;mKVs;0;None;4,1527663336666665;mm;0;m3/s;93,4634975;bar;2198,090922777778;KVa;-8,317472669775;cm;88,92595623844444;%;33,155734425362624;cm
2026-01-17 08:00:00.000;151,10366327403273;moh;50,00307237588911;Hz;0,977499920208373;None;2,647181381163889;m3/s;2140,2566497222224;kW;750,166675;rpm;-480,22787666666665;KVar;89,96021868436111;%;0,13075943637277776;Mill.m3;88,06920307158494;l/s;2,5591051798;m3/s;624243,0767267188;t;72,58853492317273;%;2,1428570750000002;None;93,06666783878019;mKVs;0;None;4,8101403977;mm;0;m3/s;94,08096861111112;bar;2192,264254166667;KVa;-9,628346761633333;cm;87,17295894672222;%;33,08073239154739;cm
2026-01-17 09:00:00.000;151,08946902486775;moh;50,0013522733325;Hz;0,9799999595;None;2,6486192106861113;m3/s;2143,018475;kW;749,9166716666666;rpm;-459,9519158333333;KVar;89,93338351638889;%;0,1279209311686111;Mill.m3;87,68183150932384;l/s;2,560929962097222;m3/s;624244,0767726562;t;72,56146752347816;%;2,1428570750000002;None;93,00733542093319;mKVs;0;None;5,519767337419444;mm;0;m3/s;93,67880083333333;bar;2189,0437308333335;KVa;-11,0478634305;cm;85,28062066;%;33,016666964998095;cm
2026-01-17 10:00:00.000;151,0756717401994;moh;49,987757906901784;Hz;0,9780737029966121;None;2,6401844593500003;m3/s;2141,1926630555554;kW;749,9166588888888;rpm;-465,4120497222222;KVar;90,05089276586111;%;0,12516260657444445;Mill.m3;87,18770794105616;l/s;2,552939310477777;m3/s;624245,0767744791;t;72,35520388333623;%;2,1428570750000002;None;93,03044512681896;mKVs;0;None;6,209348042744444;mm;0;m3/s;94,51647055555556;bar;2190,5613038888887;KVa;-12,427304585222222;cm;83,44173800144445;%;32,94740558248467;cm
2026-01-17 11:00:00.000;151,06161821842852;moh;50,035259201648984;Hz;0,969999969;None;2,644706283763889;m3/s;2142,7402886111113;kW;750,5000208333333;rpm;-527,5778961111112;KVar;89,97971197558333;%;0,12236631500333334;Mill.m3;86,8735018469426;l/s;2,5577795736305555;m3/s;624246,076816771;t;72,49999063949714;%;2,1428570750000002;None;92,99591036811283;mKVs;0;None;6,90842098665;mm;0;m3/s;94,14575583333334;bar;2204,5474191666667;KVa;-13,832681444194444;cm;81,57754391555555;%;32,89740606886879;cm
2026-01-17 12:00:00.000;151,04560936427606;moh;50,00333347801746;Hz;0,969999969;None;2,6444316837083335;m3/s;2141,7908069444443;kW;750,0000261111111;rpm;-528,3359688888889;KVar;89,97390908052778;%;0,11916223242055556;Mill.m3;86,27048817678293;l/s;2,558174175102778;m3/s;624247,0768329687;t;72,69371206002494;%;2,1428570750000002;None;92,9775919748117;mKVs;0;None;7,709441714786112;mm;0;m3/s;94,11939194444444;bar;2204,095065833333;KVa;-15,432777404722222;cm;79,44148892522222;%;32,8057387322019;cm
2026-01-17 13:00:00.000;151,03057675786198;moh;50,003072658711304;Hz;0,9766667682220902;None;2,643217314605556;m3/s;2140,4833761111113;kW;750,1666394444444;rpm;-477,79440305555556;KVar;89,98482051461112;%;0,11614270357861109;Mill.m3;85,76555165586612;l/s;2,5574354842666662;m3/s;624248,0768394618;t;73;%;2,1428570750000002;None;92,90574044052667;mKVs;0;None;8,464323679627777;mm;0;m3/s;94,61891944444444;bar;2194,605701666667;KVa;-16,938082376916668;cm;77,42846936122223;%;32,72759225726953;cm
2026-01-17 14:00:00.000;151,01449807404904;moh;49,973129010948774;Hz;0,9752586528931344;None;2,647872089027778;m3/s;2139,9857877777777;kW;749,6408041666666;rpm;-481,8059847222222;KVar;89,90932498386111;%;0,11294338667083334;Mill.m3;85,33441113785386;l/s;2,5625658644444442;m3/s;624249,0768598611;t;73;%;2,1428570750000002;None;92,92500011890452;mKVs;0;None;9,264153374538889;mm;0;m3/s;93,87112833333333;bar;2192,891414166667;KVa;-18,543879191055556;cm;75,29559122625;%;32,66407050559318;cm
2026-01-17 15:00:00.000;150,99921655015476;moh;49,98557446380667;Hz;0,973907623621058;None;2,6435995016777776;m3/s;2139,9733619444446;kW;749,9166858333333;rpm;-496,80058527777777;KVar;89,96512845441667;%;0,10985396497694443;Mill.m3;84,82870490600591;l/s;2,558798196658333;m3/s;624250,0768977432;t;72,89482293726985;%;2,1428570750000002;None;92,95804670671878;mKVs;0;None;10,04903602711111;mm;0;m3/s;94,02893666666667;bar;2196,2718680555554;KVa;-20,072466531472223;cm;73,23597753463889;%;32,58649223342051;cm
2026-01-17 16:00:00.000;150,98477350557624;moh;50,003219871789796;Hz;0,9769251929765864;None;2,6431800206472222;m3/s;2140,0828019444443;kW;749,8333463888889;rpm;-476,14477416666665;KVar;89,96076276563889;%;0,10698664220944445;Mill.m3;84,0985598337389;l/s;2,5590680453638885;m3/s;624251,0769481249;t;72,31781168951595;%;2,1428570750000002;None;92,89031116111083;mKVs;0;None;10,828673045583333;mm;0;m3/s;93,68984555555555;bar;2191,3893594444444;KVa;-21,517503527777777;cm;71,32442783788889;%;32,47241387930438;cm
2026-01-17 17:00:00.000;150,9683492711259;moh;50,01129100195962;Hz;0,9789082494260144;None;2,639593319172222;m3/s;2138,9406377777777;kW;750,2183472222222;rpm;-472,84554583333335;KVar;90,00386998994445;%;0,10371097980833331;Mill.m3;83,46009260274325;l/s;2,556136937402777;m3/s;624252,0769148784;t;72,35517371363461;%;2,1428570750000002;None;92,87499799255978;mKVs;0;None;11,729480533694444;mm;0;m3/s;94,26877222222222;bar;2188,5905780555554;KVa;-23,160345289555554;cm;69,14065265580555;%;32,35026644664823;cm
2026-01-17 18:00:00.000;150,95371540416483;moh;50,00422457841333;Hz;0,9794251739349357;None;2,64194304285;m3/s;2140,8354283333333;kW;750,1408030555556;rpm;-471,1414130555556;KVar;89,95798733944444;%;0,10078275776199999;Mill.m3;82,68648263789527;l/s;2,5592569708888893;m3/s;624253,0769819272;t;72,53850798760185;%;2,1428570750000002;None;92,83503982567409;mKVs;0;None;12,534741296722222;mm;0;m3/s;93,9366388888889;bar;2190,063738611111;KVa;-24,6233367915;cm;67,18850585125;%;32,255752941165035;cm
2026-01-17 19:00:00.000;150,9394369814045;moh;50,01942498276982;Hz;0,9764088073560422;None;2,6425368315611113;m3/s;2140,0033952777776;kW;750,4424963888889;rpm;-475,7813738888889;KVar;89,94216270180556;%;0,09791546242525;Mill.m3;82,19402747969315;l/s;2,560332931866667;m3/s;624254,0769850869;t;72,62182963658894;%;2,1428570750000002;None;92,81666710615845;mKVs;0;None;13,323247697888888;mm;0;m3/s;94,30086861111111;bar;2190,324488888889;KVa;-26,05338626525;cm;65,27697425325;%;32,19166497253943;cm
2026-01-17 20:00:00.000;150,93036863907273;moh;50,004482415860465;Hz;0,9794248072686172;None;2,3071259199666674;m3/s;1849,5694894444443;kW;750,1150769444445;rpm;-367,2830488888889;KVar;93,42362463138889;%;0,09610448125761112;Mill.m3;82,01680489529932;l/s;2,225107009583333;m3/s;624255,0769962673;t;60,76930225876314;%;1,8375853490694445;None;94,41937846069996;mKVs;0;None;13,821267445055556;mm;0;m3/s;94,12196333333333;bar;1882,3258522222222;KVa;-26,958037481722222;cm;64,06965437047222;%;32,166672547707236;cm
2026-01-17 21:00:00.000;150,93122386246208;moh;50,01269696707817;Hz;0,9875000439665788;None;1,6965541607694443;m3/s;1339,86664;kW;750,2182661111111;rpm;-228,7567202777778;KVar;90,65480666725;%;0,09624425131316666;Mill.m3;82,41089050055712;l/s;1,6133434454361109;m3/s;624256,0769910763;t;46,28422644280912;%;1,327948286213889;None;96,3720754255037;mKVs;0;None;13,782830556722223;mm;0;m3/s;89,40666861111112;bar;1356,9919761111112;KVa;-26,879268222;cm;64,16283393319445;%;32,20257913830811;cm
2026-01-17 22:00:00.000;150,93017614672104;moh;50,04358853560461;Hz;0,9766666848888361;None;2,2710408865777785;m3/s;1827,8042830555555;kW;750,6408525;rpm;-407,3612297222222;KVar;93,47285109611111;%;0,09606000158091667;Mill.m3;81,93457851094715;l/s;2,189359685675;m3/s;624257,0770524826;t;59,93091409787838;%;1,8353177767861113;None;94,49810850779521;mKVs;0;None;13,833499272555555;mm;0;m3/s;93,54936944444445;bar;1872,001845;KVa;-26,981387668083332;cm;64,04000126477777;%;32,14484088231211;cm
2026-01-17 23:00:00.000;150,9494644125507;moh;2,151622472300409;Hz;0,01400546909596739;None;0,11928948942655557;m3/s;14,339795;kW;48,44226833333333;rpm;-1,2191363888888889;KVar;1,5593070983333333;%;0,09984997994325001;Mill.m3;82,43904531325587;l/s;0,03685393333333333;m3/s;624257,8723762847;t;60,5;%;0,02976190381944445;None;98,57490056819466;mKVs;0;None;12,791255315472222;mm;0;m3/s;92,8584688888889;bar;14,896469722222223;KVa;-25,064968533083334;cm;66,56665334616666;%;32,21348429532863;cm
2026-01-18 00:00:00.000;150,961264837241;moh;48,74522280430559;Hz;0,9035971074366247;None;2,3748278280421666;m3/s;1932,212323611111;kW;739,4060586111111;rpm;-488,29270194444445;KVar;83,06956948227777;%;0,10229674358916666;Mill.m3;82,95072725506797;l/s;2,2918618686455554;m3/s;624258,4124888543;t;69,46393231856848;%;2,1428570750000002;None;93,495298864583;mKVs;0;None;12,11839527713889;mm;0;m3/s;93,65817472222223;bar;1998,9872577777778;KVa;-23,875232272138888;cm;68,19782933083333;%;32,289103692436655;cm
2026-01-18 01:00:00.000;150,95440251099532;moh;50,001615895932034;Hz;0,9785904163946229;None;2,313890725386111;m3/s;1849,4083927777779;kW;750,102345;rpm;-403,6101816666667;KVar;93,36099594955556;%;0,10142864699250001;Mill.m3;83,0640917427737;l/s;2,230363184825;m3/s;624259,4125574304;t;61,27710553906512;%;1,8375853490694445;None;94,52337439503684;mKVs;0;None;12,366705999755556;mm;0;m3/s;93,57986194444445;bar;1892,4367433333334;KVa;-24,557626510972224;cm;67,61909868661111;%;32,311641837203204;cm
2026-01-18 02:00:00.000;150,94796843679;moh;50,00012237329413;Hz;0,9766666210000079;None;2,2857623723444442;m3/s;1834,4127941666666;kW;749,9742522222223;rpm;-402,5307561111111;KVar;93,61029631222222;%;0,09958919866347221;Mill.m3;82,79702692039353;l/s;2,2031186168527777;m3/s;624260,4125419968;t;60,45637660943344;%;1,83673501;None;94,53590361290165;mKVs;0;None;12,862970139777778;mm;0;m3/s;93,67250777777778;bar;1878,8417566666667;KVa;-25,203191968833334;cm;66,39279935602778;%;32,27242710354729;cm
2026-01-18 03:00:00.000;150,93865868967538;moh;50,00378336490893;Hz;0,9722427307582631;None;2,6257605428138886;m3/s;2133,8148122222224;kW;750,2499988888889;rpm;-510,8610352777778;KVar;90,15166876063888;%;0,0977719193336111;Mill.m3;82,235859202341;l/s;2,5436841122111113;m3/s;624261,4125705035;t;72,24704348700239;%;2,142006735930556;None;92,90939452127145;mKVs;0;None;13,36272197361111;mm;0;m3/s;93,25026972222223;bar;2193,598338611111;KVa;-26,128480698333334;cm;65,18127988291667;%;32,1666647422711;cm
2026-01-18 04:00:00.000;150,92539456128577;moh;49,995637945856316;Hz;0,9719234366171485;None;2,6441683364999995;m3/s;2142,4476775;kW;749,8333347222223;rpm;-513,6837325;KVar;89,91463319925;%;0,09508424426183332;Mill.m3;81,96540690322236;l/s;2,562204977638889;m3/s;624262,4125888542;t;72,60126099455229;%;2,1428570750000002;None;92,9414545357913;mKVs;0;None;14,101832495833333;mm;0;m3/s;93,94317777777778;bar;2206,517838611111;KVa;-27,454821268916668;cm;63,38949672786111;%;32,14999983058148;cm
2026-01-18 05:00:00.000;150,913180056984;moh;49,98499831557805;Hz;0,9747432144939123;None;2,6454411628416667;m3/s;2145,4725980555554;kW;749,6666680555555;rpm;-494,51112666666666;KVar;89,89032732494445;%;0,09266706645130554;Mill.m3;81,57768912964447;l/s;2,563857752725;m3/s;624263,412601198;t;72,65001194113367;%;2,1428570750000002;None;92,82499783674024;mKVs;0;None;14,766556632777778;mm;0;m3/s;93,94480333333334;bar;2202,1780008333335;KVa;-28,674252828361112;cm;61,778044372416666;%;32,086533344702694;cm
2026-01-18 06:00:00.000;150,89780890719354;moh;49,98410244279718;Hz;0,9727561524927343;None;2,6432178915638884;m3/s;2145,6777569444444;kW;750,0256258333334;rpm;-498,90906416666667;KVar;89,90962354636112;%;0,08958836717352778;Mill.m3;80,66340190298955;l/s;2,5625456505916664;m3/s;624264,4126201563;t;72,38718277311546;%;2,138605379652778;None;92,82716783496369;mKVs;0;None;15,613198598444445;mm;0;m3/s;93,87580472222223;bar;2200,859029722222;KVa;-30,214135910916667;cm;59,725578986833334;%;31,95320344668638;cm
2026-01-18 07:00:00.000;150,88987388586202;moh;50,018587766411436;Hz;0,9783332221945131;None;2,2950151484027774;m3/s;1841,4231669444443;kW;750,1410433333333;rpm;-386,92228666666665;KVar;93,5226250745;%;0,08798870361530554;Mill.m3;80,8177968387769;l/s;2,2142476001999998;m3/s;624265,412653316;t;61,086672635752045;%;1,83673501;None;94,43656923059568;mKVs;0;None;16,053106098055554;mm;0;m3/s;90,74309333333333;bar;1881,5157719444444;KVa;-31,010653179194446;cm;58,65913653858333;%;31,98012295078222;cm
2026-01-18 08:00:00.000;150,88463031663974;moh;49,97846290778661;Hz;0,9799999595;None;2,2830777909333335;m3/s;1834,2687397222223;kW;749,7499958333333;rpm;-337,6144922222222;KVar;93,60863376183333;%;0,08693344052802779;Mill.m3;80,67256114702363;l/s;2,20240853755;m3/s;624266,4126736112;t;61,0179769833086;%;1,83673501;None;94,44422690806354;mKVs;0;None;16,34330367888889;mm;0;m3/s;93,58161111111112;bar;1865,8014861111112;KVa;-31,535500421694444;cm;57,95562735711111;%;31,947439105824916;cm
2026-01-18 09:00:00.000;150,87507350472674;moh;49,988588698688694;Hz;0,9799999595;None;2,624338079808333;m3/s;2135,4466483333335;kW;749,8910761111111;rpm;-457,7941261111111;KVar;90,13750114216667;%;0,08503531527933332;Mill.m3;79,75336150624624;l/s;2,5446135216000005;m3/s;624267,4126773784;t;72,18309272682828;%;2,142006735930556;None;92,77853547468735;mKVs;0;None;16,865288205944445;mm;0;m3/s;93,90074388888888;bar;2184,355214166667;KVa;-32,48818291525;cm;56,69021092558334;%;31,816667681117018;cm
2026-01-18 10:00:00.000;150,86021374924428;moh;49,986392897480194;Hz;0,9747441783818855;None;2,6444891321055555;m3/s;2143,0897305555554;kW;749,849815;rpm;-497,85320805555557;KVar;89,88090248161112;%;0,08208670688547223;Mill.m3;79,98237575670207;l/s;2,564498606861111;m3/s;624268,414878698;t;72,73515610283502;%;2,1428570750000002;None;92,7985148318973;mKVs;0;None;17,67615551488889;mm;0;m3/s;93,75824388888888;bar;2195,0062013888887;KVa;-33,946363661166664;cm;54,7244715055;%;31,82013426730666;cm
2026-01-18 11:00:00.000;150,84554785364904;moh;50,02115419882913;Hz;0,9775002118747627;None;2,644437883902778;m3/s;2145,472440277778;kW;750,6411047222222;rpm;-482,45744722222224;KVar;89,8734126616389;%;0,07914050587738888;Mill.m3;79,42981282798596;l/s;2,5650079316861105;m3/s;624269,4127481771;t;72,73333217138804;%;2,1428570750000002;None;92,79251870748561;mKVs;0;None;18,48636076325;mm;0;m3/s;93,82664944444444;bar;2198,537060277778;KVa;-35,435579088472224;cm;52,76033782025;%;31,73655087248546;cm
2026-01-18 12:00:00.000;150,83156082102062;moh;49,98365541166202;Hz;0,9741666844860611;None;2,6436744054222223;m3/s;2143,7155025;kW;749,9166827777777;rpm;-510,5988247222222;KVar;89,87782673041667;%;0,07636051637483333;Mill.m3;78,96520648751186;l/s;2,564707714136111;m3/s;624270,4127323264;t;72,86668989841355;%;2,1428570750000002;None;92,69719202968244;mKVs;0;None;19,250858097;mm;0;m3/s;93,97898972222222;bar;2202,9116572222224;KVa;-36,83806949066667;cm;50,90701106577778;%;31,6724501553081;cm
2026-01-18 13:00:00.000;150,8170203595252;moh;49,97435303685394;Hz;0,9760885382158538;None;2,6420763777472223;m3/s;2145,0695930555557;kW;749,8333188888889;rpm;-481,867475;KVar;89,89166717316667;%;0,07344221354802778;Mill.m3;78,30927999331016;l/s;2,5637666620666666;m3/s;624271,4127896528;t;72,79865086294542;%;2,1428570750000002;None;92,68068895511166;mKVs;0;None;20,053391350277778;mm;0;m3/s;93,97884222222223;bar;2197,204076666667;KVa;-38,29335106736111;cm;48,96147566825;%;31,564111299177565;cm
2026-01-18 14:00:00.000;150,80099460651672;moh;49,996988709169095;Hz;0,9755784637004248;None;2,636006207997222;m3/s;2147,1948372222223;kW;749,8333269444445;rpm;-493,1829197222222;KVar;89,97544405111111;%;0,07032213376663887;Mill.m3;77,9347421053232;l/s;2,5580695381388883;m3/s;624272,4128020833;t;73,32315862308404;%;2,1428570750000002;None;92,60254628782144;mKVs;0;None;20,89986991872222;mm;0;m3/s;93,9610625;bar;2199,3089041666667;KVa;-39,89121755036111;cm;46,881423356111114;%;31,50579013311354;cm
2026-01-18 15:00:00.000;150,78583416917854;moh;49,96083193586324;Hz;0,9733333519443942;None;2,637909810888889;m3/s;2147,5449091666665;kW;749,2499844444444;rpm;-510,9536236111111;KVar;89,93764796825;%;0,06790588369911112;Mill.m3;77,26674130434068;l/s;2,560639812933333;m3/s;624273,4128398262;t;72,60508649464212;%;2,1428570750000002;None;92,67754637467647;mKVs;0;None;21,48862711675;mm;0;m3/s;94,07353722222223;bar;2204,89669;KVa;-41,41219244994444;cm;45,27059046436111;%;31,40150199073718;cm
2026-01-18 16:00:00.000;150,771806225028;moh;50,0044894460226;Hz;0,9735876572583595;None;2,6350613542222225;m3/s;2139,1786405555554;kW;750,0578891666667;rpm;-497,7039675;KVar;89,96711321811111;%;0,06579621657519445;Mill.m3;76,41838810140176;l/s;2,558673432738889;m3/s;624274,4128683333;t;73,04350668503851;%;2,1428570750000002;None;92,63263524302985;mKVs;0;None;21,980882855972222;mm;0;m3/s;94,13689027777778;bar;2199,168962777778;KVa;-42,81084696344445;cm;43,864145490666665;%;31,255791888672146;cm
2026-01-18 17:00:00.000;150,75846283657197;moh;49,99775366722159;Hz;0,9799999595;None;2,6354991170444446;m3/s;2137,67486;kW;749,8587388888889;rpm;-443,2217308333333;KVar;89,95143778044445;%;0,06380612794341667;Mill.m3;75,77940644055587;l/s;2,5597021838500003;m3/s;624275,4129257813;t;72,85142299189623;%;2,1428570750000002;None;92,69855139465405;mKVs;0;None;22,445237053305554;mm;0;m3/s;94,44445555555555;bar;2182,156933055556;KVa;-44,14702097608333;cm;42,53741921288889;%;31,139126584234564;cm
2026-01-18 18:00:00.000;150,74422339753272;moh;49,9882616606639;Hz;0,9755789720332754;None;2,6379265507222223;m3/s;2138,340185;kW;750,0000022222222;rpm;-488,4612802777778;KVar;89,90421687061111;%;0,06166411110402777;Mill.m3;75,01818772602161;l/s;2,5629133037305554;m3/s;624276,4129487152;t;72,82683901372889;%;2,1428570750000002;None;92,67773823089723;mKVs;0;None;22,945040808861112;mm;0;m3/s;93,97951416666666;bar;2191,4605147222223;KVa;-45,56726243730556;cm;41,10940848491666;%;31,030791089227918;cm
2026-01-18 19:00:00.000;150,72816513853974;moh;50,00949096607686;Hz;0,969999969;None;2,628667621561111;m3/s;2140,1291316666666;kW;750,1666641666667;rpm;-524,1602897222223;KVar;90,03526835888889;%;0,05925607079094443;Mill.m3;74,64939383001345;l/s;2,5540018213583333;m3/s;624277,4129694443;t;73,19380483579513;%;2,1428570750000002;None;92,64762560200278;mKVs;0;None;23,50691689388889;mm;0;m3/s;93,58756138888889;bar;2199,486301388889;KVa;-47,17790815819444;cm;39,50404824080555;%;30,947453994770385;cm
2026-01-18 20:00:00.000;150,71504902909322;moh;49,98833109057478;Hz;0,969999969;None;2,636113025733333;m3/s;2140,268955277778;kW;749,8333261111111;rpm;-535,6864991666666;KVar;89,91716285402778;%;0,05729024919316666;Mill.m3;74,07283398247115;l/s;2,5620329294138893;m3/s;624278,4129790105;t;73,13192949102583;%;2,1428570750000002;None;92,60536737939127;mKVs;0;None;23,965608597055557;mm;0;m3/s;94,4836475;bar;2203,904723888889;KVa;-48,488994173416664;cm;38,19350052038889;%;30,85833366999874;cm
2026-01-18 21:00:00.000;150,6998114244234;moh;49,98826001598275;Hz;0,9733333547221692;None;2,6339227008527777;m3/s;2139,901393888889;kW;750;rpm;-505,33682444444446;KVar;89,94246037747222;%;0,055016524095833325;Mill.m3;73,61076716138112;l/s;2,560312706263889;m3/s;624279,4129970834;t;73,13332989284045;%;2,1428570750000002;None;92,59530790225112;mKVs;0;None;24,496144399333332;mm;0;m3/s;93,71698944444445;bar;2202,3450902777777;KVa;-50,01538170763889;cm;36,67768393591667;%;30,792378600989135;cm
2026-01-18 22:00:00.000;150,68509585427168;moh;50,02101352815474;Hz;0,969999969;None;2,631288334466667;m3/s;2139,8855422222223;kW;750,1920605555556;rpm;-526,0862316666667;KVar;89,96879939927778;%;0,05275804527572221;Mill.m3;72,76587915533975;l/s;2,558521632855556;m3/s;624280,4130197049;t;73,36159270420464;%;2,1428570750000002;None;92,63774419931879;mKVs;0;None;25,023122787055556;mm;0;m3/s;94,23364611111111;bar;2200,556845833333;KVa;-51,48685879316667;cm;35,17203140177778;%;30,63333142332415;cm
2026-01-18 23:00:00.000;150,6768475157435;moh;50,007571862102644;Hz;0,9794202961617919;None;2,2931757012611107;m3/s;1845,759486388889;kW;750,166665;rpm;-387,8142105555556;KVar;93,46365600147222;%;0,05154487591988888;Mill.m3;72,79660307699356;l/s;2,220375661019444;m3/s;624281,4130390452;t;61,36618584269569;%;1,8375853490694445;None;94,17146677525466;mKVs;0;None;25,306195576916668;mm;0;m3/s;93,22353083333333;bar;1886,4308513888889;KVa;-52,31064266688889;cm;34,36325200361111;%;30,65254021853951;cm
2026-01-19 00:00:00.000;150,664370571104;moh;50,00481868305768;Hz;0,9705795990049065;None;2,6202107567861113;m3/s;2128,5292094444444;kW;750,1413141666667;rpm;-514,5481702777778;KVar;90,08769967605555;%;0,04964211763122222;Mill.m3;72,30394749968188;l/s;2,548361779541667;m3/s;624282,4130644097;t;72,62831543725731;%;2,142006735930556;None;92,63357963609474;mKVs;0;None;25,75017250861111;mm;0;m3/s;94,0829763888889;bar;2190,854100277778;KVa;-53,55386098186111;cm;33,09474648305556;%;30,5757281210991;cm
2026-01-19 01:00:00.000;150,68830136769705;moh;2,291476110190513;Hz;0,01699069127529411;None;0,12743520737547223;m3/s;21,279155;kW;50,581088888888885;rpm;-2,571721111111111;KVar;2,7090088738055558;%;0,05313251493455555;Mill.m3;73,47314091355902;l/s;0,05397520446444445;m3/s;624283,2297536111;t;72,98839628807042;%;0,00595238076388889;None;98,38075725623449;mKVs;0;None;24,935746510805554;mm;0;m3/s;91,08211583333333;bar;21,941971666666667;KVa;-51,18414136975;cm;35,42167790838889;%;30,737656530029554;cm
2026-01-19 02:00:00.000;150,72627556949914;moh;0;Hz;0;None;0,07496166763097224;m3/s;0;kW;0;rpm;0;KVar;0;%;0,05889338851044444;Mill.m3;74,96823201944188;l/s;0;m3/s;624283,3125;t;73;%;0;None;98,3442008798494;mKVs;0;None;23,59154277372222;mm;0;m3/s;93,37195888888888;bar;0;KVa;-47,38441891238889;cm;39,262260012166664;%;31,007589528840093;cm
2026-01-19 03:00:00.000;150,762465766783;moh;0;Hz;0;None;0,07666833514755557;m3/s;0;kW;0;rpm;0;KVar;0;%;0,06429529298738888;Mill.m3;76,67103103849539;l/s;0;m3/s;624283,3125;t;73;%;0;None;98,3808020979469;mKVs;0;None;22,331098555833332;mm;0;m3/s;93,6206263888889;bar;0;KVa;-43,76034206947222;cm;42,86352920430556;%;31,296726937824456;cm
2026-01-19 04:00:00.000;150,80159996645511;moh;0;Hz;0;None;0,07814500135347222;m3/s;0;kW;0,019458333333333334;rpm;0;KVar;0;%;0,0703270338686389;Mill.m3;78,15547048841086;l/s;0;m3/s;624283,3125;t;73;%;0;None;98,32743837110831;mKVs;0;None;20,881372240666668;mm;0;m3/s;93,72768194444444;bar;0;KVa;-39,852078756666664;cm;46,88468962763889;%;31,5217245464402;cm
2026-01-19 05:00:00.000;150,80941346979435;moh;48,87709426136977;Hz;0,9084470896913318;None;2,3848650814202776;m3/s;1940,4260080555555;kW;741,5611119444444;rpm;-518,1822125;KVar;83,14158816725;%;0,07184595060163888;Mill.m3;78,42047791594284;l/s;2,309297830492222;m3/s;624283,7517368402;t;70,28841585456378;%;2,1071427904166673;None;93,20646253989962;mKVs;0;None;20,49161368425;mm;0;m3/s;94,25772416666666;bar;2011,9345141666668;KVa;-39,06583574075;cm;47,897301534777775;%;31,586611634678516;cm
2026-01-19 06:00:00.000;150,82843009900947;moh;1,4585129506118053;Hz;0,001414872179603;None;0,0917673469828889;m3/s;0,3378702777777778;kW;38,12145972222222;rpm;0,3927013888888889;KVar;1,0583333333333333;%;0,07570176741341668;Mill.m3;79,06739712796117;l/s;0,0056250001;m3/s;624284,5615022396;t;73,40000153;%;0;None;98,32286270566065;mKVs;0;None;19,431701364583333;mm;0;m3/s;94,16903944444445;bar;0,5818022222222222;KVa;-37,15119679841666;cm;50,4678448045;%;31,668441167851785;cm
2026-01-19 07:00:00.000;150,83765617067118;moh;48,93931320354995;Hz;0,9213849044465452;None;2,3747562794745005;m3/s;1946,5077141666666;kW;742,1885022222223;rpm;-352,4529513888889;KVar;84,18095500755555;%;0,07761901834480556;Mill.m3;79,318320183463;l/s;2,301898384413611;m3/s;624285,0778370313;t;69,58111314696419;%;2,1369046942361116;None;93,22407686581207;mKVs;0;None;18,904769899277778;mm;0;m3/s;94,23284416666667;bar;1988,5887458333334;KVa;-36,22745513844445;cm;51,746012444083334;%;31,7199520024811;cm
2026-01-19 08:00:00.000;150,82237612126102;moh;49,989165431926175;Hz;0,9885856151466513;None;2,639190826047222;m3/s;2146,5879369444447;kW;749,8333436111111;rpm;-360,40675805555554;KVar;89,93888727805556;%;0,07450539349800002;Mill.m3;78,63282827046442;l/s;2,560555537638889;m3/s;624286,0778782814;t;73,04495407971591;%;2,1428570750000002;None;92,63914724880068;mKVs;0;None;19,761016422833332;mm;0;m3/s;93,87123611111112;bar;2177,8105605555556;KVa;-37,75479634547222;cm;49,6702628135;%;31,62248304876715;cm
2026-01-19 09:00:00.000;150,8082313994282;moh;50,014497307671625;Hz;0,9883334626109403;None;2,626344730486111;m3/s;2146,209115277778;kW;750,2500275;rpm;-366,6810413888889;KVar;90,11701325455556;%;0,07168189312197222;Mill.m3;77,90003919407086;l/s;2,548443071061111;m3/s;624287,0778453647;t;72,87829996794703;%;2,1428570750000002;None;92,66966040757956;mKVs;0;None;20,536436843055554;mm;0;m3/s;94,2252011111111;bar;2173,941706111111;KVa;-39,176288180444445;cm;47,78792992561111;%;31,500006277801635;cm
2026-01-19 10:00:00.000;150,79353390019082;moh;50,004587474388245;Hz;0,9872487080967502;None;2,636701740830557;m3/s;2137,796286388889;kW;749,6666702777778;rpm;-362,7803166666667;KVar;89,95858122436111;%;0,06909723232222223;Mill.m3;77,45661465619199;l/s;2,5592164584083332;m3/s;624288,0776842883;t;72,96507771814125;%;2,1428570750000002;None;92,81282044748588;mKVs;0;None;21,209995397777778;mm;0;m3/s;93,92920805555555;bar;2168,2509205555557;KVa;-40,63751220661111;cm;46,06482236661111;%;31,4641561971274;cm
2026-01-19 11:00:00.000;150,78713437575394;moh;49,99808019462875;Hz;0,9869174973036018;None;2,2954419209;m3/s;1842,3194208333334;kW;749,9166772222222;rpm;-296,1496;KVar;93,47083761422222;%;0,06808867878519445;Mill.m3;77,38794149618657;l/s;2,217593451297222;m3/s;624289,0777187153;t;61,44856485175613;%;1,8375853490694445;None;94,28798718031383;mKVs;0;None;21,44597519708333;mm;0;m3/s;94,03665333333333;bar;1868,3800555555556;KVa;-41,279771593;cm;45,39245308525;%;31,408331968343045;cm
2026-01-19 12:00:00.000;150,78345724328153;moh;49,991081395711284;Hz;0,9899999498999998;None;2,274696250700001;m3/s;1836,6614280555555;kW;749,6980111111111;rpm;-275,6871363888889;KVar;93,32570239197223;%;0,06732353530702778;Mill.m3;77,20349279777302;l/s;2,1982222901888884;m3/s;624290,0784605036;t;60,96680750985486;%;1,8316329683055557;None;94,3641633001138;mKVs;0;None;21,52080497658333;mm;0;m3/s;89,37976944444445;bar;1853,587898611111;KVa;-41,54078928772222;cm;44,88235741697222;%;31,389261644330823;cm
2026-01-19 13:00:00.000;150,77875327680454;moh;50,00444763607214;Hz;0,9899999499000001;None;2,2845734775333337;m3/s;1839,1162980555555;kW;750,2214327777777;rpm;-274,0598972222222;KVar;93,57360632175;%;0,06681348180663889;Mill.m3;77,09133158358813;l/s;2,207463375058333;m3/s;624291,0784202255;t;60,91094768006342;%;1,83673501;None;94,31386842324096;mKVs;0;None;21,743520946444445;mm;0;m3/s;93,50849777777778;bar;1858,8507591666666;KVa;-42,127961054972225;cm;44,54232237041667;%;31,4000055283024;cm
2026-01-19 14:00:00.000;150,76915346339248;moh;49,98959561276587;Hz;0,9874995356337333;None;2,5210177826388898;m3/s;2039,9101316666668;kW;750,0143383333333;rpm;-355,1600633333333;KVar;91,601636483;%;0,06538942950888887;Mill.m3;76,81103668250476;l/s;2,444577209783333;m3/s;624292,0783977777;t;67,89521045959586;%;2,040249177169444;None;93,34878393798803;mKVs;0;None;22,07579972986111;mm;0;m3/s;91,27758277777778;bar;2066,796428611111;KVa;-43,07902018427778;cm;43,59295442216666;%;31,31810107603323;cm
2026-01-19 15:00:00.000;150,75590073244175;moh;49,98695192701873;Hz;0,980976186340599;None;2,5297481166500004;m3/s;2044,812135;kW;749,5976430555555;rpm;-407,9127272222222;KVar;91,51344197563888;%;0,06341169904930558;Mill.m3;76,22465106856747;l/s;2,4534859233805553;m3/s;624293,0783972744;t;68,069527991761;%;2,040816069;None;93,31667099108783;mKVs;0;None;22,537270015416667;mm;0;m3/s;93,65239;bar;2081,2124269444444;KVa;-44,398858812583335;cm;42,27446789336111;%;31,2264301937648;cm
2026-01-19 16:00:00.000;150,74318469199352;moh;49,99497185347617;Hz;0,9799999595;None;2,631196462377778;m3/s;2136,1395533333334;kW;749,8190186111111;rpm;-396,36425083333336;KVar;90,00704438830556;%;0,06145373082930555;Mill.m3;75,37846719263696;l/s;2,555921067016667;m3/s;624294,0784283334;t;72,89397395401724;%;2,142573627761111;None;92,73358845841341;mKVs;0;None;22,994129604277777;mm;0;m3/s;93,99840722222223;bar;2171,348593888889;KVa;-45,674162970666664;cm;40,96915478266666;%;31,086199772002335;cm
2026-01-19 17:00:00.000;150,726082884173;moh;50,02626395132481;Hz;0,9799999595;None;2,6343356033361114;m3/s;2138,495908888889;kW;750,3333102777777;rpm;-398,1424822222222;KVar;89,95272727558333;%;0,058917134451472224;Mill.m3;74,76460953772188;l/s;2,559614464375;m3/s;624295,0784422222;t;73,09198585551673;%;2,1428570750000002;None;92,68478029304333;mKVs;0;None;23,58600192536111;mm;0;m3/s;93,98696416666667;bar;2173,5426536111113;KVa;-47,38300323422222;cm;39,27809100872222;%;30,96811310105247;cm
2026-01-19 18:00:00.000;150,7141008265101;moh;49,98249775887741;Hz;0,9799999595;None;2,6313960585277782;m3/s;2136,970662222222;kW;749,8333463888889;rpm;-419,7380225;KVar;89,9885418783611;%;0,057160370867444445;Mill.m3;74,19997197174658;l/s;2,5571791596388884;m3/s;624296,0784781771;t;73,12467946943592;%;2,1428570750000002;None;92,65687828322689;mKVs;0;None;23,995913398166667;mm;0;m3/s;93,8575175;bar;2177,835601388889;KVa;-48,58559926266667;cm;38,10691536833333;%;30,883327984523817;cm
2026-01-19 19:00:00.000;150,70089043970108;moh;49,99347717554953;Hz;0,9799999595;None;2,630046986927778;m3/s;2145,195260833333;kW;750,0000052777777;rpm;-401,62010888888886;KVar;89,99910608766666;%;0,05517244966111111;Mill.m3;73,61826256901698;l/s;2,556460718616667;m3/s;624297,078490382;t;72,98913507816862;%;2,1428570750000002;None;92,63186905617049;mKVs;0;None;24,459761725305555;mm;0;m3/s;93,94872027777778;bar;2180,158073888889;KVa;-49,89917755136111;cm;36,78163443594445;%;30,776446050751073;cm
2026-01-19 20:00:00.000;150,68733836943838;moh;49,99083223588049;Hz;0,9799999595;None;2,5290745934333336;m3/s;2046,3695872222222;kW;750,0833488888888;rpm;-406,9058141666667;KVar;91,47683518686111;%;0,05310773872238889;Mill.m3;73,14827770189959;l/s;2,455975193552778;m3/s;624298,0784747569;t;68,59467232674982;%;2,0410995162388885;None;93,22122459835926;mKVs;0;None;24,941527685694446;mm;0;m3/s;94,2131713888889;bar;2084,3368244444446;KVa;-51,26095241997222;cm;35,40516026961111;%;30,701462237775818;cm
2026-01-19 21:00:00.000;150,67477304624472;moh;49,992297803482465;Hz;0,9882613654579315;None;2,2833335418694447;m3/s;1839,1566627777777;kW;749,8332911111111;rpm;-318,3747858333333;KVar;93,54943906952778;%;0,05123538926419445;Mill.m3;72,57570147362743;l/s;2,21082026556111;m3/s;624299,0789513543;t;61,521137613735895;%;1,8373019018305556;None;94,25146340241837;mKVs;0;None;25,378409067166668;mm;0;m3/s;94,33927388888888;bar;1867,1594375;KVa;-52,51612769202778;cm;34,15692774427778;%;30,601919748404683;cm
2026-01-19 22:00:00.000;150,6805451554876;moh;49,99358126236738;Hz;0,9998576631757851;None;1,2109580166083331;m3/s;937,2466761111111;kW;749,8333225;rpm;-33,88264777777778;KVar;85,60196370030556;%;0,052092844847972226;Mill.m3;73,00200865991611;l/s;1,1375318111694444;m3/s;624300,0785321181;t;36,00876355284871;%;0,9209180503716667;None;97,20322920917012;mKVs;0;None;25,178336249305556;mm;0;m3/s;94,24891583333333;bar;935,679175;KVa;-51,95368024988889;cm;34,72856436952778;%;30,68041265778772;cm
2026-01-19 23:00:00.000;150,668752181276;moh;49,9918597078111;Hz;0,9770229157306896;None;2,4772901025527774;m3/s;2017,2723616666667;kW;749,7646452777777;rpm;-454,0221666666667;KVar;91,58516885977778;%;0,05036305704538889;Mill.m3;72,16202719516617;l/s;2,405729231225;m3/s;624301,0785206076;t;67,58005020366559;%;2,0376981549977775;None;93,29241270807294;mKVs;0;None;25,581953259083335;mm;0;m3/s;94,37678305555555;bar;2066,652836111111;KVa;-53,11267852763889;cm;33,57537290811111;%;30,552926756676467;cm
2026-01-20 00:00:00.000;150,6592040405889;moh;50,00401886515782;Hz;0,969999969;None;2,2928354653916663;m3/s;1845,3740144444444;kW;749,9999983333333;rpm;-450,75381416666664;KVar;93,48319100138889;%;0,048879298803916664;Mill.m3;71,8152369106907;l/s;2,220889451708334;m3/s;624302,0785775696;t;61,21867494220603;%;1,83673501;None;94,11902924801258;mKVs;0;None;25,928163528166667;mm;0;m3/s;94,47289527777778;bar;1900,0354213888888;KVa;-54,07850901272222;cm;32,58620068133333;%;30,48333099221357;cm
2026-01-20 01:00:00.000;150,68207601197912;moh;2,1393545234979827;Hz;0,014799602431135444;None;0,1159299778363611;m3/s;14,762639722222222;kW;48,19616583333333;rpm;-2,3813347222222223;KVar;1,8193445629722222;%;0,05217164948330558;Mill.m3;72,9687101027332;l/s;0,042973312413888895;m3/s;624302,8754652605;t;61,09706800107197;%;0,0051020416944444445;None;98,30422028863333;mKVs;0;None;25,159948349277776;mm;0;m3/s;94,14011611111111;bar;15,311855555555555;KVa;-51,80689917730555;cm;34,78110116286111;%;30,67059889827335;cm
2026-01-20 02:00:00.000;150,71884668795357;moh;0;Hz;0;None;0,07447166947941668;m3/s;0;kW;0;rpm;0;KVar;0;%;0,057735093642750014;Mill.m3;74,47467527554805;l/s;0;m3/s;624302,9375;t;61,10000229;%;0;None;98,33023131184144;mKVs;0;None;23,861811533305556;mm;0;m3/s;93,97318277777778;bar;0;KVa;-48,129679362194445;cm;38,49006356163889;%;30,922062595643297;cm
2026-01-20 03:00:00.000;150,75217497868198;moh;0;Hz;0;None;0,0757566649876111;m3/s;0;kW;0;rpm;0;KVar;0;%;0,06281049642572221;Mill.m3;75,75849039464241;l/s;0;m3/s;624302,9375;t;61,10000229;%;0;None;98,31667121330663;mKVs;0;None;22,6775506335;mm;0;m3/s;93,83638833333333;bar;0;KVa;-44,78465609936111;cm;41,87366612633333;%;31,138727888275085;cm
2026-01-20 04:00:00.000;150,78371527269144;moh;0;Hz;0;None;0,07682166886230556;m3/s;0;kW;0;rpm;0;KVar;0;%;0,0675330103676389;Mill.m3;76,82915053218022;l/s;0;m3/s;624302,9375;t;61,10000229;%;0;None;98,38872825372559;mKVs;0;None;21,575631035583335;mm;0;m3/s;93,67172138888888;bar;0;KVa;-41,64133707627778;cm;45,02200783586111;%;31,313726559000273;cm
2026-01-20 05:00:00.000;150,81512694563685;moh;0;Hz;0;None;0,0779205581795;m3/s;0;kW;0;rpm;0;KVar;0;%;0,07297350555341667;Mill.m3;77,92297039653774;l/s;0;m3/s;624302,9375;t;61,10000229;%;0;None;98,39313768724051;mKVs;0;None;20,182163577111112;mm;0;m3/s;93,03623972222222;bar;0;KVa;-38,50095113113889;cm;48,64900417380556;%;31,488728012722166;cm
2026-01-20 06:00:00.000;150,8481670283702;moh;0;Hz;0;None;0,07930139369383334;m3/s;0;kW;0;rpm;0;KVar;0;%;0,07957546568094442;Mill.m3;79,30900381485644;l/s;0;m3/s;624302,9375;t;61,10000229;%;0;None;98,43686649242147;mKVs;0;None;18,366746691444444;mm;0;m3/s;93,62864472222222;bar;0;KVa;-35,19365098916666;cm;53,05031133225;%;31,71725252000088;cm
2026-01-20 07:00:00.000;150,88053014498075;moh;0;Hz;0;None;0,08042667129133334;m3/s;0;kW;0;rpm;0;KVar;0;%;0,08604242048272222;Mill.m3;80,43231228079338;l/s;0;m3/s;624302,9375;t;61,10000229;%;0;None;98,41666749556224;mKVs;0;None;16,588334188277777;mm;0;m3/s;93,71552222222222;bar;0;KVa;-31,961835224444446;cm;57,36161406883333;%;31,90538480734311;cm
2026-01-20 08:00:00.000;150,91100551035225;moh;0;Hz;0;None;0,08150805771083332;m3/s;0;kW;0,017005;rpm;0;KVar;0;%;0,09216917066225;Mill.m3;81,51146312881093;l/s;0;m3/s;624302,9375;t;61,10000229;%;0;None;98,36059223421906;mKVs;0;None;14,903477560583333;mm;0;m3/s;93,43731416666667;bar;0;KVa;-28,91042921272222;cm;61,44611520875;%;32,072045097334374;cm
2026-01-20 09:00:00.000;150,92273575917858;moh;48,73591895060687;Hz;0,9035403405844551;None;1,7069077775604171;m3/s;1371,6420019444445;kW;739,9859294444444;rpm;-236,56851277777778;KVar;83,46183208922223;%;0,09454936368747222;Mill.m3;82,0312042077565;l/s;1,6249338507705557;m3/s;624303,4167288542;t;50,941171701674314;%;1,5263602920222223;None;95,92261208708447;mKVs;0;None;14,248924466138888;mm;0;m3/s;93,72125722222222;bar;1397,5045891666666;KVa;-27,726160683472223;cm;63,0329101025;%;32,16235561395852;cm
2026-01-20 10:00:00.000;150,923293394171;moh;49,99396192447773;Hz;0,9998121851701635;None;1,3292054692138895;m3/s;1033,0298977777777;kW;749,7454225;rpm;-101,60673333333334;KVar;86,85414473172223;%;0,09436023351305557;Mill.m3;82,40665337111679;l/s;1,247713821577778;m3/s;624304,4167324132;t;38,295030601559944;%;1,014319600342222;None;97,11467303484403;mKVs;0;None;14,189129935055556;mm;0;m3/s;94,03097583333333;bar;1037,7091602777778;KVa;-27,596286348944446;cm;62,90682319952778;%;32,20484038171444;cm
2026-01-20 11:00:00.000;150,93006362859347;moh;49,9870220972588;Hz;0,9966919838329794;None;0,8257540259030554;m3/s;612,9610558333334;kW;749,916665;rpm;61,580670833333336;KVar;78,56668154361111;%;0,09598352209516665;Mill.m3;82,55589062950084;l/s;0,7426593085213888;m3/s;624305,4201911632;t;26,470086481292785;%;0,6000000238;None;97,95334492099823;mKVs;0;None;13,854531394666667;mm;0;m3/s;92,43771944444444;bar;614,9591747222222;KVa;-26,999350654972222;cm;63,98901500611111;%;32,23655573213376;cm
2026-01-20 12:00:00.000;150,94379242784848;moh;49,98997647919649;Hz;0,9933111121462826;None;0,7971130073133332;m3/s;593,1586616666667;kW;750,0833302777778;rpm;72,78965166666667;KVar;78,00109356855556;%;0,09872905258230558;Mill.m3;83,19921049348358;l/s;0,7138983302538888;m3/s;624306,4202821874;t;26,117136278449497;%;0,6000000238;None;97,9761366049692;mKVs;0;None;13,099510405638888;mm;0;m3/s;91,67010388888889;bar;597,7386925;KVa;-25,624109903416667;cm;65,819368554;%;32,33322122742051;cm
2026-01-20 13:00:00.000;150,9560802734345;moh;49,99002174607155;Hz;0,989438876673996;None;0,8077023352108333;m3/s;601,2916702777778;kW;749,5833491666667;rpm;92,01373027777778;KVar;78,21211340119444;%;0,10118924364661112;Mill.m3;83,74414242055023;l/s;0,7239623491788888;m3/s;624307,4203366319;t;25,89999962;%;0,6000000238;None;97,99166398782064;mKVs;0;None;12,42295773975;mm;0;m3/s;92,01307833333334;bar;605,8637736111111;KVa;-24,39621395686111;cm;67,45949541852778;%;32,41643423352467;cm
2026-01-20 14:00:00.000;150,96910806710633;moh;50,00042227015924;Hz;0,9958710531566516;None;0,7585476065487501;m3/s;606,0767427777778;kW;749,9740297222222;rpm;64,97798166666666;KVar;73,17246920377778;%;0,10344392001249998;Mill.m3;84,26810725282805;l/s;0,675669882865;m3/s;624308,4177554861;t;26,10513158715434;%;0,61809526049;None;97,87113733019346;mKVs;0;None;11,579310736194444;mm;0;m3/s;93,38580194444444;bar;610,5130930555556;KVa;-22,973436143444445;cm;68,96261371875;%;32,4951528310986;cm
2026-01-20 15:00:00.000;150,96331587135947;moh;49,9945001840527;Hz;0,9729986994845364;None;2,610782719277778;m3/s;2120,674383611111;kW;749,9166675;rpm;-506,7562986111111;KVar;90,14734414266667;%;0,10270932457905554;Mill.m3;84,06794683639124;l/s;2,526606193848611;m3/s;624309,4184600173;t;71,91992075308657;%;2,1428570750000002;None;92,95539852131463;mKVs;0;None;12,004935584833333;mm;0;m3/s;93,91135944444444;bar;2181,1551858333332;KVa;-23,657544454083332;cm;68,47288400755555;%;32,47330381745835;cm
2026-01-20 16:00:00.000;150,9405686499495;moh;49,992498919529226;Hz;0,9708333293194179;None;2,6389797270000006;m3/s;2139,65674;kW;749,7499969444444;rpm;-519,1357963888889;KVar;90,01066521527778;%;0,09814125096647223;Mill.m3;83,29160043216046;l/s;2,5556748470000006;m3/s;624310,4184671702;t;72,85333240274755;%;2,1428570750000002;None;92,81501243513111;mKVs;0;None;13,261156082055555;mm;0;m3/s;94,04349472222222;bar;2201,249118611111;KVa;-25,936054653722223;cm;65,42750031338889;%;32,34999481356938;cm
2026-01-20 17:00:00.000;150,91881459437718;moh;49,99616584555629;Hz;0,9716665007501267;None;2,6384337081472213;m3/s;2138,7450602777776;kW;750,2000669444444;rpm;-512,8736366666667;KVar;90,00530795858333;%;0,09378258449319443;Mill.m3;82,39599148013174;l/s;2,5560390863638887;m3/s;624311,4184906946;t;72,67000805534732;%;2,1428570750000002;None;92,85999294319558;mKVs;0;None;14,459788851694444;mm;0;m3/s;94,15333638888889;bar;2197,978315;KVa;-28,111758762333334;cm;62,52172420413889;%;32,2216664306768;cm
2026-01-20 18:00:00.000;150,89662674619953;moh;50,02383043528644;Hz;0,969999969;None;2,6445847405444445;m3/s;2144,773218611111;kW;750,3466594444444;rpm;-530,0399563888889;KVar;89,90699350297223;%;0,08937496503713889;Mill.m3;81,85663835709589;l/s;2,5627244180083335;m3/s;624312,4185097743;t;72,8733488542499;%;2,1428570750000002;None;92,78333352893638;mKVs;0;None;15,671884323777778;mm;0;m3/s;94,1455663888889;bar;2208,3544022222222;KVa;-30,32863192986111;cm;59,58331121872222;%;32,126663587948734;cm
2026-01-20 19:00:00.000;150,87675356007597;moh;50,01083442970104;Hz;0,970833426541548;None;2,6353667682333337;m3/s;2142,9074969444446;kW;750,2500097222222;rpm;-517,6216502777778;KVar;90,02832315222223;%;0,08539287069155557;Mill.m3;80,89689809642825;l/s;2,5544740241999997;m3/s;624313,4185415799;t;72,8533326585848;%;2,1428570750000002;None;92,77666052014041;mKVs;0;None;16,766960356333332;mm;0;m3/s;94,11817638888888;bar;2204,5243272222224;KVa;-32,315805224083334;cm;56,92858122813889;%;31,996662798147014;cm
2026-01-20 20:00:00.000;150,85337133164148;moh;49,989997790830536;Hz;0,970833387652696;None;2,636314941722222;m3/s;2142,958396111111;kW;749,749995;rpm;-530,7832366666667;KVar;90,00744126613888;%;0,08070581114516666;Mill.m3;80,34736399616217;l/s;2,555894041069444;m3/s;624314,4185641493;t;72,796660967849;%;2,1428570750000002;None;92,72000789655682;mKVs;0;None;18,05590163452778;mm;0;m3/s;94,37168055555556;bar;2206,9129569444444;KVa;-34,65233696861111;cm;53,80387492802778;%;31,888328455713744;cm
2026-01-20 21:00:00.000;150,82671671715357;moh;49,99299915106823;Hz;0,969999969;None;2,643629250241667;m3/s;2143,907975277778;kW;749,8000061111111;rpm;-531,5607833333333;KVar;89,88124938430556;%;0,07540753634794445;Mill.m3;79,1685114155345;l/s;2,5644750113277777;m3/s;624315,4185899653;t;73,00332567100516;%;2,1428570750000002;None;92,69999861443858;mKVs;0;None;19,512927373638888;mm;0;m3/s;94,22353861111111;bar;2209,2609377777776;KVa;-37,31428358275;cm;50,27169163075;%;31,701660182972454;cm
2026-01-20 22:00:00.000;150,81447968346583;moh;49,994001058011335;Hz;0,9958639685812878;None;1,1017639324194441;m3/s;837,5036688888889;kW;750,1500408333334;rpm;-77,53537916666667;KVar;83,85795290108334;%;0,07288201277505556;Mill.m3;78,81390358020295;l/s;1,0230115577569445;m3/s;624316,4186285938;t;33,40645577349415;%;0,8200117816311111;None;97,39086345520154;mKVs;0;None;20,20744662788889;mm;0;m3/s;93,82169194444444;bar;842,0642952777778;KVa;-38,552068074666664;cm;48,58800849908334;%;31,636671324904622;cm
2026-01-20 23:00:00.000;150,825890998276;moh;1,8302857700786783;Hz;0,007674916584248003;None;0,09817168014283333;m3/s;4,158890555555556;kW;44,0851225;rpm;0,7781597222222222;KVar;1,6265015495555555;%;0,07515947943005555;Mill.m3;79,04609511392044;l/s;0,019118618302777775;m3/s;624317,1489391667;t;32,70000076;%;0,002267574932777778;None;98,39907700844851;mKVs;0;None;19,581143060694444;mm;0;m3/s;94,24143138888888;bar;4,544695833333333;KVa;-37,42167578883333;cm;50,1063198305;%;31,669351504644382;cm
2026-01-21 00:00:00.000;150,84668117171302;moh;0;Hz;0;None;0,0798616701955;m3/s;0;kW;0;rpm;0;KVar;0;%;0,07933580937383333;Mill.m3;79,85890390212198;l/s;0;m3/s;624317,1875;t;32,70000076;%;0;None;98,34500222678027;mKVs;0;None;18,432652155027778;mm;0;m3/s;93,93768194444445;bar;0;KVa;-35,34016503402778;cm;52,890540524416664;%;31,8166681727649;cm
2026-01-21 01:00:00.000;150,87234516952483;moh;0;Hz;0;None;0,08080722563366666;m3/s;0;kW;0;rpm;0;KVar;0;%;0,08436298825819445;Mill.m3;80,81772434468105;l/s;0;m3/s;624317,1875;t;32,70000076;%;0;None;98,36334216923028;mKVs;0;None;17,050178316527777;mm;0;m3/s;93,85812833333334;bar;0;KVa;-32,77487436897222;cm;56,24199216661111;%;31,959988332456266;cm
2026-01-21 02:00:00.000;150,8978517547092;moh;0;Hz;0;None;0,08171277998347222;m3/s;0;kW;0;rpm;0;KVar;0;%;0,08962509895011113;Mill.m3;81,71941090848892;l/s;0;m3/s;624317,1875;t;32,70000076;%;0;None;98,41999661212604;mKVs;0;None;15,603097492305556;mm;0;m3/s;93,762345;bar;0;KVa;-30,223600597833332;cm;59,750066863027776;%;32,103331395191184;cm
2026-01-21 03:00:00.000;150,91497531556945;moh;0;Hz;0;None;0,08268944285708334;m3/s;0;kW;0;rpm;0;KVar;0;%;0,0930613775426111;Mill.m3;82,68122899097996;l/s;0;m3/s;624317,1875;t;32,70000076;%;0;None;98,49165907206259;mKVs;0;None;14,6581206835;mm;0;m3/s;94,01952111111112;bar;0;KVa;-28,50459628661111;cm;62,04091943144444;%;32,26165435062896;cm
2026-01-21 04:00:00.000;150,9262188106154;moh;0;Hz;0;None;0,08316444216519443;m3/s;0;kW;0;rpm;0;KVar;0;%;0,09533859340394443;Mill.m3;83,1717171353589;l/s;0;m3/s;624317,1875;t;32,70000076;%;0;None;98,45169576651182;mKVs;0;None;14,03188705425;mm;0;m3/s;94,14551277777778;bar;0;KVa;-27,366845872833334;cm;63,559060964083336;%;32,32500695155237;cm
2026-01-21 05:00:00.000;150,93212723146883;moh;0;Hz;0;None;0,08321833115947223;m3/s;0;kW;0;rpm;0;KVar;0;%;0,09649513146513891;Mill.m3;83,21992277252883;l/s;0;m3/s;624317,1875;t;32,70000076;%;0;None;98,43494868841023;mKVs;0;None;13,71383857675;mm;0;m3/s;93,78918472222222;bar;0;KVa;-26,777182686222222;cm;64,33008796841666;%;32,336653968262944;cm
2026-01-21 06:00:00.000;150,93648823989096;moh;0;Hz;0;None;0,08352555490002776;m3/s;0;kW;0;rpm;0;KVar;0;%;0,09739364592805555;Mill.m3;83,52380059096465;l/s;0;m3/s;624317,1875;t;32,70000076;%;0;None;98,52167688604881;mKVs;0;None;13,466747282027777;mm;0;m3/s;93,60549055555556;bar;0;KVa;-26,342103745916667;cm;64,92909611658334;%;32,3916676875435;cm
2026-01-21 07:00:00.000;150,94115931111023;moh;0;Hz;0;None;0,08356194401175;m3/s;0;kW;0;rpm;0;KVar;0;%;0,09812088809524999;Mill.m3;83,5659579851205;l/s;0;m3/s;624317,1875;t;32,70000076;%;0;None;98,4783173864711;mKVs;0;None;13,266755634361111;mm;0;m3/s;93,4500175;bar;0;KVa;-25,90620252836111;cm;65,41392544791667;%;32,375001596403514;cm
2026-01-21 08:00:00.000;150,9528110346578;moh;0;Hz;0;None;0,08393111396947223;m3/s;0;kW;0,008368055555555556;rpm;0;KVar;0;%;0,10046799411099999;Mill.m3;84,1670747770155;l/s;0;m3/s;624317,1875;t;32,70000076;%;0;None;98,48755959776028;mKVs;0,2088167053364269;None;12,621301227888889;mm;0;m3/s;93,74892944444444;bar;0;KVa;-24,738773770222224;cm;66,97866278883333;%;32,48163490768669;cm
2026-01-21 09:00:00.000;150,9569427671318;moh;48,82696282536292;Hz;0,9059690020392172;None;1,592643101606111;m3/s;1274,0155716666666;kW;740,5610683333333;rpm;-183,9707036111111;KVar;82,53180082116667;%;0,10130745689849999;Mill.m3;84,37177114427386;l/s;1,5082545189733332;m3/s;624317,7477935415;t;46,61999088782344;%;1,424602733261111;None;96,17025612447114;mKVs;0;None;12,390449102194445;mm;0;m3/s;93,68626555555555;bar;1293,2709925;KVa;-24,292700025861112;cm;67,53830456177778;%;32,513351040738335;cm
2026-01-21 10:00:00.000;150,95234742749003;moh;50,005094183722164;Hz;0,9997824405766994;None;1,322329235310556;m3/s;1034,8089388888889;kW;750,2339413888889;rpm;-65,48023277777777;KVar;87,12318056055555;%;0,1005388629526667;Mill.m3;84,19367506622832;l/s;1,2344404936;m3/s;624318,7454259025;t;38,64558877511408;%;1,0215418199777775;None;97,03284847921044;mKVs;0;None;12,601812363638889;mm;0;m3/s;93,43923833333334;bar;1035,42936;KVa;-24,739384122222223;cm;67,02590921283333;%;32,48505634988599;cm
2026-01-21 11:00:00.000;150,95828678321786;moh;49,991118132178606;Hz;1;None;0,8213016322844444;m3/s;606,7162144444444;kW;749,8731538888889;rpm;13,122659444444444;KVar;78,43891300588889;%;0,10146729207494443;Mill.m3;84,57612085049979;l/s;0,7367282970125001;m3/s;624319,7503757987;t;26,869968815899497;%;0,6011677070483304;None;97,81468602740001;mKVs;0;None;12,346494252833333;mm;0;m3/s;93,48846027777778;bar;606,3508141666666;KVa;-24,172176784416667;cm;67,64486206905555;%;32,54602080385227;cm
2026-01-21 12:00:00.000;150,96948825294953;moh;49,98844201748369;Hz;0,9979770909293073;None;0,8105883206016669;m3/s;603,7623516666666;kW;749,9166758333333;rpm;44,21489166666667;KVar;78,24989842411111;%;0,10396784368777777;Mill.m3;84,73501686396698;l/s;0,725764371638889;m3/s;624320,7504075695;t;26,665213873650178;%;0,6000000238;None;97,88261084416598;mKVs;0;None;11,658842723416667;mm;0;m3/s;93,54656277777778;bar;603,3931772222222;KVa;-23,03774092036111;cm;69,31189678908333;%;32,56667122118045;cm
2026-01-21 13:00:00.000;150,97914576148065;moh;50,007498936190004;Hz;0,9934202662378285;None;0,8145162551049999;m3/s;605,9038283333333;kW;750,0833205555556;rpm;77,86952055555555;KVar;78,32978905544445;%;0,10592564799472222;Mill.m3;84,96653770729644;l/s;0,7295745333041666;m3/s;624321,7504370314;t;26,30000114;%;0,6000000238;None;97,9000021377684;mKVs;0;None;11,120446524416666;mm;0;m3/s;93,84419055555556;bar;609,4060727777778;KVa;-22,083875870194444;cm;70,61709956980556;%;32,60434409947393;cm
2026-01-21 14:00:00.000;150,990507166159;moh;49,978257451856486;Hz;0,9946016035097247;None;0,815841672817778;m3/s;606,75373;kW;749,7064827777778;rpm;67,93787722222223;KVar;78,34645036216666;%;0,10815166071333338;Mill.m3;85,46844289635945;l/s;0,730369154108611;m3/s;624322,7504290278;t;26,207967012493867;%;0,6000000238;None;97,92537075089132;mKVs;0;None;10,509420183222222;mm;0;m3/s;94,13715583333334;bar;608,1588344444444;KVa;-20,965347290972222;cm;72,10110692038889;%;32,67499900364383;cm
2026-01-21 15:00:00.000;150,9829977605093;moh;49,96836929914022;Hz;0,9764857885938517;None;2,5766278095950006;m3/s;2099,494268888889;kW;749,5435391666666;rpm;-480,36637333333334;KVar;89,91799697791667;%;0,10655243723916669;Mill.m3;85,30833930052836;l/s;2,4913195713325;m3/s;624323,7504918056;t;71,6225198236545;%;2,1385713609688897;None;92,97109743317054;mKVs;0;None;10,948454539266667;mm;0;m3/s;94,06024222222223;bar;2151,3471616666666;KVa;-21,693454319388888;cm;71,03495845838889;%;32,65833561970862;cm
2026-01-21 16:00:00.000;150,96077335908507;moh;49,999529221893596;Hz;0,975434622170408;None;2,644902672383334;m3/s;2140,9437047222223;kW;749,8333058333334;rpm;-489,8746816666667;KVar;89,94409605586111;%;0,10200342693927776;Mill.m3;84,67194186361736;l/s;2,560201382661111;m3/s;624324,7505170661;t;73,11666273336168;%;2,1428570750000002;None;92,88732913678952;mKVs;0;None;12,19905726275;mm;0;m3/s;93,92066388888888;bar;2197,2953577777776;KVa;-23,90467325836111;cm;68,00228568186111;%;32,56630090881548;cm
2026-01-21 17:00:00.000;150,93753074508524;moh;49,99217239286844;Hz;0,9774998702084204;None;2,6399522841166663;m3/s;2136,824972222222;kW;750,1666836111111;rpm;-478,40311055555554;KVar;90,002282058;%;0,0976532145088889;Mill.m3;83,71092140381884;l/s;2,556244840969444;m3/s;624325,7505495487;t;73,13262837449025;%;2,1428570750000002;None;92,86666145094385;mKVs;0;None;13,39536582175;mm;0;m3/s;94,05845222222223;bar;2189,289686111111;KVa;-26,22595893077778;cm;65,10214330872222;%;32,416306685109184;cm
2026-01-21 18:00:00.000;150,91366648887808;moh;50,022897814756476;Hz;0,9703986352879334;None;2,641452283933332;m3/s;2137,5233597222223;kW;750,3333311111111;rpm;-517,9518852777778;KVar;89,97038637555555;%;0,09282533304933335;Mill.m3;83,03979542103816;l/s;2,5584136973749994;m3/s;624326,7505497916;t;73,18404853119605;%;2,1428570750000002;None;92,80000005468618;mKVs;0;None;14,72303305825;mm;0;m3/s;94,46680194444444;bar;2197,6013644444442;KVa;-28,63151126225;cm;61,883556006111114;%;32,31232214413683;cm
2026-01-21 19:00:00.000;150,89313007297628;moh;49,99316352028757;Hz;0,975368422233298;None;2,416185729344444;m3/s;1943,0752844444444;kW;749,8333213888889;rpm;-444,7416663888889;KVar;92,69459944836112;%;0,08852410155005554;Mill.m3;82,05258835179072;l/s;2,3336106809805552;m3/s;624327,7505963369;t;64,76375624805905;%;1,9393429078305557;None;93,9449617144604;mKVs;0;None;15,905871919333334;mm;0;m3/s;93,86879527777778;bar;1993,1086641666666;KVa;-30,684615242;cm;59,016067961333334;%;32,17065776451026;cm
2026-01-21 20:00:00.000;150,87366457492274;moh;50,003367381929074;Hz;0,9758333662360452;None;2,629169007797222;m3/s;2134,423258888889;kW;750,0833286111111;rpm;-485,147675;KVar;90,10644525027777;%;0,08470752299269443;Mill.m3;81,10826665607055;l/s;2,5481081452222223;m3/s;624328,7506047048;t;72,78418574649342;%;2,142290183169445;None;92,82773932362954;mKVs;0;None;16,955431195;mm;0;m3/s;93,99175583333333;bar;2187,8259919444445;KVa;-32,628462049;cm;56,4716817435;%;32,007979397070855;cm
2026-01-21 21:00:00.000;150,85042781558147;moh;49,99836690440729;Hz;0,9799999595;None;2,308695544180556;m3/s;1850,3367497222223;kW;749,7933833333333;rpm;-368,9719627777778;KVar;93,38781816716667;%;0,08014668770477774;Mill.m3;80,50722642608625;l/s;2,2280692100805557;m3/s;624329,7506231772;t;61,21359349393498;%;1,8375853490694445;None;94,37375542571375;mKVs;0;None;18,209660849083335;mm;0;m3/s;93,99897444444444;bar;1887,2783208333333;KVa;-34,92803785472222;cm;53,431125313083335;%;31,91666639721177;cm
2026-01-21 22:00:00.000;150,83819185969244;moh;50,01373116234572;Hz;0,9996935216016046;None;0,8633890989780556;m3/s;638,0200963888889;kW;750,123235;rpm;-10,127205277777778;KVar;79,10401477872222;%;0,07770227140086111;Mill.m3;79,82615582018967;l/s;0,7836738068272223;m3/s;624330,7506414584;t;27,42771257517156;%;0,6156463843741666;None;97,85071655262959;mKVs;0;None;18,88187514511111;mm;0;m3/s;93,98174083333333;bar;638,5269508333333;KVa;-36,16330888586111;cm;51,80151460441667;%;31,81233051649189;cm
2026-01-21 23:00:00.000;150,8427289699378;moh;1,7760860444276922;Hz;0,006498458272490993;None;0,09429105509883333;m3/s;2,8039716666666665;kW;42,8585275;rpm;0,5135327777777777;KVar;1,3075611115;%;0,0786191381938055;Mill.m3;79,9849707495247;l/s;0,012258043884999998;m3/s;624331,5601135069;t;26,60000038;%;0,0017006806202777777;None;98,50481088711064;mKVs;0;None;18,62973679427778;mm;0;m3/s;93,83994888888888;bar;3,0882911111111113;KVa;-35,714903937;cm;52,41275927183333;%;31,825002073845397;cm
2026-01-22 00:00:00.000;150,8535208587621;moh;0;Hz;0;None;0,08057333661333334;m3/s;0;kW;0;rpm;0;KVar;0;%;0,08066680027666669;Mill.m3;80,57598141418325;l/s;0;m3/s;624331,625;t;26,60000038;%;0;None;98,4873343318432;mKVs;0;None;18,06662983686111;mm;0;m3/s;93,69739972222222;bar;0;KVa;-34,652739632583334;cm;53,777867041444445;%;31,929329863056214;cm
2026-01-22 01:00:00.000;150,8622780107532;moh;0;Hz;0;None;0,08055833743550002;m3/s;0;kW;0;rpm;0;KVar;0;%;0,08242831646208328;Mill.m3;80,56194010458007;l/s;0;m3/s;624331,625;t;26,60000038;%;0;None;98,45034311920631;mKVs;0;None;17,582212660638888;mm;0;m3/s;93,68374694444445;bar;0;KVa;-33,76471201727778;cm;54,95221166625;%;31,916673397118565;cm
2026-01-22 02:00:00.000;150,86865343307502;moh;0;Hz;0;None;0,08104833650149999;m3/s;0;kW;0;rpm;0;KVar;0;%;0,08368269064355556;Mill.m3;81,0529602515862;l/s;0;m3/s;624331,625;t;26,60000038;%;0;None;98,50799726652883;mKVs;0;None;17,23725975961111;mm;0;m3/s;93,78570555555555;bar;0;KVa;-33,127797445055556;cm;55,78846149361111;%;31,987667814248983;cm
2026-01-22 03:00:00.000;150,87976872409874;moh;0;Hz;0;None;0,08152028171366667;m3/s;0;kW;0;rpm;0;KVar;0;%;0,08595380013108334;Mill.m3;81,5145230996199;l/s;0;m3/s;624331,625;t;26,60000038;%;0;None;98,45400106363893;mKVs;0;None;16,609494526861113;mm;0;m3/s;93,4304875;bar;0;KVa;-32,02891879761111;cm;57,31031635063889;%;32,079335955640666;cm
2026-01-22 04:00:00.000;150,89997162375323;moh;0;Hz;0;None;0,08234138948250003;m3/s;0;kW;0;rpm;0;KVar;0;%;0,08992477382105557;Mill.m3;82,34069911637353;l/s;0;m3/s;624331,625;t;26,60000038;%;0;None;98,42191847121023;mKVs;0;None;15,520687102194444;mm;0;m3/s;93,73756972222222;bar;0;KVa;-30,03174675786111;cm;59,94984947911111;%;32,195416276687844;cm
2026-01-22 05:00:00.000;150,92402214377066;moh;0;Hz;0;None;0,08321499834936112;m3/s;0;kW;0;rpm;0;KVar;0;%;0,09476824297233333;Mill.m3;83,2157285709767;l/s;0;m3/s;624331,625;t;26,60000038;%;0;None;98,47500082610435;mKVs;0;None;14,188732782916667;mm;0;m3/s;93,38385027777778;bar;0;KVa;-27,6072989575;cm;63,178829150944445;%;32,341664650577044;cm
2026-01-22 06:00:00.000;150,94948709091582;moh;0;Hz;0;None;0,08395722309994444;m3/s;0;kW;0;rpm;0;KVar;0;%;0,09973339405269448;Mill.m3;83,96409768453074;l/s;0;m3/s;624331,625;t;26,60000038;%;0;None;98,52532780448747;mKVs;0;None;12,82331636125;mm;0;m3/s;93,13444888888888;bar;0;KVa;-25,06827460475;cm;66,48892981247222;%;32,446329402127716;cm
2026-01-22 07:00:00.000;150,97455211948122;moh;2,96451731491987;Hz;0,004216219352418055;None;0,08504499909027778;m3/s;1,2138819444444444;kW;52,96779111111111;rpm;3,3166841666666667;KVar;0;%;0,10457884912055555;Mill.m3;85,04181122467548;l/s;0;m3/s;624331,625;t;26,399297153183365;%;0;None;98,52370489035984;mKVs;0;None;11,490816541722221;mm;0;m3/s;93,8269525;bar;3,5325522222222223;KVa;-22,548277113666668;cm;69,71923243188888;%;32,591664879081634;cm
2026-01-22 08:00:00.000;150,97611923677232;moh;49,99974618163227;Hz;0,9657633761614041;None;2,2137561963927785;m3/s;1791,4631633333333;kW;749,7964030555555;rpm;-425,85417027777777;KVar;92,26351860866667;%;0,10504708082777776;Mill.m3;84,91405336196232;l/s;2,1293647736888888;m3/s;624332,1523173437;t;59,67473375598537;%;1,8316329683055557;None;94,57773875202197;mKVs;0;None;11,361747107888888;mm;0;m3/s;93,31683666666666;bar;1849,3245505555556;KVa;-22,380074395972223;cm;70,03212824872222;%;32,57500456363928;cm
2026-01-22 09:00:00.000;150,97008609417466;moh;49,99540097096375;Hz;0,9250928503520756;None;1,3548945635333336;m3/s;1044,3901413888889;kW;749,7901302777777;rpm;-431,24687222222224;KVar;87,22601074644444;%;0,10419246195416668;Mill.m3;85,03712883174511;l/s;1,2694719694777779;m3/s;624333,1523136111;t;38,858398056770945;%;1,0226756089333333;None;97,14515672522333;mKVs;0;None;11,597072814527777;mm;0;m3/s;93,78396777777778;bar;1129,15307;KVa;-22,978269789444443;cm;69,46164141725;%;32,60000018108588;cm
2026-01-22 10:00:00.000;150,97583527869133;moh;49,99379571938783;Hz;0,9126018998418328;None;0,8335973837324999;m3/s;617,45077;kW;750,1265563888888;rpm;-277,23721166666667;KVar;78,67950043255556;%;0,10520786637361115;Mill.m3;85,11935195288679;l/s;0,7484906888744445;m3/s;624334,1523638368;t;26,845233518981257;%;0,6133788094408333;None;97,85835458912425;mKVs;0;None;11,317836550222221;mm;0;m3/s;93,28507361111112;bar;677,5087138888889;KVa;-22,41609785261111;cm;70,13857803191667;%;32,62931767480109;cm
2026-01-22 11:00:00.000;150,98697473608948;moh;50,0041941592424;Hz;0,9311138336284316;None;0,8195038722661113;m3/s;609,6639783333334;kW;750,0431675;rpm;-241,0043611111111;KVar;78,42236684336112;%;0,10736813864694443;Mill.m3;85,57691137196369;l/s;0,7339898111191667;m3/s;624335,1524127084;t;26,95061442747996;%;0,6122450233;None;97,96696566856683;mKVs;0;None;10,724248462452778;mm;0;m3/s;93,39948333333334;bar;655,7159444444444;KVa;-21,31648169625;cm;71,57875936441667;%;32,695981960809135;cm
2026-01-22 12:00:00.000;151,00521218078197;moh;1,7772562438120028;Hz;0,0071942417147221665;None;0,10110829772502775;m3/s;3,3304541666666667;kW;43,10299027777778;rpm;-1,5065297222222223;KVar;1,7173494338888888;%;0,11097646844500002;Mill.m3;86,27343017168273;l/s;0,01483301665288889;m3/s;624335,9380266666;t;27;%;0,0017006806202777777;None;98,5969416187421;mKVs;0;None;9,766512129313892;mm;0;m3/s;94,01197777777777;bar;3,1265477777777777;KVa;-19,48340521886111;cm;73,98431347691667;%;32,802266526111865;cm
2026-01-22 13:00:00.000;151,0303281338963;moh;0;Hz;0;None;0,08696833616866669;m3/s;0;kW;0;rpm;0;KVar;0;%;0,11615393607083331;Mill.m3;86,9706592212088;l/s;0;m3/s;624336;t;27;%;0;None;98,58362051981521;mKVs;0;None;8,46151563863889;mm;0;m3/s;93,7011425;bar;0;KVa;-16,983367071638888;cm;77,43595822761111;%;32,91264490705419;cm
2026-01-22 14:00:00.000;151,0552177833968;moh;4,761621982125365;Hz;0,05335042342980358;None;0,12476179032513889;m3/s;50,33303305555555;kW;79,24748805555555;rpm;-10,49390388888889;KVar;3,3133906470277776;%;0,12096161762249999;Mill.m3;87,90454185306926;l/s;0,03685901123222222;m3/s;624336,0068795139;t;27,331566388888888;%;0;None;98,47558769112398;mKVs;0;None;7,259595658988889;mm;0;m3/s;93,71087111111112;bar;53,32345083333333;KVa;-14,498087564555556;cm;80,64107774044444;%;33,04597521947508;cm
2026-01-22 15:00:00.000;151,05226539114227;moh;49,99163725606443;Hz;0,9612641328796069;None;2,6398838013611106;m3/s;2136,166756111111;kW;749,8333255555556;rpm;-608,4182180555556;KVar;90,02224724966666;%;0,12040410293777773;Mill.m3;87,88705159089216;l/s;2,5519951103972223;m3/s;624336,6041744618;t;72,5327730681443;%;2,1369046942361116;None;92,84808608113076;mKVs;0;None;7,398974100744444;mm;0;m3/s;93,70884333333333;bar;2220,297976111111;KVa;-14,770469665583333;cm;80,26940150866666;%;33,0623632336409;cm
2026-01-22 16:00:00.000;151,02218895085375;moh;50,009140053298886;Hz;0,9666664943890262;None;2,650095085930556;m3/s;2143,1286644444444;kW;750,0832994444445;rpm;-571,0709783333333;KVar;89,89494094716666;%;0,11467814065194444;Mill.m3;86,6254432473882;l/s;2,563544019033334;m3/s;624337,604160816;t;72,7844200429906;%;2,1428570750000002;None;92,89949405840247;mKVs;0;None;8,830881754605556;mm;0;m3/s;93,73515277777778;bar;2213,5462394444444;KVa;-17,770127190694446;cm;76,45209469230555;%;32,858043163365934;cm
2026-01-22 17:00:00.000;150,99294527555827;moh;49,990831661596424;Hz;0,969999969;None;2,649493742616667;m3/s;2145,0682916666665;kW;749,8333230555555;rpm;-546,5734605555556;KVar;89,89072411891667;%;0,10865943062222222;Mill.m3;85,65589428911082;l/s;2,563830780280555;m3/s;624338,604195382;t;72,93283699936337;%;2,1428570750000002;None;92,75950376888517;mKVs;0;None;10,375297757841667;mm;0;m3/s;91,64131916666666;bar;2213,279071111111;KVa;-20,68974812838889;cm;72,43962020952777;%;32,754044129067054;cm
2026-01-22 18:00:00.000;150,96735718362;moh;49,99585758586451;Hz;0,969999969;None;2,638497168397222;m3/s;2145,6340066666667;kW;749,8333452777778;rpm;-548,7473283333334;KVar;90,04126794702778;%;0,10350544345944442;Mill.m3;84,89857942365087;l/s;2,5535936151972223;m3/s;624339,6041968229;t;72,85000859691701;%;2,1428570750000002;None;92,7612655519043;mKVs;0;None;11,786002901194445;mm;0;m3/s;90,86384361111111;bar;2213,8674133333334;KVa;-23,24700249575;cm;69,00362900594445;%;32,608093295169226;cm
2026-01-22 19:00:00.000;150,94424000846664;moh;49,98414107162687;Hz;0,969999969;None;2,645942185891667;m3/s;2145,5167177777776;kW;749,8333141666667;rpm;-538,1330561111112;KVar;89,91359085477778;%;0,09893392684377778;Mill.m3;83,66360510368523;l/s;2,5622757851805558;m3/s;624340,6042066319;t;73,00858146823421;%;2,1428570750000002;None;92,7452326479193;mKVs;0;None;13,043169870194445;mm;0;m3/s;91,51008222222222;bar;2210,8961875;KVa;-25,548587374833332;cm;65,95595142705555;%;32,40809491135371;cm
2026-01-22 20:00:00.000;150,93875710411103;moh;49,992545467992805;Hz;0,9966890747232132;None;0,8918140376586112;m3/s;655,0573619444444;kW;749,9166475;rpm;41,199385;KVar;79,13509449525;%;0,09775087939025003;Mill.m3;83,83714389769554;l/s;0,8079799128952777;m3/s;624341,6042484723;t;27,854863501783814;%;0,6164967234436111;None;97,81490946734561;mKVs;0;None;13,368508019305555;mm;0;m3/s;93,964215;bar;656,4004183333333;KVa;-26,114853752777776;cm;65,16725295466667;%;32,4169048262588;cm
2026-01-22 21:00:00.000;150,92871634312957;moh;49,99060277105294;Hz;0,97337611264651;None;2,134949503131055;m3/s;1749,7737875;kW;749,9661191666667;rpm;-403,2862513888889;KVar;91,51841990222222;%;0,09600765547855555;Mill.m3;83,36504930509565;l/s;2,051526304998333;m3/s;624342,604678559;t;58,02679224141536;%;1,782454393870278;None;94,69036888902673;mKVs;0;None;13,8493109804;mm;0;m3/s;94,14008444444444;bar;1795,0968602777778;KVa;-27,082002427833334;cm;64,00510436322222;%;32,34910507092471;cm
2026-01-22 22:00:00.000;150,9074664159486;moh;50,00747561527554;Hz;0,9787382606986149;None;2,2258323981194446;m3/s;1784,0087436111112;kW;750,0405016666666;rpm;-399,11775916666664;KVar;93,5327274735;%;0,09165260257919443;Mill.m3;82,67315445268824;l/s;2,1431638174416667;m3/s;624343,6042691667;t;59,5252232633479;%;1,7842967938055556;None;94,6611582994282;mKVs;0;None;15,04553413238889;mm;0;m3/s;93,47112527777777;bar;1828,5896277777779;KVa;-29,242600334416668;cm;61,10173494608333;%;32,25404954955702;cm
2026-01-22 23:00:00.000;150,8866022842325;moh;49,99668970785022;Hz;0,9663709668919997;None;2,1098538279777777;m3/s;1686,3582516666668;kW;749,9166936111111;rpm;-449,2759711111111;KVar;93,12105882413888;%;0,08738797375336112;Mill.m3;81,87924024707544;l/s;2,0278964857083337;m3/s;624344,6043269965;t;56,271063068857345;%;1,683673024;None;95,0214088034124;mKVs;0;None;16,218306857861112;mm;0;m3/s;93,82891638888889;bar;1744,2451063888889;KVa;-31,348491245055556;cm;58,25865003791667;%;32,12071910660301;cm
2026-01-23 00:00:00.000;150,89013197077608;moh;2,0942195434764477;Hz;0,013854191094441528;None;0,12112056223555558;m3/s;12,464705277777778;kW;47,54762777777778;rpm;-1,9349808333333334;KVar;1,5512796825833333;%;0,08804330482230557;Mill.m3;81,94278446250141;l/s;0,033591643311111107;m3/s;624345,3811022396;t;56,10000229;%;0,004676869511111111;None;98,52884789139732;mKVs;0;None;16,038090811694445;mm;0;m3/s;94,09188805555556;bar;12,8400325;KVa;-30,9957758585;cm;58,695537471722226;%;32,13761839616796;cm
2026-01-23 01:00:00.000;150,90325789065594;moh;0;Hz;0;None;0,08239444469416668;m3/s;0;kW;0;rpm;0;KVar;0;%;0,09055745301572223;Mill.m3;82,39680043514964;l/s;0;m3/s;624345,4375;t;56,10000229;%;0;None;98,52093903847127;mKVs;0;None;15,346700030555555;mm;0;m3/s;93,63239333333334;bar;0;KVa;-29,66315375413889;cm;60,371635924416665;%;32,21666164563958;cm
2026-01-23 02:00:00.000;150,91188485823093;moh;0;Hz;0;None;0,08261472102569445;m3/s;0;kW;0;rpm;0;KVar;0;%;0,09258172667322222;Mill.m3;82,60944593724105;l/s;0;m3/s;624345,4375;t;56,10000229;%;0;None;98,60428086380747;mKVs;0;None;14,790024863333333;mm;0;m3/s;91,42444027777778;bar;0;KVa;-28,820584613833333;cm;61,72115141622222;%;32,21666795276583;cm
2026-01-23 03:00:00.000;150,91784442517348;moh;0;Hz;0;None;0,08270694265625002;m3/s;0;kW;0;rpm;0;KVar;0;%;0,09371069909772221;Mill.m3;82,70813375244643;l/s;0;m3/s;624345,4375;t;56,10000229;%;0;None;98,59144443412531;mKVs;0;None;14,479557461722223;mm;0;m3/s;89,90298;bar;0;KVa;-28,221079507194446;cm;62,47379986525;%;32,237609022512814;cm
2026-01-23 04:00:00.000;150,92118773301468;moh;0;Hz;0;None;0,08277166456680556;m3/s;0;kW;0;rpm;0;KVar;0;%;0,09424991924361108;Mill.m3;82,7721624312097;l/s;0;m3/s;624345,4375;t;56,10000229;%;0;None;98,51665863400788;mKVs;0;None;14,331271913;mm;0;m3/s;93,35786611111111;bar;0;KVa;-27,902259827027777;cm;62,83327979966667;%;32,266670413272536;cm
2026-01-23 05:00:00.000;150,92280523165644;moh;0;Hz;0;None;0,08298610848197223;m3/s;0;kW;0;rpm;0;KVar;0;%;0,09451521765386112;Mill.m3;82,98327173961626;l/s;0;m3/s;624345,4375;t;56,10000229;%;0;None;98,549990651798;mKVs;0;None;14,258314558166667;mm;0;m3/s;93,38540527777778;bar;0;KVa;-27,721875506944443;cm;63,01014595005555;%;32,29999202982288;cm
2026-01-23 06:00:00.000;150,92126973808894;moh;4,6176131286612465;Hz;0,03114760164343775;None;0,09121861857197222;m3/s;15,176959166666666;kW;77,29248527777777;rpm;0,4635697222222222;KVar;1,7992286470277778;%;0,0943406147048611;Mill.m3;82,66830948782338;l/s;0,008545564859166667;m3/s;624345,4410924653;t;54,72550914710639;%;0;None;98,51485343061874;mKVs;0;None;14,306330364361111;mm;0;m3/s;93,67575027777778;bar;16,348969722222222;KVa;-27,85636053986111;cm;62,89374427819445;%;32,242215757211184;cm
2026-01-23 07:00:00.000;150,90486947451583;moh;49,99802639728938;Hz;0,9759704272165636;None;1,6585762889669449;m3/s;1320,339598888889;kW;750,1262088888889;rpm;-296,91305166666666;KVar;90,34800715930555;%;0,09102985763711115;Mill.m3;82,26457486647527;l/s;1,576378465043056;m3/s;624346,0578373785;t;46,103536746718234;%;1,3228462445194447;None;96,2909949851106;mKVs;0;None;15,216789032305556;mm;0;m3/s;93,33859194444445;bar;1353,4403083333334;KVa;-29,494501749;cm;60,68657220308334;%;32,191666832788876;cm
2026-01-23 08:00:00.000;150,8998758579024;moh;49,9954057735016;Hz;0,9986935744108153;None;0,8390917834391665;m3/s;620,8628425;kW;749,9572841666667;rpm;34,19515027777778;KVar;78,78328117883333;%;0,08979253831097223;Mill.m3;81,96155873385165;l/s;0,7573115878747224;m3/s;624347,0578901389;t;27,11928966198981;%;0,6142291511602777;None;97,94491076300241;mKVs;0;None;15,557051549722223;mm;0;m3/s;93,73027111111111;bar;622,6521094444445;KVa;-30,007913378;cm;59,86169302252778;%;32,16666474310445;cm
2026-01-23 09:00:00.000;150,91685106056755;moh;50,00087350308057;Hz;1;None;0,8124946052800001;m3/s;606,4727691666667;kW;749,9187036111111;rpm;5,094146944444445;KVar;78,33843298997222;%;0,09340179308041666;Mill.m3;82,5120828299156;l/s;0,7299868181094445;m3/s;624348,0578876563;t;26,633328895536767;%;0,6122450233;None;97,88712356738077;mKVs;0;None;14,56450653061111;mm;0;m3/s;93,92945722222223;bar;607,6852908333333;KVa;-28,309915329777777;cm;62,26786260602778;%;32,22926734291896;cm
2026-01-23 10:00:00.000;150,9244388454725;moh;49,985418670909574;Hz;0,9774272494585391;None;1,7505306985;m3/s;1385,3851763888888;kW;749,8582811111111;rpm;-270,61263583333334;KVar;90,91010252719444;%;0,09480114295661109;Mill.m3;82,97802242521996;l/s;1,6676108863330554;m3/s;624349,0579072397;t;48,78704749711682;%;1,4064621501869445;None;96,07872574587864;mKVs;0;None;14,179685379444445;mm;0;m3/s;93,89143416666667;bar;1411,3832997222223;KVa;-27,563039992472223;cm;63,20076274844445;%;32,29166473972343;cm
2026-01-23 11:00:00.000;150,93985321644607;moh;1,2246300259477834;Hz;0;None;0,0879753034991111;m3/s;0;kW;34,421776111111114;rpm;0;KVar;0,25427055358333334;%;0,09801493266366668;Mill.m3;83,15169353798521;l/s;0,00482113825;m3/s;624349,8691107291;t;49,79999924;%;0;None;98,59118409994575;mKVs;0;None;13,295893350611111;mm;0;m3/s;93,92348194444445;bar;0;KVa;-26,018091838055554;cm;65,34328881377778;%;32,32519384460333;cm
2026-01-23 12:00:00.000;150,96719321409864;moh;0;Hz;0;None;0,08436639050458333;m3/s;0;kW;0;rpm;0;KVar;0;%;0,10354336137447225;Mill.m3;84,3755718324598;l/s;0;m3/s;624349,9375;t;49,79999924;%;0;None;98,57499584574938;mKVs;0;None;11,7755754285;mm;0;m3/s;93,61607388888889;bar;0;KVa;-23,276960587138888;cm;69,02890838922222;%;32,52092961591658;cm
2026-01-23 13:00:00.000;150,99469329700926;moh;4,5850660521714275;Hz;0,04170731558217655;None;0,11195995205902778;m3/s;41,346223333333334;kW;77,959365;rpm;-1,115866388888889;KVar;3,0341548071944446;%;0,10879559022055554;Mill.m3;85,11526771002906;l/s;0,02684745299888889;m3/s;624349,9401597222;t;48,81877516952588;%;0;None;98,4587990978093;mKVs;0;None;10,338341395322221;mm;0;m3/s;93,6058186111111;bar;44,75006972222222;KVa;-20,527746413444444;cm;72,53039309161112;%;32,64592967063366;cm
2026-01-23 14:00:00.000;150,99329292664197;moh;50,00623953647179;Hz;0,9670741523350839;None;2,624858795516667;m3/s;2135,1881727777777;kW;750,2091886111111;rpm;-567,0974808333333;KVar;90,15640557622223;%;0,10879454734194446;Mill.m3;85,18581136820468;l/s;2,540529250516667;m3/s;624350,5009060937;t;72,4568251232859;%;2,1369046942361116;None;92,85369188530231;mKVs;0;None;10,33800485457222;mm;0;m3/s;93,7567525;bar;2209,5913066666667;KVa;-20,662718878555555;cm;72,52969883922222;%;32,637419273066946;cm
2026-01-23 15:00:00.000;150,97014511939054;moh;50,00601410891336;Hz;0,969999969;None;2,6425760434222223;m3/s;2145,769008888889;kW;750,0408091666667;rpm;-549,0422505555556;KVar;89,97366095841667;%;0,10397260769661111;Mill.m3;84,3820397940063;l/s;2,5581910703583333;m3/s;624351,5009061111;t;73,0250804624352;%;2,1428570750000002;None;92,81668946489417;mKVs;0;None;11,657532588611112;mm;0;m3/s;93,92658444444444;bar;2213,8887755555556;KVa;-22,964257136444445;cm;69,31507307627778;%;32,52483206432936;cm
2026-01-23 16:00:00.000;150,94680866075063;moh;49,99290667663347;Hz;0,969999969;None;2,6430340529305556;m3/s;2147,6877222222224;kW;749,8332997222223;rpm;-525,5869641666667;KVar;89,95361942638888;%;0,09940011648100001;Mill.m3;83,45501070133902;l/s;2,559553782116667;m3/s;624352,5009468924;t;72,99183880995767;%;2,1428570750000002;None;92,75816906301203;mKVs;0;None;12,914967645027778;mm;0;m3/s;93,97531694444444;bar;2207,1744216666666;KVa;-25,303878784555554;cm;66,26674473141667;%;32,38333215055813;cm
2026-01-23 17:00:00.000;150,92457557710642;moh;50,02001644900076;Hz;0,969999969;None;2,640185777394444;m3/s;2146,0173602777777;kW;750,3333494444445;rpm;-535,2954497222222;KVar;89,98462180966666;%;0,09495417221208333;Mill.m3;82,69960002961213;l/s;2,5574456384555555;m3/s;624353,5009475173;t;72,85818588597002;%;2,1428570750000002;None;92,7710687401459;mKVs;0;None;14,137602487916666;mm;0;m3/s;94,22426194444445;bar;2210,519543611111;KVa;-27,531195747166667;cm;63,30278171897222;%;32,25817543308837;cm
2026-01-23 18:00:00.000;150,901566909461;moh;49,993741838538995;Hz;0,969999969;None;2,6360905361972224;m3/s;2144,7699675;kW;750,0424269444444;rpm;-548,2747172222222;KVar;90,029960589;%;0,09034398401036112;Mill.m3;81,72083062186574;l/s;2,5543627131027775;m3/s;624354,5009830034;t;72,83333371526818;%;2,1428570750000002;None;92,74091371855887;mKVs;0;None;15,40540440875;mm;0;m3/s;94,27778222222223;bar;2211,598380277778;KVa;-29,82687632302778;cm;60,22932260480555;%;32,10818917173978;cm
2026-01-23 19:00:00.000;150,878320436097;moh;50,01167937497336;Hz;0,969999969;None;2,6362819083222218;m3/s;2138,6528408333334;kW;750,3332952777778;rpm;-556,5820966666666;KVar;90,01121001808333;%;0,08565066647141668;Mill.m3;80,64089402134223;l/s;2,5556377112722224;m3/s;624355,5010102084;t;72,9751438668593;%;2,1428570750000002;None;92,77910016108487;mKVs;0;None;16,69606611661111;mm;0;m3/s;94,08795805555556;bar;2211,2425927777776;KVa;-32,16188218794444;cm;57,10044638158333;%;31,95409489306753;cm
2026-01-23 20:00:00.000;150,87125564841776;moh;50,00583243586263;Hz;0,986257192377844;None;1,2364736649694448;m3/s;948,63416;kW;750,1242933333333;rpm;-157,3943663888889;KVar;85,62453428919444;%;0,08415403384730555;Mill.m3;80,52542604350002;l/s;1,1551911221694446;m3/s;624356,501033316;t;36,39869062762098;%;0,9217683894411112;None;97,28745085299033;mKVs;0;None;17,10764016038889;mm;0;m3/s;92,34241916666667;bar;960,2933177777778;KVa;-32,88462745033333;cm;56,10269065516667;%;31,92090383832462;cm
2026-01-23 21:00:00.000;150,87088232758526;moh;49,99704873354022;Hz;0,9916833890277795;None;0,8291342445494446;m3/s;618,1775752777778;kW;750,0000336111111;rpm;-79,49820027777778;KVar;78,70631779702778;%;0,08421541634516663;Mill.m3;80,57456975151658;l/s;0,7485210213430556;m3/s;624357,5010427604;t;26,982639340774753;%;0,6130953622024999;None;97,84288151413124;mKVs;0;None;17,090759914416665;mm;0;m3/s;93,78933166666667;bar;624,5618861111111;KVa;-32,90231916716667;cm;56,14361268119445;%;31,929094508337933;cm
2026-01-23 22:00:00.000;150,86998152939594;moh;49,94569430215043;Hz;0,9528834648300073;None;0,8108154195902777;m3/s;599,4465427777777;kW;749,3243938888888;rpm;-165,3159036111111;KVar;78,34972663525;%;0,0840527750346111;Mill.m3;80,29139030522093;l/s;0,7305254174511111;m3/s;624358,5010538369;t;26,89999962;%;0,603741620198611;None;97,86690559082584;mKVs;0;None;17,13548639077778;mm;0;m3/s;93,84018444444445;bar;624,4742261111111;KVa;-33,00807529177778;cm;56,035184691805554;%;31,883333845545845;cm
2026-01-23 23:00:00.000;150,87485316811149;moh;0,9946584501044278;Hz;0;None;0,08237940861438889;m3/s;0;kW;31,22074222222222;rpm;0;KVar;0,21785714891666666;%;0,0850779290816111;Mill.m3;80,33893615159177;l/s;0,002039682533888889;m3/s;624359,2609409896;t;26,89999962;%;0;None;98,45161111625248;mKVs;0;None;16,85356924325;mm;0;m3/s;93,99662111111111;bar;0;KVa;-32,508833144444445;cm;56,71862000283333;%;31,88333444833692;cm
2026-01-24 00:00:00.000;150,89092005325318;moh;0;Hz;0;None;0,08098833639611111;m3/s;0;kW;0;rpm;0;KVar;0;%;0,08817169057841666;Mill.m3;80,98816171393985;l/s;0;m3/s;624359,3125;t;26,89999962;%;0;None;98,49253264203011;mKVs;0;None;16,00278472922222;mm;0;m3/s;93,40602611111112;bar;0;KVa;-30,928874545611112;cm;58,781127971694445;%;31,987561409901495;cm
2026-01-24 01:00:00.000;150,90388251915002;moh;0;Hz;0;None;0,081150834947;m3/s;0;kW;0;rpm;0;KVar;0;%;0,09075033335688888;Mill.m3;81,1630419297204;l/s;0;m3/s;624359,3125;t;26,89999962;%;0;None;98,512439809668;mKVs;0;None;15,293658150027778;mm;0;m3/s;93,506785;bar;0;KVa;-29,620369804611112;cm;60,50022268316667;%;32,01666815946989;cm
2026-01-24 02:00:00.000;150,9114550157824;moh;0;Hz;0;None;0,08162500399111111;m3/s;0;kW;0;rpm;0;KVar;0;%;0,09246020056405553;Mill.m3;81,62668040636835;l/s;0;m3/s;624359,3125;t;26,89999962;%;0;None;98,52077818125565;mKVs;0;None;14,82344500063889;mm;0;m3/s;93,30814083333334;bar;0;KVa;-28,852467006055555;cm;61,640133221388886;%;32,0875640051698;cm
2026-01-24 03:00:00.000;150,91586090248282;moh;0;Hz;0;None;0,08152611375852778;m3/s;0;kW;0;rpm;0;KVar;0;%;0,09321350921036115;Mill.m3;81,5214480201762;l/s;0;m3/s;624359,3125;t;26,89999962;%;0;None;98,50422840752661;mKVs;0;None;14,616284899972221;mm;0;m3/s;93,77077305555555;bar;0;KVa;-28,412988451305555;cm;62,14233915588889;%;32,083335216117675;cm
2026-01-24 04:00:00.000;150,9202612678874;moh;0;Hz;0;None;0,0818075030227778;m3/s;0;kW;0;rpm;0;KVar;0;%;0,09428139426336113;Mill.m3;81,80601347113924;l/s;0;m3/s;624359,3125;t;26,89999962;%;0;None;98,50422465758399;mKVs;0;None;14,322616151111111;mm;0;m3/s;93,59564861111112;bar;0;KVa;-27,952897814361112;cm;62,85426373930556;%;32,11668096649536;cm
2026-01-24 05:00:00.000;150,92281789229145;moh;0;Hz;0;None;0,08179361420916667;m3/s;0;kW;0;rpm;0;KVar;0;%;0,09445798223294442;Mill.m3;81,79166987142581;l/s;0;m3/s;624359,3125;t;26,89999962;%;0;None;98,51244389293888;mKVs;0;None;14,274054843472221;mm;0;m3/s;93,40178027777777;bar;0;KVa;-27,715504962361113;cm;62,97198797836111;%;32,11666818891309;cm
2026-01-24 06:00:00.000;150,92429113012636;moh;0;Hz;0;None;0,08191889193444447;m3/s;0;kW;0;rpm;0;KVar;0;%;0,09481429143152775;Mill.m3;81,91702384712477;l/s;0;m3/s;624359,3125;t;26,89999962;%;0;None;98,50833059476217;mKVs;0;None;14,176069681388888;mm;0;m3/s;93,88365694444444;bar;0;KVa;-27,5848219135;cm;63,20952847647222;%;32,13755285435646;cm
2026-01-24 07:00:00.000;150,92459622535614;moh;0;Hz;0;None;0,08204555776444446;m3/s;0;kW;0;rpm;0;KVar;0;%;0,09492451027236114;Mill.m3;82,04033903127895;l/s;0;m3/s;624359,3125;t;26,89999962;%;0;None;98,54166833468695;mKVs;0;None;14,145759368611111;mm;0;m3/s;93,39710111111111;bar;0;KVa;-27,543877494166665;cm;63,28300758705556;%;32,16244583459915;cm
2026-01-24 08:00:00.000;150,9256714750636;moh;0;Hz;0;None;0,08197722476444445;m3/s;0;kW;0;rpm;0;KVar;0;%;0,09511535625177778;Mill.m3;81,98062600754278;l/s;0;m3/s;624359,3125;t;26,89999962;%;0;None;98,48333197641347;mKVs;0;None;14,093276978416666;mm;0;m3/s;93,57445083333333;bar;0;KVa;-27,43341234013889;cm;63,41023767191667;%;32,154223488180754;cm
2026-01-24 09:00:00.000;150,9251807302632;moh;0;Hz;0;None;0,08198472485041666;m3/s;0;kW;0;rpm;0;KVar;0;%;0,09504354643802779;Mill.m3;81,9821295706108;l/s;0;m3/s;624359,3125;t;26,89999962;%;0;None;98,5250023652582;mKVs;0;None;14,113024605027778;mm;0;m3/s;92,7288975;bar;0;KVa;-27,480485705055557;cm;63,362364736416666;%;32,14578400619569;cm
2026-01-24 10:00:00.000;150,92615146042016;moh;0;Hz;0;None;0,08204055759638891;m3/s;0;kW;0;rpm;0;KVar;0;%;0,09543814607536111;Mill.m3;82,0411194663018;l/s;0;m3/s;624359,3125;t;26,89999962;%;0;None;98,51254364141268;mKVs;0;None;14,004509395972223;mm;0;m3/s;93,87901083333334;bar;0;KVa;-27,38369835672222;cm;63,62543149630555;%;32,17088451104098;cm
2026-01-24 11:00:00.000;150,94226972139577;moh;0;Hz;0;None;0,08267222059125001;m3/s;0;kW;0;rpm;0;KVar;0;%;0,09840324255444445;Mill.m3;82,67610972096774;l/s;0;m3/s;624359,3125;t;26,89999962;%;0;None;98,57912431494266;mKVs;0;None;13,189107895888888;mm;0;m3/s;93,80142916666667;bar;0;KVa;-25,79116397302778;cm;65,60216286033334;%;32,254205519408465;cm
2026-01-24 12:00:00.000;150,96877689420722;moh;0;Hz;0;None;0,08365388881183335;m3/s;0;kW;0;rpm;0;KVar;0;%;0,10368403122558334;Mill.m3;83,65756608664;l/s;0;m3/s;624359,3125;t;26,89999962;%;0;None;98,53341144900375;mKVs;0;None;11,736891431027777;mm;0;m3/s;93,15697027777777;bar;0;KVa;-23,13435872411111;cm;69,12268698052777;%;32,39595497333259;cm
2026-01-24 13:00:00.000;150,994285903651;moh;0;Hz;0;None;0,08477000064444445;m3/s;0;kW;0;rpm;0;KVar;0;%;0,1088480025713889;Mill.m3;84,77184177453591;l/s;0;m3/s;624359,3125;t;26,89999962;%;0;None;98,54579364250624;mKVs;0;None;10,321119733438888;mm;0;m3/s;93,3514025;bar;0;KVa;-20,59047699;cm;72,56533595311112;%;32,57920480701315;cm
2026-01-24 14:00:00.000;151,01018674118077;moh;0;Hz;0;None;0,08537971940319444;m3/s;0;kW;0;rpm;0;KVar;0;%;0,11200288465083336;Mill.m3;85,38112133599435;l/s;0;m3/s;624359,3125;t;26,89999962;%;0;None;98,57920838715059;mKVs;0;None;9,499486923366666;mm;0;m3/s;93,55079722222223;bar;0;KVa;-18,984942965583333;cm;74,66859143563889;%;32,66666643668962;cm
2026-01-24 15:00:00.000;151,01870674827825;moh;4,619354429460481;Hz;0,05553005034266741;None;0,13412001470652776;m3/s;60,644154444444446;kW;78,27256138888889;rpm;-6,0788425;KVar;3,562863074388889;%;0,11382712332694443;Mill.m3;85,57057040419882;l/s;0,04854723985277778;m3/s;624359,3214763888;t;27,415192867316577;%;0;None;98,4551350402786;mKVs;0;None;9,043218824616668;mm;0;m3/s;93,72548944444445;bar;64,21613722222222;KVa;-18,11949835925;cm;75,88474958205556;%;32,69579679654385;cm
2026-01-24 16:00:00.000;150,99864015078052;moh;50,01665827181539;Hz;0,9683212900378536;None;2,3953938120222222;m3/s;1928,7597894444446;kW;750,2079513888889;rpm;-500,5002455555556;KVar;92,85342256797222;%;0,10978225696222221;Mill.m3;85,08040314376338;l/s;2,3110197045083334;m3/s;624359,9248275522;t;64,08660827996876;%;1,933390527066667;None;94,07552147893236;mKVs;0;None;10,083008872922223;mm;0;m3/s;93,53111416666667;bar;1991,3436455555557;KVa;-20,125278896694443;cm;73,18817115422222;%;32,633331406033506;cm
2026-01-24 17:00:00.000;150,9592493727196;moh;50,025432305902534;Hz;0,9712530039207266;None;2,406280668530555;m3/s;1935,7880952777778;kW;750,3753236111111;rpm;-487,6934997222222;KVar;92,81409742511111;%;0,10192340300483332;Mill.m3;83,67426018861335;l/s;2,3228852782388887;m3/s;624360,9248470314;t;64,3918701374792;%;1,938776016;None;94,01380066545036;mKVs;0;None;12,2210638265;mm;0;m3/s;93,99353055555555;bar;1996,263113888889;KVa;-24,06190660272222;cm;67,94893603916667;%;32,39573156933001;cm
2026-01-24 18:00:00.000;150,91649135702949;moh;50,01858188237078;Hz;0,9799999595;None;2,4070306990777777;m3/s;1936,8988308333332;kW;750,3942122222222;rpm;-418,03991333333335;KVar;92,80144882233333;%;0,09339864936894443;Mill.m3;82,24000014049386;l/s;2,324782766241667;m3/s;624361,9236797222;t;64,4710109363619;%;1,938776016;None;93,98871782780135;mKVs;0;None;14,565371406305555;mm;0;m3/s;93,84003777777778;bar;1980,3374394444445;KVa;-28,335389032666665;cm;62,265766069305556;%;32,20826771892688;cm
2026-01-24 19:00:00.000;150,87980552464774;moh;50,01208495821961;Hz;0,9792859685104331;None;2,290179960519444;m3/s;1832,6965544444445;kW;750,1667083333333;rpm;-376,16939472222225;KVar;93,56792752966666;%;0,08602270208666668;Mill.m3;81,03045221196196;l/s;2,2087950097416664;m3/s;624362,9248898091;t;61,32796335894995;%;1,8228461234305555;None;94,467495633955;mKVs;0;None;16,59375656988889;mm;0;m3/s;93,65594027777777;bar;1870,8398008333334;KVa;-32,013914320527775;cm;57,34846892838889;%;31,999934717606283;cm
2026-01-24 20:00:00.000;150,86274734515604;moh;49,99623249326703;Hz;0,9975064899759113;None;1,0919986791305556;m3/s;835,0211491666666;kW;750,00001;rpm;-73,50718111111111;KVar;84,03414084016667;%;0,08260833651994445;Mill.m3;80,40636667986192;l/s;1,0115354756413888;m3/s;624363,9248832464;t;33,07219927279095;%;0,8163269758;None;97,40519063437866;mKVs;0;None;17,532707215833334;mm;0;m3/s;93,7737238888889;bar;834,6607758333333;KVa;-33,716117010611114;cm;55,07222522013889;%;31,904133909935386;cm
2026-01-24 21:00:00.000;150,85878317207053;moh;49,986666082448394;Hz;0,9991666819362085;None;0,8231596478213888;m3/s;614,24894;kW;750;rpm;21,231624444444446;KVar;78,61017358552778;%;0,08172161419777778;Mill.m3;80,06926753525958;l/s;0,7429466921252779;m3/s;624364,924931684;t;26,807905371287212;%;0,6128119176125;None;97,79902457413566;mKVs;0;None;17,776555805694443;mm;0;m3/s;94,31444083333334;bar;615,1547416666667;KVa;-34,120546976777774;cm;54,48107682213889;%;31,845867831704577;cm
2026-01-24 22:00:00.000;150,86690054994776;moh;1,7564296986988945;Hz;0,006686288847324028;None;0,09425022889633333;m3/s;2,764807777777778;kW;43,001065833333335;rpm;0,19078583333333332;KVar;1,5186561796388889;%;0,08331642844122224;Mill.m3;80,27520317907042;l/s;0,013975225057499999;m3/s;624365,7346844792;t;26,60000038;%;0,0017006806202777777;None;98,45310378784356;mKVs;0;None;17,33798175561111;mm;0;m3/s;93,62153638888888;bar;2,973832222222222;KVa;-33,31763373475;cm;55,54428705572222;%;31,879200238091755;cm
2026-01-24 23:00:00.000;150,87567043689302;moh;0;Hz;0;None;0,08055000379499999;m3/s;0;kW;0;rpm;0;KVar;0;%;0,08511360933363889;Mill.m3;80,54997998088731;l/s;0;m3/s;624365,8125;t;26,60000038;%;0;None;98,41247631010268;mKVs;0;None;16,84375720597222;mm;0;m3/s;93,5330063888889;bar;0;KVa;-32,436519198527776;cm;56,74240719413889;%;31,924996187208816;cm
2026-01-25 00:00:00.000;150,88251059599224;moh;0;Hz;0;None;0,08086472366883334;m3/s;0;kW;0;rpm;0;KVar;0;%;0,0865177552521111;Mill.m3;80,86525829609613;l/s;0;m3/s;624365,8125;t;26,60000038;%;0;None;98,41252753071277;mKVs;0;None;16,457616594833333;mm;0;m3/s;93,55094777777778;bar;0;KVa;-31,749445597972223;cm;57,67850579038889;%;31,98333963113528;cm
2026-01-25 01:00:00.000;150,88695542204903;moh;0;Hz;0;None;0,0807750020175;m3/s;0;kW;0;rpm;0;KVar;0;%;0,08738826192330555;Mill.m3;80,77485590745223;l/s;0;m3/s;624365,8125;t;26,60000038;%;0;None;98,46666775915786;mKVs;0;None;16,218227596861112;mm;0;m3/s;93,88182222222223;bar;0;KVa;-31,305029128305556;cm;58,25884249980555;%;31,96247574629727;cm
2026-01-25 02:00:00.000;150,88942806525898;moh;0;Hz;0;None;0,08087333457399999;m3/s;0;kW;0;rpm;0;KVar;0;%;0,08784014150077776;Mill.m3;80,87511381846058;l/s;0;m3/s;624365,8125;t;26,60000038;%;0;None;98,4291925817034;mKVs;0;None;16,093960444944443;mm;0;m3/s;93,43517138888889;bar;0;KVa;-31,0590786415;cm;58,560095956472225;%;31,979185504238554;cm
2026-01-25 03:00:00.000;150,89209835809126;moh;0;Hz;0;None;0,08097111235166667;m3/s;0;kW;0;rpm;0;KVar;0;%;0,08843264140938888;Mill.m3;80,96992799374154;l/s;0;m3/s;624365,8125;t;26,60000038;%;0;None;98,42168358556358;mKVs;0;None;15,931023280083334;mm;0;m3/s;93,31605055555555;bar;0;KVa;-30,786179438;cm;58,95509497416667;%;31,991667329447083;cm
2026-01-25 04:00:00.000;150,89392530878672;moh;0;Hz;0;None;0,08108944557766666;m3/s;0;kW;0;rpm;0;KVar;0;%;0,08877613387172223;Mill.m3;81,09025937570965;l/s;0;m3/s;624365,8125;t;26,60000038;%;0;None;98,35832774678462;mKVs;0;None;15,83656289888889;mm;0;m3/s;93,447175;bar;0;KVa;-30,616641574527776;cm;59,18409023372222;%;32,00418015127883;cm
2026-01-25 05:00:00.000;150,8958602866805;moh;0;Hz;0;None;0,08125361318166667;m3/s;0;kW;0;rpm;0;KVar;0;%;0,08919564011622223;Mill.m3;81,25126975133657;l/s;0;m3/s;624365,8125;t;26,60000038;%;0;None;98,4000047782838;mKVs;0;None;15,72119861075;mm;0;m3/s;93,40912583333333;bar;0;KVa;-30,409397550166666;cm;59,463760685666664;%;32,029151778671554;cm
2026-01-25 06:00:00.000;150,89650804805976;moh;0;Hz;0;None;0,08116305795533334;m3/s;0;kW;0;rpm;0;KVar;0;%;0,0893891812826111;Mill.m3;81,16897487950025;l/s;0;m3/s;624365,8125;t;26,60000038;%;0;None;98,38749557953736;mKVs;0;None;15,66797489588889;mm;0;m3/s;90,69484722222222;bar;0;KVa;-30,346268548972223;cm;59,592787660055556;%;32,01666954839058;cm
2026-01-25 07:00:00.000;150,89613948879398;moh;0;Hz;0;None;0,08092888991133333;m3/s;0;kW;0;rpm;0;KVar;0;%;0,08918736622705556;Mill.m3;80,92938125810338;l/s;0;m3/s;624365,8125;t;26,60000038;%;0;None;98,38751296816244;mKVs;0;None;15,723473866361111;mm;0;m3/s;93,11919083333333;bar;0;KVa;-30,396037631944445;cm;59,458244994055555;%;31,991666107220215;cm
2026-01-25 08:00:00.000;150,89683862110653;moh;0;Hz;0;None;0,08057667025099999;m3/s;0;kW;0;rpm;0;KVar;0;%;0,08939333518825;Mill.m3;80,57498008380355;l/s;0;m3/s;624365,8125;t;26,60000038;%;0;None;98,40000536160827;mKVs;0;None;15,666832605055555;mm;0;m3/s;93,50380111111112;bar;0;KVa;-30,316111247277778;cm;59,595557299666666;%;31,9291628974867;cm
2026-01-25 09:00:00.000;150,89498795634498;moh;0;Hz;0;None;0,08050000418999999;m3/s;0;kW;0;rpm;0;KVar;0;%;0,08898633225816667;Mill.m3;80,50000677498598;l/s;0;m3/s;624365,8125;t;26,60000038;%;0;None;98,43749692645008;mKVs;0;None;15,778758366777778;mm;0;m3/s;93,04799333333334;bar;0;KVa;-30,50155639836111;cm;59,32422153777778;%;31,916667266670153;cm
2026-01-25 10:00:00.000;150,89465559348153;moh;0;Hz;0;None;0,08062333654899999;m3/s;0;kW;0;rpm;0;KVar;0;%;0,08900412575675;Mill.m3;80,6250117895557;l/s;0;m3/s;624365,8125;t;26,60000038;%;0;None;98,39584084074353;mKVs;0;None;15,77386516838889;mm;0;m3/s;93,79887083333334;bar;0;KVa;-30,534621344555557;cm;59,336084579638886;%;31,93750156806242;cm
2026-01-25 11:00:00.000;150,89378709904952;moh;0;Hz;0;None;0,08057667025099999;m3/s;0;kW;0;rpm;0;KVar;0;%;0,08872057470580555;Mill.m3;80,57496991716282;l/s;0;m3/s;624365,8125;t;26,60000038;%;0;None;98,38749827352454;mKVs;0;None;15,851841607805556;mm;0;m3/s;93,345695;bar;0;KVa;-30,62138451513889;cm;59,14705082686111;%;31,929161203035815;cm
2026-01-25 12:00:00.000;150,89445470784727;moh;0;Hz;0;None;0,0807716687105;m3/s;0;kW;0;rpm;0;KVar;0;%;0,0888205280316389;Mill.m3;80,77501524037926;l/s;0;m3/s;624365,8125;t;26,60000038;%;0;None;98,45000368078892;mKVs;0;None;15,824354383777777;mm;0;m3/s;93,42392833333334;bar;0;KVa;-30,554699369305556;cm;59,21368613930556;%;31,962502301953734;cm
2026-01-25 13:00:00.000;150,8912221294915;moh;0;Hz;0;None;0,08104389098883333;m3/s;0;kW;0;rpm;0;KVar;0;%;0,08824267749511112;Mill.m3;81,0422222545282;l/s;0;m3/s;624365,8125;t;26,60000038;%;0;None;98,45416550683404;mKVs;0;None;15,983263227555556;mm;0;m3/s;93,61059055555556;bar;0;KVa;-30,88002946725;cm;58,828452949;%;31,991666801667304;cm
2026-01-25 14:00:00.000;150,89126605805103;moh;0;Hz;0;None;0,0810033347055;m3/s;0;kW;0;rpm;0;KVar;0;%;0,08822994563305557;Mill.m3;81,00103180628071;l/s;0;m3/s;624365,8125;t;26,60000038;%;0;None;98,41249947683401;mKVs;0;None;15,986764696;mm;0;m3/s;93,76206555555555;bar;0;KVa;-30,871700710888888;cm;58,819964452305555;%;31,987502698788784;cm
2026-01-25 15:00:00.000;150,89496137953026;moh;0;Hz;0;None;0,08103305782383333;m3/s;0;kW;0;rpm;0;KVar;0;%;0,08895511124233334;Mill.m3;81,03304066044817;l/s;0;m3/s;624365,8125;t;26,60000038;%;0;None;98,37916512407952;mKVs;0;None;15,787344191305555;mm;0;m3/s;93,15265777777778;bar;0;KVa;-30,506324767944445;cm;59,30340795516667;%;32,01666502050912;cm
2026-01-25 16:00:00.000;150,90763653104884;moh;0;Hz;0;None;0,08140833614;m3/s;0;kW;0;rpm;0;KVar;0;%;0,09150803372819445;Mill.m3;81,40832783827989;l/s;0;m3/s;624365,8125;t;26,60000038;%;0;None;98,40416487963273;mKVs;0;None;15,08529048425;mm;0;m3/s;93,65178444444444;bar;0;KVa;-29,23792945011111;cm;61,00535574055556;%;32,05833350247328;cm
2026-01-25 17:00:00.000;150,92524936478918;moh;0;Hz;0;None;0,0820583353026389;m3/s;0;kW;0;rpm;0;KVar;0;%;0,09499484580019445;Mill.m3;82,06147048693579;l/s;0;m3/s;624365,8125;t;26,60000038;%;0;None;98,45833024866806;mKVs;0;None;14,1264173715;mm;0;m3/s;93,54171666666667;bar;0;KVa;-27,479515076972223;cm;63,329897000833334;%;32,154163544653464;cm
2026-01-25 18:00:00.000;150,95159541212573;moh;0;Hz;0;None;0,0829755535965;m3/s;0;kW;0;rpm;0;KVar;0;%;0,10027451337877777;Mill.m3;82,97910351135484;l/s;0;m3/s;624365,8125;t;26,60000038;%;0;None;98,49999769447972;mKVs;0;None;12,674508624972223;mm;0;m3/s;93,84225166666667;bar;0;KVa;-24,84886169513889;cm;66,84967604822222;%;32,29999053377904;cm
2026-01-25 19:00:00.000;150,97981872558876;moh;0;Hz;0;None;0,08413611263725002;m3/s;0;kW;0;rpm;0;KVar;0;%;0,10588050844555555;Mill.m3;84,13832594588587;l/s;0;m3/s;624365,8125;t;26,60000038;%;0;None;98,51666655055344;mKVs;0;None;11,132860184416666;mm;0;m3/s;93,74001;bar;0;KVa;-22,02863905286111;cm;70,58700599613888;%;32,470824999698756;cm
2026-01-25 20:00:00.000;151,00592973439325;moh;0;Hz;0;None;0,08481444447402778;m3/s;0;kW;0;rpm;0;KVar;0;%;0,11111869785194446;Mill.m3;84,81436561317335;l/s;0;m3/s;624365,8125;t;26,60000038;%;0;None;98,52717483421868;mKVs;0;None;9,72526105253889;mm;0;m3/s;93,66982305555555;bar;0;KVa;-19,41507975302778;cm;74,07913246241667;%;32,5791598127182;cm
2026-01-25 21:00:00.000;151,0258027436035;moh;0;Hz;0;None;0,08551749702997222;m3/s;0;kW;0;rpm;0;KVar;0;%;0,11511713558916667;Mill.m3;85,52348159994746;l/s;0;m3/s;624365,8125;t;26,60000038;%;0;None;98,5166631617164;mKVs;0;None;8,720715840819445;mm;0;m3/s;93,87483833333333;bar;0;KVa;-17,42615170022222;cm;76,74475760891667;%;32,6749776582285;cm
2026-01-25 22:00:00.000;151,0404433757718;moh;0;Hz;0;None;0,08579833284177776;m3/s;0;kW;0;rpm;0;KVar;0;%;0,11804616204444443;Mill.m3;85,79998200647829;l/s;0;m3/s;624365,8125;t;26,60000038;%;0;None;98,54999326063762;mKVs;0;None;7,988459269122223;mm;0;m3/s;94,05236166666667;bar;0;KVa;-15,96220228475;cm;78,69744152580556;%;32,7333305033802;cm
2026-01-25 23:00:00.000;151,05501491727833;moh;0;Hz;0;None;0,08646111596011112;m3/s;0;kW;0;rpm;0;KVar;0;%;0,120970424145;Mill.m3;86,46428871412189;l/s;0;m3/s;624365,8125;t;26,60000038;%;0;None;98,55833491301773;mKVs;0;None;7,257393730833333;mm;0;m3/s;92,441305;bar;0;KVa;-14,505894979333334;cm;80,64694949344444;%;32,82915201869445;cm
2026-01-26 00:00:00.000;151,0775476908525;moh;0;Hz;0;None;0,08701305769972224;m3/s;0;kW;0;rpm;0;KVar;0;%;0,12547064019166665;Mill.m3;87,01651181064295;l/s;0;m3/s;624365,8125;t;26,60000038;%;0;None;98,6041489667498;mKVs;0;None;6,132339901663888;mm;0;m3/s;93,98153638888888;bar;0;KVa;-12,252727085083333;cm;83,64709466266666;%;32,92080958741869;cm
2026-01-26 01:00:00.000;151,09353783020276;moh;0;Hz;0;None;0,08754444370666666;m3/s;0;kW;0;rpm;0;KVar;0;%;0,12868317406361113;Mill.m3;87,54890938961465;l/s;0;m3/s;624365,8125;t;26,60000038;%;0;None;98,60824009012386;mKVs;0;None;5,329206254863889;mm;0;m3/s;93,71510333333333;bar;0;KVa;-10,652020773561112;cm;85,78878324347222;%;33,016677770801095;cm
2026-01-26 02:00:00.000;151,10281865434877;moh;0;Hz;0;None;0,08779166701;m3/s;0;kW;0;rpm;0;KVar;0;%;0,1305597524466667;Mill.m3;87,79170046409753;l/s;0;m3/s;624365,8125;t;26,60000038;%;0;None;98,62085229727508;mKVs;0;None;4,860062069411111;mm;0;m3/s;92,82079916666666;bar;0;KVa;-9,719577365680555;cm;87,03983561383333;%;33,041672176493215;cm
2026-01-26 03:00:00.000;151,10849633629573;moh;0;Hz;0;None;0,08793555680333334;m3/s;0;kW;0;rpm;0;KVar;0;%;0,13167989028861113;Mill.m3;87,93735450041818;l/s;0;m3/s;624365,8125;t;26,60000038;%;0;None;98,62500616454345;mKVs;0;None;4,580027262280555;mm;0;m3/s;90,50562083333334;bar;0;KVa;-9,156167772125;cm;87,7865940293889;%;33,062480236320205;cm
2026-01-26 04:00:00.000;151,1128775758405;moh;0;Hz;0;None;0,08814166858916665;m3/s;0;kW;0;rpm;0;KVar;0;%;0,13253351794166668;Mill.m3;88,14166750708559;l/s;0;m3/s;624365,8125;t;26,60000038;%;0;None;98,59580623714699;mKVs;0;None;4,366620381666666;mm;0;m3/s;89,9934988888889;bar;0;KVa;-8,714341057580556;cm;88,35567842966667;%;33,09166805868179;cm
2026-01-26 05:00:00.000;151,11427039199475;moh;0;Hz;0;None;0,08822916942888889;m3/s;0;kW;0;rpm;0;KVar;0;%;0,13274780577055556;Mill.m3;88,23471101211177;l/s;0;m3/s;624365,8125;t;26,60000038;%;0;None;98,64749319610331;mKVs;0;None;4,31304931635;mm;0;m3/s;91,59138027777777;bar;0;KVa;-8,575269911052777;cm;88,49853481894445;%;33,104960297474655;cm
2026-01-26 06:00:00.000;151,1154452631073;moh;4,607693642352094;Hz;0,04534236623116533;None;0,11629253849355554;m3/s;35,311638611111114;kW;78,05701472222222;rpm;5,112871666666667;KVar;3,214426464611111;%;0,1331120492705556;Mill.m3;88,46259871361264;l/s;0,027826148269444444;m3/s;624365,8149142014;t;26,502359245707837;%;0;None;98,56841326011534;mKVs;0;None;4,221988254088889;mm;0;m3/s;89,46832388888889;bar;40,08686194444444;KVa;-8,452589247175;cm;88,74136433177777;%;33,13751532715286;cm
2026-01-26 07:00:00.000;151,09898946504424;moh;49,986665133081516;Hz;0,9909838516153887;None;1,7302443736305555;m3/s;1371,2826380555555;kW;749,9166461111112;rpm;-180,7220086111111;KVar;90,89898738855555;%;0,1298506154177778;Mill.m3;88,28776541009334;l/s;1,6419801123111115;m3/s;624366,3748592014;t;47,58983712307558;%;1,3711805555555556;None;96,28826299387701;mKVs;0;None;5,037345886205555;mm;0;m3/s;93,9356575;bar;1382,1918777777778;KVa;-10,09080674935;cm;86,56707776402777;%;33,11253930143541;cm
2026-01-26 08:00:00.000;151,06091500962563;moh;49,985823173386265;Hz;0,9904202270055777;None;2,3147115289583335;m3/s;1861,070591388889;kW;749,7499805555556;rpm;-250,7417;KVar;93,25575813722222;%;0,12227543329972222;Mill.m3;87,00083307624641;l/s;2,2277117665777784;m3/s;624367,3748959028;t;61,709037097899824;%;1,8736111111111111;None;94,39552161349829;mKVs;0;None;6,931141747475;mm;0;m3/s;94,22016527777778;bar;1878,1388997222223;KVa;-13,890601263583333;cm;81,51695490963888;%;32,92508025588056;cm
2026-01-26 09:00:00.000;151,02053149667927;moh;48,32544983435795;Hz;0,9296514406828749;None;2,1772191236637495;m3/s;1743,7988686111112;kW;729,0398069444444;rpm;-213,3120561111111;KVar;88,59226438783334;%;0,11414747410805555;Mill.m3;85,59225016550214;l/s;2,085379717724443;m3/s;624368,3730688888;t;62,55840404961892;%;1,875;None;94,73280276189084;mKVs;0;None;8,963590622141668;mm;0;m3/s;93,29277194444444;bar;1757,7349577777777;KVa;-17,93626997138889;cm;76,09831706019445;%;32,70306571602609;cm
2026-01-26 10:00:00.000;151,0092479256735;moh;0,13810858820264443;Hz;0;None;0,08474805473041667;m3/s;0;kW;40,03602583333333;rpm;0;KVar;0;%;0,11171525676333334;Mill.m3;84,97440869312476;l/s;0;m3/s;624369,1384225867;t;62,79999924;%;1,937083379733333;None;98,67242289422002;mKVs;0;None;9,572992749188888;mm;0;m3/s;93,21835361111111;bar;0;KVa;-19,072617426;cm;74,47683779344445;%;32,61553539771122;cm
2026-01-26 11:00:00.000;151,02235412040804;moh;0;Hz;0;None;0,08509999853027776;m3/s;0;kW;0;rpm;0;KVar;0;%;0,11448341279472221;Mill.m3;85,10276665433463;l/s;0;m3/s;624369,1875;t;62,79999924;%;1,950000048;None;98,69315349477189;mKVs;0;None;8,879146576069447;mm;0;m3/s;81,80008916666667;bar;0;KVa;-17,77163611402778;cm;76,32227681319445;%;32,62500457412587;cm
2026-01-26 12:00:00.000;151,04163589778756;moh;0;Hz;0;None;0,08562249690358333;m3/s;0;kW;0;rpm;0;KVar;0;%;0,1182783679513889;Mill.m3;85,63066237817273;l/s;0;m3/s;624369,1875;t;62,79999924;%;1,950000048;None;98,62666080314646;mKVs;0;None;7,9304080538861115;mm;0;m3/s;73,07264888888889;bar;0;KVa;-15,850262113083334;cm;78,85224564819444;%;32,7053590398127;cm
2026-01-26 13:00:00.000;151,05459738338126;moh;0;Hz;0;None;0,08617278196977775;m3/s;0;kW;0;rpm;0;KVar;0;%;0,12090135282277778;Mill.m3;86,17550552635186;l/s;0;m3/s;624369,1875;t;62,79999924;%;1,950000048;None;98,65833102958311;mKVs;0;None;7,274661593972222;mm;0;m3/s;67,15773416666667;bar;0;KVa;-14,548233880166666;cm;80,60090213402778;%;32,799998446374026;cm
2026-01-26 14:00:00.000;151,0627691530273;moh;0;Hz;0;None;0,08659472680672221;m3/s;0;kW;0;rpm;0;KVar;0;%;0,1225447405008333;Mill.m3;86,59788381859798;l/s;0;m3/s;624369,1875;t;62,79999924;%;1,950000048;None;98,6416756481539;mKVs;0;None;6,863814459908333;mm;0;m3/s;6,658525833333333;bar;0;KVa;-13,727628920611112;cm;81,69649509944445;%;32,856840680528066;cm
2026-01-26 15:00:00.000;151,06651443628678;moh;0;Hz;0;None;0,08688000299633333;m3/s;0;kW;0;rpm;0;KVar;0;%;0,12328036012305554;Mill.m3;86,88333703334214;l/s;0;m3/s;624369,1875;t;62,79999924;%;1,950000048;None;98,6583373653567;mKVs;0;None;6,679910024030556;mm;0;m3/s;0;bar;0;KVa;-13,352597553361111;cm;82,18690655986111;%;32,90000139328429;cm
2026-01-26 16:00:00.000;151,06856031076862;moh;0;Hz;0;None;0,0871883343055;m3/s;0;kW;0;rpm;0;KVar;0;%;0,1237156509825;Mill.m3;87,19101745457417;l/s;0;m3/s;624369,1875;t;62,79999924;%;1,950000048;None;98,62500126855723;mKVs;0;None;6,571087307336112;mm;0;m3/s;0;bar;0;KVa;-13,142174615388889;cm;82,47709865575;%;32,94850356568528;cm
2026-01-26 17:00:00.000;151,07113837237773;moh;0;Hz;0;None;0,087349999695;m3/s;0;kW;0;rpm;0;KVar;0;%;0,12422642933944446;Mill.m3;87,35000604915223;l/s;0;m3/s;624369,1875;t;62,79999924;%;1,950000048;None;98,6916709619631;mKVs;0;None;6,443392435866667;mm;0;m3/s;0;bar;0;KVa;-12,886784870972223;cm;82,81762093369444;%;32,97500132692999;cm
2026-01-26 18:00:00.000;151,07180325131804;moh;0;Hz;0;None;0,08705833533250001;m3/s;0;kW;0;rpm;0;KVar;0;%;0,12436350327361112;Mill.m3;87,05520580089477;l/s;0;m3/s;624369,1875;t;62,79999924;%;1,950000048;None;98,65896418140301;mKVs;0;None;6,4091237388;mm;0;m3/s;0;bar;0;KVa;-12,819353738527777;cm;82,90900505672222;%;32,92586857867254;cm
2026-01-26 19:00:00.000;151,07197112296754;moh;0;Hz;0;None;0,08720000087999999;m3/s;0;kW;0;rpm;0;KVar;0;%;0,12439300321444442;Mill.m3;87,20000643165223;l/s;0;m3/s;624369,1875;t;62,79999924;%;1,950000048;None;98,6750033858537;mKVs;0;None;6,401748657300001;mm;0;m3/s;0;bar;0;KVa;-12,803497313472223;cm;82,92867134755555;%;32,95000170942999;cm
2026-01-26 20:00:00.000;151,073003135337;moh;0;Hz;0;None;0,08725000048499999;m3/s;0;kW;0;rpm;0;KVar;0;%;0,1246011847722222;Mill.m3;87,25000080416625;l/s;0;m3/s;624369,1875;t;62,79999924;%;1,950000048;None;98,70983397119146;mKVs;0;None;6,349703470683333;mm;0;m3/s;0;bar;0;KVa;-12,699406939694445;cm;83,06745698513889;%;32,958333998610684;cm
2026-01-26 21:00:00.000;151,07313720031902;moh;0;Hz;0;None;0,0870383354905;m3/s;0;kW;0;rpm;0;KVar;0;%;0,1246267683802778;Mill.m3;87,04101567041303;l/s;0;m3/s;624369,1875;t;62,79999924;%;1,950000048;None;98,70683833843536;mKVs;0;None;6,343307495133333;mm;0;m3/s;0;bar;0;KVa;-12,687170240027777;cm;83,08451359933333;%;32,92350358707969;cm
2026-01-26 22:00:00.000;151,073228275057;moh;0;Hz;0;None;0,08720000088;m3/s;0;kW;0;rpm;0;KVar;0;%;0,12466120427361109;Mill.m3;87,19998893169685;l/s;0;m3/s;624369,1875;t;62,79999924;%;1,950000048;None;98,6916722674244;mKVs;0;None;6,334698995016668;mm;0;m3/s;0;bar;0;KVa;-12,6783159055;cm;83,10746832744445;%;32,94999879280795;cm
2026-01-26 23:00:00.000;151,0726654139582;moh;0;Hz;0;None;0,08703389146733333;m3/s;0;kW;0;rpm;0;KVar;0;%;0,12439445309888887;Mill.m3;87,02711171384387;l/s;0;m3/s;624369,1875;t;62,79999924;%;1,950000048;None;98,68033761050116;mKVs;0;None;6,401386261036113;mm;0;m3/s;0;bar;0;KVa;-12,738321091972223;cm;82,92963663669444;%;32,94316392516081;cm
2026-01-27 00:00:00.000;151,07266291106177;moh;0;Hz;0;None;0,08734333341200001;m3/s;0;kW;0;rpm;0;KVar;0;%;0,12452521479388891;Mill.m3;87,34656613054639;l/s;0;m3/s;624369,1875;t;62,79999924;%;1,950000048;None;98,71966797373977;mKVs;0;None;6,36869642473889;mm;0;m3/s;0;bar;0;KVa;-12,73515489288889;cm;83,01680889102778;%;32,98183397238892;cm
2026-01-27 01:00:00.000;151,0703237317888;moh;0;Hz;0;None;0,08745388947333331;m3/s;0;kW;0;rpm;0;KVar;0;%;0,12403634123583333;Mill.m3;87,45226366782589;l/s;0;m3/s;624369,1875;t;62,79999924;%;1,950000048;None;98,70833948255768;mKVs;0;None;6,490915086597222;mm;0;m3/s;0;bar;0;KVa;-12,971865334472222;cm;82,69089260019445;%;32,991668016370184;cm
2026-01-27 02:00:00.000;151,07023600512815;moh;0;Hz;0;None;0,08746305615033333;m3/s;0;kW;0;rpm;0;KVar;0;%;0,12406280516361112;Mill.m3;87,46578157624411;l/s;0;m3/s;624369,1875;t;62,79999924;%;1,950000048;None;98,70150834525658;mKVs;0;None;6,4842987061;mm;0;m3/s;0;bar;0;KVa;-12,975574068611111;cm;82,70853623188889;%;32,99166761250508;cm
2026-01-27 03:00:00.000;151,07001200589409;moh;0;Hz;0;None;0,08752389024433334;m3/s;0;kW;0;rpm;0;KVar;0;%;0,12402586348611111;Mill.m3;87,53322852878375;l/s;0;m3/s;624369,1875;t;62,79999924;%;1,950000048;None;98,71023972727826;mKVs;0;None;6,4935345121444445;mm;0;m3/s;0;bar;0;KVa;-13,001819185611112;cm;82,68390750833333;%;32,99999748499454;cm
2026-01-27 04:00:00.000;151,072109242042;moh;0;Hz;0;None;0,08753361120366666;m3/s;0;kW;0;rpm;0;KVar;0;%;0,12438195159583333;Mill.m3;87,52805956553686;l/s;0;m3/s;624369,1875;t;62,79999924;%;1,950000048;None;98,7015138988606;mKVs;0;None;6,404512193525;mm;0;m3/s;0;bar;0;KVa;-12,796546088027778;cm;82,92130020955555;%;33,00833430196225;cm
2026-01-27 05:00:00.000;151,0692621384022;moh;0;Hz;0;None;0,08728555713883333;m3/s;0;kW;0;rpm;0;KVar;0;%;0,12378489088194444;Mill.m3;87,28770580735758;l/s;0;m3/s;624369,1875;t;62,79999924;%;1,950000048;None;98,64849070823685;mKVs;0;None;6,553777058900001;mm;0;m3/s;0;bar;0;KVa;-13,071984185777778;cm;82,52326007408334;%;32,96666660609712;cm
2026-01-27 06:00:00.000;151,0700096193068;moh;0;Hz;0;None;0,087447500166;m3/s;0;kW;0;rpm;0;KVar;0;%;0,12404973235611111;Mill.m3;87,44246850626867;l/s;0;m3/s;624369,1875;t;62,79999924;%;1,950000048;None;98,65000263395807;mKVs;0;None;6,487566630066666;mm;0;m3/s;0;bar;0;KVa;-12,999000549388889;cm;82,69982168369444;%;32,99166601640079;cm
2026-01-27 07:00:00.000;151,06827413791888;moh;0;Hz;0;None;0,08761249985550001;m3/s;0;kW;0;rpm;0;KVar;0;%;0,12365233600111117;Mill.m3;87,61005814666345;l/s;0;m3/s;624369,1875;t;62,79999924;%;1,950000048;None;98,66666921;mKVs;0;None;6,586916181794445;mm;0;m3/s;0;bar;0;KVa;-13,172967698805556;cm;82,43488882019444;%;33;cm
2026-01-27 08:00:00.000;151,0711735990475;moh;0;Hz;0;None;0,08747361200866664;m3/s;0;kW;0;rpm;0;KVar;0;%;0,12415772353750001;Mill.m3;87,47007503885101;l/s;0;m3/s;624369,1875;t;62,79999924;%;1,950000048;None;98,76515702843015;mKVs;0;None;6,4605691698833345;mm;0;m3/s;0;bar;0;KVa;-12,88195292236111;cm;82,77181523627777;%;32,998486672593415;cm
2026-01-27 09:00:00.000;151,08345683732085;moh;11,045377973005277;Hz;0,17568742123005962;None;0,4084782031265278;m3/s;287,4460463888889;kW;174,25910222222223;rpm;-77,35720805555556;KVar;15,75120989486111;%;0,1267279635013889;Mill.m3;88,08331454188333;l/s;0,32150932666916665;m3/s;624369,2229305556;t;60,66307636552101;%;1,950000048;None;98,03931440461501;mKVs;0;None;5,818008846791665;mm;0;m3/s;31,46921083333333;bar;300,5094516666667;KVa;-11,65992736936111;cm;84,48530898683333;%;33,08333178441395;cm
2026-01-27 10:00:00.000;151,08170319279648;moh;25,735037465449306;Hz;0,4665876375291822;None;1,235728344472167;m3/s;935,6054186111111;kW;401,6479669444444;rpm;-280,7002352777778;KVar;46,336319184072224;%;0,12627507639166669;Mill.m3;88,45903766722485;l/s;1,147282795929;m3/s;624369,9108398785;t;64,66665566416103;%;1,950000048;None;96,56854386137229;mKVs;0;None;5,931231180977777;mm;0;m3/s;93,65902833333334;bar;976,2240738888889;KVa;-11,844719781055556;cm;84,18338421736111;%;33,13333627998215;cm
2026-01-27 11:00:00.000;151,1011489903385;moh;0;Hz;0;None;0,08888277945472221;m3/s;0;kW;0;rpm;0;KVar;0;%;0,13013314074638888;Mill.m3;88,88726569713127;l/s;0;m3/s;624370,1875;t;64,59999847;%;1,950000048;None;98,75000459571625;mKVs;0;None;4,966714646994444;mm;0;m3/s;93,57763444444444;bar;0;KVa;-9,882303874288889;cm;86,75542791177777;%;33,1901503568247;cm
2026-01-27 12:00:00.000;151,12736779163876;moh;0;Hz;0;None;0,08979750428527777;m3/s;0;kW;0;rpm;0;KVar;0;%;0,1355417461875;Mill.m3;89,79949642517666;l/s;0;m3/s;624370,1875;t;64,59999847;%;1,950000048;None;98,7651510554659;mKVs;0;None;3,614563412172222;mm;0;m3/s;93,44250138888889;bar;0;KVa;-7,272754245330556;cm;90,36116402927777;%;33,36382383005819;cm
2026-01-27 13:00:00.000;151,14558175377044;moh;0;Hz;0;None;0,09040417190930555;m3/s;0;kW;0;rpm;0;KVar;0;%;0,13911297917472223;Mill.m3;90,40625008153224;l/s;0;m3/s;624370,1875;t;64,59999847;%;1,950000048;None;98,74166855659519;mKVs;0;None;2,7217547099444444;mm;0;m3/s;92,71993277777777;bar;0;KVa;-5,448523627377778;cm;92,74198754761112;%;33,43028467515221;cm
2026-01-27 14:00:00.000;151,15917324514737;moh;0;Hz;0;None;0,09096611481583335;m3/s;0;kW;0;rpm;0;KVar;0;%;0,14177819122583335;Mill.m3;90,96575115515216;l/s;0;m3/s;624370,1875;t;64,59999847;%;1,950000048;None;98,77500148891863;mKVs;0;None;2,0554521347694443;mm;0;m3/s;93,16265333333334;bar;0;KVa;-4,090593126094445;cm;94,51879465361111;%;33,516666214980916;cm
2026-01-27 15:00:00.000;151,16977746671026;moh;0;Hz;0;None;0,09120916962277778;m3/s;0;kW;0;rpm;0;KVar;0;%;0,14392705275222223;Mill.m3;91,21994316253941;l/s;0;m3/s;624370,1875;t;64,59999847;%;1,950000048;None;98,79166967916905;mKVs;0;None;1,5182367960627783;mm;0;m3/s;93,16115;bar;0;KVa;-3,038363986502778;cm;95,95136761222223;%;33,540129391164236;cm
2026-01-27 16:00:00.000;151,18100566075628;moh;0;Hz;0;None;0,09185083705305554;m3/s;0;kW;0;rpm;0;KVar;0;%;0,14622965217527778;Mill.m3;91,8483062027176;l/s;0;m3/s;624370,1875;t;64,59999847;%;1,950000048;None;98,79166790225209;mKVs;0;None;0,942586263040278;mm;0;m3/s;92,90399111111111;bar;0;KVa;-1,9007237752583328;cm;97,48643673894445;%;33,61512022749052;cm
2026-01-27 17:00:00.000;151,19495828165023;moh;0;Hz;0;None;0,09203944812874999;m3/s;0;kW;0;rpm;0;KVar;0;%;0,1489439123152778;Mill.m3;92,04002004485389;l/s;0;m3/s;624370,1875;t;64,59999847;%;1,950000048;None;98,79166898556893;mKVs;0;None;0,32257673476755555;mm;0;m3/s;93,13130583333333;bar;0;KVa;-0,5211003622041391;cm;99,29594341180555;%;33,658335425267154;cm
2026-01-27 18:00:00.000;151,20820242497626;moh;32,107185899111535;Hz;0,5707383191578613;None;1,3135339933611387;m3/s;1038,4946497222222;kW;490,5226938888889;rpm;-292,2157261111111;KVar;53,667456987583336;%;0,15169005655749998;Mill.m3;92,55567125911993;l/s;1,2224507033749998;m3/s;624370,450757743;t;60,50483268079805;%;1,8710291465055555;None;96,55536581205575;mKVs;0;None;0,020129309760121113;mm;0;m3/s;93,97930777777778;bar;1081,656368611111;KVa;0,8194181654853746;cm;101,12670403069444;%;33,74845463460102;cm
2026-01-27 19:00:00.000;151,19895871884765;moh;34,80291944367671;Hz;0,5427309624579454;None;1,4784076255812222;m3/s;1122,4278452777778;kW;557,9899255555556;rpm;-289,62789638888887;KVar;52,28909700125;%;0,14976924493305557;Mill.m3;92,31703332348786;l/s;1,386173843753889;m3/s;624371,4102056772;t;68,42567351331638;%;2,142006735930556;None;95,96085799488618;mKVs;0;None;0,21101421781150997;mm;0;m3/s;93,93268166666667;bar;1162,2123794444444;KVa;-0,09258270260989603;cm;99,84616319983333;%;33,69321097515086;cm
2026-01-27 20:00:00.000;151,19668896453788;moh;47,384911839830636;Hz;0,8881521267599064;None;0,7194509906711668;m3/s;527,1672066666666;kW;719,6059866666667;rpm;-11,578323333333334;KVar;69,06663441180555;%;0,14926656267111113;Mill.m3;92,14120818113929;l/s;0,6273414706216667;m3/s;624372,4102164583;t;30,09386879529366;%;0,6164967234436111;None;98,3125802397223;mKVs;0;None;0,18834940593639887;mm;0;m3/s;93,97998416666667;bar;532,0350883333333;KVa;-0,33615112304171607;cm;99,51103969286112;%;33,674999753632356;cm
2026-01-27 21:00:00.000;151,17115853058792;moh;50,00476994497028;Hz;0,9614456719911633;None;2,586847426437778;m3/s;2101,6227405555555;kW;750,0760227777778;rpm;-602,6592436111112;KVar;89,95381236508334;%;0,14430623410638885;Mill.m3;91,26675851288839;l/s;2,495805894633334;m3/s;624373,4107270486;t;71,23843642319922;%;2,1386053748563896;None;93,12429906087574;mKVs;0;None;1,4234415689520552;mm;0;m3/s;93,73419694444445;bar;2186,537570277778;KVa;-2,862964206339889;cm;96,20415662244444;%;33,57158041458754;cm
2026-01-27 22:00:00.000;151,1526439903814;moh;13,39856381063693;Hz;0,23562069831167795;None;0,34583729678786107;m3/s;177,4517788888889;kW;216,85547777777776;rpm;-41,457660555555556;KVar;21,690187920472223;%;0,14054205927222224;Mill.m3;90,52678246497833;l/s;0,2553889714744444;m3/s;624374,3239400347;t;27,11565492250747;%;0,1459523863172222;None;98,55575806511752;mKVs;0;None;2,3644849988749987;mm;0;m3/s;93,74763722222222;bar;182,12063388888888;KVa;-4,757813347747225;cm;93,69470683205556;%;33,450009348202016;cm
2026-01-27 23:00:00.000;151,15593424032173;moh;0;Hz;0;None;0,09064917150402778;m3/s;0;kW;0;rpm;0;KVar;0;%;0,1410215863947223;Mill.m3;90,65002138588535;l/s;0;m3/s;624374,5;t;26,10000038;%;0;None;98,84322686672147;mKVs;0;None;2,244603898630555;mm;0;m3/s;93,44318861111111;bar;0;KVa;-4,407802157888888;cm;94,0143892288611;%;33,46666789887784;cm
2026-01-28 00:00:00.000;151,15955742706248;moh;0;Hz;0;None;0,09076972669986112;m3/s;0;kW;0;rpm;0;KVar;0;%;0,14190371137055555;Mill.m3;90,77247141816927;l/s;0;m3/s;624374,5;t;26,10000038;%;0;None;98,81511957204737;mKVs;0;None;2,024072011303333;mm;0;m3/s;93,47816083333333;bar;0;KVa;-4,0403535630833325;cm;94,60247516572223;%;33,48178193043137;cm
2026-01-28 01:00:00.000;151,15971361318904;moh;0;Hz;0;None;0,0906802826451389;m3/s;0;kW;0;rpm;0;KVar;0;%;0,14186247258166665;Mill.m3;90,67757574914513;l/s;0;m3/s;624374,5;t;26,10000038;%;0;None;98,78333694471743;mKVs;0;None;2,0343822902138884;mm;0;m3/s;93,25732194444444;bar;0;KVa;-4,035394456569445;cm;94,574980439;%;33,468225236161324;cm
2026-01-28 02:00:00.000;151,1603320846164;moh;0;Hz;0;None;0,09020389570777777;m3/s;0;kW;0;rpm;0;KVar;0;%;0,14195588274777776;Mill.m3;90,20226016813092;l/s;0;m3/s;624374,5;t;26,10000038;%;0;None;98,84843889793073;mKVs;0;None;2,0110299851027773;mm;0;m3/s;92,03396388888889;bar;0;KVa;-3,9778730602833328;cm;94,63725375994444;%;33,40000153;cm
2026-01-28 03:00:00.000;151,1606505126855;moh;0;Hz;0;None;0,09039056137486111;m3/s;0;kW;0;rpm;0;KVar;0;%;0,14208029766944447;Mill.m3;90,39309729194314;l/s;0;m3/s;624374,5;t;26,10000038;%;0;None;98,82657636996753;mKVs;0;None;1,9799253675472226;mm;0;m3/s;93,0923375;bar;0;KVa;-3,9422988891861115;cm;94,72019871580555;%;33,4250030919147;cm
2026-01-28 04:00:00.000;151,16239764666898;moh;0;Hz;0;None;0,0905655606951389;m3/s;0;kW;0;rpm;0;KVar;0;%;0,14241739194111114;Mill.m3;90,57004199768355;l/s;0;m3/s;624374,5;t;26,10000038;%;0;None;98,85833724580704;mKVs;0;None;1,8956523470888889;mm;0;m3/s;93,12356916666667;bar;0;KVa;-3,77541012223611;cm;94,94492698144444;%;33,45677974461336;cm
2026-01-28 05:00:00.000;151,16142227436006;moh;0;Hz;0;None;0,09076972669986112;m3/s;0;kW;0;rpm;0;KVar;0;%;0,14239390672500002;Mill.m3;90,76971731905833;l/s;0;m3/s;624374,5;t;26,10000038;%;0;None;98,76470648060138;mKVs;0;None;1,9015227424111107;mm;0;m3/s;93,1039988888889;bar;0;KVa;-3,8605244954888898;cm;94,92927199461111;%;33,4813884919663;cm
2026-01-28 06:00:00.000;151,16124706446956;moh;4,6845889883928855;Hz;0,04906598765072894;None;0,11669653298147221;m3/s;34,201120555555555;kW;78,45550833333333;rpm;-2,8480094444444446;KVar;3,060818947611111;%;0,14236241660194446;Mill.m3;90,77241211370551;l/s;0,02592875155;m3/s;624374,5045513889;t;26,04963421914912;%;0;None;98,69065251895225;mKVs;0;None;1,9093958537166664;mm;0;m3/s;92,8478775;bar;36,28601166666667;KVa;-3,8518439398416664;cm;94,90827746988889;%;33,48177313998634;cm
2026-01-28 07:00:00.000;151,14087685976682;moh;49,995885544012374;Hz;0,9749997948057164;None;1,8029895011194441;m3/s;1428,7306347222222;kW;750,0676741666666;rpm;-327,7501316666667;KVar;91,3785692211111;%;0,1382487812413889;Mill.m3;90,00653468059423;l/s;1,7129671814916663;m3/s;624375,0858754166;t;48,88492315990272;%;1,424602733261111;None;96,06487486246756;mKVs;0;None;2,937804328097223;mm;0;m3/s;93,6576675;bar;1466,5718783333334;KVa;-5,90478261315278;cm;92,16585538744444;%;33,376567198537636;cm
2026-01-28 08:00:00.000;151,10263912576542;moh;50,02649695750305;Hz;0,9701566466289337;None;2,506949934675001;m3/s;2022,7387927777777;kW;750,5227983333333;rpm;-500,07521916666667;KVar;91,72948036102778;%;0,13063534121611112;Mill.m3;88,75054384359245;l/s;2,418188501711112;m3/s;624376,0905217533;t;67,40505952320072;%;2,039115388213889;None;93,81109119542236;mKVs;0;None;4,841164482922222;mm;0;m3/s;93,22582638888889;bar;2081,980179722222;KVa;-9,701109991133334;cm;87,09022833433333;%;33,17371691195042;cm
2026-01-28 09:00:00.000;151,08906336764682;moh;49,98878111932043;Hz;0,9994312744123175;None;0,8825151080819446;m3/s;645,4930127777777;kW;749,8422658333334;rpm;-19,915256666666668;KVar;79,17271508205556;%;0,1277479394938889;Mill.m3;87,90833308831425;l/s;0,794453824721111;m3/s;624377,0920761633;t;27,242898657981655;%;0,6162132762047222;None;98,0342566431395;mKVs;0;None;5,563015408008333;mm;0;m3/s;93,76133972222222;bar;648,7455388888889;KVa;-11,081585355022222;cm;85,16529240111112;%;33,05833425249046;cm
2026-01-28 10:00:00.000;151,08653993324785;moh;50,00306166874209;Hz;0,9805350494724439;None;1,525243691418889;m3/s;1204,7149069444445;kW;750;rpm;-226,6868961111111;KVar;89,01752770766667;%;0,12720425357361112;Mill.m3;87,77334498932295;l/s;1,4390797721552775;m3/s;624378,0921159895;t;42,99227867180542;%;1,2227893663786111;None;96,76200408115731;mKVs;0;None;5,698937310169446;mm;0;m3/s;93,9537175;bar;1224,5474813888889;KVa;-11,353704666055556;cm;84,80283385433333;%;33,03333629116136;cm
2026-01-28 11:00:00.000;151,08634760947675;moh;49,995923922744296;Hz;0,9996644048759767;None;0,8567961399733335;m3/s;632,3101258333334;kW;750,0000388888889;rpm;-1,7983372222222223;KVar;79,06704298808333;%;0,12732902616972225;Mill.m3;87,82658632174723;l/s;0,7689431385819445;m3/s;624379,0921643055;t;26,65608306072741;%;0,6139457039213888;None;98,06669672792395;mKVs;0;None;5,667743682866666;mm;0;m3/s;93,92699222222222;bar;628,7531402777778;KVa;-11,36688656213889;cm;84,88601741822222;%;33,05000092277268;cm
2026-01-28 12:00:00.000;151,0871464677052;moh;50,02476904337065;Hz;0,992774633840349;None;0,823909744799722;m3/s;611,9544;kW;750,2551002777777;rpm;-84,02592805555555;KVar;78,47186340838888;%;0,12743224841611114;Mill.m3;87,72466866824189;l/s;0,7363304353538891;m3/s;624380,0910103298;t;26,193653675937053;%;0,6122450233;None;98,06804546031779;mKVs;0;None;5,641937255861112;mm;0;m3/s;93,6296025;bar;617,6062033333334;KVa;-11,259138319611111;cm;84,95594715711111;%;33,02521260513321;cm
2026-01-28 13:00:00.000;151,09009845858515;moh;50,00546020521515;Hz;1;None;0,8203426750291667;m3/s;608,6341730555556;kW;749,9259088888889;rpm;-49,11465777777778;KVar;78,39232131052778;%;0,12804626119277776;Mill.m3;87,78845730398926;l/s;0,7325568424272222;m3/s;624381,0887801737;t;26,39999962;%;0,6122450233;None;98,07500331802494;mKVs;0;None;5,488433837741667;mm;0;m3/s;93,76315611111112;bar;610,2268022222222;KVa;-10,990223355155555;cm;85,36417683713888;%;33,04120886032796;cm
2026-01-28 14:00:00.000;151,0862599529003;moh;49,985742054834496;Hz;0,9991666597138751;None;0,8213168502008336;m3/s;609,2779858333333;kW;749,7454716666666;rpm;-40,09866;KVar;78,41274706458333;%;0,12730350793416664;Mill.m3;87,79042774690316;l/s;0,7335309907752776;m3/s;624382,0888199306;t;26,39999962;%;0,6122450233;None;98,0750163438939;mKVs;0;None;5,674122704375;mm;0;m3/s;94,30082388888889;bar;610,4213441666667;KVa;-11,381611294333334;cm;84,86900617941667;%;33,042136603795015;cm
2026-01-28 15:00:00.000;151,0774182708717;moh;49,99240778893502;Hz;0,9974996652511635;None;0,8202260214402778;m3/s;608,8052547222222;kW;749,7546469444444;rpm;-55,677079444444445;KVar;78,39671387266667;%;0,12550838898944447;Mill.m3;87,45811642879356;l/s;0,7327663034255556;m3/s;624383,0888299131;t;26,39999962;%;0,6122450233;None;98,0666683366832;mKVs;0;None;6,122902764230557;mm;0;m3/s;93,96260194444444;bar;609,4084211111111;KVa;-12,254138521333333;cm;83,67225937302777;%;33,008333329717765;cm
2026-01-28 16:00:00.000;151,06484809460756;moh;49,98930475382826;Hz;0,9991669597153781;None;0,8229432382425;m3/s;611,3986413888889;kW;749,7499597222222;rpm;-40,80182333333333;KVar;78,46217397094445;%;0,12301884176472225;Mill.m3;87,0527948070428;l/s;0,7358882475233333;m3/s;624384,0888668055;t;26,39999962;%;0,6122450233;None;98,05787908665864;mKVs;0;None;6,745289696622221;mm;0;m3/s;94,01418055555555;bar;608,4433138888888;KVa;-13,510852389833333;cm;82,01256006025;%;32,92546675148726;cm
2026-01-28 17:00:00.000;151,03242796252337;moh;50,013007099409855;Hz;0,9711162214221647;None;2,473189879173611;m3/s;2004,2704305555555;kW;750,0786661111111;rpm;-477,8627263888889;KVar;91,48529387455555;%;0,11659888319222221;Mill.m3;85,8596331514174;l/s;2,3888096011080555;m3/s;624385,0889180554;t;66,96949835117157;%;2,0368478160952774;None;93,77204930305064;mKVs;0;None;8,350279066280557;mm;0;m3/s;93,19947277777777;bar;2060,2577733333333;KVa;-16,74082014288889;cm;77,73258893733333;%;32,768054669542416;cm
2026-01-28 18:00:00.000;150,98942390227776;moh;50,03421093679919;Hz;0,969999969;None;2,529062671730555;m3/s;2038,9176238888888;kW;750,41666;rpm;-489,18810472222225;KVar;91,640128516;%;0,1079699706688889;Mill.m3;84,24671720367037;l/s;2,4448712441833327;m3/s;624386,0889006249;t;68,35001109778844;%;2,040816069;None;93,58471876011681;mKVs;0;None;10,568983503211111;mm;0;m3/s;93,65580277777778;bar;2096,5091666666667;KVa;-21,038911607666666;cm;71,979980088;%;32,49475655221031;cm
2026-01-28 19:00:00.000;150,94833208600193;moh;49,994304331049364;Hz;0,9683333761388202;None;2,5036038457944443;m3/s;2017,5615630555556;kW;750,0046355555555;rpm;-517,7187530555556;KVar;91,98538085125;%;0,09981725862172222;Mill.m3;82,7035486453228;l/s;2,420921134966666;m3/s;624387,0889246702;t;67,20367222113674;%;2,0153768573138886;None;93,60987602562031;mKVs;0;None;12,800253763333334;mm;0;m3/s;93,56550555555556;bar;2082,4125769444445;KVa;-25,150816175666666;cm;66,54483956155556;%;32,26805650591692;cm
2026-01-28 20:00:00.000;150,91743532640072;moh;49,984750572427416;Hz;0,9681256414222207;None;2,268869081391666;m3/s;1803,7099880555556;kW;749,7421427777778;rpm;-429,85522638888887;KVar;93,5985949415;%;0,09346750875322221;Mill.m3;81,4032425725994;l/s;2,1874730031555556;m3/s;624388,0889796701;t;60,04619436006671;%;1,7866349898111111;None;94,68955090768765;mKVs;0;None;14,546435036555556;mm;0;m3/s;94,20541055555556;bar;1854,7666908333333;KVa;-28,26345655577778;cm;62,31167265519444;%;32,05879725032875;cm
2026-01-28 21:00:00.000;150,92306071688407;moh;1,346763057528909;Hz;0;None;0,12386457185233334;m3/s;0;kW;36,12582638888889;rpm;0;KVar;1,8214459312777778;%;0,09459045446613888;Mill.m3;81,42922909298105;l/s;0,042443733091666665;m3/s;624388,8787249826;t;59,60000229;%;0;None;98,65439150127169;mKVs;0;None;14,237625121777779;mm;0;m3/s;93,92977166666667;bar;0;KVa;-27,686428494055555;cm;63,060302033111114;%;32,048208442483194;cm
2026-01-28 22:00:00.000;150,94602133464994;moh;0;Hz;0;None;0,08207389062430556;m3/s;0;kW;0;rpm;0;KVar;0;%;0,09920852595958331;Mill.m3;82,07670028517943;l/s;0;m3/s;624388,9375;t;59,60000229;%;0;None;98,62546429698448;mKVs;0;None;12,967655184361112;mm;0;m3/s;93,4059825;bar;0;KVa;-25,40490468363889;cm;66,13901774211111;%;32,15787048793636;cm
2026-01-28 23:00:00.000;150,96576320836016;moh;0;Hz;0;None;0,08287749737375001;m3/s;0;kW;0;rpm;0;KVar;0;%;0,10317371009750001;Mill.m3;82,88007982806715;l/s;0;m3/s;624388,9375;t;59,60000229;%;0;None;98,61619862190261;mKVs;0;None;11,877229902055555;mm;0;m3/s;93,41510138888889;bar;0;KVa;-23,423741660555557;cm;68,78247220830555;%;32,28286797262144;cm
2026-01-29 00:00:00.000;150,97650948287102;moh;0;Hz;0;None;0,08324416461980555;m3/s;0;kW;0;rpm;0;KVar;0;%;0,10529276462555555;Mill.m3;83,24725964821218;l/s;0;m3/s;624388,9375;t;59,60000229;%;0;None;98,65833772861743;mKVs;0;None;11,294489544083333;mm;0;m3/s;92,44631805555555;bar;0;KVa;-22,356927661416666;cm;70,19517737758333;%;32,34119721118971;cm
2026-01-29 01:00:00.000;150,98239889517927;moh;0;Hz;0;None;0,08358305510813889;m3/s;0;kW;0;rpm;0;KVar;0;%;0,10648778034166667;Mill.m3;83,58531211967494;l/s;0;m3/s;624388,9375;t;59,60000229;%;0;None;98,6833355083533;mKVs;0;None;10,965859734194444;mm;0;m3/s;93,16472444444445;bar;0;KVa;-21,76390330208333;cm;70,99185526063889;%;32,38333200938782;cm
2026-01-29 02:00:00.000;150,98677274184723;moh;0;Hz;0;None;0,08390666815902778;m3/s;0;kW;0;rpm;0;KVar;0;%;0,10736508633527776;Mill.m3;83,9100009859976;l/s;0;m3/s;624388,9375;t;59,60000229;%;0;None;98,66666979549018;mKVs;0;None;10,724685033877778;mm;0;m3/s;93,27658527777778;bar;0;KVa;-21,342447068777776;cm;71,57672460372223;%;32,44166475365403;cm
2026-01-29 03:00:00.000;150,99041838218602;moh;0;Hz;0;None;0,08400833544999999;m3/s;0;kW;0;rpm;0;KVar;0;%;0,10814548826111112;Mill.m3;84,00836616965182;l/s;0;m3/s;624388,9375;t;59,60000229;%;0;None;98,66713779651135;mKVs;0;None;10,510326175344444;mm;0;m3/s;93,63425444444445;bar;0;KVa;-20,96173180308333;cm;72,09699327683333;%;32,458338498541835;cm
2026-01-29 04:00:00.000;150,99158676141352;moh;0;Hz;0;None;0,08387166793902777;m3/s;0;kW;0;rpm;0;KVar;0;%;0,10831424172944447;Mill.m3;83,87439308769018;l/s;0;m3/s;624388,9375;t;59,60000229;%;0;None;98,68285214561776;mKVs;0;None;10,46358320475;mm;0;m3/s;93,63553305555556;bar;0;KVa;-20,840110778;cm;72,20949609761111;%;32,44166361478257;cm
2026-01-29 05:00:00.000;150,99180776362053;moh;0;Hz;0;None;0,08388083465741666;m3/s;0;kW;0;rpm;0;KVar;0;%;0,1083572131236111;Mill.m3;83,88038226836349;l/s;0;m3/s;624388,9375;t;59,60000229;%;0;None;98,65834031446538;mKVs;0;None;10,451766333638888;mm;0;m3/s;91,0261175;bar;0;KVa;-20,816379121194444;cm;72,23814237463888;%;32,44166208702817;cm
2026-01-29 06:00:00.000;150,99238007764274;moh;0;Hz;0;None;0,08398111305666667;m3/s;0;kW;0;rpm;0;KVar;0;%;0,10847840263944446;Mill.m3;83,98117040838167;l/s;0;m3/s;624388,9375;t;59,60000229;%;0;None;98,67992840938604;mKVs;0;None;10,418607290199999;mm;0;m3/s;93,05325972222222;bar;0;KVa;-20,764147440083335;cm;72,31893505675;%;32,45445347465028;cm
2026-01-29 07:00:00.000;150,99278550066302;moh;0;Hz;0;None;0,0838325010232222;m3/s;0;kW;0;rpm;0;KVar;0;%;0,10861656167666667;Mill.m3;83,82829031785269;l/s;0;m3/s;624388,9375;t;59,60000229;%;0;None;98,65833464966703;mKVs;0;None;10,381126829150002;mm;0;m3/s;92,89389555555556;bar;0;KVa;-20,715332029444443;cm;72,41104071086112;%;32,433814290434626;cm
2026-01-29 08:00:00.000;150,99387459380776;moh;0;Hz;0;None;0,08387722356783332;m3/s;0;kW;0;rpm;0;KVar;0;%;0,10883908610694444;Mill.m3;83,88376884264018;l/s;0;m3/s;624388,9375;t;59,60000229;%;0;None;98,6504848855804;mKVs;0;None;10,320478441522221;mm;0;m3/s;93,10325361111111;bar;0;KVa;-20,616878930777776;cm;72,55939028133334;%;32,43333388111834;cm
2026-01-29 09:00:00.000;151,00028786563453;moh;0;Hz;0;None;0,08422250282375;m3/s;0;kW;0;rpm;0;KVar;0;%;0,11005694915000001;Mill.m3;84,22702842300198;l/s;0;m3/s;624388,9375;t;59,60000229;%;0;None;98,65785169666795;mKVs;0;None;9,993073145544443;mm;0;m3/s;92,82626194444444;bar;0;KVa;-19,976268343527778;cm;73,37129948997222;%;32,49069660876647;cm
2026-01-29 10:00:00.000;151,00866575186373;moh;0;Hz;0;None;0,08440500311874999;m3/s;0;kW;0;rpm;0;KVar;0;%;0,11179223777416666;Mill.m3;84,40293228924527;l/s;0;m3/s;624388,9375;t;59,60000229;%;0,12138888735555556;None;98,65882545294491;mKVs;0;None;9,551940494091665;mm;0;m3/s;92,81507055555555;bar;0;KVa;-19,135292900777777;cm;74,52815903494445;%;32,51715530951426;cm
2026-01-29 11:00:00.000;151,01634898326495;moh;0;Hz;0;None;0,084818055605;m3/s;0;kW;0;rpm;0;KVar;0;%;0,11323245608611113;Mill.m3;84,82246984113863;l/s;0;m3/s;624388,9375;t;59,60000229;%;1,899999976;None;98,6828466428252;mKVs;0;None;9,191886054291666;mm;0;m3/s;92,71449111111112;bar;0;KVa;-18,37629953988889;cm;75,48830543019444;%;32,58284553600822;cm
2026-01-29 12:00:00.000;151,02492751722576;moh;0;Hz;0;None;0,08526027546138888;m3/s;0;kW;0;rpm;0;KVar;0;%;0,11491319351555555;Mill.m3;85,26220972298404;l/s;0;m3/s;624388,9375;t;59,60000229;%;1,899999976;None;98,69950598521463;mKVs;0;None;8,771701389002777;mm;0;m3/s;93,3436211111111;bar;0;KVa;-17,507582771583333;cm;76,60879599163889;%;32,64950908808996;cm
2026-01-29 13:00:00.000;151,02966391316775;moh;0;Hz;0;None;0,085644996912;m3/s;0;kW;0;rpm;0;KVar;0;%;0,11593363432499999;Mill.m3;85,64691361441436;l/s;0;m3/s;624388,9375;t;59,60000229;%;1,899999976;None;98,65883027647772;mKVs;0;None;8,516591390033335;mm;0;m3/s;93,49645138888889;bar;0;KVa;-17,033471002611112;cm;77,289090219;%;32,707819752260626;cm
2026-01-29 14:00:00.000;151,03490041519225;moh;0;Hz;0;None;0,08575333207977777;m3/s;0;kW;0;rpm;0;KVar;0;%;0,1169682219413889;Mill.m3;85,75308169554832;l/s;0;m3/s;624388,9375;t;59,60000229;%;1,899999976;None;98,71666793829392;mKVs;0;None;8,257944319100002;mm;0;m3/s;93,17211472222222;bar;0;KVa;-16,512014601527778;cm;77,97881588436111;%;32,725513983304225;cm
2026-01-29 15:00:00.000;151,03817597849957;moh;0;Hz;0;None;0,08576389185113888;m3/s;0;kW;0;rpm;0;KVar;0;%;0,11766929573833335;Mill.m3;86,01131315851192;l/s;0;m3/s;624388,9375;t;59,60000229;%;0,7969444343777777;None;98,73500960202361;mKVs;0;None;8,082675933941665;mm;0;m3/s;93,44934361111112;bar;0;KVa;-16,17040422147222;cm;78,44619791252778;%;32,76855146801339;cm
2026-01-29 16:00:00.000;151,04020370026663;moh;0;Hz;0;None;0,08573916504894444;m3/s;0;kW;0;rpm;0;KVar;0;%;0,11806936572166668;Mill.m3;85,74015714211853;l/s;0;m3/s;624388,9375;t;59,60000229;%;0;None;98,71185218171549;mKVs;0;None;7,982658810008333;mm;0;m3/s;93,31684777777778;bar;0;KVa;-15,983119541972222;cm;78,71290997316666;%;32,7214764335648;cm
2026-01-29 17:00:00.000;151,0405292887767;moh;0;Hz;0;None;0,08580749953938888;m3/s;0;kW;0;rpm;0;KVar;0;%;0,11805104704055554;Mill.m3;85,81099128204785;l/s;0;m3/s;624388,9375;t;59,60000229;%;0;None;98,66183860796409;mKVs;0;None;7,987238566036111;mm;0;m3/s;93,11573305555555;bar;0;KVa;-15,942272611666667;cm;78,70069728275;%;32,73332317015833;cm
2026-01-29 18:00:00.000;151,04301882994952;moh;0;Hz;0;None;0,08595000207666667;m3/s;0;kW;0;rpm;0;KVar;0;%;0,11863075127944445;Mill.m3;85,95000253417177;l/s;0;m3/s;624388,9375;t;59,60000229;%;0;None;98,72148056765467;mKVs;0;None;7,84231185911389;mm;0;m3/s;93,25941222222222;bar;0;KVa;-15,695728726472222;cm;79,08716837711111;%;32,75833328999874;cm
2026-01-29 19:00:00.000;151,04969213464454;moh;0;Hz;0;None;0,08611333668444444;m3/s;0;kW;0;rpm;0;KVar;0;%;0,11989651957527778;Mill.m3;86,1179778985675;l/s;0;m3/s;624388,9375;t;59,60000229;%;0;None;98,74647736978875;mKVs;0;None;7,525870005302777;mm;0;m3/s;92,96273055555555;bar;0;KVa;-15,049798753861111;cm;79,93101340433333;%;32,7833314933536;cm
2026-01-29 20:00:00.000;151,05743232801916;moh;0;Hz;0;None;0,08629028209527778;m3/s;0;kW;0;rpm;0;KVar;0;%;0,12143454608722223;Mill.m3;86,28908210210015;l/s;0;m3/s;624388,9375;t;59,60000229;%;0;None;98,72372654519097;mKVs;0;None;7,1413633557222225;mm;0;m3/s;93,17421777777778;bar;0;KVa;-14,259668986055555;cm;80,95636420805556;%;32,80833287528032;cm
2026-01-29 21:00:00.000;151,0661243846157;moh;0;Hz;0;None;0,0865811157551111;m3/s;0;kW;0;rpm;0;KVar;0;%;0,1231442930291667;Mill.m3;86,5836305195908;l/s;0;m3/s;624388,9375;t;59,60000229;%;0;None;98,75960984360933;mKVs;0;None;6,71392652715;mm;0;m3/s;93,39487916666667;bar;0;KVa;-13,393686083805555;cm;82,09619507341667;%;32,854804439454774;cm
2026-01-29 22:00:00.000;151,0740904537926;moh;0;Hz;0;None;0,087023335609;m3/s;0;kW;0;rpm;0;KVar;0;%;0,12475696864722226;Mill.m3;87,02880470155107;l/s;0;m3/s;624388,9375;t;59,60000229;%;0;None;98,7464690662427;mKVs;0;None;6,310757531166665;mm;0;m3/s;93,22519611111112;bar;0;KVa;-12,591260274527778;cm;83,17131248133333;%;32,92146845155107;cm
2026-01-29 23:00:00.000;151,08329865598796;moh;0;Hz;0;None;0,08752583354250001;m3/s;0;kW;0;rpm;0;KVar;0;%;0,12664839114;Mill.m3;87,52982976775792;l/s;0;m3/s;624388,9375;t;59,60000229;%;0;None;98,80833773136624;mKVs;0;None;5,837902493055554;mm;0;m3/s;93,36034138888888;bar;0;KVa;-11,6735924605;cm;84,43226085338888;%;33,00000129057251;cm
2026-01-30 00:00:00.000;151,09227645009418;moh;0;Hz;0;None;0,08772277778266667;m3/s;0;kW;0;rpm;0;KVar;0;%;0,12840088510999997;Mill.m3;87,7243521701709;l/s;0;m3/s;624388,9375;t;59,60000229;%;0;None;98,82020585402381;mKVs;0;None;5,399778154163891;mm;0;m3/s;92,89968194444444;bar;0;KVa;-10,777045355324997;cm;85,60059125777778;%;33,021460880331794;cm
2026-01-30 01:00:00.000;151,10154076933304;moh;0;Hz;0;None;0,08825639155319444;m3/s;0;kW;0;rpm;0;KVar;0;%;0,1303519679388889;Mill.m3;88,25832113146092;l/s;0;m3/s;624388,9375;t;59,60000229;%;0;None;98,75833877080656;mKVs;0;None;4,912007649772223;mm;0;m3/s;93,3724511111111;bar;0;KVa;-9,843224419841668;cm;86,9013129765;%;33,10833313475834;cm
2026-01-30 02:00:00.000;151,10643032686176;moh;0;Hz;0;None;0,0882583353476389;m3/s;0;kW;0;rpm;0;KVar;0;%;0,1313036011038889;Mill.m3;88,25834305105305;l/s;0;m3/s;624388,9375;t;59,60000229;%;0;None;98,75833240979279;mKVs;0;None;4,674099816036112;mm;0;m3/s;93,2941613888889;bar;0;KVa;-9,363996717766666;cm;87,53573443122222;%;33,10833603858202;cm
2026-01-30 03:00:00.000;151,10936464727348;moh;0;Hz;0;None;0,08858111236055556;m3/s;0;kW;0;rpm;0;KVar;0;%;0,13171812465194443;Mill.m3;88,58358774199942;l/s;0;m3/s;624388,9375;t;59,60000229;%;0;None;98,82146019773532;mKVs;0;None;4,570469326349999;mm;0;m3/s;93,12955111111111;bar;0;KVa;-9,060897827205556;cm;87,81208195125;%;33,15479928492649;cm
2026-01-30 04:00:00.000;151,11149893323824;moh;0;Hz;0;None;0,08861472370902779;m3/s;0;kW;0;rpm;0;KVar;0;%;0,13239959775083338;Mill.m3;88,61275019525633;l/s;0;m3/s;624388,9375;t;59,60000229;%;0;None;98,84166313981267;mKVs;0;None;4,400100707891668;mm;0;m3/s;93,60819722222222;bar;0;KVa;-8,843252394013891;cm;88,26639838775;%;33,161874566395255;cm
2026-01-30 05:00:00.000;151,1127373870802;moh;0;Hz;0;None;0,08861527933597224;m3/s;0;kW;0;rpm;0;KVar;0;%;0,13265302829249997;Mill.m3;88,61317345159095;l/s;0;m3/s;624388,9375;t;59,60000229;%;0;None;98,80355438740766;mKVs;0;None;4,336742824916667;mm;0;m3/s;93,16374444444445;bar;0;KVa;-8,731015523166665;cm;88,43535232577777;%;33,17145569674615;cm
2026-01-30 06:00:00.000;151,11271364457778;moh;0;Hz;0;None;0,08858305679652778;m3/s;0;kW;0;rpm;0;KVar;0;%;0,1326790497825;Mill.m3;88,58364860284534;l/s;0;m3/s;624388,9375;t;59,60000229;%;0;None;98,87146826926707;mKVs;0;None;4,330236646755557;mm;0;m3/s;90,56605666666667;bar;0;KVa;-8,73082478850833;cm;88,45270254175;%;33,15835059170177;cm
2026-01-30 07:00:00.000;151,11368304822057;moh;0;Hz;0;None;0,08866166783083333;m3/s;0;kW;0;rpm;0;KVar;0;%;0,1326735299888889;Mill.m3;88,65651100440513;l/s;0;m3/s;624388,9375;t;59,60000229;%;0;None;98,88858205967361;mKVs;0;None;4,331616295600001;mm;0;m3/s;93,00840916666667;bar;0;KVa;-8,638195461775;cm;88,44902375411111;%;33,16666660335374;cm
2026-01-30 08:00:00.000;151,11074042982656;moh;19,700430875047534;Hz;0,3357025736071121;None;0,7930425302368056;m3/s;609,1343322222223;kW;304,70892694444444;rpm;-151,43396694444445;KVar;30,974048042722224;%;0,13231233131222223;Mill.m3;88,56806714494552;l/s;0,7045426133433332;m3/s;624389,0162018576;t;58,70162756437013;%;0;None;97,32721500575121;mKVs;0;None;4,421916537747222;mm;0;m3/s;93,46405;bar;631,5597672222223;KVa;-8,917189704338888;cm;88,20822289694445;%;33,17022082675106;cm
2026-01-30 09:00:00.000;151,08071881555256;moh;49,96963116516809;Hz;0,9691665170140022;None;2,3953968326555555;m3/s;1923,2132869444445;kW;749,5355597222223;rpm;-493,2937719444445;KVar;92,91531870116667;%;0,12622788324138887;Mill.m3;87,70100626254623;l/s;2,307702211463889;m3/s;624389,8415857637;t;63,65490010577135;%;0;None;94,29980125001791;mKVs;0;None;5,943029191916667;mm;0;m3/s;93,54660277777778;bar;1984,5278297222221;KVa;-11,930516561325;cm;84,15192188683334;%;33,015440157864376;cm
2026-01-30 10:00:00.000;151,04903224620756;moh;50,00227779388763;Hz;0,9796446320597835;None;2,3996244662861113;m3/s;1926,6285311111112;kW;750,1311069444445;rpm;-422,04230472222224;KVar;92,88038361852777;%;0,11985869528888887;Mill.m3;86,6917892052078;l/s;2,3129424115138884;m3/s;624390,8416003471;t;64,1506177354054;%;0;None;94,32855153355666;mKVs;0;None;7,535326215908332;mm;0;m3/s;93,62962138888889;bar;1971,772196388889;KVa;-15,084444682944444;cm;79,90579687719445;%;32,861885977779124;cm
2026-01-30 11:00:00.000;151,01626142445875;moh;50,006665546710174;Hz;0,9783529639008509;None;2,3976717405777777;m3/s;1919,9111322222222;kW;750;rpm;-423,8710438888889;KVar;92,88691552505556;%;0,11344907048694447;Mill.m3;85,76299486768119;l/s;2,311962515708333;m3/s;624391,8416210937;t;63,38616703507666;%;0,008333333663888888;None;94,32470212304561;mKVs;0;None;9,138802210616666;mm;0;m3/s;93,82391694444445;bar;1965,998846111111;KVa;-18,367161221722224;cm;75,63271407911111;%;32,72855477125017;cm
2026-01-30 12:00:00.000;151,00078916291696;moh;50,03285447886147;Hz;0,9966825326301908;None;0,8341637618116671;m3/s;615,8384827777778;kW;750,4166766666667;rpm;51,29881666666667;KVar;78,64775746744445;%;0,11026118739138889;Mill.m3;85,10938746788864;l/s;0,7490684272449999;m3/s;624392,8416781597;t;26,68019242828826;%;0,6000000238;None;98,1041343365297;mKVs;0;None;9,948194503441664;mm;0;m3/s;93,74357;bar;618,7153269444444;KVa;-19,923850165305556;cm;73,50745822194445;%;32,62022652421217;cm
2026-01-30 13:00:00.000;151,00331276522778;moh;1,7481561720576333;Hz;0,005523380345222789;None;0,10232705800847221;m3/s;2,9783133333333334;kW;42,166780277777775;rpm;1,169636111111111;KVar;1,7439216612944444;%;0,11070138801222223;Mill.m3;85,4833196744997;l/s;0,014869115521888888;m3/s;624393,6287286459;t;26,39999962;%;0,0016666667327777777;None;98,68723326964565;mKVs;0;None;9,82987700581111;mm;0;m3/s;93,77560055555556;bar;3,0676408333333334;KVa;-19,68096838902778;cm;73,80092599730555;%;32,67977656943485;cm
2026-01-30 14:00:00.000;151,013859470605;moh;0;Hz;0;None;0,0856580534748889;m3/s;0;kW;0;rpm;0;KVar;0;%;0,11291336113944443;Mill.m3;85,6602036474395;l/s;0;m3/s;624393,6875;t;26,39999962;%;0;None;98,70000094540917;mKVs;0;None;9,27165985117222;mm;0;m3/s;91,5666825;bar;0;KVa;-18,60299004422222;cm;75,27557457663889;%;32,72144158580303;cm
2026-01-30 15:00:00.000;151,02258905045022;moh;0;Hz;0;None;0,0857824988675;m3/s;0;kW;0;rpm;0;KVar;0;%;0,1146037624191667;Mill.m3;85,78305999179672;l/s;0;m3/s;624393,6875;t;26,39999962;%;0;None;98,7083374590236;mKVs;0;None;8,849059210988889;mm;0;m3/s;92,97798138888889;bar;0;KVa;-17,758136327055556;cm;76,40250862827777;%;32,724996380060794;cm
2026-01-30 16:00:00.000;151,03188956686353;moh;4,5607125063834415;Hz;0,03995939326312228;None;0,10600534567674998;m3/s;31,496963055555554;kW;77,67138916666667;rpm;1,4822075;KVar;2,8227882596388887;%;0,11637559541499999;Mill.m3;85,75268647299491;l/s;0,020252845772222222;m3/s;624393,6910491667;t;26,37365036233488;%;0;None;98,64178525084992;mKVs;0;None;8,406100803158333;mm;0;m3/s;93,11564305555555;bar;35,36329638888889;KVa;-16,80806477852778;cm;77,583731503;%;32,72023100888442;cm
2026-01-30 17:00:00.000;151,0149039616907;moh;50,01355588285052;Hz;0,9703563686614199;None;2,2298680205805566;m3/s;1790,6302544444445;kW;750,06877;rpm;-468,50446166666666;KVar;93,51423204075;%;0,11300559152361112;Mill.m3;85,44445275800453;l/s;2,145102136708333;m3/s;624394,2809706944;t;59,45085820019025;%;1,7949999521333335;None;94,81548168765543;mKVs;0;None;9,249795914352777;mm;0;m3/s;93,30647888888889;bar;1850,8765202777777;KVa;-18,498581781055556;cm;75,33706092791667;%;32,67653250879213;cm
2026-01-30 18:00:00.000;150,98705145086404;moh;50,00357142642534;Hz;0,9724999555138995;None;1,6965657384027781;m3/s;1339,5974655555556;kW;749,9643444444445;rpm;-315,1652688888889;KVar;90,64411195225;%;0,10743933719361114;Mill.m3;84,26290987257822;l/s;1,612137735186111;m3/s;624395,27708875;t;46,72336781146065;%;1,3278462443861112;None;96,3511919121215;mKVs;0;None;10,704599169205556;mm;0;m3/s;93,68103472222222;bar;1377,8925133333332;KVa;-21,28312428786111;cm;71,62622519688888;%;32,51190171473688;cm
2026-01-30 19:00:00.000;150,9722391238338;moh;50,01297276459789;Hz;0,9978135975763366;None;0,9124516293411112;m3/s;680,2765094444444;kW;750,3690086111111;rpm;-59,17711277777778;KVar;80,24163059663888;%;0,10452378048888887;Mill.m3;83,87111981848192;l/s;0,8285350688522223;m3/s;624396,2771118403;t;28,786698871558848;%;0,6651073956308333;None;97,85261109345075;mKVs;0;None;11,505960043444444;mm;0;m3/s;93,52328555555556;bar;684,2609477777778;KVa;-22,77031792691667;cm;69,68252039936111;%;32,43690160430911;cm
2026-01-30 20:00:00.000;150,9653808383226;moh;50,02035773151856;Hz;0,9979766065295163;None;0,8096012060958334;m3/s;602,2473191666667;kW;750,3333413888889;rpm;-50,547558333333335;KVar;78,25735683494445;%;0,10301517094500003;Mill.m3;83,47291252679447;l/s;0,7261201206197223;m3/s;624397,2771227953;t;26,438746811206535;%;0,6001757598169445;None;97,96657856507994;mKVs;0;None;11,920828078555555;mm;0;m3/s;93,54856444444444;bar;605,497945;KVa;-23,449033102722222;cm;68,67678029822223;%;32,395235923090986;cm
2026-01-30 21:00:00.000;150,96744037825243;moh;1,7410579599686302;Hz;0,006361413821506939;None;0,12194378701302774;m3/s;2,529253888888889;kW;41,828496944444446;rpm;0,14643722222222222;KVar;4,1339875965555555;%;0,10343243916888889;Mill.m3;83,44718277649869;l/s;0,03850128799888889;m3/s;624398,0695060244;t;26,39999962;%;0,0016666667327777777;None;98,70806401090063;mKVs;0;None;11,806079230222222;mm;0;m3/s;93,55598333333333;bar;2,6536105555555554;KVa;-23,267148336805555;cm;68,95495897955556;%;32,39286365900578;cm
2026-01-30 22:00:00.000;150,97663770849485;moh;0;Hz;0;None;0,08380944538733336;m3/s;0;kW;0;rpm;0;KVar;0;%;0,10541047892222223;Mill.m3;83,81545504221401;l/s;0;m3/s;624398,125;t;26,39999962;%;0;None;98,70833737133243;mKVs;0;None;11,26211844475;mm;0;m3/s;92,98406916666667;bar;0;KVa;-22,341350980027777;cm;70,27365120838888;%;32,42857170398076;cm
2026-01-30 23:00:00.000;150,9868336546235;moh;0;Hz;0;None;0,08417416960388888;m3/s;0;kW;0;rpm;0;KVar;0;%;0,10741834018805556;Mill.m3;84,17430814969819;l/s;0;m3/s;624398,125;t;26,39999962;%;0;None;98,67857740976878;mKVs;0;None;10,710165235972223;mm;0;m3/s;93,62206666666667;bar;0;KVa;-21,305575902;cm;71,61222659272222;%;32,47975572640879;cm
2026-01-31 00:00:00.000;150,99304144566352;moh;0;Hz;0;None;0,08426083595722222;m3/s;0;kW;0;rpm;0;KVar;0;%;0,10853664035333334;Mill.m3;84,26111352174762;l/s;0;m3/s;624398,125;t;26,39999962;%;0;None;98,68334026063526;mKVs;0;None;10,404540168838887;mm;0;m3/s;93,19005777777778;bar;0;KVa;-20,688586765222222;cm;72,35776021933333;%;32,4999964144475;cm
2026-01-31 01:00:00.000;150,99698146301674;moh;0;Hz;0;None;0,08436222569347221;m3/s;0;kW;0;rpm;0;KVar;0;%;0,10926737498611111;Mill.m3;84,36479937730326;l/s;0;m3/s;624398,125;t;26,39999962;%;0;None;98,64642230405124;mKVs;0;None;10,207854376730555;mm;0;m3/s;93,56882305555555;bar;0;KVa;-20,29549069125;cm;72,84491653558334;%;32,5250115727519;cm
2026-01-31 02:00:00.000;151,0006129266633;moh;0;Hz;0;None;0,08454500201041666;m3/s;0;kW;0;rpm;0;KVar;0;%;0,11026646039722222;Mill.m3;84,54580159397544;l/s;0;m3/s;624398,125;t;26,39999962;%;0;None;98,66955105258158;mKVs;0;None;9,942388534425;mm;0;m3/s;93,31848611111111;bar;0;KVa;-19,93208567538889;cm;73,51097380363889;%;32,54096746591126;cm
2026-01-31 03:00:00.000;151,00150973380005;moh;0;Hz;0;None;0,08450000236666666;m3/s;0;kW;0;rpm;0;KVar;0;%;0,11026016203750003;Mill.m3;84,50001237664176;l/s;0;m3/s;624398,125;t;26,39999962;%;0;None;98,62975673012369;mKVs;0;None;9,944339751291666;mm;0;m3/s;93,02188222222222;bar;0;KVa;-19,847674900277777;cm;73,50677420441667;%;32,533335735593084;cm
2026-01-31 04:00:00.000;151,00222533071477;moh;0;Hz;0;None;0,08441083642666666;m3/s;0;kW;0;rpm;0;KVar;0;%;0,11040799359694445;Mill.m3;84,41081925854692;l/s;0;m3/s;624398,125;t;26,39999962;%;0;None;98,65357079664373;mKVs;0;None;9,904880735902777;mm;0;m3/s;93,54495027777777;bar;0;KVa;-19,766286214083333;cm;73,60532853961111;%;32,51666496495229;cm
2026-01-31 05:00:00.000;151,00399178501775;moh;0;Hz;0;None;0,0845308355597222;m3/s;0;kW;0;rpm;0;KVar;0;%;0,11080056018833334;Mill.m3;84,52706389893245;l/s;0;m3/s;624398,125;t;26,39999962;%;0;None;98,6202505101262;mKVs;0;None;9,806032392172222;mm;0;m3/s;93,61338722222222;bar;0;KVa;-19,601105582888888;cm;73,86704067722222;%;32,52975001459306;cm
2026-01-31 06:00:00.000;151,0047674557348;moh;0;Hz;0;None;0,08466750114444446;m3/s;0;kW;0;rpm;0;KVar;0;%;0,11096965273805555;Mill.m3;84,66434554628994;l/s;0;m3/s;624398,125;t;26,39999962;%;0;None;98,57974816409886;mKVs;0;None;9,762230766547223;mm;0;m3/s;93,10667138888888;bar;0;KVa;-19,522391424777776;cm;73,97976907205556;%;32,56192225132041;cm
2026-01-31 07:00:00.000;151,0047262306067;moh;0;Hz;0;None;0,08424611387916667;m3/s;0;kW;0;rpm;0;KVar;0;%;0,11098685345416665;Mill.m3;84,242224212113;l/s;0;m3/s;624398,125;t;26,39999962;%;0;None;98,67141736120543;mKVs;0;None;9,756037606055557;mm;0;m3/s;93,54745972222223;bar;0;KVa;-19,526337517972223;cm;73,99123545869445;%;32,49166839025504;cm
2026-01-31 08:00:00.000;151,00510871183297;moh;0;Hz;0;None;0,08423528061083332;m3/s;0;kW;0;rpm;0;KVar;0;%;0,1111019812561111;Mill.m3;84,2334434936633;l/s;0;m3/s;624398,125;t;26,39999962;%;0;None;98,5952366735704;mKVs;0;None;9,727173063066667;mm;0;m3/s;93,45517444444444;bar;0;KVa;-19,486774869555557;cm;74,06798670102778;%;32,49168352917971;cm
2026-01-31 09:00:00.000;151,0044124825395;moh;0;Hz;0;None;0,08431833630972223;m3/s;0;kW;0;rpm;0;KVar;0;%;0,1108264746613889;Mill.m3;84,32013394178686;l/s;0;m3/s;624398,125;t;26,39999962;%;0;None;98,59526084155563;mKVs;0;None;9,798649681125;mm;0;m3/s;93,07078333333334;bar;0;KVa;-19,56231435252778;cm;73,88431650913888;%;32,50474453807928;cm
2026-01-31 10:00:00.000;151,0046909875307;moh;0;Hz;0;None;0,0842650033986111;m3/s;0;kW;0;rpm;0;KVar;0;%;0,11089824103888893;Mill.m3;84,26324530816262;l/s;0;m3/s;624398,125;t;26,39999962;%;0;None;98,61782591174482;mKVs;0;None;9,77988772960278;mm;0;m3/s;93,43205722222223;bar;0;KVa;-19,520314533388888;cm;73,93216209402777;%;32,49526276537488;cm
2026-01-31 11:00:00.000;151,00561567787602;moh;0;Hz;0;None;0,08424889126902778;m3/s;0;kW;0;rpm;0;KVar;0;%;0,11101618372944447;Mill.m3;84,24775569956462;l/s;0;m3/s;624398,125;t;26,39999962;%;0;None;98,64873058403319;mKVs;0;None;9,752123091122222;mm;0;m3/s;94,05855833333334;bar;0;KVa;-19,447758992083333;cm;74,01079004122222;%;32,50972906239822;cm
2026-01-31 12:00:00.000;151,00555375213202;moh;0;Hz;0;None;0,0841730579975;m3/s;0;kW;0;rpm;0;KVar;0;%;0,11110274222000002;Mill.m3;84,17497411138731;l/s;0;m3/s;624398,125;t;26,39999962;%;0;None;98,6047325586376;mKVs;0;None;9,727483538119444;mm;0;m3/s;93,54082805555555;bar;0;KVa;-19,435259501194444;cm;74,06849598430556;%;32,483330212347724;cm
2026-01-31 13:00:00.000;151,00457255623198;moh;0;Hz;0;None;0,08412500285;m3/s;0;kW;0;rpm;0;KVar;0;%;0,11083381591444444;Mill.m3;84,12501804399447;l/s;0;m3/s;624398,125;t;26,39999962;%;0;None;98,62026337477668;mKVs;0;None;9,797009997322226;mm;0;m3/s;92,9704875;bar;0;KVa;-19,52498118036111;cm;73,88921144319444;%;32,475002688020275;cm
2026-01-31 14:00:00.000;151,00466886565272;moh;0;Hz;0;None;0,08432667040555554;m3/s;0;kW;0;rpm;0;KVar;0;%;0,11090708381888888;Mill.m3;84,32841314469424;l/s;0;m3/s;624398,125;t;26,39999962;%;0;None;98,64166987703184;mKVs;0;None;9,774215274188888;mm;0;m3/s;90,72223444444444;bar;0;KVa;-19,535111322333332;cm;73,93805550516667;%;32,504735136209916;cm
2026-01-31 15:00:00.000;151,00430766011075;moh;0;Hz;0;None;0,08426500339861111;m3/s;0;kW;0;rpm;0;KVar;0;%;0,11087143728055557;Mill.m3;84,26327003029397;l/s;0;m3/s;624398,125;t;26,39999962;%;0;None;98,62858980649409;mKVs;0;None;9,784306632313891;mm;0;m3/s;93,40349861111112;bar;0;KVa;-19,56484053075;cm;73,91429235602777;%;32,49526695993236;cm
2026-01-31 16:00:00.000;151,00517798696802;moh;0;Hz;0;None;0,08412500284999999;m3/s;0;kW;0;rpm;0;KVar;0;%;0,11104208922277779;Mill.m3;84,12498809935411;l/s;0;m3/s;624398,125;t;26,39999962;%;0;None;98,59280165734688;mKVs;0;None;9,741449780305555;mm;0;m3/s;93,02803638888889;bar;0;KVa;-19,494781495222224;cm;74,02806065969445;%;32,474998410307954;cm
2026-01-31 17:00:00.000;151,00430547750952;moh;0;Hz;0;None;0,08395194620666667;m3/s;0;kW;0;rpm;0;KVar;0;%;0,11092488505166666;Mill.m3;83,94999006548558;l/s;0;m3/s;624398,125;t;26,39999962;%;0;None;98,599999766516;mKVs;0;None;9,770377264727777;mm;0;m3/s;93,53664194444444;bar;0;KVa;-19,57230885813889;cm;73,9499243431111;%;32,44999923724559;cm
2026-01-31 18:00:00.000;151,00405817511273;moh;0;Hz;0;None;0,08398555683072224;m3/s;0;kW;0;rpm;0;KVar;0;%;0,11081904934333334;Mill.m3;83,98840671704943;l/s;0;m3/s;624398,125;t;26,39999962;%;0;None;98,66194744929582;mKVs;0;None;9,797155168305556;mm;0;m3/s;93,23131833333333;bar;0;KVa;-19,5893520785;cm;73,87936651469444;%;32,458332622619935;cm
2026-01-31 19:00:00.000;151,0036438988535;moh;0;Hz;0;None;0,08418333654999999;m3/s;0;kW;0;rpm;0;KVar;0;%;0,11085635623333334;Mill.m3;84,18333250886855;l/s;0;m3/s;624398,125;t;26,39999962;%;0;None;98,60000643779209;mKVs;0;None;9,789215725;mm;0;m3/s;93,18176416666667;bar;0;KVa;-19,63931189775;cm;73,90423789741666;%;32,48333314389569;cm
2026-01-31 20:00:00.000;151,00396526422477;moh;0;Hz;0;None;0,08384611221988889;m3/s;0;kW;0;rpm;0;KVar;0;%;0,11076539757861115;Mill.m3;83,84500244063848;l/s;0;m3/s;624398,125;t;26,39999962;%;0;None;98,66305748933735;mKVs;0;None;9,812274722130553;mm;0;m3/s;93,36276444444445;bar;0;KVa;-19,60178799138889;cm;73,84359912983334;%;32,43334193655064;cm
2026-01-31 21:00:00.000;151,00375396920748;moh;0;Hz;0;None;0,08399722427494444;m3/s;0;kW;0;rpm;0;KVar;0;%;0,11060334006861113;Mill.m3;83,99665233050918;l/s;0;m3/s;624398,125;t;26,39999962;%;0;None;98,67861458097819;mKVs;0;None;9,856381098941668;mm;0;m3/s;93,53132388888889;bar;0;KVa;-19,62134467113889;cm;73,73556060822222;%;32,45361145975553;cm
2026-01-31 22:00:00.000;151,00247811711375;moh;0;Hz;0;None;0,08378916741161112;m3/s;0;kW;0;rpm;0;KVar;0;%;0,11053173344500004;Mill.m3;83,7893299582705;l/s;0;m3/s;624398,125;t;26,39999962;%;0;None;98,6963940577576;mKVs;0;None;9,873822742197223;mm;0;m3/s;93,32363555555555;bar;0;KVa;-19,74610222486111;cm;73,68782342294445;%;32,41666819166284;cm
2026-01-31 23:00:00.000;151,00274228860218;moh;0;Hz;0;None;0,08390972372494444;m3/s;0;kW;0;rpm;0;KVar;0;%;0,11055824991194448;Mill.m3;83,90984591772202;l/s;0;m3/s;624398,125;t;26,39999962;%;0;None;98,6952857106522;mKVs;0;None;9,866070005802777;mm;0;m3/s;92,9191736111111;bar;0;KVa;-19,731419879361113;cm;73,70550113222222;%;32,43804739233384;cm
2026-02-01 00:00:00.000;151,00268625600702;moh;0;Hz;0;None;0,08400833545000001;m3/s;0;kW;0;rpm;0;KVar;0;%;0,11066662933527778;Mill.m3;84,00829033582232;l/s;0;m3/s;624398,125;t;26,39999962;%;0;None;98,66414450244427;mKVs;0;None;9,839183807519445;mm;0;m3/s;93,62049888888889;bar;0;KVa;-19,718619450166667;cm;73,77775440202778;%;32,458327665374256;cm
2026-02-01 01:00:00.000;151,00199306092173;moh;0;Hz;0;None;0,08409194708666665;m3/s;0;kW;0;rpm;0;KVar;0;%;0,11042432013777781;Mill.m3;84,09195760546395;l/s;0;m3/s;624398,125;t;26,39999962;%;0;None;98,69889849060291;mKVs;0;None;9,901844024880555;mm;0;m3/s;93,64335777777778;bar;0;KVa;-19,7995079865;cm;73,61621443413888;%;32,47027987139159;cm
2026-02-01 02:00:00.000;151,0012885925452;moh;0;Hz;0;None;0,08427278155666665;m3/s;0;kW;0;rpm;0;KVar;0;%;0,11030884500138893;Mill.m3;84,27469516219298;l/s;0;m3/s;624398,125;t;26,39999962;%;0;None;98,71666596673579;mKVs;0;None;9,931492063927777;mm;0;m3/s;93,05892861111111;bar;0;KVa;-19,858945208055555;cm;73,53923108855555;%;32,496384666426565;cm
2026-02-01 03:00:00.000;151,00052906000153;moh;0;Hz;0;None;0,08440000315833333;m3/s;0;kW;0;rpm;0;KVar;0;%;0,10999362471055558;Mill.m3;84,39999029669832;l/s;0;m3/s;624398,125;t;26,39999962;%;0;None;98,64528762366842;mKVs;0;None;10,012481689719445;mm;0;m3/s;93,5628675;bar;0;KVa;-19,948145545611112;cm;73,3290829755;%;32,51666496495229;cm
2026-02-01 04:00:00.000;151,0015131092322;moh;0;Hz;0;None;0,08433527981916666;m3/s;0;kW;0;rpm;0;KVar;0;%;0,1101774419438889;Mill.m3;84,33332323988216;l/s;0;m3/s;624398,125;t;26,39999962;%;0;None;98,67137749997099;mKVs;0;None;9,965570450205554;mm;0;m3/s;93,4618713888889;bar;0;KVa;-19,850086633638888;cm;73,45162781516666;%;32,50833254977446;cm
2026-02-01 05:00:00.000;151,00056781560917;moh;0;Hz;0;None;0,08438833575555554;m3/s;0;kW;0;rpm;0;KVar;0;%;0,11019498141833332;Mill.m3;84,39161589949062;l/s;0;m3/s;624398,125;t;26,39999962;%;0;None;98,6243086195928;mKVs;0;None;9,961705100894445;mm;0;m3/s;93,34986944444445;bar;0;KVa;-19,943631490222224;cm;73,46332092422222;%;32,51665875541142;cm
2026-02-01 06:00:00.000;151,00066153110154;moh;0;Hz;0;None;0,08435444716263889;m3/s;0;kW;0;rpm;0;KVar;0;%;0,11022794052638894;Mill.m3;84,35753544250788;l/s;0;m3/s;624398,125;t;26,39999962;%;0;None;98,6202883440871;mKVs;0;None;9,952589881911107;mm;0;m3/s;93,30408222222222;bar;0;KVa;-19,938566419388888;cm;73,48529343213889;%;32,50833589806655;cm
2026-02-01 07:00:00.000;151,00033738796398;moh;0;Hz;0;None;0,08424222498652778;m3/s;0;kW;0;rpm;0;KVar;0;%;0,11020094887666668;Mill.m3;84,23939016635603;l/s;0;m3/s;624398,125;t;26,39999962;%;0;None;98,63804365330475;mKVs;0;None;9,959104750244444;mm;0;m3/s;93,53153111111111;bar;0;KVa;-19,972890215833335;cm;73,46729956697222;%;32,4916651402793;cm
2026-02-01 08:00:00.000;151,00055465625175;moh;0;Hz;0;None;0,0843525027473611;m3/s;0;kW;0;rpm;0;KVar;0;%;0,10990762533416665;Mill.m3;84,35134554781135;l/s;0;m3/s;624398,125;t;26,39999962;%;0;None;98,62029979126497;mKVs;0;None;10,034066307222224;mm;0;m3/s;93,86725805555555;bar;0;KVa;-19,949014450694445;cm;73,27175055744445;%;32,50834003696851;cm
2026-02-01 09:00:00.000;151,00027481309473;moh;0;Hz;0;None;0,08408833568666665;m3/s;0;kW;0;rpm;0;KVar;0;%;0,11008470237861114;Mill.m3;84,08981046965708;l/s;0;m3/s;624398,125;t;26,39999962;%;0;None;98,65833317292149;mKVs;0;None;9,988626904463889;mm;0;m3/s;93,54143472222222;bar;0;KVa;-19,980968897527777;cm;73,38980144877777;%;32,466668287760776;cm
2026-02-01 10:00:00.000;150,9995570631858;moh;0;Hz;0;None;0,08417500090083334;m3/s;0;kW;0;rpm;0;KVar;0;%;0,11004536083694448;Mill.m3;84,17110406647886;l/s;0;m3/s;624398,125;t;26,39999962;%;0;None;98,64166476565512;mKVs;0;None;9,999496672241666;mm;0;m3/s;93,49542138888889;bar;0;KVa;-20,034840902611112;cm;73,36357415652778;%;32,49166431754039;cm
2026-02-01 11:00:00.000;150,99995046803775;moh;0;Hz;0;None;0,08404833573386113;m3/s;0;kW;0;rpm;0;KVar;0;%;0,10981578325583334;Mill.m3;84,05171113577799;l/s;0;m3/s;624398,125;t;26,39999962;%;0;None;98,65000738646923;mKVs;0;None;10,061565186844446;mm;0;m3/s;93,76443722222223;bar;0;KVa;-20,001775952444444;cm;73,21052224941667;%;32,46667034328488;cm
2026-02-01 12:00:00.000;151,00002295165802;moh;0;Hz;0;None;0,08424167025;m3/s;0;kW;0;rpm;0;KVar;0;%;0,11003798546166665;Mill.m3;84,24163861257676;l/s;0;m3/s;624398,125;t;26,39999962;%;0;None;98,61304915088904;mKVs;0;None;10,002313613452777;mm;0;m3/s;93,29757444444445;bar;0;KVa;-20,00850677591667;cm;73,35865690566666;%;32,49166240534493;cm
2026-02-01 13:00:00.000;150,99890434229553;moh;0;Hz;0;None;0,08419083661483333;m3/s;0;kW;0;rpm;0;KVar;0;%;0,1096450133197222;Mill.m3;84,1868459850762;l/s;0;m3/s;624398,125;t;26,39999962;%;0;None;98,6702930685413;mKVs;0;None;10,102999582127783;mm;0;m3/s;93,53768638888889;bar;0;KVa;-20,110588073555554;cm;73,09667612855556;%;32,48697042157782;cm
2026-02-01 14:00:00.000;150,99988539554897;moh;0;Hz;0;None;0,08426722350444445;m3/s;0;kW;0;rpm;0;KVar;0;%;0,1100470060302778;Mill.m3;84,27767317580935;l/s;0;m3/s;624398,125;t;26,39999962;%;0;None;98,63927799714942;mKVs;0;None;9,996526718358334;mm;0;m3/s;93,59068166666667;bar;0;KVa;-20,005387199166666;cm;73,36467141230555;%;32,501053229282164;cm
2026-02-01 15:00:00.000;150,99950244773254;moh;0;Hz;0;None;0,08399416765277777;m3/s;0;kW;0;rpm;0;KVar;0;%;0,10990494723888887;Mill.m3;83,98900597434323;l/s;0;m3/s;624398,125;t;26,39999962;%;0;None;98,69636458461525;mKVs;0;None;10,033582688491668;mm;0;m3/s;92,97433722222222;bar;0;KVa;-20,041711593472222;cm;73,26996549077778;%;32,45728366647347;cm
2026-02-01 16:00:00.000;150,99999883662377;moh;0;Hz;0;None;0,08374777825666666;m3/s;0;kW;0;rpm;0;KVar;0;%;0,10995636009555552;Mill.m3;83,7495040870764;l/s;0;m3/s;624398,125;t;26,39999962;%;0;None;98,69530718389784;mKVs;0;None;10,018941667744448;mm;0;m3/s;92,92898194444444;bar;0;KVa;-19,98626285125;cm;73,3042403335;%;32,42135900878113;cm
2026-02-01 17:00:00.000;150,99811911166185;moh;0;Hz;0;None;0,08382638991202779;m3/s;0;kW;0;rpm;0;KVar;0;%;0,10965994203777782;Mill.m3;83,81802345917639;l/s;0;m3/s;624398,125;t;26,39999962;%;0;None;98,67032273854757;mKVs;0;None;10,097642264038887;mm;0;m3/s;93,40241833333333;bar;0;KVa;-20,19864823863889;cm;73,10662784688888;%;32,4203142747658;cm
2026-02-01 18:00:00.000;150,99861875023723;moh;0;Hz;0;None;0,08384722337041668;m3/s;0;kW;0;rpm;0;KVar;0;%;0,10953682787000002;Mill.m3;83,84792345859817;l/s;0;m3/s;624398,125;t;26,39999962;%;0;None;98,6666702100611;mKVs;0;None;10,132809533927777;mm;0;m3/s;91,15681111111111;bar;0;KVa;-20,1457087185;cm;73,02455268613889;%;32,43802097607135;cm
2026-02-01 19:00:00.000;150,998241209361;moh;0;Hz;0;None;0,08378972297655554;m3/s;0;kW;0;rpm;0;KVar;0;%;0,10968648316555558;Mill.m3;83,78568102512875;l/s;0;m3/s;624398,125;t;26,39999962;%;0;None;98,64166715468997;mKVs;0;None;10,0910063851;mm;0;m3/s;93,18240833333333;bar;0;KVa;-20,174547831194445;cm;73,12432280833333;%;32,42865331384322;cm
2026-02-01 20:00:00.000;150,99804231569752;moh;0;Hz;0;None;0,08363694445369445;m3/s;0;kW;0;rpm;0;KVar;0;%;0,10976475226166667;Mill.m3;83,63697159311819;l/s;0;m3/s;624398,125;t;26,39999962;%;0;None;98,65000052272008;mKVs;0;None;10,071568383611112;mm;0;m3/s;93,30418083333333;bar;0;KVa;-20,188772414083335;cm;73,17650186861111;%;32,40000153;cm
2026-02-01 21:00:00.000;150,99792957290725;moh;0;Hz;0;None;0,08360277770494443;m3/s;0;kW;0;rpm;0;KVar;0;%;0,10947129195499998;Mill.m3;83,60256369724041;l/s;0;m3/s;624398,125;t;26,39999962;%;0;None;98,68333623053687;mKVs;0;None;10,150449541861109;mm;0;m3/s;93,38524555555556;bar;0;KVa;-20,207922193916666;cm;72,98086138930556;%;32,39166697803201;cm
2026-02-01 22:00:00.000;150,99737862026277;moh;0;Hz;0;None;0,08352277724041667;m3/s;0;kW;0;rpm;0;KVar;0;%;0,10944902228777778;Mill.m3;83,52002815511212;l/s;0;m3/s;624398,125;t;26,39999962;%;0;None;98,6583343934813;mKVs;0;None;10,157945844761109;mm;0;m3/s;93,27831055555555;bar;0;KVa;-20,266028512777776;cm;72,96601549977778;%;32,391667200259334;cm
2026-02-01 23:00:00.000;150,99627527175875;moh;0;Hz;0;None;0,08351249922702779;m3/s;0;kW;0;rpm;0;KVar;0;%;0,10920612824472223;Mill.m3;83,51357331915091;l/s;0;m3/s;624398,125;t;26,39999962;%;0;None;98,69642911047633;mKVs;0;None;10,222489039205552;mm;0;m3/s;93,34942638888889;bar;0;KVa;-20,372784934333332;cm;72,80408588172222;%;32,38334209295207;cm
2026-02-02 00:00:00.000;150,9969472827188;moh;0;Hz;0;None;0,0834841659721111;m3/s;0;kW;0;rpm;0;KVar;0;%;0,10965427869277777;Mill.m3;83,478543825644;l/s;0;m3/s;624398,125;t;26,39999962;%;0;None;98,7213500333192;mKVs;0;None;10,102546056713889;mm;0;m3/s;93,26308916666666;bar;0;KVa;-20,31629350472222;cm;73,1028531196389;%;32,39166752083694;cm
2026-02-02 01:00:00.000;150,99559607161706;moh;0;Hz;0;None;0,08357694405886111;m3/s;0;kW;0;rpm;0;KVar;0;%;0,1090114172511111;Mill.m3;83,57777616856647;l/s;0;m3/s;624398,125;t;26,39999962;%;0;None;98,72032568782774;mKVs;0;None;10,274287755677777;mm;0;m3/s;93,20643444444444;bar;0;KVa;-20,45514000511111;cm;72,67427792161111;%;32,40000153;cm
2026-02-02 02:00:00.000;150,9960796868028;moh;0;Hz;0;None;0,08361388877680553;m3/s;0;kW;0;rpm;0;KVar;0;%;0,10924155326416668;Mill.m3;83,62006031623218;l/s;0;m3/s;624398,125;t;26,39999962;%;0;None;98,67499858222972;mKVs;0;None;10,211551030738889;mm;0;m3/s;93,32831583333333;bar;0;KVa;-20,384771557416666;cm;72,82770307508333;%;32,39166700581043;cm
2026-02-02 03:00:00.000;150,9953763325235;moh;0;Hz;0;None;0,08356333284155554;m3/s;0;kW;0;rpm;0;KVar;0;%;0,10900098955222225;Mill.m3;83,56894082036757;l/s;0;m3/s;624398,125;t;26,39999962;%;0;None;98,70000125102159;mKVs;0;None;10,277744293225;mm;0;m3/s;93,01624527777778;bar;0;KVa;-20,47198401472222;cm;72,66732678091667;%;32,383334759450804;cm
2026-02-02 04:00:00.000;150,99569592774873;moh;0;Hz;0;None;0,08348499927825002;m3/s;0;kW;0;rpm;0;KVar;0;%;0,10904567317166669;Mill.m3;83,48001450053972;l/s;0;m3/s;624398,125;t;26,39999962;%;0;None;98,71667307496813;mKVs;0;None;10,267086453522221;mm;0;m3/s;92,91247472222223;bar;0;KVa;-20,438245137055556;cm;72,69711556072222;%;32,39165924291629;cm
2026-02-02 05:00:00.000;150,99478500153853;moh;0;Hz;0;None;0,08358583305669445;m3/s;0;kW;0;rpm;0;KVar;0;%;0,10897374547083333;Mill.m3;83,58480840186208;l/s;0;m3/s;624398,125;t;26,39999962;%;0;None;98,70833812134853;mKVs;0;None;10,284923342566664;mm;0;m3/s;93,53077333333333;bar;0;KVa;-20,522592332444443;cm;72,64916358636111;%;32,40000153;cm
2026-02-02 06:00:00.000;150,994546944798;moh;0;Hz;0;None;0,0834641656341111;m3/s;0;kW;0;rpm;0;KVar;0;%;0,10900756905611111;Mill.m3;83,45944723492764;l/s;0;m3/s;624398,125;t;26,39999962;%;0;None;98,75934081233088;mKVs;0;None;10,275028230822224;mm;0;m3/s;93,64109;bar;0;KVa;-20,54987165386111;cm;72,67171183819444;%;32,37500098527841;cm
2026-02-02 07:00:00.000;150,99389642485778;moh;0;Hz;0;None;0,08342666547505555;m3/s;0;kW;0;rpm;0;KVar;0;%;0,10888794819388889;Mill.m3;83,42940570658648;l/s;0;m3/s;624398,125;t;26,39999962;%;0;None;98,70734122030795;mKVs;0;None;10,307474986566666;mm;0;m3/s;92,91731388888888;bar;0;KVa;-20,615772668694444;cm;72,59196535880555;%;32,374996901851574;cm
2026-02-02 08:00:00.000;150,99422668187552;moh;0;Hz;0;None;0,08346472121969445;m3/s;0;kW;0;rpm;0;KVar;0;%;0,1090152312805556;Mill.m3;83,46389405127543;l/s;0;m3/s;624398,125;t;26,39999962;%;0;None;98,71514074038546;mKVs;0;None;10,272333570316666;mm;0;m3/s;93,28385416666667;bar;0;KVa;-20,56854247825;cm;72,67682173155555;%;32,3778772178093;cm
2026-02-02 09:00:00.000;150,99448665797425;moh;0;Hz;0;None;0,08330027601875001;m3/s;0;kW;0;rpm;0;KVar;0;%;0,10879682759805558;Mill.m3;83,29938942598164;l/s;0;m3/s;624398,125;t;26,39999962;%;0;None;98,77133896384164;mKVs;0;None;10,33318498595278;mm;0;m3/s;93,72411777777778;bar;0;KVa;-20,543484157166667;cm;72,53121840283333;%;32,3499943848626;cm
2026-02-02 10:00:00.000;150,99405671442028;moh;0;Hz;0;None;0,08341833212472222;m3/s;0;kW;0;rpm;0;KVar;0;%;0,10858553622138889;Mill.m3;83,41944956628467;l/s;0;m3/s;624398,125;t;26,39999962;%;0;None;98,74166924807638;mKVs;0;None;10,390896480311111;mm;0;m3/s;93,10775972222223;bar;0;KVa;-20,613276164416668;cm;72,39035744311111;%;32,37966595321485;cm
2026-02-02 11:00:00.000;150,9952373212607;moh;0;Hz;0;None;0,08363388899097221;m3/s;0;kW;0;rpm;0;KVar;0;%;0,10922754978444445;Mill.m3;83,62813536830501;l/s;0;m3/s;624398,125;t;26,39999962;%;0;None;98,77867504299019;mKVs;0;None;10,218542525083333;mm;0;m3/s;93,47112583333333;bar;0;KVa;-20,455106096861112;cm;72,81836598825;%;32,3750009575;cm
2026-02-02 12:00:00.000;151,00445246482423;moh;0;Hz;0;None;0,08425194679363888;m3/s;0;kW;0;rpm;0;KVar;0;%;0,11099617002138888;Mill.m3;84,25188554941994;l/s;0;m3/s;624398,125;t;26,39999962;%;0;None;98,72500383834156;mKVs;0;None;9,75287501044722;mm;0;m3/s;93,56048388888888;bar;0;KVa;-19,571647643305557;cm;73,99744763022223;%;32,4879928353585;cm
2026-02-02 13:00:00.000;151,0142233210535;moh;0;Hz;0;None;0,08442639195597222;m3/s;0;kW;0;rpm;0;KVar;0;%;0,11279974894999999;Mill.m3;84,43137631907615;l/s;0;m3/s;624398,125;t;26,39999962;%;0;None;98,72500389194913;mKVs;0;None;9,300201204308335;mm;0;m3/s;92,8470075;bar;0;KVa;-18,567123413972222;cm;75,19983429366667;%;32,52500168363655;cm
2026-02-02 14:00:00.000;151,0237320005036;moh;0;Hz;0;None;0,08494388837819446;m3/s;0;kW;0;rpm;0;KVar;0;%;0,11488276114777779;Mill.m3;84,9509189602479;l/s;0;m3/s;624398,125;t;26,39999962;%;0;None;98,72965979293497;mKVs;0;None;8,779309590799999;mm;0;m3/s;93,56349138888889;bar;0;KVa;-17,629750569583333;cm;76,5885081813611;%;32,60097749564711;cm
2026-02-02 15:00:00.000;151,03075899705973;moh;0;Hz;0;None;0,08501166573013888;m3/s;0;kW;0;rpm;0;KVar;0;%;0,11629741070249998;Mill.m3;85,00580066237092;l/s;0;m3/s;624398,125;t;26,39999962;%;0;None;98,75000625940704;mKVs;0;None;8,425646887783335;mm;0;m3/s;93,63947833333333;bar;0;KVa;-16,921878388722224;cm;77,53160769263889;%;32,620348950913545;cm
2026-02-02 16:00:00.000;151,0356607715765;moh;0;Hz;0;None;0,08504027653861113;m3/s;0;kW;0;rpm;0;KVar;0;%;0,11717444631972222;Mill.m3;85,03825691999384;l/s;0;m3/s;624398,125;t;26,39999962;%;0;None;98,72034918759128;mKVs;0;None;8,206388685588887;mm;0;m3/s;93,18350805555555;bar;0;KVa;-16,43334282988889;cm;78,1162982731389;%;32,60833476081318;cm
2026-02-02 17:00:00.000;151,0379661766243;moh;0;Hz;0;None;0,08499388777472223;m3/s;0;kW;0;rpm;0;KVar;0;%;0,1175742176763889;Mill.m3;84,99627470001379;l/s;0;m3/s;624398,125;t;26,39999962;%;0;None;98,75929725743899;mKVs;0;None;8,106445736375;mm;0;m3/s;93,37116833333333;bar;0;KVa;-16,21011098275;cm;78,38281177886111;%;32,61667814596661;cm
2026-02-02 18:00:00.000;151,04017461302618;moh;0;Hz;0;None;0,08516972031819445;m3/s;0;kW;0;rpm;0;KVar;0;%;0,1180225037627778;Mill.m3;85,17111669808904;l/s;0;m3/s;624398,125;t;26,39999962;%;0;None;98,80000635800478;mKVs;0;None;7,994374169316667;mm;0;m3/s;93,4164525;bar;0;KVa;-15,982110766166667;cm;78,68166914894445;%;32,624998601995024;cm
2026-02-02 19:00:00.000;151,04011864566203;moh;0;Hz;0;None;0,08519555350930555;m3/s;0;kW;0;rpm;0;KVar;0;%;0,11804310218583333;Mill.m3;85,19922175645061;l/s;0;m3/s;624398,125;t;26,39999962;%;0;None;98,79070574984155;mKVs;0;None;7,989224327980557;mm;0;m3/s;88,12210444444445;bar;0;KVa;-15,991774665305556;cm;78,69540187019444;%;32,63798426442246;cm
2026-02-02 20:00:00.000;151,04032369544308;moh;0;Hz;0;None;0,08501222117055557;m3/s;0;kW;0;rpm;0;KVar;0;%;0,11795532190888888;Mill.m3;85,01443657686592;l/s;0;m3/s;624398,125;t;26,39999962;%;0;None;98,76298492360843;mKVs;0;None;8,011169433613889;mm;0;m3/s;92,9773563888889;bar;0;KVa;-15,969280667833333;cm;78,63688233791666;%;32,603686470848515;cm
2026-02-02 21:00:00.000;151,04155647158004;moh;0;Hz;0;None;0,08504194331666666;m3/s;0;kW;0;rpm;0;KVar;0;%;0,11839785267916668;Mill.m3;85,03696991489377;l/s;0;m3/s;624398,125;t;26,39999962;%;0;None;98,79167329022557;mKVs;0;None;7,900536855191666;mm;0;m3/s;92,88133944444445;bar;0;KVa;-15,843060810611112;cm;78,93190133822222;%;32,62500079640589;cm
2026-02-02 22:00:00.000;151,04192421632106;moh;0;Hz;0;None;0,0849063884051389;m3/s;0;kW;0;rpm;0;KVar;0;%;0,11841535828416666;Mill.m3;84,90416297396708;l/s;0;m3/s;624398,125;t;26,39999962;%;0;None;98,80000480164011;mKVs;0;None;7,896160549538889;mm;0;m3/s;93,24654166666667;bar;0;KVa;-15,804540847222222;cm;78,94357268044445;%;32,60000229;cm
2026-02-02 23:00:00.000;151,04172399375952;moh;0;Hz;0;None;0,08509249869347223;m3/s;0;kW;0;rpm;0;KVar;0;%;0,11839994735361112;Mill.m3;85,0993643832288;l/s;0;m3/s;624398,125;t;26,39999962;%;0;None;98,74999701038145;mKVs;0;None;7,90001339368889;mm;0;m3/s;93,1047125;bar;0;KVa;-15,842492845916667;cm;78,93329741061112;%;32,61298153585894;cm
2026-02-03 00:00:00.000;151,0414705777807;moh;0;Hz;0;None;0,08492583293097222;m3/s;0;kW;0;rpm;0;KVar;0;%;0,11824766451472221;Mill.m3;84,92146578666484;l/s;0;m3/s;624398,125;t;26,39999962;%;0;None;98,77500346111007;mKVs;0;None;7,9380840724083335;mm;0;m3/s;92,84054027777778;bar;0;KVa;-15,858912999083334;cm;78,83177585561111;%;32,60369381685211;cm
2026-02-03 01:00:00.000;151,04155109935317;moh;0;Hz;0;None;0,08496138796972222;m3/s;0;kW;0;rpm;0;KVar;0;%;0,11834127648777776;Mill.m3;84,96192709837348;l/s;0;m3/s;624398,125;t;26,39999962;%;0;None;98,80003180039667;mKVs;0;None;7,914680904688891;mm;0;m3/s;93,62681694444444;bar;0;KVa;-15,844349332305555;cm;78,89418404858333;%;32,614753286528526;cm
2026-02-03 02:00:00.000;151,0415669512211;moh;0;Hz;0;None;0,08524666440958333;m3/s;0;kW;0;rpm;0;KVar;0;%;0,11813866627277778;Mill.m3;85,25239388077607;l/s;0;m3/s;624398,125;t;26,39999962;%;0;None;98,80833042508861;mKVs;0;None;7,965333726502781;mm;0;m3/s;93,46053277777777;bar;0;KVa;-15,836719938111111;cm;78,75911034316667;%;32,6546249820378;cm
2026-02-03 03:00:00.000;151,04181248980535;moh;0;Hz;0;None;0,08536471939736112;m3/s;0;kW;0;rpm;0;KVar;0;%;0,11830554467583333;Mill.m3;85,36666168446399;l/s;0;m3/s;624398,125;t;26,39999962;%;0;None;98,79167412354559;mKVs;0;None;7,923613654036111;mm;0;m3/s;93,10836055555555;bar;0;KVa;-15,810000101833333;cm;78,87036291791667;%;32,66666729778755;cm
2026-02-03 04:00:00.000;151,04177041718742;moh;0;Hz;0;None;0,0851394426901389;m3/s;0;kW;0;rpm;0;KVar;0;%;0,11838905261333334;Mill.m3;85,14088787912577;l/s;0;m3/s;624398,125;t;26,39999962;%;0;None;98,79999796924434;mKVs;0;None;7,902736663949999;mm;0;m3/s;92,8660561111111;bar;0;KVa;-15,827954609138889;cm;78,92603611411111;%;32,637025695755455;cm
2026-02-03 05:00:00.000;151,040735796548;moh;0;Hz;0;None;0,08548332999166666;m3/s;0;kW;0;rpm;0;KVar;0;%;0,1180548422188889;Mill.m3;85,48344236840778;l/s;0;m3/s;624398,125;t;26,39999962;%;0;None;98,81202898044369;mKVs;0;None;7,986289130383336;mm;0;m3/s;93,28733666666666;bar;0;KVa;-15,925059847222222;cm;78,70322861219445;%;32,683350070315;cm
2026-02-03 06:00:00.000;151,0395003384988;moh;0;Hz;0;None;0,08516249805625002;m3/s;0;kW;0;rpm;0;KVar;0;%;0,1178747637888889;Mill.m3;85,16572853505497;l/s;0;m3/s;624398,125;t;26,39999962;%;0;None;98,78425918023659;mKVs;0;None;8,031308915958334;mm;0;m3/s;93,66331916666667;bar;0;KVa;-16,051483153833335;cm;78,58317657116666;%;32,637962875860815;cm
2026-02-03 07:00:00.000;151,03978164309947;moh;0;Hz;0;None;0,08548527442763888;m3/s;0;kW;0;rpm;0;KVar;0;%;0,11789265086194443;Mill.m3;85,48332628558192;l/s;0;m3/s;624398,125;t;26,39999962;%;0;None;98,79537334426158;mKVs;0;None;8,026837243000001;mm;0;m3/s;93,21698361111112;bar;0;KVa;-16,025619506;cm;78,59510027452778;%;32,6833334872354;cm
2026-02-03 08:00:00.000;151,04024078086468;moh;0;Hz;0;None;0,08521305339152778;m3/s;0;kW;0;rpm;0;KVar;0;%;0,11805730226861112;Mill.m3;85,20849212589394;l/s;0;m3/s;624398,125;t;26,39999962;%;0;None;98,8100173160362;mKVs;0;None;7,985674540141668;mm;0;m3/s;93,58787777777778;bar;0;KVa;-15,97772386461111;cm;78,70486844441666;%;32,64407189350253;cm
2026-02-03 09:00:00.000;151,0398475147053;moh;0;Hz;0;None;0,08554527420166666;m3/s;0;kW;0;rpm;0;KVar;0;%;0,11800081016111111;Mill.m3;85,54811279580626;l/s;0;m3/s;624398,125;t;26,39999962;%;0;None;98,80475622977518;mKVs;0;None;7,999797397169444;mm;0;m3/s;93,88077638888889;bar;0;KVa;-16,008237202472223;cm;78,66720752925;%;32,69166597085756;cm
2026-02-03 10:00:00.000;151,03980402166025;moh;0;Hz;0;None;0,08549444211888887;m3/s;0;kW;0;rpm;0;KVar;0;%;0,11787535012916668;Mill.m3;85,48848587959652;l/s;0;m3/s;624398,125;t;26,39999962;%;0;None;98,79486210171365;mKVs;0;None;8,031162685736112;mm;0;m3/s;93,1208461111111;bar;0;KVa;-16,00485060036111;cm;78,58356632522222;%;32,68526081969115;cm
2026-02-03 11:00:00.000;151,04049150056926;moh;0;Hz;0;None;0,0854249969125;m3/s;0;kW;0;rpm;0;KVar;0;%;0,11804394246999998;Mill.m3;85,42500215165391;l/s;0;m3/s;624398,125;t;26,39999962;%;0;None;98,76600454524478;mKVs;0;None;7,98901451941389;mm;0;m3/s;93,52989222222222;bar;0;KVa;-15,950274998083334;cm;78,69596086972223;%;32,67500155916029;cm
2026-02-03 12:00:00.000;151,0384448640406;moh;0;Hz;0;None;0,08554166307083333;m3/s;0;kW;0;rpm;0;KVar;0;%;0,11760670147583335;Mill.m3;85,54166091946401;l/s;0;m3/s;624398,125;t;26,39999962;%;0;None;98,73397742438715;mKVs;0;None;8,098324669816668;mm;0;m3/s;93,26684972222222;bar;0;KVa;-16,152805752777777;cm;78,40446756102777;%;32,691666915287556;cm
2026-02-03 13:00:00.000;151,03901511113077;moh;0;Hz;0;None;0,08539388558580555;m3/s;0;kW;0;rpm;0;KVar;0;%;0,11787676451861111;Mill.m3;85,63381581436978;l/s;0;m3/s;624398,125;t;26,39999962;%;0;None;98,76948543374618;mKVs;0;None;8,030808766638891;mm;0;m3/s;94,18010416666667;bar;0;KVa;-16,100218031083333;cm;78,58450980808334;%;32,70563684099694;cm
2026-02-03 14:00:00.000;151,0382059291006;moh;0;Hz;0;None;0,08548888719447223;m3/s;0;kW;0;rpm;0;KVar;0;%;0,11728353024694442;Mill.m3;85,727321599894;l/s;0;m3/s;624398,125;t;26,39999962;%;0;None;98,7452226659305;mKVs;0;None;8,074950748025;mm;0;m3/s;93,75133416666667;bar;0;KVa;-16,1382454775;cm;78,18902085552777;%;32,72122074300691;cm
2026-02-03 15:00:00.000;151,0384399014292;moh;0;Hz;0;None;0,08564999699666667;m3/s;0;kW;0;rpm;0;KVar;0;%;0,11770177203888887;Mill.m3;85,6499868123761;l/s;0;m3/s;624398,125;t;26,39999962;%;0;None;98,7490117222577;mKVs;0;None;8,074556986622223;mm;0;m3/s;93,47819861111111;bar;0;KVa;-16,159676445888888;cm;78,46784816430555;%;32,70833193891971;cm
2026-02-03 16:00:00.000;151,03910851572263;moh;0;Hz;0;None;0,08573860931827779;m3/s;0;kW;0;rpm;0;KVar;0;%;0,11790127280500001;Mill.m3;85,73704253440967;l/s;0;m3/s;624398,125;t;26,39999962;%;0;None;98,80882708503927;mKVs;0;None;8,024681939074998;mm;0;m3/s;93,26297777777778;bar;0;KVa;-16,08658684813889;cm;78,60084889733334;%;32,7249946300874;cm
2026-02-03 17:00:00.000;151,03935778924978;moh;0;Hz;0;None;0,08573083157450001;m3/s;0;kW;0;rpm;0;KVar;0;%;0,11795566976138891;Mill.m3;85,7340834197087;l/s;0;m3/s;624398,125;t;26,39999962;%;0;None;98,71716526443824;mKVs;0;None;8,011082543433332;mm;0;m3/s;90,77930888888889;bar;0;KVa;-16,06636894961111;cm;78,63711323202777;%;32,72451169298371;cm
2026-02-03 18:00:00.000;151,03778032042166;moh;0;Hz;0;None;0,085704997928;m3/s;0;kW;0;rpm;0;KVar;0;%;0,11746564156444446;Mill.m3;85,70293418488468;l/s;0;m3/s;624398,125;t;26,39999962;%;0;None;98,70835006819195;mKVs;0;None;8,133589426922226;mm;0;m3/s;90,895965;bar;0;KVa;-16,204931469083334;cm;78,31042874608333;%;32,717156277009956;cm
2026-02-03 19:00:00.000;151,03736607107362;moh;0;Hz;0;None;0,08572138688727778;m3/s;0;kW;0;rpm;0;KVar;0;%;0,11742827492833334;Mill.m3;85,72213578383828;l/s;0;m3/s;624398,125;t;26,39999962;%;0;None;98,74069309712944;mKVs;0;None;8,142931196611112;mm;0;m3/s;93,37968222222223;bar;0;KVa;-16,25225914725;cm;78,28551741663888;%;32,724514831824884;cm
2026-02-03 20:00:00.000;151,03998650154176;moh;0;Hz;0;None;0,08593333388499999;m3/s;0;kW;0;rpm;0;KVar;0;%;0,11795677227583336;Mill.m3;85,93352689764521;l/s;0;m3/s;624398,125;t;26,39999962;%;0;None;98,78382799364232;mKVs;0;None;8,010807037444442;mm;0;m3/s;92,95824166666667;bar;0;KVa;-15,988316006027778;cm;78,637848175;%;32,7588205445702;cm
2026-02-03 21:00:00.000;151,04463919054984;moh;0;Hz;0;None;0,08600389129811109;m3/s;0;kW;0;rpm;0;KVar;0;%;0,11894036177277782;Mill.m3;86,0071105119679;l/s;0;m3/s;624398,125;t;26,39999962;%;0;None;98,80784551901226;mKVs;0;None;7,7649095321861115;mm;0;m3/s;93,62419305555555;bar;0;KVa;-15,544827779416666;cm;79,29357418469445;%;32,766175309687114;cm
2026-02-03 22:00:00.000;151,05122319265564;moh;0;Hz;0;None;0,08637722391099999;m3/s;0;kW;0;rpm;0;KVar;0;%;0,12026058522833334;Mill.m3;86,37123988376904;l/s;0;m3/s;624398,125;t;26,39999962;%;0;None;98,81716137252286;mKVs;0;None;7,434853447736111;mm;0;m3/s;93,05451527777778;bar;0;KVa;-14,877217610666667;cm;80,17372385752778;%;32,84117387646305;cm
2026-02-03 23:00:00.000;151,06512067440298;moh;0;Hz;0;None;0,08683917037861114;m3/s;0;kW;0;rpm;0;KVar;0;%;0,12297439415972222;Mill.m3;86,84026938336119;l/s;0;m3/s;624398,125;t;26,39999962;%;0;None;98,77444852677387;mKVs;0;None;6,756401062094444;mm;0;m3/s;92,93321611111111;bar;0;KVa;-13,496386211861111;cm;81,98293022641667;%;32,891668743062745;cm
2026-02-04 00:00:00.000;151,08634888524276;moh;0;Hz;0;None;0,08770500086238889;m3/s;0;kW;0;rpm;0;KVar;0;%;0,12727258401583336;Mill.m3;87,70761626376532;l/s;0;m3/s;624398,125;t;26,39999962;%;0;None;98,75932092332866;mKVs;0;None;5,681853824166666;mm;0;m3/s;93,55580972222222;bar;0;KVa;-11,373748780349999;cm;84,8483895415;%;33,015675029529575;cm
2026-02-04 01:00:00.000;151,09962494645976;moh;0;Hz;0;None;0,08850666837333333;m3/s;0;kW;0;rpm;0;KVar;0;%;0,13002433891638887;Mill.m3;88,50478922299547;l/s;0;m3/s;624398,125;t;26,39999962;%;0;None;98,78333477891724;mKVs;0;None;4,993915558030555;mm;0;m3/s;93,28224222222222;bar;0;KVa;-10,040639241883332;cm;86,68289224886111;%;33,15833339835377;cm
2026-02-04 02:00:00.000;151,10758623149607;moh;0;Hz;0;None;0,08860666871999999;m3/s;0;kW;0;rpm;0;KVar;0;%;0,13158835648083334;Mill.m3;88,5951965024499;l/s;0;m3/s;624398,125;t;26,39999962;%;0;None;98,81616186165529;mKVs;0;None;4,6029112073361125;mm;0;m3/s;93,1484475;bar;0;KVa;-9,241917928049999;cm;87,72557010686111;%;33,199148828656774;cm
2026-02-04 03:00:00.000;151,11154586381076;moh;0;Hz;0;None;0,08841361351847223;m3/s;0;kW;0;rpm;0;KVar;0;%;0,13227880203944448;Mill.m3;88,41664625452829;l/s;0;m3/s;624398,125;t;26,39999962;%;0;None;98,84117275921088;mKVs;0;None;4,430298275219445;mm;0;m3/s;92,97358777777778;bar;0;KVa;-8,844998677758333;cm;88,18587256469445;%;33,13384218890829;cm
2026-02-04 04:00:00.000;151,1147661730429;moh;0;Hz;0;None;0,08872333498166667;m3/s;0;kW;0;rpm;0;KVar;0;%;0,13290258132472219;Mill.m3;88,72468622539995;l/s;0;m3/s;624398,125;t;26,39999962;%;0;None;98,82549496890599;mKVs;0;None;4,274353451105557;mm;0;m3/s;93,77639444444445;bar;0;KVa;-8,524280124291666;cm;88,60172451716667;%;33,157828155250726;cm
2026-02-04 05:00:00.000;151,11586416186626;moh;0;Hz;0;None;0,08863389041027776;m3/s;0;kW;0;rpm;0;KVar;0;%;0,13317488510805556;Mill.m3;88,62782887125577;l/s;0;m3/s;624398,125;t;26,39999962;%;0;None;98,81716765182165;mKVs;0;None;4,206278059144445;mm;0;m3/s;93,35918472222222;bar;0;KVa;-8,416137695300002;cm;88,78325875438888;%;33,1750041980088;cm
2026-02-04 06:00:00.000;151,11722098593876;moh;0;Hz;0;None;0,08852139109236112;m3/s;0;kW;0;rpm;0;KVar;0;%;0,13343497861749998;Mill.m3;88,52396306299217;l/s;0;m3/s;624398,125;t;26,39999962;%;0;None;98,88181669457062;mKVs;0;None;4,141254424997224;mm;0;m3/s;93,76203277777778;bar;0;KVa;-8,28139411073611;cm;88,95665494986112;%;33,149997275065026;cm
2026-02-04 07:00:00.000;151,11839968530074;moh;4,383779657242626;Hz;0,004693030399061195;None;0,08874889030777777;m3/s;1,4096377777777778;kW;75,779615;rpm;2,82067;KVar;0;%;0,13357917576333334;Mill.m3;88,7466360239122;l/s;0;m3/s;624398,125;t;26,203381846777997;%;0;None;98,91047615744988;mKVs;0;None;4,105205535799999;mm;0;m3/s;93,65141555555556;bar;3,280473333333333;KVa;-8,139817979613891;cm;89,05278576672222;%;33,183844257198274;cm
2026-02-04 08:00:00.000;151,0909052642514;moh;49,97799259959175;Hz;0,9691720326670415;None;2,439979519910306;m3/s;1979,761465;kW;749,8384561111111;rpm;-470,124465;KVar;90,82546545619445;%;0,1283360288747222;Mill.m3;88,03700837002503;l/s;2,3538490187358336;m3/s;624398,7192267362;t;66,3997076840392;%;2,035147135475;None;93,95083172931804;mKVs;0;None;5,415992736933333;mm;0;m3/s;93,90006083333333;bar;2036,6247283333332;KVa;-10,900289748047223;cm;85,55735240488889;%;33,07111465984882;cm
2026-02-04 09:00:00.000;151,05810234690824;moh;49,98068061335529;Hz;0,9906091225690807;None;1,2346760517805557;m3/s;944,9962986111111;kW;749,7704158333333;rpm;-129,17300777777777;KVar;85,62232979716667;%;0,12172565737166667;Mill.m3;86,71561674169573;l/s;1,1479394503444444;m3/s;624399,7173786631;t;36,06886128989646;%;0,9214849422022223;None;97,5285061425462;mKVs;0;None;7,068585289813888;mm;0;m3/s;93,83163944444445;bar;957,8238972222222;KVa;-14,214439392583333;cm;81,15043943297222;%;32,875148197834726;cm
2026-02-04 10:00:00.000;151,03672209542205;moh;50,01441059322425;Hz;0,9993469439504278;None;0,8339038064119444;m3/s;618,0628933333334;kW;750,2404580555556;rpm;-24,204955;KVar;78,7052009366111;%;0,11746420086250002;Mill.m3;85,77655367328612;l/s;0,7483479940138887;m3/s;624400,7126073958;t;26,664740044633458;%;0,6130953622024999;None;98,1707729756895;mKVs;0;None;8,133949703625001;mm;0;m3/s;90,28807416666666;bar;615,7916775;KVa;-16,31038241925;cm;78,30946740008334;%;32,729725475023905;cm
2026-02-04 11:00:00.000;151,01948781620254;moh;50,01076613250523;Hz;0,9991666097136245;None;0,8197462997502778;m3/s;610,2499333333334;kW;750,2499997222222;rpm;-44,46783416666667;KVar;78,43582221241667;%;0,11410791999499997;Mill.m3;85,14787835422833;l/s;0,7346314989916666;m3/s;624401,7125947048;t;26,20000076;%;0,6122450233;None;98,16486104636297;mKVs;0;None;8,973019917866665;mm;0;m3/s;93,34888277777777;bar;611,7451441666667;KVa;-18,036426967583335;cm;76,07194741455555;%;32,62500118528883;cm
2026-02-04 12:00:00.000;151,0028023529148;moh;49,989705676585814;Hz;1;None;0,8173850400655556;m3/s;608,7026577777777;kW;749,7679869444445;rpm;-27,84647027777778;KVar;78,3955281145;%;0,11071035519361114;Mill.m3;84,69088942570845;l/s;0,7327097854708332;m3/s;624402,7126309723;t;26,20000076;%;0,6122450233;None;98,08986522960163;mKVs;0;None;9,831306034261113;mm;0;m3/s;93,40093944444445;bar;608,9035666666666;KVa;-19,71096886361111;cm;73,80690394572223;%;32,5547323626597;cm
2026-02-04 13:00:00.000;150,98645352288978;moh;49,99299171820208;Hz;1;None;0,8169558087961111;m3/s;609,3472922222222;kW;749,9711411111111;rpm;-30,178175833333334;KVar;78,40967996536111;%;0,10727653492444443;Mill.m3;84,04422058110883;l/s;0,7334279340194445;m3/s;624403,7192224652;t;26,20000076;%;0,6122450233;None;98,07335037359427;mKVs;0;None;10,748952864416667;mm;0;m3/s;94,13661305555556;bar;608,5223408333334;KVa;-21,35857899952778;cm;71,51768966452778;%;32,45361421221467;cm
2026-02-04 14:00:00.000;150,97941157393268;moh;1,7865312751740865;Hz;0,006732933306477888;None;0,09817285916855556;m3/s;2,8866738888888888;kW;42,98876777777778;rpm;0,3604088888888889;KVar;1,526603380777778;%;0,10598662403388888;Mill.m3;83,81143361246956;l/s;0,014354247517777778;m3/s;624404,4636315972;t;26,20000076;%;0,0017006806202777777;None;98,71613012184059;mKVs;0;None;11,103678174277778;mm;0;m3/s;93,61506166666666;bar;3,0706783333333334;KVa;-22,043609618333335;cm;70,65775036316667;%;32,416386905457095;cm
2026-02-04 15:00:00.000;150,97945203225746;moh;0;Hz;0;None;0,08383500110633334;m3/s;0;kW;0;rpm;0;KVar;0;%;0,10577099167361112;Mill.m3;83,84332087703987;l/s;0;m3/s;624404,5;t;26,20000076;%;0;None;98,69412183584828;mKVs;0;None;11,162977008333334;mm;0;m3/s;93,427765;bar;0;KVa;-22,053922017333335;cm;70,5139950213889;%;32,42255235652782;cm
2026-02-04 16:00:00.000;150,97884139418778;moh;0;Hz;0;None;0,08371944510494446;m3/s;0;kW;0;rpm;0;KVar;0;%;0,1058155467041667;Mill.m3;83,72377855658833;l/s;0;m3/s;624404,5;t;26,20000076;%;0;None;98,6666688488456;mKVs;0;None;11,150724202916667;mm;0;m3/s;93,77232388888889;bar;0;KVa;-22,120840287333333;cm;70,54369907269445;%;32,41078105684947;cm
2026-02-04 17:00:00.000;150,97948628269822;moh;0;Hz;0;None;0,08380305657649999;m3/s;0;kW;0;rpm;0;KVar;0;%;0,10587229333333337;Mill.m3;83,79905372326918;l/s;0;m3/s;624404,5;t;26,20000076;%;0;None;98,66668601387543;mKVs;0;None;11,135119121666667;mm;0;m3/s;93,29635083333334;bar;0;KVa;-22,05777062288889;cm;70,58152948905555;%;32,41665724738584;cm
2026-02-04 18:00:00.000;150,9790356849767;moh;0;Hz;0;None;0,08383750127283335;m3/s;0;kW;0;rpm;0;KVar;0;%;0,1058521599088889;Mill.m3;83,83010713050108;l/s;0;m3/s;624404,5;t;26,20000076;%;0;None;98,68332728330165;mKVs;0;None;11,140655730805555;mm;0;m3/s;93,25593611111111;bar;0;KVa;-22,09390004547222;cm;70,56810802977778;%;32,422561523120024;cm
2026-02-04 19:00:00.000;150,97952063959255;moh;0;Hz;0;None;0,08368777815077778;m3/s;0;kW;0;rpm;0;KVar;0;%;0,10584350542999998;Mill.m3;83,68110040679971;l/s;0;m3/s;624404,5;t;26,20000076;%;0;None;98,62844650580946;mKVs;0;None;11,143035888305555;mm;0;m3/s;93,50983916666667;bar;0;KVa;-22,065489026222224;cm;70,56233717491666;%;32,39411217291458;cm
2026-02-04 20:00:00.000;150,97884344863513;moh;4,619335262744508;Hz;0,047163629227828054;None;0,09601566131572221;m3/s;15,045104722222222;kW;78,19362416666667;rpm;8,493055277777778;KVar;2,7114916484166667;%;0,10569220499500002;Mill.m3;83,84521129223083;l/s;0,012160104346944445;m3/s;624404,5135595486;t;25,44902810188986;%;0;None;98,60454533654078;mKVs;0;None;11,184643217166666;mm;0;m3/s;93,86549166666667;bar;18,53472222222222;KVa;-22,139138116166666;cm;70,46147132447223;%;32,43577030327902;cm
2026-02-04 21:00:00.000;150,96817021365402;moh;49,99857606637864;Hz;0,9958335291260855;None;0,8127407272741668;m3/s;607,3769777777778;kW;749,7500194444444;rpm;-68,22136777777777;KVar;78,298317466;%;0,10364205248166668;Mill.m3;83,2297911417971;l/s;0,7295137595947223;m3/s;624405,160419323;t;26,847911844989234;%;0,6105443426797221;None;98,08485007538904;mKVs;0;None;11,748435550833333;mm;0;m3/s;93,67652138888889;bar;609,5275186111111;KVa;-23,175023396361112;cm;69,09470146941666;%;32,36767636718295;cm
2026-02-04 22:00:00.000;150,95038735327887;moh;50,0134309077029;Hz;0,9756868996859545;None;0,8149963774580559;m3/s;608,4798022222222;kW;750,4166088888888;rpm;-129,28413333333333;KVar;78,38953399869445;%;0,10017546752674998;Mill.m3;82,5765975822304;l/s;0,7324238540402778;m3/s;624406,1604526215;t;27,054882152995834;%;0,6122450233;None;97,92256829475772;mKVs;0;None;12,701746411583333;mm;0;m3/s;93,54466222222223;bar;623,5655986111111;KVa;-24,949790105805555;cm;66,78364637211111;%;32,24167232102709;cm
2026-02-04 23:00:00.000;150,93326159248;moh;49,993625233770864;Hz;0,9779625525767975;None;0,8132757518013891;m3/s;607,5500402777777;kW;749,9475469444444;rpm;-122,51553916666667;KVar;78,36952457355555;%;0,09682516213344446;Mill.m3;82,27377186543677;l/s;0,7314696439530556;m3/s;624407,1604593402;t;27,20000076;%;0,6122450233;None;97,91685707351367;mKVs;0;None;13,62308014913889;mm;0;m3/s;93,781605;bar;621,5985219444444;KVa;-26,664678785444444;cm;64,55010895141666;%;32,19981776444822;cm
2026-02-05 00:00:00.000;150,91520545464712;moh;50,05034335602896;Hz;0,9547583751959213;None;0,8097063874233332;m3/s;604,7049202777778;kW;750,7256216666667;rpm;-190,38132027777777;KVar;78,29493226019444;%;0,09310201754194446;Mill.m3;81,80583702590414;l/s;0,7279121671872222;m3/s;624408,1605115278;t;27,47641172796553;%;0,6122450233;None;97,90487228488648;mKVs;0;None;14,646944894694444;mm;0;m3/s;93,77957583333334;bar;634,6616719444445;KVa;-28,46259222922222;cm;62,06801239763889;%;32,12256222470868;cm
2026-02-05 01:00:00.000;150,90740310918176;moh;1,7739029610392583;Hz;0,007148430407100751;None;0,09553339665783336;m3/s;2,6952716666666667;kW;43,043144444444444;rpm;0,10192333333333334;KVar;1,5245119730555556;%;0,09141771814049997;Mill.m3;81,27199380468802;l/s;0,014254504277222222;m3/s;624408,9416670486;t;27,60000038;%;0,0017006806202777777;None;98,60193675736583;mKVs;0;None;15,110127131527777;mm;0;m3/s;94,27953277777777;bar;2,837058888888889;KVa;-29,262822468;cm;60,945145756972224;%;32,03923166867787;cm
2026-02-05 02:00:00.000;150,9082490868774;moh;0;Hz;0;None;0,08117222430133332;m3/s;0;kW;0;rpm;0;KVar;0;%;0,09169519102955553;Mill.m3;81,17157289126143;l/s;0;m3/s;624409;t;27,60000038;%;0;None;98,55243238155208;mKVs;0;None;15,033822163;mm;0;m3/s;93,80498805555555;bar;0;KVa;-29,17131212;cm;61,130127534833335;%;32,02499501681722;cm
2026-02-05 03:00:00.000;150,90719657985474;moh;0;Hz;0;None;0,08133139128283334;m3/s;0;kW;0;rpm;0;KVar;0;%;0,09151448473075;Mill.m3;81,33130402708353;l/s;0;m3/s;624409;t;27,60000038;%;0;None;98,57498148572071;mKVs;0;None;15,083516436083332;mm;0;m3/s;93,25918194444445;bar;0;KVa;-29,277216593055556;cm;61,00965678847222;%;32,04166959310072;cm
2026-02-05 04:00:00.000;150,9074828791475;moh;0;Hz;0;None;0,08114055689183333;m3/s;0;kW;0;rpm;0;KVar;0;%;0,09151165334477777;Mill.m3;81,14306123667215;l/s;0;m3/s;624409;t;27,60000038;%;0;None;98,58088657223061;mKVs;0;None;15,084295057972222;mm;0;m3/s;94,02983583333334;bar;0;KVa;-29,25388760061111;cm;61,00776907513889;%;32,024998572454194;cm
2026-02-05 05:00:00.000;150,9083020369819;moh;0;Hz;0;None;0,08127916875600001;m3/s;0;kW;0;rpm;0;KVar;0;%;0,09176572946355556;Mill.m3;81,27986199194437;l/s;0;m3/s;624409;t;27,60000038;%;0;None;98,5308999139111;mKVs;0;None;15,014424215583333;mm;0;m3/s;93,45841527777777;bar;0;KVa;-29,182162814694443;cm;61,17715274897222;%;32,04167442654473;cm
2026-02-05 06:00:00.000;150,9076152130243;moh;0;Hz;0;None;0,08118111300966666;m3/s;0;kW;0;rpm;0;KVar;0;%;0,09162472946077777;Mill.m3;81,18270841356936;l/s;0;m3/s;624409;t;27,60000038;%;0;None;98,55834257734192;mKVs;0;None;15,053199129777777;mm;0;m3/s;93,7672861111111;bar;0;KVa;-29,23708597675;cm;61,08315350197222;%;32,02741921121889;cm
2026-02-05 07:00:00.000;150,90655872636708;moh;0;Hz;0;None;0,08108305825633336;m3/s;0;kW;0;rpm;0;KVar;0;%;0,09135012268775002;Mill.m3;81,08624948230081;l/s;0;m3/s;624409;t;27,60000038;%;0;None;98,51666088397347;mKVs;0;None;15,128716148472222;mm;0;m3/s;93,35629777777778;bar;0;KVa;-29,340777925416667;cm;60,900082175222224;%;31,997576207189447;cm
2026-02-05 08:00:00.000;150,905913401482;moh;0;Hz;0;None;0,06314000321816667;m3/s;0;kW;0;rpm;0;KVar;0;%;0,09116755078316667;Mill.m3;81,30154810648415;l/s;0;m3/s;624409;t;27,60000038;%;0;None;98,5;mKVs;0;None;15,178923285166666;mm;0;m3/s;91,00043055555555;bar;0;KVa;-29,407882688083333;cm;60,77836786933333;%;32,0774177728264;cm
2026-02-05 09:00:00.000;150,90604613064818;moh;0;Hz;0;None;0,081223338098;m3/s;0;kW;0;rpm;0;KVar;0;%;0,091173866475;Mill.m3;81,22696922018886;l/s;0;m3/s;624409;t;27,60000038;%;0;None;98,5;mKVs;0;None;15,17718653775;mm;0;m3/s;94,57347583333333;bar;0;KVa;-29,395281471305555;cm;60,78257809741667;%;32,10000229;cm
2026-02-05 10:00:00.000;150,9066956172128;moh;0;Hz;0;None;0,08141111582666669;m3/s;0;kW;0;rpm;0;KVar;0;%;0,09131106842116665;Mill.m3;81,40658847493563;l/s;0;m3/s;624409;t;27,60000038;%;0;None;98,5;mKVs;0;None;15,1394560035;mm;0;m3/s;94,05294666666667;bar;0;KVa;-29,33166503611111;cm;60,874046812833335;%;32,10000229;cm
2026-02-05 11:00:00.000;150,90687114457126;moh;0;Hz;0;None;0,08129055955566666;m3/s;0;kW;0;rpm;0;KVar;0;%;0,09132640332966666;Mill.m3;81,50993175275724;l/s;0;m3/s;624409;t;27,60000038;%;0;None;98,50935660684172;mKVs;0;None;15,13523885625;mm;0;m3/s;94,21533083333334;bar;0;KVa;-29,312600027416668;cm;60,88426991608333;%;32,0832399061502;cm
2026-02-05 12:00:00.000;150,90664228592001;moh;0;Hz;0;None;0,08127361318916666;m3/s;0;kW;0;rpm;0;KVar;0;%;0,09127362472044444;Mill.m3;81,27441697901128;l/s;0;m3/s;624409;t;27,60000038;%;0;None;98,51666899496048;mKVs;0;None;15,149752933777778;mm;0;m3/s;93,0412675;bar;0;KVa;-29,34150271858333;cm;60,849083509083336;%;32,041669037532444;cm
2026-02-05 13:00:00.000;150,90708286674996;moh;0;Hz;0;None;0,080909724722;m3/s;0;kW;0;rpm;0;KVar;0;%;0,09141809122869445;Mill.m3;81,36339571096399;l/s;0;m3/s;624409;t;27,60000038;%;0;None;98,50808245966981;mKVs;0;None;15,110024555833334;mm;0;m3/s;93,31730055555556;bar;0;KVa;-29,292293123916668;cm;60,94539513033333;%;32,05191452214867;cm
2026-02-05 14:00:00.000;150,9068039664645;moh;0;Hz;0;None;0,08158333724000001;m3/s;0;kW;0;rpm;0;KVar;0;%;0,09140267208794445;Mill.m3;81,58331926099406;l/s;0;m3/s;624409;t;27,60000038;%;0;None;98,48322956214717;mKVs;0;None;15,114265016388888;mm;0;m3/s;93,14916388888889;bar;0;KVa;-29,3197928535;cm;60,935114722583336;%;32,083332686052586;cm
2026-02-05 15:00:00.000;150,90601090988807;moh;0;Hz;0;None;0,0816255590175;m3/s;0;kW;0;rpm;0;KVar;0;%;0,09119511772524999;Mill.m3;81,62175386330443;l/s;0;m3/s;624409;t;27,60000038;%;0;None;98,53499477012738;mKVs;0;None;15,171342212555556;mm;0;m3/s;93,23947027777778;bar;0;KVa;-29,402728610083333;cm;60,79674590513889;%;32,090013881780486;cm
2026-02-05 16:00:00.000;150,90557782964774;moh;0;Hz;0;None;0,08141611396666666;m3/s;0;kW;0;rpm;0;KVar;0;%;0,09127507377527777;Mill.m3;81,41999127570271;l/s;0;m3/s;624409;t;27,60000038;%;0;None;98,50667645340425;mKVs;0;None;15,149354297333334;mm;0;m3/s;93,76697416666667;bar;0;KVa;-29,44749620102778;cm;60,85004964430556;%;32,05999973507358;cm
2026-02-05 17:00:00.000;150,90534310845175;moh;0;Hz;0;None;0,08146666983999999;m3/s;0;kW;0;rpm;0;KVar;0;%;0,09093687302597223;Mill.m3;81,4666767200458;l/s;0;m3/s;624409;t;27,60000038;%;0;None;98,50833198362982;mKVs;0;None;15,242360006972222;mm;0;m3/s;93,05951361111111;bar;0;KVa;-29,437336392305557;cm;60,624581654888885;%;32,06666919335623;cm
2026-02-05 18:00:00.000;150,90602145924322;moh;0;Hz;0;None;0,08133194606083334;m3/s;0;kW;0;rpm;0;KVar;0;%;0,09119824659458331;Mill.m3;81,33011159402453;l/s;0;m3/s;624409;t;27,60000038;%;0;None;98,50000099998469;mKVs;0;None;15,17048199875;mm;0;m3/s;93,5479625;bar;0;KVa;-29,40533531963889;cm;60,79883090202778;%;32,048350038806134;cm
2026-02-05 19:00:00.000;150,9066292803258;moh;0;Hz;0;None;0,08118083471;m3/s;0;kW;0;rpm;0;KVar;0;%;0,09132430826569443;Mill.m3;81,18651855368961;l/s;0;m3/s;624409;t;27,60000038;%;0;None;98,49166262673032;mKVs;0;None;15,135814667083332;mm;0;m3/s;93,37258222222222;bar;0;KVa;-29,321683246944446;cm;60,88287297583334;%;32,02664594351147;cm
2026-02-05 20:00:00.000;150,90396718579052;moh;0;Hz;0;None;0,08122194626866666;m3/s;0;kW;0;rpm;0;KVar;0;%;0,0908108933103611;Mill.m3;81,22268872826072;l/s;0;m3/s;624409;t;27,60000038;%;0;None;98,51830874764966;mKVs;0;None;15,27700403038889;mm;0;m3/s;93,855845;bar;0;KVa;-29,593412608527778;cm;60,540596020083335;%;32,033327124284774;cm
2026-02-05 21:00:00.000;150,90611609160825;moh;0;Hz;0;None;0,08139583532763889;m3/s;0;kW;0;rpm;0;KVar;0;%;0,09126595289774998;Mill.m3;81,38852383744188;l/s;0;m3/s;624409;t;27,60000038;%;0;None;98,56335711395464;mKVs;0;None;15,151862673611111;mm;0;m3/s;93,64616555555556;bar;0;KVa;-29,385876124055557;cm;60,84396904883333;%;32,05669445219911;cm
2026-02-05 22:00:00.000;150,90423112713148;moh;0;Hz;0;None;0,08129166873999999;m3/s;0;kW;0;rpm;0;KVar;0;%;0,09083646829794442;Mill.m3;81,29166799166286;l/s;0;m3/s;624409;t;27,60000038;%;0;None;98,5183211919037;mKVs;0;None;15,269970788916666;mm;0;m3/s;92,90935361111111;bar;0;KVa;-29,570664297333334;cm;60,557646180333336;%;32,04166753749809;cm
2026-02-05 23:00:00.000;150,90369190593222;moh;0;Hz;0;None;0,08128777982666666;m3/s;0;kW;0;rpm;0;KVar;0;%;0,09067525147394444;Mill.m3;81,29167713061155;l/s;0;m3/s;624409;t;27,60000038;%;0;None;98,55164076323366;mKVs;0;None;15,314305623138889;mm;0;m3/s;93,50046194444444;bar;0;KVa;-29,62677849386111;cm;60,45016774105556;%;32,04166884308355;cm
2026-02-06 00:00:00.000;150,90322934278254;moh;0;Hz;0;None;0,08120305730833334;m3/s;0;kW;0;rpm;0;KVar;0;%;0,09075882790700002;Mill.m3;81,21013732611169;l/s;0;m3/s;624409;t;27,60000038;%;0;None;98,50833303916922;mKVs;0;None;15,291322283416667;mm;0;m3/s;93,07288027777778;bar;0;KVa;-29,666684467416665;cm;60,50588513541667;%;32,03497877321779;cm
2026-02-06 01:00:00.000;150,90131662184982;moh;0;Hz;0;None;0,08140833614000001;m3/s;0;kW;0;rpm;0;KVar;0;%;0,09022089642391665;Mill.m3;81,40829439361663;l/s;0;m3/s;624409;t;27,60000038;%;0;None;98,49836030286554;mKVs;0;None;15,439253486833334;mm;0;m3/s;93,572765;bar;0;KVa;-29,857042100083333;cm;60,14726423788889;%;32,05832872458609;cm
2026-02-06 02:00:00.000;150,90283251949427;moh;0;Hz;0;None;0,08151917017000002;m3/s;0;kW;0;rpm;0;KVar;0;%;0,09049347715688891;Mill.m3;81,51353774887103;l/s;0;m3/s;624409;t;27,60000038;%;0;None;98,49836399725345;mKVs;0;None;15,36429362675;mm;0;m3/s;93,49652416666666;bar;0;KVa;-29,72961849472222;cm;60,32898510947222;%;32,07336373554662;cm
2026-02-06 03:00:00.000;150,90284618082973;moh;0;Hz;0;None;0,08129166874;m3/s;0;kW;0;rpm;0;KVar;0;%;0,09038324896119443;Mill.m3;81,29168665845167;l/s;0;m3/s;624409;t;27,60000038;%;0;None;98,51161104457051;mKVs;0;None;15,394606272722223;mm;0;m3/s;93,40994666666667;bar;0;KVa;-29,699935910666667;cm;60,25549955422222;%;32,041670204225824;cm
2026-02-06 04:00:00.000;150,90201877290056;moh;0;Hz;0;None;0,08128277986616665;m3/s;0;kW;0;rpm;0;KVar;0;%;0,09044254800877778;Mill.m3;81,28529865147696;l/s;0;m3/s;624409;t;27,60000038;%;0;None;98,49836438613637;mKVs;0;None;15,378299498611112;mm;0;m3/s;93,63972583333333;bar;0;KVa;-29,815127054055555;cm;60,29503156861111;%;32,03333506891115;cm
2026-02-06 05:00:00.000;150,90230682028977;moh;0;Hz;0;None;0,08141611396666668;m3/s;0;kW;0;rpm;0;KVar;0;%;0,09042287208180556;Mill.m3;81,41973888516247;l/s;0;m3/s;624409;t;27,60000038;%;0;None;98,48332658844043;mKVs;0;None;15,383710225166666;mm;0;m3/s;93,27823277777777;bar;0;KVa;-29,77914174388889;cm;60,28191432025;%;32,059963678692355;cm
2026-02-06 06:00:00.000;150,90189595915905;moh;5,425726500360326;Hz;0,04333277964636275;None;0,09175700005366667;m3/s;11,983811388888888;kW;90,34130916666666;rpm;7,149920833333334;KVar;2,6302148926111113;%;0,0904920529571389;Mill.m3;81,45523961743717;l/s;0,01082088607888889;m3/s;624409,0092767014;t;26,754516802716573;%;0;None;98,4769375213944;mKVs;0;None;15,36468526938889;mm;0;m3/s;93,39715638888889;bar;14,357971388888888;KVa;-29,81620788413889;cm;60,32803558822222;%;32,065035294829705;cm
2026-02-06 07:00:00.000;150,8895085480122;moh;49,99663099353314;Hz;0,9993298827538406;None;0,7937661374530556;m3/s;595,3990133333333;kW;750,0554363888889;rpm;-6,220085555555555;KVar;77,90671325266666;%;0,08798117740983333;Mill.m3;81,0689322155631;l/s;0,7126925617533334;m3/s;624409,6223020833;t;26,432712050449368;%;0,6000000238;None;97,8410026754812;mKVs;0;None;16,055176202861112;mm;0;m3/s;93,69689111111111;bar;594,8052;KVa;-31,045227051083334;cm;58,65411888855556;%;32,01666532607167;cm
2026-02-06 08:00:00.000;150,84617450414447;moh;50,01418446799026;Hz;0,9717870098464523;None;2,5683417705366662;m3/s;2099,815581111111;kW;750,0670272222222;rpm;-527,5839508333333;KVar;89,98871487391666;%;0,07936935406063889;Mill.m3;79,43486196689636;l/s;2,4889102699927776;m3/s;624410,6223177258;t;71,82629130068617;%;2,1385713609688897;None;92,75601207027302;mKVs;0;None;18,423427583861113;mm;0;m3/s;93,91404;bar;2162,389223611111;KVa;-35,37030961869444;cm;52,91290302280556;%;31,743480389548022;cm
2026-02-06 09:00:00.000;150,80623847368184;moh;50,00766089592525;Hz;0,969999969;None;2,635577894002778;m3/s;2143,434398888889;kW;750,2499852777778;rpm;-517,73521;KVar;89,97966310686111;%;0,07143751103391668;Mill.m3;77,79515196151615;l/s;2,557782958516667;m3/s;624411,6223330729;t;73,1101546213715;%;2,1428570750000002;None;92,61504070783214;mKVs;0;None;20,592080051611113;mm;0;m3/s;93,31442888888888;bar;2202,8913027777776;KVa;-39,36943901925;cm;47,62500837138889;%;31,488408622619602;cm
2026-02-06 10:00:00.000;150,77313430752073;moh;50,00717344525385;Hz;0,9716666201944576;None;2,409249457313889;m3/s;1942,8335219444446;kW;750,0833102777777;rpm;-475,30621388888886;KVar;92,71111562575;%;0,06602616647324999;Mill.m3;76,63422244441385;l/s;2,3326667262138896;m3/s;624412,6223671007;t;64,91865838037887;%;1,9393429078305557;None;93,80983817736082;mKVs;0;None;21,92722786797222;mm;0;m3/s;93,91686694444445;bar;2000,2434544444445;KVa;-42,66895717933333;cm;44,01744545761111;%;31,291734731575424;cm
2026-02-06 11:00:00.000;150,7347249351666;moh;49,98400218393424;Hz;0,9708331820973356;None;2,406502517102778;m3/s;1941,192198888889;kW;749,8333197222222;rpm;-486,1213358333333;KVar;92,75746824522223;%;0,06031661356380554;Mill.m3;75,08480531510561;l/s;2,3313796653277774;m3/s;624413,6223618925;t;64,61667359581747;%;1,938776016;None;93,64167348886177;mKVs;0;None;23,259456846444444;mm;0;m3/s;93,59938583333333;bar;1996,9308391666666;KVa;-46,515892874833334;cm;40,211076948527776;%;31,04349650173815;cm
2026-02-06 12:00:00.000;150,69055011086544;moh;49,978495498542344;Hz;0,969999969;None;2,401713963272223;m3/s;1939,8867311111112;kW;749,8333047222222;rpm;-490,323785;KVar;92,77748088980556;%;0,053657499978472224;Mill.m3;73,30367462885312;l/s;2,328377772538889;m3/s;624414,6223977258;t;64,49350029718723;%;1,938776016;None;93,53333282121851;mKVs;0;None;24,813250013027776;mm;0;m3/s;93,89700361111112;bar;2003,3944280555556;KVa;-50,94698164355555;cm;35,77166790422222;%;30,738416442073337;cm
2026-02-06 13:00:00.000;150,64527945930152;moh;49,99198974500683;Hz;0,969999969;None;2,396427077727777;m3/s;1937,6430213888889;kW;750;rpm;-479,2879788888889;KVar;92,7981277886389;%;0,046857827362333335;Mill.m3;71,30730193739102;l/s;2,325280878313889;m3/s;624415,6224446355;t;64,52638982606928;%;1,938776016;None;93,49300651231776;mKVs;0;None;26,399840248472223;mm;0;m3/s;94,08128722222222;bar;1995,2186177777778;KVa;-55,45280456602778;cm;31,238551612083334;%;30,412675026727953;cm
2026-02-06 14:00:00.000;150,64658225708604;moh;2,2362869878436418;Hz;0,0155621855114845;None;0,11765899695238885;m3/s;16,48358361111111;kW;49,56343416666667;rpm;-2,273096111111111;KVar;2,238590897472222;%;0,04694604799027778;Mill.m3;71,18959820948456;l/s;0,04647066005205556;m3/s;624416,4269218056;t;65;%;0,005385488933333333;None;98,13341361784694;mKVs;0;None;26,379255294194444;mm;0;m3/s;93,94671833333334;bar;17,10103611111111;KVa;-55,35095638652778;cm;31,297365283722222;%;30,378239045436406;cm
2026-02-06 15:00:00.000;150,64792572643225;moh;0;Hz;0;None;0,07136166799347224;m3/s;0;kW;0;rpm;0;KVar;0;%;0,047211386915222205;Mill.m3;71,36070873100516;l/s;0;m3/s;624416,5;t;65;%;0;None;98,04676933775276;mKVs;0;None;26,317343182305557;mm;0;m3/s;93,79235333333334;bar;0;KVa;-55,20657857283334;cm;31,474256940444445;%;30,39838275568782;cm
2026-02-06 16:00:00.000;150,6497163278625;moh;0;Hz;0;None;0,07144666771427778;m3/s;0;kW;0;rpm;0;KVar;0;%;0,04746380452341666;Mill.m3;71,44568468149323;l/s;0;m3/s;624416,5;t;65;%;0;None;97,99995588521179;mKVs;0;None;26,25844552797222;mm;0;m3/s;93,58906527777778;bar;0;KVa;-55,0280083545;cm;31,64253611111111;%;30,409949591136648;cm
2026-02-06 17:00:00.000;150,65223229028476;moh;0;Hz;0;None;0,07123500172863889;m3/s;0;kW;0;rpm;0;KVar;0;%;0,04782349839697222;Mill.m3;71,2352497168121;l/s;0;m3/s;624416,5;t;65;%;0;None;98,01667541152895;mKVs;0;None;26,17451688888889;mm;0;m3/s;93,65876861111111;bar;0;KVa;-54,778484767694444;cm;31,88233266997222;%;30,39838016398326;cm
2026-02-06 18:00:00.000;150,652098433927;moh;0;Hz;0;None;0,07111166901941664;m3/s;0;kW;0;rpm;0;KVar;0;%;0,04780976594216667;Mill.m3;71,1112786990913;l/s;0;m3/s;624416,5;t;65;%;0;None;97,97499841030796;mKVs;0;None;26,177721234722224;mm;0;m3/s;91,66954722222222;bar;0;KVa;-54,78988647336111;cm;31,87317741836111;%;30,368279768815736;cm
2026-02-06 19:00:00.000;150,65219713778677;moh;0;Hz;0;None;0,07106166885575;m3/s;0;kW;0;rpm;0;KVar;0;%;0,047847620758222215;Mill.m3;71,06619431337639;l/s;0;m3/s;624416,5;t;65;%;0;None;97,93332765815784;mKVs;0;None;26,168888514694444;mm;0;m3/s;92,90446972222222;bar;0;KVa;-54,77633158311111;cm;31,898413960777777;%;30,381714111844218;cm
2026-02-06 20:00:00.000;150,65442107577974;moh;0;Hz;0;None;0,07125666795438888;m3/s;0;kW;0;rpm;0;KVar;0;%;0,04818677320572222;Mill.m3;71,26232814745136;l/s;0;m3/s;624416,5;t;65;%;0;None;97,91505407580318;mKVs;0;None;26,089753045;mm;0;m3/s;90,04480722222222;bar;0;KVa;-54,55827077069444;cm;32,1245157055;%;30,391669329955665;cm
2026-02-06 21:00:00.000;150,65315493394598;moh;0;Hz;0;None;0,07117000151794443;m3/s;0;kW;0;rpm;0;KVar;0;%;0,047957719881111104;Mill.m3;71,17210054351733;l/s;0;m3/s;624416,5;t;65;%;0;None;97,95161612834016;mKVs;0;None;26,143198863861112;mm;0;m3/s;93,86136111111111;bar;0;KVa;-54,68149396747222;cm;31,971812590555555;%;30,376613753248357;cm
2026-02-06 22:00:00.000;150,65354066270626;moh;0;Hz;0;None;0,07101666896333333;m3/s;0;kW;0;rpm;0;KVar;0;%;0,048025023841833325;Mill.m3;71,01487261052661;l/s;0;m3/s;624416,5;t;65;%;0;None;97,96345078127287;mKVs;0;None;26,127494600805555;mm;0;m3/s;90,19061277777777;bar;0;KVa;-54,647191363;cm;32,016682288388886;%;30,358338864364217;cm
2026-02-06 23:00:00.000;150,6546256264233;moh;0;Hz;0;None;0,07107000199877779;m3/s;0;kW;0;rpm;0;KVar;0;%;0,04818199823280554;Mill.m3;71,06933513850305;l/s;0;m3/s;624416,5;t;65;%;0;None;97,91988230764653;mKVs;0;None;26,09086715072222;mm;0;m3/s;93,73115583333333;bar;0;KVa;-54,53588273522222;cm;32,12133227725;%;30,366673515453375;cm
2026-02-07 00:00:00.000;150,65694910173352;moh;0;Hz;0;None;0,07111333496833333;m3/s;0;kW;0;rpm;0;KVar;0;%;0,04849699017347223;Mill.m3;71,11295736058557;l/s;0;m3/s;624416,5;t;65;%;0;None;97,96505353468909;mKVs;0;None;26,017368953777776;mm;0;m3/s;94,02166083333333;bar;0;KVa;-54,30057949413889;cm;32,33132737111111;%;30,366661460081062;cm
2026-02-07 01:00:00.000;150,65543465855174;moh;0;Hz;0;None;0,07119500078125;m3/s;0;kW;0;rpm;0;KVar;0;%;0,04831436769825003;Mill.m3;71,1903296630012;l/s;0;m3/s;624416,5;t;65;%;0;None;97,94101131837444;mKVs;0;None;26,059980816444444;mm;0;m3/s;93,17569166666667;bar;0;KVa;-54,45648617186111;cm;32,2095790395;%;30,38172095339551;cm
2026-02-07 02:00:00.000;150,6573286127074;moh;0;Hz;0;None;0,07115166835047222;m3/s;0;kW;0;rpm;0;KVar;0;%;0,0486083155167778;Mill.m3;71,1536440906101;l/s;0;m3/s;624416,5;t;65;%;0;None;97,95158871292624;mKVs;0;None;25,991392983527778;mm;0;m3/s;93,35077361111111;bar;0;KVa;-54,26974402583333;cm;32,40554468422222;%;30,37659411465798;cm
2026-02-07 03:00:00.000;150,65778100582096;moh;0;Hz;0;None;0,07110500215686112;m3/s;0;kW;0;rpm;0;KVar;0;%;0,048636366312666685;Mill.m3;71,10315055286057;l/s;0;m3/s;624416,5;t;65;%;0;None;97,94999443176356;mKVs;0;None;25,98484781152778;mm;0;m3/s;93,62944805555556;bar;0;KVa;-54,219907124416665;cm;32,424245209805555;%;30,368260966189254;cm
2026-02-07 04:00:00.000;150,6567086766655;moh;0;Hz;0;None;0,07097833601636112;m3/s;0;kW;0;rpm;0;KVar;0;%;0,04857115428802779;Mill.m3;70,97941453441445;l/s;0;m3/s;624416,5;t;65;%;0;None;97,97499929834993;mKVs;0;None;26,000064003777776;mm;0;m3/s;93,86571805555556;bar;0;KVa;-54,32841830638889;cm;32,380770181222225;%;30,35513387433148;cm
2026-02-07 05:00:00.000;150,6571687317175;moh;0;Hz;0;None;0,07101333563566667;m3/s;0;kW;0;rpm;0;KVar;0;%;0,048587150590750014;Mill.m3;71,01560444201552;l/s;0;m3/s;624416,5;t;65;%;0;None;97,96666689889315;mKVs;0;None;25,996331533527776;mm;0;m3/s;93,73374694444445;bar;0;KVa;-54,28024715847222;cm;32,391434543361115;%;30,349989435721906;cm
2026-02-07 06:00:00.000;150,65737440852817;moh;0;Hz;0;None;0,0709700027697222;m3/s;0;kW;0;rpm;0;KVar;0;%;0,04867061612319445;Mill.m3;70,97444288046829;l/s;0;m3/s;624416,5;t;65;%;0;None;97,94166503059424;mKVs;0;None;25,976856232;mm;0;m3/s;93,57362555555555;bar;0;KVa;-54,263212416555554;cm;32,447078392555554;%;30,358334836647664;cm
2026-02-07 07:00:00.000;150,65641837046317;moh;0;Hz;0;None;0,07090000311666665;m3/s;0;kW;0;rpm;0;KVar;0;%;0,04849458040702779;Mill.m3;70,90001073664968;l/s;0;m3/s;624416,5;t;65;%;0;None;97,94680534067525;mKVs;0;None;26,017931195833334;mm;0;m3/s;93,83995805555556;bar;0;KVa;-54,355294971194446;cm;32,329721476416665;%;30,333335077760886;cm
2026-02-07 08:00:00.000;150,65708528731997;moh;0;Hz;0;None;0,07079833725486112;m3/s;0;kW;0;rpm;0;KVar;0;%;0,04849854812077778;Mill.m3;70,80001049165095;l/s;0;m3/s;624416,5;t;65;%;0;None;97,94326667208146;mKVs;0;None;26,017005495;mm;0;m3/s;90,77220944444444;bar;0;KVa;-54,29154714088889;cm;32,33236629686111;%;30,316668581095488;cm
2026-02-07 09:00:00.000;150,65714300558395;moh;0;Hz;0;None;0,07095833598819444;m3/s;0;kW;0;rpm;0;KVar;0;%;0,04864763225186111;Mill.m3;70,95956658478185;l/s;0;m3/s;624416,5;t;65;%;0;None;97,92657737254936;mKVs;0;None;25,982219060055556;mm;0;m3/s;89,71910138888889;bar;0;KVa;-54,282150269055556;cm;32,431756104305556;%;30,343260926885687;cm
2026-02-07 10:00:00.000;150,65741719650396;moh;0;Hz;0;None;0,07079333729444444;m3/s;0;kW;0;rpm;0;KVar;0;%;0,0486993589935;Mill.m3;70,79046368266202;l/s;0;m3/s;624416,5;t;65;%;0;None;97,97850591136466;mKVs;0;None;25,97014935675;mm;0;m3/s;93,10915694444445;bar;0;KVa;-54,25822788025;cm;32,46624119886111;%;30,315077466391912;cm
2026-02-07 11:00:00.000;150,65768457514494;moh;0;Hz;0;None;0,07075000430416666;m3/s;0;kW;0;rpm;0;KVar;0;%;0,048647530529555554;Mill.m3;70,7500032858363;l/s;0;m3/s;624416,5;t;65;%;0;None;97,97501135455435;mKVs;0;None;25,982242794944444;mm;0;m3/s;93,38676222222222;bar;0;KVa;-54,23390282672222;cm;32,43168841888889;%;30,308334152225175;cm
2026-02-07 12:00:00.000;150,65770744715846;moh;0;Hz;0;None;0,07080000390833333;m3/s;0;kW;0;rpm;0;KVar;0;%;0,04862880002966668;Mill.m3;70,80004182490437;l/s;0;m3/s;624416,5;t;65;%;0;None;97,9650827009095;mKVs;0;None;25,98661316663889;mm;0;m3/s;93,76030527777777;bar;0;KVa;-54,22465854375;cm;32,4192015215;%;30,31667380323833;cm
2026-02-07 13:00:00.000;150,65611669544302;moh;0;Hz;0;None;0,07059500422574999;m3/s;0;kW;0;rpm;0;KVar;0;%;0,04844629926836113;Mill.m3;70,59050496494027;l/s;0;m3/s;624416,5;t;65;%;0;None;97,9182504991197;mKVs;0;None;26,029196844416667;mm;0;m3/s;93,66980972222223;bar;0;KVa;-54,38053978808333;cm;32,29753367625;%;30,281751320650955;cm
2026-02-07 14:00:00.000;150,65816360608272;moh;0;Hz;0;None;0,07055833739347223;m3/s;0;kW;0;rpm;0;KVar;0;%;0,0487042236435278;Mill.m3;70,55951564936895;l/s;0;m3/s;624416,5;t;65;%;0;None;97,97500077138295;mKVs;0;None;25,969014487083335;mm;0;m3/s;93,37345472222222;bar;0;KVa;-54,184413486277776;cm;32,46948324411111;%;30,27658646769125;cm
2026-02-07 15:00:00.000;150,65733471968744;moh;0;Hz;0;None;0,07050000379666667;m3/s;0;kW;0;rpm;0;KVar;0;%;0,048554465214750014;Mill.m3;70,50000921006789;l/s;0;m3/s;624416,5;t;65;%;0;None;97,9484298151472;mKVs;0;None;26,00395817361111;mm;0;m3/s;93,227575;bar;0;KVa;-54,276178148805556;cm;32,36964414427778;%;30,266668791115336;cm
2026-02-07 16:00:00.000;150,65759281164875;moh;0;Hz;0;None;0,07055167007502777;m3/s;0;kW;0;rpm;0;KVar;0;%;0,04868995032800001;Mill.m3;70,54997191541662;l/s;0;m3/s;624416,5;t;65;%;0;None;97,91666763611578;mKVs;0;None;25,973318101083333;mm;0;m3/s;93,38284888888889;bar;0;KVa;-54,23366546688889;cm;32,45996781972222;%;30,27499580328762;cm
2026-02-07 17:00:00.000;150,656593146067;moh;0;Hz;0;None;0,07064167110319444;m3/s;0;kW;0;rpm;0;KVar;0;%;0,048616085376472225;Mill.m3;70,64052514097388;l/s;0;m3/s;624416,5;t;65;%;0;None;97,94325117215917;mKVs;0;None;25,989580156944445;mm;0;m3/s;93,8101475;bar;0;KVa;-54,33208041552778;cm;32,410723953222224;%;30,29008796344118;cm
2026-02-07 18:00:00.000;150,65731857233652;moh;0;Hz;0;None;0,07055500342341667;m3/s;0;kW;0;rpm;0;KVar;0;%;0,048573614448611115;Mill.m3;70,55948067903206;l/s;0;m3/s;624416,5;t;65;%;0;None;97,9583311653207;mKVs;0;None;25,999489890555555;mm;0;m3/s;93,34807138888888;bar;0;KVa;-54,27401224775;cm;32,38241066327778;%;30,276580587117117;cm
2026-02-07 19:00:00.000;150,65674090561106;moh;0;Hz;0;None;0,07039833667080554;m3/s;0;kW;0;rpm;0;KVar;0;%;0,04850104608325;Mill.m3;70,40000052498982;l/s;0;m3/s;624416,5;t;65;%;0;None;97,93540684773464;mKVs;0;None;26,016422482527776;mm;0;m3/s;93,67685055555556;bar;0;KVa;-54,32180192875;cm;32,33403211005555;%;30,2500007833327;cm
2026-02-07 20:00:00.000;150,65566795486967;moh;0;Hz;0;None;0,07030166956752777;m3/s;0;kW;0;rpm;0;KVar;0;%;0,04840176252341667;Mill.m3;70,29659497104328;l/s;0;m3/s;624416,5;t;65;%;0;None;97,92501200677826;mKVs;0;None;26,03958871577778;mm;0;m3/s;94,09835194444445;bar;0;KVa;-54,42693498375;cm;32,267842558805555;%;30,231771186282717;cm
2026-02-07 21:00:00.000;150,65719279231274;moh;0;Hz;0;None;0,07029500287075;m3/s;0;kW;0;rpm;0;KVar;0;%;0,0486349544166389;Mill.m3;70,29899456258676;l/s;0;m3/s;624416,5;t;65;%;0;None;97,92500464661407;mKVs;0;None;25,98517714475;mm;0;m3/s;93,51678277777778;bar;0;KVa;-54,28338368902778;cm;32,42330450391667;%;30,234898614833572;cm
2026-02-07 22:00:00.000;150,65744674113577;moh;0;Hz;0;None;0,07049167042569444;m3/s;0;kW;0;rpm;0;KVar;0;%;0,04863812098516667;Mill.m3;70,4906449480428;l/s;0;m3/s;624416,5;t;65;%;0;None;97,93854549400072;mKVs;0;None;25,984438364944445;mm;0;m3/s;93,75360916666666;bar;0;KVa;-54,25072564152778;cm;32,42541537822222;%;30,26510809074025;cm
2026-02-07 23:00:00.000;150,6569500704322;moh;0;Hz;0;None;0,07024166929652778;m3/s;0;kW;0;rpm;0;KVar;0;%;0,04858926741483335;Mill.m3;70,24774302013162;l/s;0;m3/s;624416,5;t;65;%;0;None;97,92813598774846;mKVs;0;None;25,995837529555555;mm;0;m3/s;93,31235;bar;0;KVa;-54,31022644116667;cm;32,392845980694446;%;30,21666754555577;cm
2026-02-08 00:00:00.000;150,65712520496675;moh;0;Hz;0;None;0,07024500264491668;m3/s;0;kW;0;rpm;0;KVar;0;%;0,048583532951472226;Mill.m3;70,24225581815483;l/s;0;m3/s;624416,5;t;65;%;0;None;97,89009837346508;mKVs;0;None;25,99717564238889;mm;0;m3/s;94,0346888888889;bar;0;KVa;-54,29540846075;cm;32,38902273775;%;30,224993466083035;cm
2026-02-08 01:00:00.000;150,6568251181405;moh;0;Hz;0;None;0,07009000194483334;m3/s;0;kW;0;rpm;0;KVar;0;%;0,04856684349552778;Mill.m3;70,08781184903961;l/s;0;m3/s;624416,5;t;65;%;0;None;97,91823049942575;mKVs;0;None;26,00106981088889;mm;0;m3/s;93,83147055555555;bar;0;KVa;-54,32158152275;cm;32,37789667008333;%;30,201566238171022;cm
2026-02-08 02:00:00.000;150,65744176964677;moh;0;Hz;0;None;0,07035000311916667;m3/s;0;kW;0;rpm;0;KVar;0;%;0,04861954336608333;Mill.m3;70,35122847316691;l/s;0;m3/s;624416,5;t;65;%;0;None;97,94011016632847;mKVs;0;None;25,98877313247222;mm;0;m3/s;93,57083333333334;bar;0;KVa;-54,25337049886111;cm;32,41303031597222;%;30,24167502947273;cm
2026-02-08 03:00:00.000;150,65633929970826;moh;0;Hz;0;None;0,07019833576747223;m3/s;0;kW;0;rpm;0;KVar;0;%;0,048465035605888884;Mill.m3;70,19439989008691;l/s;0;m3/s;624416,5;t;65;%;0;None;97,98489995242328;mKVs;0;None;26,02482498752778;mm;0;m3/s;93,97674083333334;bar;0;KVa;-54,368612503166666;cm;32,31002502416667;%;30,215102372941466;cm
2026-02-08 04:00:00.000;150,657334323029;moh;0;Hz;0;None;0,07021333583522221;m3/s;0;kW;0;rpm;0;KVar;0;%;0,04857514661975001;Mill.m3;70,21308832240983;l/s;0;m3/s;624416,5;t;65;%;0;None;97,96510625610468;mKVs;0;None;25,999132368027777;mm;0;m3/s;93,75015027777778;bar;0;KVa;-54,26989661336111;cm;32,38343237122222;%;30,208336347230667;cm
2026-02-08 05:00:00.000;150,65702074703677;moh;0;Hz;0;None;0,07012833545130555;m3/s;0;kW;0;rpm;0;KVar;0;%;0,04856653183313888;Mill.m3;70,1264566065442;l/s;0;m3/s;624416,5;t;65;%;0;None;97,9182284152911;mKVs;0;None;26,001142500388887;mm;0;m3/s;93,84320138888889;bar;0;KVa;-54,295374553777776;cm;32,377689335305554;%;30,20833387499905;cm
2026-02-08 06:00:00.000;150,65545820336897;moh;0;Hz;0;None;0,07010000199;m3/s;0;kW;0;rpm;0;KVar;0;%;0,04832518334402778;Mill.m3;70,09999847;l/s;0;m3/s;624416,5;t;65;%;0;None;97,93177612634125;mKVs;0;None;26,057457391944446;mm;0;m3/s;93,30168361111112;bar;0;KVa;-54,45405324266667;cm;32,21678948583333;%;30,20000076;cm
2026-02-08 07:00:00.000;150,65651492599972;moh;0;Hz;0;None;0,07014833554163888;m3/s;0;kW;0;rpm;0;KVar;0;%;0,04845570195369445;Mill.m3;70,14872503532487;l/s;0;m3/s;624416,5;t;65;%;0;None;97,95988605819714;mKVs;0;None;26,027002756138888;mm;0;m3/s;93,66279722222222;bar;0;KVa;-54,34618632144444;cm;32,30380275975;%;30,208333597220214;cm
2026-02-08 08:00:00.000;150,65687600851376;moh;0;Hz;0;None;0,06994166794152776;m3/s;0;kW;0;rpm;0;KVar;0;%;0,048552105409861115;Mill.m3;69,94021896470373;l/s;0;m3/s;624416,5;t;65;%;0;None;98,00000741655319;mKVs;0;None;26,0045085465;mm;0;m3/s;93,67034833333334;bar;0;KVa;-54,316126506833335;cm;32,36807189975;%;30,166656799960105;cm
2026-02-08 09:00:00.000;150,6559993446609;moh;0;Hz;0;None;0,07007833522547222;m3/s;0;kW;0;rpm;0;KVar;0;%;0,04839839328708333;Mill.m3;70,07569597706843;l/s;0;m3/s;624416,5;t;65;%;0;None;98,01976278828997;mKVs;0;None;26,040374967194445;mm;0;m3/s;93,86452416666667;bar;0;KVa;-54,39662933325;cm;32,26559647552778;%;30,191669367229714;cm
2026-02-08 10:00:00.000;150,65831432680775;moh;0;Hz;0;None;0,07010166866419444;m3/s;0;kW;0;rpm;0;KVar;0;%;0,04875208512911111;Mill.m3;70,10569877825644;l/s;0;m3/s;624416,5;t;65;%;0;None;97,9901114193336;mKVs;0;None;25,957846747333335;mm;0;m3/s;93,8122636111111;bar;0;KVa;-54,164437187472224;cm;32,501391491;%;30,20000101000095;cm
2026-02-08 11:00:00.000;150,6560400882191;moh;0;Hz;0;None;0,07021666918361112;m3/s;0;kW;0;rpm;0;KVar;0;%;0,048450502111750005;Mill.m3;70,21200530936444;l/s;0;m3/s;624416,5;t;65;%;0;None;97,98857536924397;mKVs;0;None;26,02821625488889;mm;0;m3/s;93,30764;bar;0;KVa;-54,394137062388886;cm;32,30033561436111;%;30,21666137886567;cm
2026-02-08 12:00:00.000;150,65600191193178;moh;0;Hz;0;None;0,07020000244166667;m3/s;0;kW;0;rpm;0;KVar;0;%;0,048396587889166676;Mill.m3;70,20303765631351;l/s;0;m3/s;624416,5;t;65;%;0;None;97,99959220068388;mKVs;0;None;26,040309693416667;mm;0;m3/s;93,50321138888889;bar;0;KVa;-54,392272100111114;cm;32,26439279038889;%;30,2166794900456;cm
2026-02-08 13:00:00.000;150,6556638101481;moh;0;Hz;0;None;0,07030333624172222;m3/s;0;kW;0;rpm;0;KVar;0;%;0,04817820870280555;Mill.m3;70,30546518216246;l/s;0;m3/s;624416,5;t;65;%;0;None;98,05524184923121;mKVs;0;None;26,091751310666666;mm;0;m3/s;93,55672194444445;bar;0;KVa;-54,43895551791667;cm;32,11880654844445;%;30,226545249757567;cm
2026-02-08 14:00:00.000;150,65779689397226;moh;0;Hz;0;None;0,07035000311916667;m3/s;0;kW;0;rpm;0;KVar;0;%;0,048663406735138894;Mill.m3;70,3500066825577;l/s;0;m3/s;624416,5;t;65;%;0;None;97,97654938657764;mKVs;0;None;25,978538512194444;mm;0;m3/s;90,86018833333334;bar;0;KVa;-54,22163221561111;cm;32,44227203425;%;30,241668529448035;cm
2026-02-08 15:00:00.000;150,65684264432565;moh;0;Hz;0;None;0,07055000333866665;m3/s;0;kW;0;rpm;0;KVar;0;%;0,048511969670333326;Mill.m3;70,55029046353549;l/s;0;m3/s;624416,5;t;65;%;0;None;98,00833148363746;mKVs;0;None;26,013873843;mm;0;m3/s;90,94957277777777;bar;0;KVa;-54,31705898672222;cm;32,341313982694444;%;30,27344963082311;cm
2026-02-08 16:00:00.000;150,65546073479575;moh;0;Hz;0;None;0,07070667077511111;m3/s;0;kW;0;rpm;0;KVar;0;%;0,04823746975127778;Mill.m3;70,70925087090454;l/s;0;m3/s;624416,5;t;65;%;0;None;97,94845776083055;mKVs;0;None;26,077923669361113;mm;0;m3/s;94,06960055555555;bar;0;KVa;-54,45442623405555;cm;32,158313721194446;%;30,30154212643036;cm
2026-02-08 17:00:00.000;150,65498475042577;moh;0;Hz;0;None;0,07029333619655555;m3/s;0;kW;0;rpm;0;KVar;0;%;0,04824583702180555;Mill.m3;70,2907380790119;l/s;0;m3/s;624416,5;t;65;%;0;None;98,01666982828107;mKVs;0;None;26,0759713925;mm;0;m3/s;93,31848555555555;bar;0;KVa;-54,50082142941667;cm;32,16389188730555;%;30,23179049191163;cm
2026-02-08 18:00:00.000;150,65483473064725;moh;0;Hz;0;None;0,07029833621913889;m3/s;0;kW;0;rpm;0;KVar;0;%;0,04822229429363889;Mill.m3;70,29998217314665;l/s;0;m3/s;624416,5;t;65;%;0;None;97,98179700057847;mKVs;0;None;26,08146476597222;mm;0;m3/s;93,74887444444444;bar;0;KVa;-54,51763576825;cm;32,148196693277775;%;30,233331164432833;cm
2026-02-08 19:00:00.000;150,65573742394474;moh;0;Hz;0;None;0,07035666981594443;m3/s;0;kW;0;rpm;0;KVar;0;%;0,048364582555;Mill.m3;70,35923544320296;l/s;0;m3/s;624416,5;t;65;%;0;None;97,97653277161348;mKVs;0;None;26,04826418491667;mm;0;m3/s;93,47889111111111;bar;0;KVa;-54,42556169113889;cm;32,2430559805;%;30,24320664640397;cm
2026-02-08 20:00:00.000;150,655617104063;moh;0;Hz;0;None;0,07039333664822223;m3/s;0;kW;0;rpm;0;KVar;0;%;0,048339189505666666;Mill.m3;70,39081609812935;l/s;0;m3/s;624416,5;t;65;%;0;None;97,94319267472093;mKVs;0;None;26,054189256;mm;0;m3/s;93,83504555555555;bar;0;KVa;-54,43915049155556;cm;32,22612720316667;%;30,248470055293733;cm
2026-02-08 21:00:00.000;150,656320462364;moh;0;Hz;0;None;0,07039500332241666;m3/s;0;kW;0;rpm;0;KVar;0;%;0,04844102215913888;Mill.m3;70,39743883223686;l/s;0;m3/s;624416,5;t;65;%;0;None;97,989655851879;mKVs;0;None;26,030428144583333;mm;0;m3/s;93,43024722222222;bar;0;KVa;-54,3687650875;cm;32,29401593727778;%;30,249573837265867;cm
2026-02-08 22:00:00.000;150,65588004908923;moh;0;Hz;0;None;0,07032333633205554;m3/s;0;kW;0;rpm;0;KVar;0;%;0,04840072637591667;Mill.m3;70,32103671699784;l/s;0;m3/s;624416,5;t;65;%;0;None;97,94014258166585;mKVs;0;None;26,03983052527778;mm;0;m3/s;93,5308736111111;bar;0;KVa;-54,407289292444446;cm;32,26715183363889;%;30,240128606929684;cm
2026-02-08 23:00:00.000;150,65567393809775;moh;0;Hz;0;None;0,07045666964594444;m3/s;0;kW;0;rpm;0;KVar;0;%;0,048337288241416664;Mill.m3;70,45922399148158;l/s;0;m3/s;624416,5;t;65;%;0;None;97,95986483546628;mKVs;0;None;26,05463282138889;mm;0;m3/s;93,78012916666667;bar;0;KVa;-54,432627359222224;cm;32,22485952519445;%;30,259871245857276;cm
2026-02-09 00:00:00.000;150,65636452734628;moh;0;Hz;0;None;0,07065000385249999;m3/s;0;kW;0;rpm;0;KVar;0;%;0,048451754180361115;Mill.m3;70,64995226697684;l/s;0;m3/s;624416,5;t;65;%;0;None;97,94999751421639;mKVs;0;None;26,02792400725;mm;0;m3/s;93,46314861111111;bar;0;KVa;-54,36438666427778;cm;32,30117061325;%;30,291659088855955;cm
2026-02-09 01:00:00.000;150,6568222119655;moh;0;Hz;0;None;0,07065000447416667;m3/s;0;kW;0;rpm;0;KVar;0;%;0,04852144890094444;Mill.m3;70,65000440417006;l/s;0;m3/s;624416,5;t;65;%;0;None;97,92194185915505;mKVs;0;None;26,011661953305556;mm;0;m3/s;93,47693722222222;bar;0;KVa;-54,31820763355555;cm;32,347633787027775;%;30,291667830555767;cm
2026-02-09 02:00:00.000;150,65594991176474;moh;0;Hz;0;None;0,07080000390833333;m3/s;0;kW;0;rpm;0;KVar;0;%;0,048390413975861114;Mill.m3;70,80001565830443;l/s;0;m3/s;624416,5;t;65;%;0;None;97,88486395203905;mKVs;0;None;26,042236750277777;mm;0;m3/s;93,82515916666667;bar;0;KVa;-54,40611521352778;cm;32,26027705972222;%;30,316669442193508;cm
2026-02-09 03:00:00.000;150,656320242636;moh;0;Hz;0;None;0,07080000390833333;m3/s;0;kW;0;rpm;0;KVar;0;%;0,04844902687516667;Mill.m3;70,80007332482404;l/s;0;m3/s;624416,5;t;65;%;0;None;97,93485138484394;mKVs;0;None;26,028560425722223;mm;0;m3/s;93,65697805555556;bar;0;KVa;-54,368137783222224;cm;32,29935243263889;%;30,316679053158527;cm
2026-02-09 04:00:00.000;150,6555851079642;moh;0;Hz;0;None;0,07080167056180556;m3/s;0;kW;0;rpm;0;KVar;0;%;0,04833857928141665;Mill.m3;70,80001449164074;l/s;0;m3/s;624416,5;t;65;%;0;None;97,94014894184642;mKVs;0;None;26,054331671527777;mm;0;m3/s;93,36841833333334;bar;0;KVa;-54,442058138722224;cm;32,22572030036111;%;30,31666924775202;cm
2026-02-09 05:00:00.000;150,65613962413423;moh;0;Hz;0;None;0,07100833559236111;m3/s;0;kW;0;rpm;0;KVar;0;%;0,048422558927416676;Mill.m3;71,00911762509305;l/s;0;m3/s;624416,5;t;65;%;0;None;97,87348079339917;mKVs;0;None;26,034736207805555;mm;0;m3/s;93,53209861111111;bar;0;KVa;-54,384396870055554;cm;32,28170717722222;%;30,35151932913384;cm
2026-02-09 06:00:00.000;150,65556433953148;moh;0;Hz;0;None;0,07099666901805556;m3/s;0;kW;0;rpm;0;KVar;0;%;0,04832595251552777;Mill.m3;70,99544749328531;l/s;0;m3/s;624416,5;t;65;%;0;None;97,88712952856118;mKVs;0;None;26,057277890416668;mm;0;m3/s;93,72108222222222;bar;0;KVa;-54,444923399416666;cm;32,217302535916666;%;30,349241002653823;cm
2026-02-09 07:00:00.000;150,65599955829802;moh;0;Hz;0;None;0,07099500248891666;m3/s;0;kW;0;rpm;0;KVar;0;%;0,048399505917944445;Mill.m3;71,00021414798601;l/s;0;m3/s;624416,5;t;65;%;0;None;97,91514854741364;mKVs;0;None;26,04011535561111;mm;0;m3/s;93,78301111111111;bar;0;KVa;-54,39977433825;cm;32,266338183555554;%;30,349998380030403;cm
2026-02-09 08:00:00.000;150,65512238865676;moh;0;Hz;0;None;0,07103666897077777;m3/s;0;kW;0;rpm;0;KVar;0;%;0,048276437920666666;Mill.m3;71,03585939060955;l/s;0;m3/s;624416,5;t;65;%;0;None;97,89848993936549;mKVs;0;None;26,068831335972224;mm;0;m3/s;93,87552638888889;bar;0;KVa;-54,486550224333335;cm;32,184292529833336;%;30,34847945867391;cm
2026-02-09 09:00:00.000;150,65643445293895;moh;0;Hz;0;None;0,07100666893888888;m3/s;0;kW;0;rpm;0;KVar;0;%;0,04846202882233334;Mill.m3;71,00908362517976;l/s;0;m3/s;624416,5;t;65;%;0;None;97,86666645253432;mKVs;0;None;26,02552668111111;mm;0;m3/s;93,90674388888888;bar;0;KVa;-54,35696919627778;cm;32,30802027522222;%;30,351513662553312;cm
2026-02-09 10:00:00.000;150,65591965036552;moh;0;Hz;0;None;0,07115333481744444;m3/s;0;kW;0;rpm;0;KVar;0;%;0,04838916179236112;Mill.m3;71,15566691856277;l/s;0;m3/s;624416,5;t;65;%;0;None;97,8098405401906;mKVs;0;None;26,04252899847222;mm;0;m3/s;93,82991944444444;bar;0;KVa;-54,406950207583336;cm;32,25944222486111;%;30,383324067916686;cm
2026-02-09 11:00:00.000;150,655556132338;moh;0;Hz;0;None;0,07124500150441666;m3/s;0;kW;0;rpm;0;KVar;0;%;0,0483379370225;Mill.m3;71,24584218962177;l/s;0;m3/s;624416,5;t;65;%;0;None;97,83333376558765;mKVs;0;None;26,054481504166667;mm;0;m3/s;93,98925888888888;bar;0;KVa;-54,44359673238889;cm;32,225292208333336;%;30,399992250520615;cm
2026-02-09 12:00:00.000;150,655783058799;moh;0;Hz;0;None;0,07123500172863888;m3/s;0;kW;0;rpm;0;KVar;0;%;0,04836292316416667;Mill.m3;71,23438488570555;l/s;0;m3/s;624416,5;t;65;%;0;None;97,75682374117973;mKVs;0;None;26,048651375833334;mm;0;m3/s;94,12343166666666;bar;0;KVa;-54,42332797555556;cm;32,2419497175;%;30,39999962;cm
2026-02-09 13:00:00.000;150,65559603824124;moh;0;Hz;0;None;0,07131500045291668;m3/s;0;kW;0;rpm;0;KVar;0;%;0,04833925932244444;Mill.m3;71,31419718131413;l/s;0;m3/s;624416,5;t;65;%;0;None;97,79924183813286;mKVs;0;None;26,05417294;mm;0;m3/s;94,10277722222222;bar;0;KVa;-54,440782333;cm;32,22617351216667;%;30,39999962;cm
2026-02-09 14:00:00.000;150,6563620691082;moh;0;Hz;0;None;0,07146000156372222;m3/s;0;kW;0;rpm;0;KVar;0;%;0,04844963074736111;Mill.m3;71,4607688105855;l/s;0;m3/s;624416,5;t;65;%;0;None;97,81162956822254;mKVs;0;None;26,02841949447222;mm;0;m3/s;93,91155222222223;bar;0;KVa;-54,36304727983333;cm;32,29975509688889;%;30,433334885562417;cm
2026-02-09 15:00:00.000;150,6557723566558;moh;0;Hz;0;None;0,07093555666424999;m3/s;0;kW;0;rpm;0;KVar;0;%;0,04836152454619444;Mill.m3;71,32037499975867;l/s;0;m3/s;624416,5;t;65;%;0;None;97,77500060336551;mKVs;0;None;26,048977745;mm;0;m3/s;93,92188333333333;bar;0;KVa;-54,423425460694446;cm;32,24101723641667;%;30,40109337415625;cm
2026-02-09 16:00:00.000;150,65566898082173;moh;0;Hz;0;None;0,07136166701952779;m3/s;0;kW;0;rpm;0;KVar;0;%;0,048349915175750005;Mill.m3;71,35984656526097;l/s;0;m3/s;624416,5;t;65;%;0;None;97,8217517471927;mKVs;0;None;26,051686602222222;mm;0;m3/s;93,47542638888889;bar;0;KVa;-54,43339029780556;cm;32,23327764136111;%;30,408335651676797;cm
2026-02-09 17:00:00.000;150,65570246868123;moh;0;Hz;0;None;0,07136333499922222;m3/s;0;kW;0;rpm;0;KVar;0;%;0,048350074017972214;Mill.m3;71,3713368711114;l/s;0;m3/s;624416,5;t;65;%;0;None;97,82824400961998;mKVs;0;None;26,051649515555557;mm;0;m3/s;93,92289805555555;bar;0;KVa;-54,4296773265;cm;32,233383604277776;%;30,39999962;cm
2026-02-09 18:00:00.000;150,656051210764;moh;0;Hz;0;None;0,07135833433425;m3/s;0;kW;0;rpm;0;KVar;0;%;0,048409608708888885;Mill.m3;71,35967156658413;l/s;0;m3/s;624416,5;t;65;%;0;None;97,82176335812719;mKVs;0;None;26,037758083916668;mm;0;m3/s;92,95802194444444;bar;0;KVa;-54,39496781952778;cm;32,273073408277774;%;30,403247104562617;cm
2026-02-09 19:00:00.000;150,65616817707348;moh;0;Hz;0;None;0,0713900010817778;m3/s;0;kW;0;rpm;0;KVar;0;%;0,048425293217472215;Mill.m3;71,39204581775971;l/s;0;m3/s;624416,5;t;65;%;0;None;97,84166391674466;mKVs;0;None;26,034098305805557;mm;0;m3/s;93,36064;bar;0;KVa;-54,382582768805555;cm;32,283529918333336;%;30,405085194880666;cm
2026-02-09 20:00:00.000;150,65598298200197;moh;0;Hz;0;None;0,07140666780299999;m3/s;0;kW;0;rpm;0;KVar;0;%;0,048392722279722224;Mill.m3;71,40898660815735;l/s;0;m3/s;624416,5;t;65;%;0;None;97,79675896157997;mKVs;0;None;26,04169824313889;mm;0;m3/s;93,44770333333334;bar;0;KVa;-54,40235561611111;cm;32,26181581327778;%;30,416660627756034;cm
2026-02-09 21:00:00.000;150,6560199653575;moh;0;Hz;0;None;0,07135166774108334;m3/s;0;kW;0;rpm;0;KVar;0;%;0,0484093733535;Mill.m3;71,34813109598291;l/s;0;m3/s;624416,5;t;65;%;0;None;97,761575526839;mKVs;0;None;26,037812972222223;mm;0;m3/s;93,59017527777777;bar;0;KVa;-54,396527607416665;cm;32,272916582722225;%;30,408335393332383;cm
2026-02-09 22:00:00.000;150,655938750482;moh;0;Hz;0;None;0,07134333385205555;m3/s;0;kW;0;rpm;0;KVar;0;%;0,04840297723902778;Mill.m3;71,34315310786685;l/s;0;m3/s;624416,5;t;65;%;0;None;97,716667577044;mKVs;0;None;26,0393053685;mm;0;m3/s;93,95781666666667;bar;0;KVa;-54,40439012175;cm;32,268652598694445;%;30,408335318342196;cm
2026-02-09 23:00:00.000;150,65553583824823;moh;0;Hz;0;None;0,07151500112830554;m3/s;0;kW;0;rpm;0;KVar;0;%;0,04833008510330556;Mill.m3;71,51607833622936;l/s;0;m3/s;624416,5;t;65;%;0;None;97,79676887976157;mKVs;0;None;26,05631361958333;mm;0;m3/s;93,7550975;bar;0;KVa;-54,44661034408333;cm;32,22005759425;%;30,42500873443959;cm
2026-02-10 00:00:00.000;150,65558182674124;moh;0;Hz;0;None;0,07114861172791666;m3/s;0;kW;0;rpm;0;KVar;0;%;0,048335343101499985;Mill.m3;71,34543776885431;l/s;0;m3/s;624416,5;t;65;%;0;None;97,78333797164626;mKVs;0;None;26,0550867695;mm;0;m3/s;94,13940416666667;bar;0;KVa;-54,44310506116667;cm;32,223562877666666;%;30,39999962;cm
2026-02-10 01:00:00.000;150,655601786201;moh;0;Hz;0;None;0,07150166765186113;m3/s;0;kW;0;rpm;0;KVar;0;%;0,04834495633633334;Mill.m3;71,49862671365999;l/s;0;m3/s;624416,5;t;65;%;0;None;97,75323995993065;mKVs;0;None;26,052843728166668;mm;0;m3/s;93,70772972222223;bar;0;KVa;-54,43891737055556;cm;32,22997156783333;%;30,43334066336215;cm
2026-02-10 02:00:00.000;150,65604880005174;moh;0;Hz;0;None;0,07155000107916666;m3/s;0;kW;0;rpm;0;KVar;0;%;0,04839581840925;Mill.m3;71,55001308330631;l/s;0;m3/s;624416,5;t;65;%;0;None;97,7583381341314;mKVs;0;None;26,040975780166665;mm;0;m3/s;94,09473305555555;bar;0;KVa;-54,39695570166667;cm;32,263879989277775;%;30,441668222784532;cm
2026-02-10 03:00:00.000;150,65587415319422;moh;0;Hz;0;None;0,07166500159858333;m3/s;0;kW;0;rpm;0;KVar;0;%;0,048394673938611105;Mill.m3;71,66932594771295;l/s;0;m3/s;624416,5;t;65;%;0;None;97,76667456311759;mKVs;0;None;26,041242809805556;mm;0;m3/s;93,85198555555556;bar;0;KVa;-54,411048888416666;cm;32,26311705002778;%;30,461553826127314;cm
2026-02-10 04:00:00.000;150,65656630853772;moh;0;Hz;0;None;0,07173333524055556;m3/s;0;kW;0;rpm;0;KVar;0;%;0,04847817737488889;Mill.m3;71,73058845918085;l/s;0;m3/s;624416,5;t;65;%;0;None;97,76667206163867;mKVs;0;None;26,021758606805555;mm;0;m3/s;93,20725416666667;bar;0;KVa;-54,344270494444444;cm;32,31878619697222;%;30,471764309371448;cm
2026-02-10 05:00:00.000;150,65547137676577;moh;0;Hz;0;None;0,07186833585030557;m3/s;0;kW;0;rpm;0;KVar;0;%;0,04832599032602778;Mill.m3;71,86939177421158;l/s;0;m3/s;624416,5;t;65;%;0;None;97,70833031778531;mKVs;0;None;26,057268989277777;mm;0;m3/s;93,73693222222222;bar;0;KVa;-54,452671475083335;cm;32,21732780738889;%;30,494898341724884;cm
2026-02-10 06:00:00.000;150,65630281069173;moh;0;Hz;0;None;0,07180000220833334;m3/s;0;kW;0;rpm;0;KVar;0;%;0,04845195145641667;Mill.m3;71,79999428335232;l/s;0;m3/s;624416,5;t;65;%;0;None;97,77177487078663;mKVs;0;None;26,027878018583333;mm;0;m3/s;93,67273305555555;bar;0;KVa;-54,36872270269444;cm;32,30130216763889;%;30,48333201999525;cm
2026-02-10 07:00:00.000;150,656201031856;moh;0;Hz;0;None;0,07141055750416664;m3/s;0;kW;0;rpm;0;KVar;0;%;0,04847198511511112;Mill.m3;71,80925659285796;l/s;0;m3/s;624416,5;t;65;%;0;None;97,75346729052784;mKVs;0;None;26,02320353225;mm;0;m3/s;91,76751083333333;bar;0;KVa;-54,376992117444445;cm;32,314657845027774;%;30,484875748083613;cm
2026-02-10 08:00:00.000;150,656007641918;moh;0;Hz;0;None;0,07184833575997222;m3/s;0;kW;0;rpm;0;KVar;0;%;0,048416468646638885;Mill.m3;71,84999215669073;l/s;0;m3/s;624416,5;t;65;%;0;None;97,74167130571317;mKVs;0;None;26,036157395805557;mm;0;m3/s;90,2021475;bar;0;KVa;-54,39785851147222;cm;32,27764680677778;%;30,49166505166065;cm
2026-02-10 09:00:00.000;150,655067955557;moh;0;Hz;0;None;0,07180000220833334;m3/s;0;kW;0;rpm;0;KVar;0;%;0,048258248188222226;Mill.m3;71,80000178333333;l/s;0;m3/s;624416,5;t;65;%;0;None;97,7517276517596;mKVs;0;None;26,073075611916668;mm;0;m3/s;93,74804222222222;bar;0;KVa;-54,49423048086111;cm;32,17216603625;%;30,48333327;cm
2026-02-10 10:00:00.000;150,65560226990726;moh;0;Hz;0;None;0,07195000226416667;m3/s;0;kW;0;rpm;0;KVar;0;%;0,04834184723083333;Mill.m3;71,95006106901451;l/s;0;m3/s;624416,5;t;65;%;0;None;97,82989307087449;mKVs;0;None;26,05356915575;mm;0;m3/s;93,62162666666667;bar;0;KVa;-54,43957858463889;cm;32,22789891716667;%;30,508343309482232;cm
2026-02-10 11:00:00.000;150,65538393807475;moh;0;Hz;0;None;0,07195000226416667;m3/s;0;kW;0;rpm;0;KVar;0;%;0,04830235255130556;Mill.m3;71,94999956917134;l/s;0;m3/s;624416,5;t;65;%;0;None;97,95000079194389;mKVs;0;None;26,06278461625;mm;0;m3/s;93,50212833333333;bar;0;KVa;-54,46287790819444;cm;32,20156902941667;%;30,508333059443284;cm
2026-02-10 12:00:00.000;150,65593685169472;moh;0;Hz;0;None;0,07195000226416667;m3/s;0;kW;0;rpm;0;KVar;0;%;0,04839794824172223;Mill.m3;71,95001256913818;l/s;0;m3/s;624416,5;t;65;%;0;None;97,99653141418129;mKVs;0;None;26,040478810694445;mm;0;m3/s;93,69487916666667;bar;0;KVa;-54,40582275255556;cm;32,265299904555555;%;30,508335226118184;cm
2026-02-10 13:00:00.000;150,6559007165855;moh;0;Hz;0;None;0,07195166891763888;m3/s;0;kW;0;rpm;0;KVar;0;%;0,04838557615852778;Mill.m3;71,95000840248214;l/s;0;m3/s;624416,5;t;65;%;0;None;98,01006531822048;mKVs;0;None;26,043365688944444;mm;0;m3/s;93,57073305555555;bar;0;KVa;-54,410150314027774;cm;32,257051680888885;%;30,508334531671103;cm
2026-02-10 14:00:00.000;150,65600204621975;moh;0;Hz;0;None;0,07209000115583333;m3/s;0;kW;0;rpm;0;KVar;0;%;0,04839906094469444;Mill.m3;72,08957604658376;l/s;0;m3/s;624416,5;t;65;%;0;None;98,00833706688536;mKVs;0;None;26,040219200527776;mm;0;m3/s;93,45131638888888;bar;0;KVa;-54,400346541833336;cm;32,266041650388885;%;30,531595953397503;cm
2026-02-10 15:00:00.000;150,65613381114125;moh;0;Hz;0;None;0,07220166693847221;m3/s;0;kW;0;rpm;0;KVar;0;%;0,04840946865974999;Mill.m3;72,1999875983669;l/s;0;m3/s;624416,5;t;65;%;0;None;98,00487337374001;mKVs;0;None;26,03779072097222;mm;0;m3/s;93,43577444444445;bar;0;KVa;-54,38758002286111;cm;32,27298016063889;%;30,549997995547216;cm
2026-02-10 16:00:00.000;150,65605706898373;moh;0;Hz;0;None;0,07230666610722222;m3/s;0;kW;0;rpm;0;KVar;0;%;0,04841655733063889;Mill.m3;72,30360666747094;l/s;0;m3/s;624416,5;t;65;%;0;None;98,02908451907591;mKVs;0;None;26,036136625527778;mm;0;m3/s;93,68189138888889;bar;0;KVa;-54,39341650922222;cm;32,27770614861111;%;30,56726795006168;cm
2026-02-10 17:00:00.000;150,65547073713176;moh;0;Hz;0;None;0,07224833323569445;m3/s;0;kW;0;rpm;0;KVar;0;%;0,04833156006016667;Mill.m3;72,249965470923;l/s;0;m3/s;624416,5;t;65;%;0;None;97,9999990000153;mKVs;0;None;26,055969448944445;mm;0;m3/s;94,028625;bar;0;KVa;-54,451200695194444;cm;32,221040849472224;%;30,55832769386662;cm
2026-02-10 18:00:00.000;150,65520070610452;moh;0;Hz;0;None;0,07224999988916667;m3/s;0;kW;0;rpm;0;KVar;0;%;0,048275872091916666;Mill.m3;72,2499658042555;l/s;0;m3/s;624416,5;t;65;%;0;None;98,08332491281234;mKVs;0;None;26,068963366444443;mm;0;m3/s;93,56798;bar;0;KVa;-54,48081546244445;cm;32,18391539547222;%;30,558327749422382;cm
2026-02-10 19:00:00.000;150,65548355923352;moh;0;Hz;0;None;0,07226333311694444;m3/s;0;kW;0;rpm;0;KVar;0;%;0,048317617394805557;Mill.m3;72,26046044416076;l/s;0;m3/s;624416,5;t;65;%;0;None;98,07499854249453;mKVs;0;None;26,059222750583334;mm;0;m3/s;93,4982875;bar;0;KVa;-54,452408682527775;cm;32,211745628833334;%;30,560076867180115;cm
2026-02-10 20:00:00.000;150,65616740653027;moh;0;Hz;0;None;0,07228666626555555;m3/s;0;kW;0;rpm;0;KVar;0;%;0,04843051944791667;Mill.m3;72,28955920329207;l/s;0;m3/s;624416,5;t;65;%;0;None;98,01667007827723;mKVs;0;None;26,032878875444446;mm;0;m3/s;93,77291333333334;bar;0;KVa;-54,38270992461111;cm;32,28701400747222;%;30,56492669116493;cm
2026-02-10 21:00:00.000;150,65506665063674;moh;0;Hz;0;None;0,07215166733430556;m3/s;0;kW;0;rpm;0;KVar;0;%;0,048258057566249984;Mill.m3;72,14998905919683;l/s;0;m3/s;624416,5;t;65;%;0;None;98,0333384343586;mKVs;0;None;26,073120116583333;mm;0;m3/s;93,79197444444445;bar;0;KVa;-54,493806625666664;cm;32,17203887383333;%;30,541664852770285;cm
2026-02-10 22:00:00.000;150,65512019922073;moh;0;Hz;0;None;0,0723499990975;m3/s;0;kW;0;rpm;0;KVar;0;%;0,04827361500044444;Mill.m3;72,349980382551;l/s;0;m3/s;624416,5;t;65;%;0;None;98,03158529451538;mKVs;0;None;26,069490006888888;mm;0;m3/s;93,35726027777778;bar;0;KVa;-54,487033418555555;cm;32,18241061386111;%;30,574996951654004;cm
2026-02-10 23:00:00.000;150,65500253431648;moh;0;Hz;0;None;0,07219666697805556;m3/s;0;kW;0;rpm;0;KVar;0;%;0,04825039021500001;Mill.m3;72,20000909831208;l/s;0;m3/s;624416,5;t;65;%;0;None;98,06842173090928;mKVs;0;None;26,074909208333334;mm;0;m3/s;93,90314277777777;bar;0;KVa;-54,49918534961111;cm;32,16692733916667;%;30,550001578894165;cm
2026-02-11 00:00:00.000;150,655735236202;moh;0;Hz;0;None;0,07249999791;m3/s;0;kW;0;rpm;0;KVar;0;%;0,04835872068627777;Mill.m3;72,5;l/s;0;m3/s;624416,5;t;65;%;0;None;98,12150019501742;mKVs;0;None;26,049631964055557;mm;0;m3/s;93,73864305555556;bar;0;KVa;-54,42695617494444;cm;32,239148036694445;%;30,60000038;cm
2026-02-11 01:00:00.000;150,65548950117952;moh;0;Hz;0;None;0,07227166648791668;m3/s;0;kW;0;rpm;0;KVar;0;%;0,048326467433472214;Mill.m3;72,27201074804074;l/s;0;m3/s;624416,5;t;65;%;0;None;98,09192688709894;mKVs;0;None;26,057157726944446;mm;0;m3/s;93,80775222222222;bar;0;KVa;-54,450687831138886;cm;32,21764585908333;%;30,566671086682494;cm
2026-02-11 02:00:00.000;150,65533468361846;moh;0;Hz;0;None;0,07249999791;m3/s;0;kW;0;rpm;0;KVar;0;%;0,04829227518641666;Mill.m3;72,5;l/s;0;m3/s;624416,5;t;65;%;0;None;98,07303934813615;mKVs;0;None;26,06513595538889;mm;0;m3/s;93,42085361111111;bar;0;KVa;-54,467938739194445;cm;32,19485076369445;%;30,60000038;cm
2026-02-11 03:00:00.000;150,6556702705125;moh;0;Hz;0;None;0,07237666561522221;m3/s;0;kW;0;rpm;0;KVar;0;%;0,04835053175372222;Mill.m3;72,37753181229466;l/s;0;m3/s;624416,5;t;65;%;0;None;98,0666606166027;mKVs;0;None;26,051542704;mm;0;m3/s;93,25069888888889;bar;0;KVa;-54,432983396666664;cm;32,23368878108333;%;30,583328872204067;cm
2026-02-11 04:00:00.000;150,6555512686115;moh;0;Hz;0;None;0,07249999791;m3/s;0;kW;0;rpm;0;KVar;0;%;0,04832459201691666;Mill.m3;72,5;l/s;0;m3/s;624416,5;t;65;%;0;None;98,09999674557895;mKVs;0;None;26,05759535597222;mm;0;m3/s;93,87868388888889;bar;0;KVa;-54,44693247469444;cm;32,21639548597222;%;30,60000038;cm
2026-02-11 05:00:00.000;150,65553751646627;moh;0;Hz;0;None;0,07244999830583335;m3/s;0;kW;0;rpm;0;KVar;0;%;0,04833575636083333;Mill.m3;72,45000329415859;l/s;0;m3/s;624416,5;t;65;%;0;None;98,08157747460892;mKVs;0;None;26,054990342083332;mm;0;m3/s;93,52882;bar;0;KVa;-54,44560580658333;cm;32,22383838438889;%;30,591667542779785;cm
2026-02-11 06:00:00.000;150,65550498884;moh;0;Hz;0;None;0,07246833192919445;m3/s;0;kW;0;rpm;0;KVar;0;%;0,048326143127194444;Mill.m3;72,46892107925144;l/s;0;m3/s;624416,5;t;65;%;0;None;98,09519192146544;mKVs;0;None;26,057233386277776;mm;0;m3/s;93,55202722222222;bar;0;KVa;-54,449513751666665;cm;32,217429692555555;%;30,591666209441385;cm
2026-02-11 07:00:00.000;150,655438786385;moh;0;Hz;0;None;0,07235166575097222;m3/s;0;kW;0;rpm;0;KVar;0;%;0,04832110777619444;Mill.m3;72,3500015491637;l/s;0;m3/s;624416,5;t;65;%;0;None;98,03990252610323;mKVs;0;None;26,05840831125;mm;0;m3/s;93,78651333333333;bar;0;KVa;-54,45594787452778;cm;32,214072760583335;%;30,575000479445183;cm
2026-02-11 08:00:00.000;150,6550182372505;moh;0;Hz;0;None;0,07240333217438888;m3/s;0;kW;0;rpm;0;KVar;0;%;0,04826184049505555;Mill.m3;72,40103291903337;l/s;0;m3/s;624416,5;t;65;%;0;None;98,08987995741886;mKVs;0;None;26,072237437444443;mm;0;m3/s;93,56035138888889;bar;0;KVa;-54,497104219583335;cm;32,174560844805555;%;30,583339205576667;cm
2026-02-11 09:00:00.000;150,65531832500423;moh;0;Hz;0;None;0,07245166495930555;m3/s;0;kW;0;rpm;0;KVar;0;%;0,04829457687761111;Mill.m3;72,4500057941522;l/s;0;m3/s;624416,5;t;65;%;0;None;98,11666806945034;mKVs;0;None;26,064598929166667;mm;0;m3/s;93,44092583333334;bar;0;KVa;-54,46835411808333;cm;32,196385279666664;%;30,59166795944804;cm
2026-02-11 10:00:00.000;150,655465831703;moh;0;Hz;0;None;0,07231666609022222;m3/s;0;kW;0;rpm;0;KVar;0;%;0,04831425419297222;Mill.m3;72,31800179742993;l/s;0;m3/s;624416,5;t;65;%;0;None;98,08895457692334;mKVs;0;None;26,060007518;mm;0;m3/s;93,78107333333334;bar;0;KVa;-54,453837075416665;cm;32,20950359933333;%;30,574999062773138;cm
2026-02-11 11:00:00.000;150,65551987702324;moh;0;Hz;0;None;0,07243999882016665;m3/s;0;kW;0;rpm;0;KVar;0;%;0,04833038399516667;Mill.m3;72,43765399231606;l/s;0;m3/s;624416,5;t;65;%;0;None;98,02500053415264;mKVs;0;None;26,056243895;mm;0;m3/s;93,97068277777778;bar;0;KVa;-54,448085360444445;cm;32,22025680616667;%;30,598237762190973;cm
2026-02-11 12:00:00.000;150,65452015720498;moh;0;Hz;0;None;0,07253333166327779;m3/s;0;kW;0;rpm;0;KVar;0;%;0,048187472867444445;Mill.m3;72,53579690871766;l/s;0;m3/s;624416,5;t;65;%;0;None;97,98332994950012;mKVs;0;None;26,08958985997222;mm;0;m3/s;93,52975083333334;bar;0;KVa;-54,547793069;cm;32,12498231219445;%;30,601762858919617;cm
2026-02-11 13:00:00.000;150,65540086475173;moh;0;Hz;0;None;0,07264833191330557;m3/s;0;kW;0;rpm;0;KVar;0;%;0,04830822046291666;Mill.m3;72,64995428428227;l/s;0;m3/s;624416,5;t;65;%;0;None;97,99166501641609;mKVs;0;None;26,061415351944444;mm;0;m3/s;94,1916575;bar;0;KVa;-54,46092393625;cm;32,20548105430556;%;30,62499291941574;cm
2026-02-11 14:00:00.000;150,6560007668485;moh;0;Hz;0;None;0,07254999813583334;m3/s;0;kW;0;rpm;0;KVar;0;%;0,04839886397847222;Mill.m3;72,55000403915604;l/s;0;m3/s;624416,5;t;65;%;0;None;98,00833298361451;mKVs;0;None;26,040265187333333;mm;0;m3/s;93,66727027777777;bar;0;KVa;-54,40047793788889;cm;32,265910255166666;%;30,608334439447084;cm
2026-02-11 15:00:00.000;150,65530387566474;moh;0;Hz;0;None;0,07249999791;m3/s;0;kW;0;rpm;0;KVar;0;%;0,04830302639333333;Mill.m3;72,5;l/s;0;m3/s;624416,5;t;65;%;0;None;98,04822412327074;mKVs;0;None;26,06262736588889;mm;0;m3/s;90,38219138888888;bar;0;KVa;-54,46882035922222;cm;32,20201822008333;%;30,60000038;cm
2026-02-11 16:00:00.000;150,65511473352973;moh;0;Hz;0;None;0,07252166502680556;m3/s;0;kW;0;rpm;0;KVar;0;%;0,04825848308858334;Mill.m3;72,52148161188842;l/s;0;m3/s;624416,5;t;65;%;0;None;98,02499689308789;mKVs;0;None;26,073020720777777;mm;0;m3/s;90,84015444444445;bar;0;KVa;-54,49016994730555;cm;32,17232278955556;%;30,608331689436632;cm
2026-02-11 17:00:00.000;150,655319041409;moh;0;Hz;0;None;0,07254666520188889;m3/s;0;kW;0;rpm;0;KVar;0;%;0,04829551776233333;Mill.m3;72,55197803412233;l/s;0;m3/s;624416,5;t;65;%;0;None;98,02678603461185;mKVs;0;None;26,0643793725;mm;0;m3/s;92,74774083333334;bar;0;KVa;-54,46853637577778;cm;32,1970125855;%;30,60835699508835;cm
2026-02-11 18:00:00.000;150,6557051469235;moh;0;Hz;0;None;0,07257499845597222;m3/s;0;kW;0;rpm;0;KVar;0;%;0,04836074885655555;Mill.m3;72,57194248321287;l/s;0;m3/s;624416,5;t;65;%;0;None;98,01667385599723;mKVs;0;None;26,04915873025;mm;0;m3/s;93,17752472222222;bar;0;KVa;-54,42811330152778;cm;32,24050013330555;%;30,60000038;cm
2026-02-11 19:00:00.000;150,65476965254126;moh;0;Hz;0;None;0,07253833205886111;m3/s;0;kW;0;rpm;0;KVar;0;%;0,04820294819688889;Mill.m3;72,5335250811775;l/s;0;m3/s;624416,5;t;65;%;0;None;98,01667218935604;mKVs;0;None;26,08597903586111;mm;0;m3/s;93,14660027777778;bar;0;KVa;-54,52442592952778;cm;32,135299064305556;%;30,60000038;cm
2026-02-11 20:00:00.000;150,65490611709203;moh;0;Hz;0;None;0,07248499850536111;m3/s;0;kW;0;rpm;0;KVar;0;%;0,048245513489611105;Mill.m3;72,4877028646911;l/s;0;m3/s;624416,5;t;65;%;0;None;98,06667928131036;mKVs;0;None;26,076047048083332;mm;0;m3/s;93,39628277777778;bar;0;KVa;-54,50745900297222;cm;32,16367612116667;%;30,60000038;cm
2026-02-11 21:00:00.000;150,65474400227777;moh;0;Hz;0;None;0,07243333199905556;m3/s;0;kW;0;rpm;0;KVar;0;%;0,04819935589005555;Mill.m3;72,4360864963132;l/s;0;m3/s;624416,5;t;65;%;0;None;98,06666900772635;mKVs;0;None;26,08681721011111;mm;0;m3/s;93,40038472222223;bar;0;KVa;-54,527647229277775;cm;32,132904256138886;%;30,591665626105836;cm
2026-02-11 22:00:00.000;150,655417075384;moh;0;Hz;0;None;0,07252666548455555;m3/s;0;kW;0;rpm;0;KVar;0;%;0,048310070722027774;Mill.m3;72,52362527308873;l/s;0;m3/s;624416,5;t;65;%;0;None;98,08333980614874;mKVs;0;None;26,060983657055555;mm;0;m3/s;93,17745722222222;bar;0;KVa;-54,45884280538889;cm;32,20671446694445;%;30,6083340783346;cm
2026-02-11 23:00:00.000;150,65608342211502;moh;0;Hz;0;None;0,07252499912119444;m3/s;0;kW;0;rpm;0;KVar;0;%;0,04841417997119444;Mill.m3;72,52489443651903;l/s;0;m3/s;624416,5;t;65;%;0;None;98,03150379576235;mKVs;0;None;26,036691453083332;mm;0;m3/s;93,82726027777778;bar;0;KVa;-54,393043516666665;cm;32,27612092741666;%;30,60000038;cm
2026-02-12 00:00:00.000;150,655300696575;moh;0;Hz;0;None;0,0725116653753611;m3/s;0;kW;0;rpm;0;KVar;0;%;0,04828764010913889;Mill.m3;72,50986397484681;l/s;0;m3/s;624416,5;t;65;%;0;None;98,03515062885381;mKVs;0;None;26,066217421833333;mm;0;m3/s;93,42110694444445;bar;0;KVa;-54,472406174027775;cm;32,19176085525;%;30,60000038;cm
2026-02-12 01:00:00.000;150,65572326730523;moh;0;Hz;0;None;0,07257166504541666;m3/s;0;kW;0;rpm;0;KVar;0;%;0,04836820627969445;Mill.m3;72,57296714726662;l/s;0;m3/s;624416,5;t;65;%;0;None;98,02500511741586;mKVs;0;None;26,047418595194443;mm;0;m3/s;93,52460555555555;bar;0;KVa;-54,42646450227778;cm;32,24547180122222;%;30,606514738087803;cm
2026-02-12 02:00:00.000;150,65540063153048;moh;0;Hz;0;None;0,07256833202858334;m3/s;0;kW;0;rpm;0;KVar;0;%;0,04830696797972221;Mill.m3;72,56573516570823;l/s;0;m3/s;624416,5;t;65;%;0;None;98,04167288824686;mKVs;0;None;26,061707601444443;mm;0;m3/s;93,50508194444444;bar;0;KVa;-54,4603644465;cm;32,20464605897222;%;30,61015364080447;cm
2026-02-12 03:00:00.000;150,65545362315223;moh;0;Hz;0;None;0,0725599983675;m3/s;0;kW;0;rpm;0;KVar;0;%;0,04832548204038889;Mill.m3;72,56184834228632;l/s;0;m3/s;624416,5;t;65;%;0;None;98,07498782234956;mKVs;0;None;26,05738766772222;mm;0;m3/s;93,6355486111111;bar;0;KVa;-54,454680547555554;cm;32,216988728555556;%;30,60833996724587;cm
2026-02-12 04:00:00.000;150,65521884032097;moh;0;Hz;0;None;0,07260499867436113;m3/s;0;kW;0;rpm;0;KVar;0;%;0,04828578373258333;Mill.m3;72,60738355950456;l/s;0;m3/s;624416,5;t;65;%;0;None;98,02317481208662;mKVs;0;None;26,066650602;mm;0;m3/s;93,42014055555556;bar;0;KVa;-54,47808159563889;cm;32,1905230485;%;30,616670610013305;cm
2026-02-12 05:00:00.000;150,65362140231198;moh;0;Hz;0;None;0,07246499851863888;m3/s;0;kW;0;rpm;0;KVar;0;%;0,04804854817127777;Mill.m3;72,46661708512666;l/s;0;m3/s;624416,5;t;65;%;0;None;98,01666299505227;mKVs;0;None;26,12200567486111;mm;0;m3/s;93,95818583333333;bar;0;KVa;-54,63707817772222;cm;32,03236537755556;%;30,60000038;cm
2026-02-12 06:00:00.000;150,65454901476878;moh;0;Hz;0;None;0,07244999830583335;m3/s;0;kW;0;rpm;0;KVar;0;%;0,04817700191288889;Mill.m3;72,45310728624338;l/s;0;m3/s;624416,5;t;65;%;0;None;98,066662285607;mKVs;0;None;26,092033173472224;mm;0;m3/s;93,56775472222222;bar;0;KVa;-54,545889959777774;cm;32,118001568277776;%;30,59166604277409;cm
2026-02-12 07:00:00.000;150,65465130916454;moh;0;Hz;0;None;0,07223000021327779;m3/s;0;kW;0;rpm;0;KVar;0;%;0,048196717051722224;Mill.m3;72,22518670077571;l/s;0;m3/s;624416,5;t;65;%;0;None;98,02499670087796;mKVs;0;None;26,087432860444444;mm;0;m3/s;93,40971472222222;bar;0;KVa;-54,535259669;cm;32,13114516722222;%;30,56016028416377;cm
2026-02-12 08:00:00.000;150,65409216294398;moh;0;Hz;0;None;0,07215000068083334;m3/s;0;kW;0;rpm;0;KVar;0;%;0,04812678770041667;Mill.m3;72,14999639251147;l/s;0;m3/s;624416,5;t;65;%;0;None;98,05183237146832;mKVs;0;None;26,103749804583334;mm;0;m3/s;93,62378861111111;bar;0;KVa;-54,58909352497222;cm;32,08452523225;%;30,541666074997153;cm
2026-02-12 09:00:00.000;150,653067493656;moh;0;Hz;0;None;0,07212166757180556;m3/s;0;kW;0;rpm;0;KVar;0;%;0,04795584442558334;Mill.m3;72,11891430510433;l/s;0;m3/s;624416,5;t;65;%;0;None;98,03150329576997;mKVs;0;None;26,14363649238889;mm;0;m3/s;93,13576972222222;bar;0;KVa;-54,69386630397222;cm;31,970562751888888;%;30,536485694200664;cm
2026-02-12 10:00:00.000;150,653442699147;moh;0;Hz;0;None;0,07185027924288889;m3/s;0;kW;0;rpm;0;KVar;0;%;0,04801646674666666;Mill.m3;72,04997981422108;l/s;0;m3/s;624416,5;t;65;%;0;None;98,03194562040967;mKVs;0;None;26,129491381805554;mm;0;m3/s;93,33963055555556;bar;0;KVa;-54,65346866061111;cm;32,01097764647222;%;30,524996539430937;cm
2026-02-12 11:00:00.000;150,65400134481925;moh;0;Hz;0;None;0,07200000186833334;m3/s;0;kW;0;rpm;0;KVar;0;%;0,04809986855697222;Mill.m3;71,99998610837201;l/s;0;m3/s;624416,5;t;65;%;0;None;98,1166698732667;mKVs;0;None;26,11003091538889;mm;0;m3/s;93,1191675;bar;0;KVa;-54,59981282416667;cm;32,06657913241666;%;30,51666420221262;cm
2026-02-12 12:00:00.000;150,654749547462;moh;0;Hz;0;None;0,07220500024541666;m3/s;0;kW;0;rpm;0;KVar;0;%;0,0482124332325;Mill.m3;72,20418725432442;l/s;0;m3/s;624416,5;t;65;%;0;None;98,0076363553842;mKVs;0;None;26,083765666666668;mm;0;m3/s;93,651935;bar;0;KVa;-54,52782100941667;cm;32,141622543333334;%;30,550697942651457;cm
2026-02-12 13:00:00.000;150,65481131314596;moh;0;Hz;0;None;0,07224999988916667;m3/s;0;kW;0;rpm;0;KVar;0;%;0,04822524456719445;Mill.m3;72,2499834708771;l/s;0;m3/s;624416,5;t;65;%;0;None;98,03403028488422;mKVs;0;None;26,08077642625;mm;0;m3/s;93,70851833333333;bar;0;KVa;-54,518449569666664;cm;32,15016338675;%;30,558330693878016;cm
2026-02-12 14:00:00.000;150,654021583301;moh;0;Hz;0;None;0,07220333365411111;m3/s;0;kW;0;rpm;0;KVar;0;%;0,04810426132688888;Mill.m3;72,2026755915125;l/s;0;m3/s;624416,5;t;65;%;0;None;98,05832852202262;mKVs;0;None;26,109005821666667;mm;0;m3/s;92,55576444444445;bar;0;KVa;-54,60105048077778;cm;32,06950782352778;%;30,549998828883716;cm
2026-02-12 15:00:00.000;150,65549420628926;moh;0;Hz;0;None;0,0721466673738889;m3/s;0;kW;0;rpm;0;KVar;0;%;0,04832557129136111;Mill.m3;72,14584606976149;l/s;0;m3/s;624416,5;t;65;%;0;None;98,07569208472516;mKVs;0;None;26,05736689875;mm;0;m3/s;93,26338361111111;bar;0;KVa;-54,44989098394444;cm;32,21704806425;%;30,54097435014638;cm
2026-02-12 16:00:00.000;150,654606351206;moh;0;Hz;0;None;0,07195166891763888;m3/s;0;kW;0;rpm;0;KVar;0;%;0,04818657644847221;Mill.m3;71,95002056911778;l/s;0;m3/s;624416,5;t;65;%;0;None;98,14931356630163;mKVs;0;None;26,08979903236111;mm;0;m3/s;92,58019527777778;bar;0;KVa;-54,538396198;cm;32,12438467016667;%;30,508336559456584;cm
2026-02-12 17:00:00.000;150,65514877210327;moh;0;Hz;0;None;0,07185166910836112;m3/s;0;kW;0;rpm;0;KVar;0;%;0,048276628842361106;Mill.m3;71,8500123233063;l/s;0;m3/s;624416,5;t;65;%;0;None;98,15901918705661;mKVs;0;None;26,068786831833332;mm;0;m3/s;93,43358277777777;bar;0;KVa;-54,48418935055555;cm;32,184419844833336;%;30,49166841278453;cm
2026-02-12 18:00:00.000;150,65459827667328;moh;0;Hz;0;None;0,07144500060491667;m3/s;0;kW;0;rpm;0;KVar;0;%;0,048187828931666656;Mill.m3;71,44588768042468;l/s;0;m3/s;624416,5;t;65;%;0;None;98,16666718209834;mKVs;0;None;26,0895067825;mm;0;m3/s;91,50370138888889;bar;0;KVa;-54,53922271658333;cm;32,12521982416666;%;30,4243138790605;cm
2026-02-12 19:00:00.000;150,6544201100395;moh;0;Hz;0;None;0,07138333446788889;m3/s;0;kW;0;rpm;0;KVar;0;%;0,04816303371;Mill.m3;71,38351767284746;l/s;0;m3/s;624416,5;t;65;%;0;None;98,1576576314171;mKVs;0;None;26,095292408333332;mm;0;m3/s;93,68456722222223;bar;0;KVa;-54,55853356205556;cm;32,10868946916667;%;30,41666957223447;cm
2026-02-12 20:00:00.000;150,65430110208874;moh;0;Hz;0;None;0,07133166715341666;m3/s;0;kW;0;rpm;0;KVar;0;%;0,04815066767052777;Mill.m3;71,33130163788431;l/s;0;m3/s;624416,5;t;65;%;0;None;98,17499552655538;mKVs;0;None;26,098177802916666;mm;0;m3/s;93,16167083333333;bar;0;KVa;-54,56788804688889;cm;32,10044532591667;%;30,39999962;cm
2026-02-12 21:00:00.000;150,65377856776647;moh;0;Hz;0;None;0,07122833463813888;m3/s;0;kW;0;rpm;0;KVar;0;%;0,04806354622130555;Mill.m3;71,23226922377617;l/s;0;m3/s;624416,5;t;65;%;0;None;98,19233695051886;mKVs;0;None;26,118506113861113;mm;0;m3/s;93,66377083333333;bar;0;KVa;-54,6234766625;cm;32,04236412838889;%;30,39166655222011;cm
2026-02-12 22:00:00.000;150,65424453752473;moh;0;Hz;0;None;0,07133666785983332;m3/s;0;kW;0;rpm;0;KVar;0;%;0,04813641353983333;Mill.m3;71,33338663352463;l/s;0;m3/s;624416,5;t;65;%;0;None;98,16599519640918;mKVs;0;None;26,101503794027778;mm;0;m3/s;93,39931666666666;bar;0;KVa;-54,575716653583335;cm;32,09094248569444;%;30,40833340166825;cm
2026-02-12 23:00:00.000;150,65501606653103;moh;0;Hz;0;None;0,07127500050019445;m3/s;0;kW;0;rpm;0;KVar;0;%;0,048250803473861105;Mill.m3;71,27476378148097;l/s;0;m3/s;624416,5;t;65;%;0;None;98,1756824273406;mKVs;0;None;26,074812781277778;mm;0;m3/s;92,91817;bar;0;KVa;-54,49946085552778;cm;32,167202845055556;%;30,391658663451132;cm
2026-02-13 00:00:00.000;150,65448969022077;moh;0;Hz;0;None;0,07106333523983331;m3/s;0;kW;0;rpm;0;KVar;0;%;0,0481770966098889;Mill.m3;71,0635099865059;l/s;0;m3/s;624416,5;t;65;%;0;None;98,16666857107208;mKVs;0;None;26,092010920583334;mm;0;m3/s;93,48798472222222;bar;0;KVa;-54,55026838372222;cm;32,11806498911111;%;30,366661848964043;cm
2026-02-13 01:00:00.000;150,65425105336627;moh;0;Hz;0;None;0,07123000083572222;m3/s;0;kW;0;rpm;0;KVar;0;%;0,04813557430436111;Mill.m3;71,22835923312287;l/s;0;m3/s;624416,5;t;65;%;0;None;98,20833076033946;mKVs;0;None;26,101699616027776;mm;0;m3/s;93,17936361111111;bar;0;KVa;-54,574330646916664;cm;32,090382991472225;%;30,39166510779762;cm
2026-02-13 02:00:00.000;150,65401661009176;moh;0;Hz;0;None;0,07095000272083332;m3/s;0;kW;0;rpm;0;KVar;0;%;0,04809963986522221;Mill.m3;70,95398026569369;l/s;0;m3/s;624416,5;t;65;%;0;None;98,22500930853292;mKVs;0;None;26,110084321805555;mm;0;m3/s;93,55241944444444;bar;0;KVa;-54,59968990686111;cm;32,06642670294445;%;30,34999626895138;cm
2026-02-13 03:00:00.000;150,65408685382522;moh;0;Hz;0;None;0,07104833527569443;m3/s;0;kW;0;rpm;0;KVar;0;%;0,04811718718230555;Mill.m3;71,0499813542236;l/s;0;m3/s;624416,5;t;65;%;0;None;98,2367731840984;mKVs;0;None;26,10598987741667;mm;0;m3/s;93,66740638888889;bar;0;KVa;-54,58966149127778;cm;32,07812504458333;%;30,35832986450102;cm
2026-02-13 04:00:00.000;150,653166496625;moh;0;Hz;0;None;0,07104833527569444;m3/s;0;kW;0;rpm;0;KVar;0;%;0,04797538220719444;Mill.m3;71,04608236416607;l/s;0;m3/s;624416,5;t;65;%;0;None;98,20833695685913;mKVs;0;None;26,13907771875;mm;0;m3/s;93,11456;bar;0;KVa;-54,683354693333335;cm;31,983587797583333;%;30,357680041045157;cm
2026-02-13 05:00:00.000;150,6530196250095;moh;0;Hz;0;None;0,07089833646319445;m3/s;0;kW;0;rpm;0;KVar;0;%;0,04794914356952778;Mill.m3;70,89999057003443;l/s;0;m3/s;624416,5;t;65;%;0;None;98,2583421604772;mKVs;0;None;26,145200094472223;mm;0;m3/s;93,7795625;bar;0;KVa;-54,700012205;cm;31,96609528577778;%;30,33333171670086;cm
2026-02-13 06:00:00.000;150,65439446885722;moh;0;Hz;0;None;0,07075000430416666;m3/s;0;kW;0;rpm;0;KVar;0;%;0,04816470581691667;Mill.m3;70,75001278581207;l/s;0;m3/s;624416,5;t;65;%;0;None;98,1833286212623;mKVs;0;None;26,09490224875;mm;0;m3/s;93,48926222222222;bar;0;KVa;-54,55908881241667;cm;32,10980421377778;%;30,308335735534442;cm
2026-02-13 07:00:00.000;150,65167118447897;moh;0;Hz;0;None;0,0707000047;m3/s;0;kW;0;rpm;0;KVar;0;%;0,047750550124638885;Mill.m3;70,70000458;l/s;0;m3/s;624416,5;t;65;%;0;None;98,19167443436352;mKVs;0;None;26,191538494666666;mm;0;m3/s;93,36483916666667;bar;0;KVa;-54,833251101583336;cm;31,833699075888887;%;30,30000114;cm
2026-02-13 08:00:00.000;150,65234523846473;moh;0;Hz;0;None;0,07065000447416665;m3/s;0;kW;0;rpm;0;KVar;0;%;0,047848587833277785;Mill.m3;70,64999723743041;l/s;0;m3/s;624416,5;t;65;%;0;None;98,21667365829254;mKVs;0;None;26,16866302588889;mm;0;m3/s;93,92076138888889;bar;0;KVa;-54,76760016297222;cm;31,899058021305557;%;30,291666636106786;cm
2026-02-13 09:00:00.000;150,6520687982295;moh;0;Hz;0;None;0,07070000407833334;m3/s;0;kW;0;rpm;0;KVar;0;%;0,047811432626194444;Mill.m3;70,69997560986003;l/s;0;m3/s;624416,5;t;65;%;0;None;98,22500000311972;mKVs;0;None;26,177332560305555;mm;0;m3/s;93,332475;bar;0;KVa;-54,7929382295;cm;31,87428776161111;%;30,299996259463445;cm
2026-02-13 10:00:00.000;150,65236281121352;moh;0;Hz;0;None;0,07075000430416666;m3/s;0;kW;0;rpm;0;KVar;0;%;0,04786031812111111;Mill.m3;70,75001511913948;l/s;0;m3/s;624416,5;t;65;%;0;None;98,21667204720609;mKVs;0;None;26,165925980666668;mm;0;m3/s;93,53897694444444;bar;0;KVa;-54,76368373997222;cm;31,90687808752778;%;30,308336124417423;cm
2026-02-13 11:00:00.000;150,6528537134305;moh;0;Hz;0;None;0,0707000047;m3/s;0;kW;0;rpm;0;KVar;0;%;0,04792643976766667;Mill.m3;70,70000458;l/s;0;m3/s;624416,5;t;65;%;0;None;98,20833573251107;mKVs;0;None;26,150497650138888;mm;0;m3/s;93,29715666666667;bar;0;KVa;-54,714872570333334;cm;31,95095942513889;%;30,30000114;cm
2026-02-13 12:00:00.000;150,65220002198296;moh;0;Hz;0;None;0,07078667068055555;m3/s;0;kW;0;rpm;0;KVar;0;%;0,04783411735661111;Mill.m3;70,78788268924359;l/s;0;m3/s;624416,5;t;65;%;0;None;98,2021178000028;mKVs;0;None;26,172039456833332;mm;0;m3/s;93,38617333333333;bar;0;KVa;-54,77809481833334;cm;31,889410896027776;%;30,31464730626378;cm
2026-02-13 13:00:00.000;150,65300655240551;moh;0;Hz;0;None;0,0707000047;m3/s;0;kW;0;rpm;0;KVar;0;%;0,0479503960638611;Mill.m3;70,70000458;l/s;0;m3/s;624416,5;t;65;%;0;None;98,24147685894356;mKVs;0;None;26,144907845444443;mm;0;m3/s;93,64274805555556;bar;0;KVa;-54,700571693916665;cm;31,966930285916668;%;30,30000114;cm
2026-02-13 14:00:00.000;150,65298072331848;moh;0;Hz;0;None;0,07095166937430554;m3/s;0;kW;0;rpm;0;KVar;0;%;0,04794998280499999;Mill.m3;70,95383743272457;l/s;0;m3/s;624416,5;t;65;%;0;None;98,23333682000893;mKVs;0;None;26,144808452194443;mm;0;m3/s;93,24235694444444;bar;0;KVa;-54,70084719983333;cm;31,96665478;%;30,342306080288466;cm
2026-02-13 15:00:00.000;150,65275190076898;moh;0;Hz;0;None;0,07084667020555556;m3/s;0;kW;0;rpm;0;KVar;0;%;0,0479127895075;Mill.m3;70,84617520726394;l/s;0;m3/s;624416,5;t;65;%;0;None;98,26666944973411;mKVs;0;None;26,15368271;mm;0;m3/s;93,73957694444445;bar;0;KVa;-54,724248248583336;cm;31,9418592475;%;30,324362603033464;cm
2026-02-13 16:00:00.000;150,6529030104075;moh;0;Hz;0;None;0,07075000430416666;m3/s;0;kW;0;rpm;0;KVar;0;%;0,0479373941175;Mill.m3;70,75000661916113;l/s;0;m3/s;624416,5;t;65;%;0;None;98,2339706490323;mKVs;0;None;26,147941589166667;mm;0;m3/s;93,66083472222222;bar;0;KVa;-54,70895978955556;cm;31,958262445833334;%;30,30833470777229;cm
2026-02-13 17:00:00.000;150,65184274916874;moh;0;Hz;0;None;0,07065000447416667;m3/s;0;kW;0;rpm;0;KVar;0;%;0,04777534534547222;Mill.m3;70,64999323738968;l/s;0;m3/s;624416,5;t;65;%;0;None;98,21603944819007;mKVs;0;None;26,18575287052778;mm;0;m3/s;93,74674472222222;bar;0;KVa;-54,81560600811111;cm;31,850229589222224;%;30,29166596943758;cm
2026-02-13 18:00:00.000;150,651907677461;moh;0;Hz;0;None;0,07064667112577777;m3/s;0;kW;0;rpm;0;KVar;0;%;0,04778750805636111;Mill.m3;70,64621986563124;l/s;0;m3/s;624416,5;t;65;%;0;None;98,24999103902111;mKVs;0;None;26,18291494711111;mm;0;m3/s;93,86919583333334;bar;0;KVa;-54,80887942508333;cm;31,858337935083334;%;30,291037078158915;cm
2026-02-13 19:00:00.000;150,651333915045;moh;0;Hz;0;None;0,07040167001919444;m3/s;0;kW;0;rpm;0;KVar;0;%;0,04769917189238889;Mill.m3;70,40381423049233;l/s;0;m3/s;624416,5;t;65;%;0;None;98,29229361581947;mKVs;0;None;26,203526604833332;mm;0;m3/s;92,64257444444445;bar;0;KVa;-54,866947594083335;cm;31,799447168555556;%;30,25063639685914;cm
2026-02-13 20:00:00.000;150,65216103392;moh;0;Hz;0;None;0,07039833667080556;m3/s;0;kW;0;rpm;0;KVar;0;%;0,047823798665666675;Mill.m3;70,39627498705183;l/s;0;m3/s;624416,5;t;65;%;0;None;98,29103641191384;mKVs;0;None;26,174447166527777;mm;0;m3/s;94,06440888888889;bar;0;KVa;-54,78357526758333;cm;31,88253190486111;%;30,249379864306547;cm
2026-02-13 21:00:00.000;150,651422064285;moh;0;Hz;0;None;0,07020166911586109;m3/s;0;kW;0;rpm;0;KVar;0;%;0,04771441839980555;Mill.m3;70,19999815498642;l/s;0;m3/s;624416,5;t;65;%;0;None;98,24229859955827;mKVs;0;None;26,199969187333334;mm;0;m3/s;93,41347944444445;bar;0;KVa;-54,857347273;cm;31,80961138686111;%;30,21666726777693;cm
2026-02-13 22:00:00.000;150,6514978043647;moh;0;Hz;0;None;0,07020166911586109;m3/s;0;kW;0;rpm;0;KVar;0;%;0,047727222759972224;Mill.m3;70,2000009883486;l/s;0;m3/s;624416,5;t;65;%;0;None;98,28270284330749;mKVs;0;None;26,19698143047222;mm;0;m3/s;94,00803277777777;bar;0;KVa;-54,84907361925;cm;31,818147984777777;%;30,21666774000095;cm
2026-02-13 23:00:00.000;150,65166099468075;moh;0;Hz;0;None;0,07012500210291668;m3/s;0;kW;0;rpm;0;KVar;0;%;0,04774925287536111;Mill.m3;70,12259912707678;l/s;0;m3/s;624416,5;t;65;%;0;None;98,28334186130898;mKVs;0;None;26,191841125305555;mm;0;m3/s;93,18086194444444;bar;0;KVa;-54,83466677961111;cm;31,832834717444445;%;30,20000076;cm
2026-02-14 00:00:00.000;150,651170071357;moh;0;Hz;0;None;0,07010000199;m3/s;0;kW;0;rpm;0;KVar;0;%;0,047672894843944436;Mill.m3;70,09999847;l/s;0;m3/s;624416,5;t;65;%;0;None;98,26626020184874;mKVs;0;None;26,209657881916666;mm;0;m3/s;94,21487222222223;bar;0;KVa;-54,88334655469444;cm;31,78192938922222;%;30,20000076;cm
2026-02-14 01:00:00.000;150,65174868895278;moh;0;Hz;0;None;0,07010000199;m3/s;0;kW;0;rpm;0;KVar;0;%;0,047760633512638886;Mill.m3;70,09999847;l/s;0;m3/s;624416,5;t;65;%;0;None;98,27500237696059;mKVs;0;None;26,189185674416667;mm;0;m3/s;93,31490444444445;bar;0;KVa;-54,825969269;cm;31,84042156811111;%;30,20000076;cm
2026-02-14 02:00:00.000;150,65128631498828;moh;0;Hz;0;None;0,07006666850611111;m3/s;0;kW;0;rpm;0;KVar;0;%;0,047695948710638904;Mill.m3;70,064727826721;l/s;0;m3/s;624416,5;t;65;%;0;None;98,274993432653;mKVs;0;None;26,204278735472222;mm;0;m3/s;88,99921611111111;bar;0;KVa;-54,871317542166665;cm;31,79729834963889;%;30,20000076;cm
2026-02-14 03:00:00.000;150,65106985329425;moh;0;Hz;0;None;0,0700966686416111;m3/s;0;kW;0;rpm;0;KVar;0;%;0,0476639688011111;Mill.m3;70,09639939233153;l/s;0;m3/s;624416,5;t;65;%;0;None;98,26666636561464;mKVs;0;None;26,21174070663889;mm;0;m3/s;93,19921055555555;bar;0;KVa;-54,89292144419444;cm;31,775978334833333;%;30,20000076;cm
2026-02-14 04:00:00.000;150,65072842531075;moh;0;Hz;0;None;0,0700700018545;m3/s;0;kW;0;rpm;0;KVar;0;%;0,04761669179325;Mill.m3;70,07024771253128;l/s;0;m3/s;624416,5;t;65;%;0;None;98,28335227781704;mKVs;0;None;26,22277196338889;mm;0;m3/s;89,45177944444444;bar;0;KVa;-54,927202857944444;cm;31,74446052186111;%;30,20000076;cm
2026-02-14 05:00:00.000;150,6511761134585;moh;0;Hz;0;None;0,0701116687093611;m3/s;0;kW;0;rpm;0;KVar;0;%;0,047675997659472225;Mill.m3;70,11043245598411;l/s;0;m3/s;624416,5;t;65;%;0;None;98,26605870824527;mKVs;0;None;26,208933936972223;mm;0;m3/s;93,7267625;bar;0;KVa;-54,88377888755556;cm;31,783997893166667;%;30,20000076;cm
2026-02-14 06:00:00.000;150,65053031069024;moh;0;Hz;0;None;0,07006000180933332;m3/s;0;kW;0;rpm;0;KVar;0;%;0,04758590061333333;Mill.m3;70,06088431859659;l/s;0;m3/s;624416,5;t;65;%;0;None;98,30895372110841;mKVs;0;None;26,22995652047222;mm;0;m3/s;92,76003111111112;bar;0;KVa;-54,94691212711111;cm;31,723933153305556;%;30,191660450529163;cm
2026-02-14 07:00:00.000;150,65026339654275;moh;0;Hz;0;None;0,07005000176416666;m3/s;0;kW;0;rpm;0;KVar;0;%;0,047546532945416664;Mill.m3;70,05000326415477;l/s;0;m3/s;624416,5;t;65;%;0;None;98,27500015560568;mKVs;0;None;26,239142312888887;mm;0;m3/s;93,4141775;bar;0;KVa;-54,97259775675;cm;31,697688252305557;%;30,191668172780734;cm
2026-02-14 08:00:00.000;150,65057137152576;moh;0;Hz;0;None;0,07002500165125;m3/s;0;kW;0;rpm;0;KVar;0;%;0,04757947911344444;Mill.m3;70,02273439785822;l/s;0;m3/s;624416,5;t;65;%;0;None;98,2993884221811;mKVs;0;None;26,231454849805555;mm;0;m3/s;92,98105583333333;bar;0;KVa;-54,9442333625;cm;31,719652336555555;%;30,19166920056242;cm
2026-02-14 09:00:00.000;150,65039035382026;moh;0;Hz;0;None;0,06990000108666666;m3/s;0;kW;0;rpm;0;KVar;0;%;0,047550213532305555;Mill.m3;69,89993881348674;l/s;0;m3/s;624416,5;t;65;%;0;None;98,2595427532786;mKVs;0;None;26,238283366944444;mm;0;m3/s;93,7323225;bar;0;KVa;-54,96290842563889;cm;31,700142304777778;%;30,166657272184114;cm
2026-02-14 10:00:00.000;150,65333894176698;moh;0;Hz;0;None;0,07010000199;m3/s;0;kW;0;rpm;0;KVar;0;%;0,0479987029065;Mill.m3;70,09999847;l/s;0;m3/s;624416,5;t;65;%;0;None;98,33272588677214;mKVs;0;None;26,133636261527776;mm;0;m3/s;93,40519416666666;bar;0;KVa;-54,66642167658333;cm;31,999134961527776;%;30,20000076;cm
2026-02-14 11:00:00.000;150,6554965584945;moh;0;Hz;0;None;0,07010666868677777;m3/s;0;kW;0;rpm;0;KVar;0;%;0,04832368290130555;Mill.m3;70,10796188442662;l/s;0;m3/s;624416,5;t;65;%;0;None;98,28333175035262;mKVs;0;None;26,05780749775;mm;0;m3/s;93,43561777777778;bar;0;KVa;-54,45059882211111;cm;32,21578937175;%;30,20000076;cm
2026-02-14 12:00:00.000;150,65619140821224;moh;0;Hz;0;None;0,07003833504480556;m3/s;0;kW;0;rpm;0;KVar;0;%;0,04842427608730555;Mill.m3;70,03715780078528;l/s;0;m3/s;624416,5;t;65;%;0;None;98,31666987999367;mKVs;0;None;26,03433566497222;mm;0;m3/s;93,47490972222222;bar;0;KVa;-54,38187493144444;cm;32,28285174902778;%;30,191665617215467;cm
2026-02-14 13:00:00.000;150,6562333738545;moh;0;Hz;0;None;0,07005333511255556;m3/s;0;kW;0;rpm;0;KVar;0;%;0,04843768462880556;Mill.m3;70,0575624342134;l/s;0;m3/s;624416,5;t;65;%;0;None;98,28333166702075;mKVs;0;None;26,031206977694445;mm;0;m3/s;93,36763583333334;bar;0;KVa;-54,375432331388886;cm;32,29179085561111;%;30,183333307775033;cm
2026-02-14 14:00:00.000;150,6551753317425;moh;0;Hz;0;None;0,07010500201258334;m3/s;0;kW;0;rpm;0;KVar;0;%;0,04827829428638888;Mill.m3;70,10637146428003;l/s;0;m3/s;624416,5;t;65;%;0;None;98,3250056707878;mKVs;0;None;26,068398157361113;mm;0;m3/s;93,65232777777777;bar;0;KVa;-54,48224809263889;cm;32,185530192555554;%;30,20000076;cm
2026-02-14 15:00:00.000;150,65662233895696;moh;0;Hz;0;None;0,07016833563197222;m3/s;0;kW;0;rpm;0;KVar;0;%;0,048494002232;Mill.m3;70,16860370912335;l/s;0;m3/s;624416,5;t;65;%;0;None;98,31397622655456;mKVs;0;None;26,018066193055557;mm;0;m3/s;93,40224166666667;bar;0;KVa;-54,33760748977778;cm;32,32933594852778;%;30,20000076;cm
2026-02-14 16:00:00.000;150,65601273659098;moh;0;Hz;0;None;0,07006500183191666;m3/s;0;kW;0;rpm;0;KVar;0;%;0,048399696849916664;Mill.m3;70,06050817659366;l/s;0;m3/s;624416,5;t;65;%;0;None;98,29226911444233;mKVs;0;None;26,040070850555555;mm;0;m3/s;93,61367666666666;bar;0;KVa;-54,39936743711111;cm;32,266465505527776;%;30,20000076;cm
2026-02-14 17:00:00.000;150,65600227400475;moh;0;Hz;0;None;0,07007500187708333;m3/s;0;kW;0;rpm;0;KVar;0;%;0,04839989412530555;Mill.m3;70,07390031150629;l/s;0;m3/s;624416,5;t;65;%;0;None;98,3000006350369;mKVs;0;None;26,04002486286111;mm;0;m3/s;93,49997083333334;bar;0;KVa;-54,399240280444445;cm;32,26659690080555;%;30,20000076;cm
2026-02-14 18:00:00.000;150,6561601661435;moh;0;Hz;0;None;0,07008166857386111;m3/s;0;kW;0;rpm;0;KVar;0;%;0,04842323957808334;Mill.m3;70,081633072036;l/s;0;m3/s;624416,5;t;65;%;0;None;98,31666643560159;mKVs;0;None;26,03457747627778;mm;0;m3/s;93,416675;bar;0;KVa;-54,38478257688889;cm;32,282160700388886;%;30,20000076;cm
2026-02-14 19:00:00.000;150,65633390106572;moh;0;Hz;0;None;0,07021166916102776;m3/s;0;kW;0;rpm;0;KVar;0;%;0,04845176085524999;Mill.m3;70,2111143044924;l/s;0;m3/s;624416,5;t;65;%;0;None;98,33333351559145;mKVs;0;None;26,02792252372222;mm;0;m3/s;93,98119277777778;bar;0;KVa;-54,36632792052778;cm;32,301174857944446;%;30,20892704391975;cm
2026-02-14 20:00:00.000;150,65692755129803;moh;0;Hz;0;None;0,07034833644497221;m3/s;0;kW;0;rpm;0;KVar;0;%;0,04853702532994444;Mill.m3;70,34657364759832;l/s;0;m3/s;624416,5;t;65;%;0;None;98,3166730466122;mKVs;0;None;26,008027393916667;mm;0;m3/s;93,75875638888888;bar;0;KVa;-54,30864969863889;cm;32,358018238027775;%;30,241096360607134;cm
2026-02-14 21:00:00.000;150,65791144382175;moh;0;Hz;0;None;0,0702500026675;m3/s;0;kW;0;rpm;0;KVar;0;%;0,04868713341991667;Mill.m3;70,24999549745418;l/s;0;m3/s;624416,5;t;65;%;0;None;98,32559838400059;mKVs;0;None;25,973002115555555;mm;0;m3/s;90,89759027777778;bar;0;KVa;-54,20857747361111;cm;32,45809046302778;%;30,225000104997147;cm
2026-02-14 22:00:00.000;150,658006950751;moh;0;Hz;0;None;0,070400003345;m3/s;0;kW;0;rpm;0;KVar;0;%;0,048698895278055564;Mill.m3;70,39999319158181;l/s;0;m3/s;624416,5;t;65;%;0;None;98,32441767972519;mKVs;0;None;25,97025765302778;mm;0;m3/s;92,88745166666666;bar;0;KVa;-54,199901158138886;cm;32,46593178455556;%;30,24999956110583;cm
2026-02-14 23:00:00.000;150,6590889195335;moh;0;Hz;0;None;0,07060167092252778;m3/s;0;kW;0;rpm;0;KVar;0;%;0,04886204308277778;Mill.m3;70,60352109748655;l/s;0;m3/s;624416,5;t;65;%;0;None;98,36725211029875;mKVs;0;None;25,932189729555557;mm;0;m3/s;93,77892333333334;bar;0;KVa;-54,09141964575;cm;32,57469728158333;%;30,28392066222775;cm
2026-02-15 00:00:00.000;150,65874216608427;moh;0;Hz;0;None;0,07059833757413889;m3/s;0;kW;0;rpm;0;KVar;0;%;0,04881350816058333;Mill.m3;70,60000039496775;l/s;0;m3/s;624416,5;t;65;%;0;None;98,3424116276021;mKVs;0;None;25,943514719027778;mm;0;m3/s;93,55030611111111;bar;0;KVa;-54,125438266222226;cm;32,54234017202778;%;30,28333388222022;cm
2026-02-15 01:00:00.000;150,65950583692475;moh;0;Hz;0;None;0,07059833757413889;m3/s;0;kW;0;rpm;0;KVar;0;%;0,04892335218180555;Mill.m3;70,5999973949372;l/s;0;m3/s;624416,5;t;65;%;0;None;98,32442153994442;mKVs;0;None;25,917884402805555;mm;0;m3/s;93,31462388888889;bar;0;KVa;-54,049987795;cm;32,61556964422222;%;30,283333382218316;cm
2026-02-15 02:00:00.000;150,65948724874696;moh;0;Hz;0;None;0,07065000447416665;m3/s;0;kW;0;rpm;0;KVar;0;%;0,04892441375447223;Mill.m3;70,65000173747623;l/s;0;m3/s;624416,5;t;65;%;0;None;98,37500424246448;mKVs;0;None;25,917636659555555;mm;0;m3/s;93,7970038888889;bar;0;KVa;-54,05067020205556;cm;32,61627748241666;%;30,291667386109633;cm
2026-02-15 03:00:00.000;150,659336124966;moh;0;Hz;0;None;0,0707000047;m3/s;0;kW;0;rpm;0;KVar;0;%;0,048900826583861114;Mill.m3;70,70000458;l/s;0;m3/s;624416,5;t;65;%;0;None;98,36666764779382;mKVs;0;None;25,92314042127778;mm;0;m3/s;93,14398888888888;bar;0;KVa;-54,065835742944444;cm;32,60055245258334;%;30,30000114;cm
2026-02-15 04:00:00.000;150,65892488297374;moh;0;Hz;0;None;0,07080000390833333;m3/s;0;kW;0;rpm;0;KVar;0;%;0,04883909787147223;Mill.m3;70,79999499169047;l/s;0;m3/s;624416,5;t;65;%;0;None;98,34224413014805;mKVs;0;None;25,937543657;mm;0;m3/s;93,62082333333333;bar;0;KVa;-54,107818606361114;cm;32,55940034547222;%;30,316665997801422;cm
2026-02-15 05:00:00.000;150,65907856345677;moh;0;Hz;0;None;0,07085167016597221;m3/s;0;kW;0;rpm;0;KVar;0;%;0,04886181438072223;Mill.m3;70,84997769756757;l/s;0;m3/s;624416,5;t;65;%;0;None;98,31551756423336;mKVs;0;None;25,932243135944443;mm;0;m3/s;93,72105305555556;bar;0;KVa;-54,09184774030555;cm;32,574544693777774;%;30,324996343400464;cm
2026-02-15 06:00:00.000;150,65933932698226;moh;0;Hz;0;None;0,07090166977013888;m3/s;0;kW;0;rpm;0;KVar;0;%;0,04890045110458334;Mill.m3;70,90341172797712;l/s;0;m3/s;624416,5;t;65;%;0;None;98,2922430584518;mKVs;0;None;25,92322794777778;mm;0;m3/s;93,33094527777777;bar;0;KVa;-54,06636556219444;cm;32,600302377805555;%;30,33390190247835;cm
2026-02-15 07:00:00.000;150,660166442888;moh;0;Hz;0;None;0,07115166905502777;m3/s;0;kW;0;rpm;0;KVar;0;%;0,04902455048947223;Mill.m3;71,1539119242991;l/s;0;m3/s;624416,5;t;65;%;0;None;98,32443242872503;mKVs;0;None;25,894271640416665;mm;0;m3/s;93,59735694444444;bar;0;KVa;-53,98335774833333;cm;32,68303468575;%;30,374998750019;cm
2026-02-15 08:00:00.000;150,661416681747;moh;0;Hz;0;None;0,07129166720069445;m3/s;0;kW;0;rpm;0;KVar;0;%;0,04920995045044445;Mill.m3;71,29250123649852;l/s;0;m3/s;624416,5;t;65;%;0;None;98,27557320239356;mKVs;0;None;25,85101148888889;mm;0;m3/s;93,16366166666667;bar;0;KVa;-53,85836283333333;cm;32,806635115333336;%;30,391676302071915;cm
2026-02-15 09:00:00.000;150,66211031834982;moh;0;Hz;0;None;0,071396667074;m3/s;0;kW;0;rpm;0;KVar;0;%;0,04931837661988889;Mill.m3;71,40001212997635;l/s;0;m3/s;624416,5;t;65;%;0;None;98,25833838192362;mKVs;0;None;25,8257119925;mm;0;m3/s;94,18220638888889;bar;0;KVa;-53,78941429763889;cm;32,87891939097222;%;30,416667905561464;cm
2026-02-15 10:00:00.000;150,66308672381678;moh;0;Hz;0;None;0,07175500200508333;m3/s;0;kW;0;rpm;0;KVar;0;%;0,049462127810027776;Mill.m3;71,75342206800225;l/s;0;m3/s;624416,5;t;65;%;0;None;98,2577411974487;mKVs;0;None;25,792170205833333;mm;0;m3/s;93,47080416666667;bar;0;KVa;-53,69052463061111;cm;32,974753060805554;%;30,47556993494388;cm
2026-02-15 11:00:00.000;150,66444869237418;moh;0;Hz;0;None;0,07202500181547224;m3/s;0;kW;0;rpm;0;KVar;0;%;0,04966012949411111;Mill.m3;72,027041206048;l/s;0;m3/s;624416,5;t;65;%;0;None;98,24110282473816;mKVs;0;None;25,7459697715;mm;0;m3/s;93,9027275;bar;0;KVa;-53,55686187719444;cm;33,10675430163889;%;30,517235121048767;cm
2026-02-15 12:00:00.000;150,66515616281734;moh;0;Hz;0;None;0,07245333339488888;m3/s;0;kW;0;rpm;0;KVar;0;%;0,04977095348683334;Mill.m3;72,46056143390194;l/s;0;m3/s;624416,5;t;65;%;0;None;98,18389756814392;mKVs;0;None;25,72011099836111;mm;0;m3/s;93,56520916666666;bar;0;KVa;-53,48519643313889;cm;33,180636511222225;%;30,591667653891317;cm
2026-02-15 13:00:00.000;150,66468490919354;moh;0;Hz;0;None;0,07283499981680557;m3/s;0;kW;0;rpm;0;KVar;0;%;0,049696102045388886;Mill.m3;72,83866740980889;l/s;0;m3/s;624416,5;t;65;%;0;None;98,23389142486602;mKVs;0;None;25,73757616597222;mm;0;m3/s;93,32551083333334;bar;0;KVa;-53,53204091352778;cm;33,13073603341667;%;30,650558877677124;cm
2026-02-15 14:00:00.000;150,66756534211606;moh;0;Hz;0;None;0,07310500064230555;m3/s;0;kW;0;rpm;0;KVar;0;%;0,05014959895486111;Mill.m3;73,10182962765266;l/s;0;m3/s;624416,5;t;65;%;0;None;98,27445266314912;mKVs;0;None;25,63176006525;mm;0;m3/s;93,82906472222223;bar;0;KVa;-53,24194590180556;cm;33,43306774608333;%;30,6916738950247;cm
2026-02-15 15:00:00.000;150,6670685773566;moh;0;Hz;0;None;0,07299833349413888;m3/s;0;kW;0;rpm;0;KVar;0;%;0,0500614995145;Mill.m3;72,9999947250102;l/s;0;m3/s;624416,5;t;65;%;0;None;98,22500222753102;mKVs;0;None;25,652316833972222;mm;0;m3/s;93,41953916666667;bar;0;KVa;-53,29455905494444;cm;33,3743341235;%;30,683333363330796;cm
2026-02-15 16:00:00.000;150,66792787441685;moh;0;Hz;0;None;0,07304666704577777;m3/s;0;kW;0;rpm;0;KVar;0;%;0,05018520287005556;Mill.m3;73,04664960603996;l/s;0;m3/s;624416,5;t;65;%;0;None;98,20833731361833;mKVs;0;None;25,623452502444444;mm;0;m3/s;93,93716388888889;bar;0;KVa;-53,20931328613889;cm;33,456803641166665;%;30,6911092262123;cm
2026-02-15 17:00:00.000;150,66740036945396;moh;0;Hz;0;None;0,07290166639086111;m3/s;0;kW;0;rpm;0;KVar;0;%;0,05011355717644445;Mill.m3;72,90333980481421;l/s;0;m3/s;624416,5;t;65;%;0;None;98,22555880012555;mKVs;0;None;25,64016998902778;mm;0;m3/s;93,2977125;bar;0;KVa;-53,261519538305556;cm;33,40903939122222;%;30,66722410767142;cm
2026-02-15 18:00:00.000;150,66943416411146;moh;0;Hz;0;None;0,07290833310836112;m3/s;0;kW;0;rpm;0;KVar;0;%;0,05041168184055556;Mill.m3;72,91216175228374;l/s;0;m3/s;624416,5;t;65;%;0;None;98,20778507439057;mKVs;0;None;25,57060750247222;mm;0;m3/s;93,91315972222222;bar;0;KVa;-53,06083679183333;cm;33,60778935855556;%;30,66869433548048;cm
2026-02-15 19:00:00.000;150,66958548825977;moh;0;Hz;0;None;0,07313000075525;m3/s;0;kW;0;rpm;0;KVar;0;%;0,050435466081250005;Mill.m3;73,12827665466908;l/s;0;m3/s;624416,5;t;65;%;0;None;98,19111834263961;mKVs;0;None;25,565057753166666;mm;0;m3/s;93,78814416666667;bar;0;KVa;-53,03885989644444;cm;33,62364578333333;%;30,699999732218316;cm
2026-02-15 20:00:00.000;150,66841246626245;moh;0;Hz;0;None;0,0727199989035;m3/s;0;kW;0;rpm;0;KVar;0;%;0,05022067396522223;Mill.m3;72,72501125200903;l/s;0;m3/s;624416,5;t;65;%;0;None;98,15055692004366;mKVs;0;None;25,615176093944445;mm;0;m3/s;90,78443166666666;bar;0;KVa;-53,16176944316667;cm;33,48045052427778;%;30,63333695112293;cm
2026-02-15 21:00:00.000;150,6761332686604;moh;0;Hz;0;None;0,07335000174916667;m3/s;0;kW;0;rpm;0;KVar;0;%;0,051402638779416664;Mill.m3;73,35325971568408;l/s;0;m3/s;624416,5;t;65;%;0;None;98,20000938776238;mKVs;0;None;25,339384290166667;mm;0;m3/s;91,10959472222223;bar;0;KVa;-52,39434983955555;cm;34,268427106611114;%;30,742210698174926;cm
2026-02-15 22:00:00.000;150,68328457397072;moh;0;Hz;0;None;0,07356500271788889;m3/s;0;kW;0;rpm;0;KVar;0;%;0,052469202460833336;Mill.m3;73,56463488995921;l/s;0;m3/s;624416,5;t;65;%;0;None;98,20000458;mKVs;0;None;25,090519375444444;mm;0;m3/s;93,48280055555556;bar;0;KVa;-51,67580498525;cm;34,97946972313889;%;30,7749992755526;cm
2026-02-15 23:00:00.000;150,6882153712793;moh;0;Hz;0;None;0,07373333681166667;m3/s;0;kW;0;rpm;0;KVar;0;%;0,05322875304983333;Mill.m3;73,73487468455914;l/s;0;m3/s;624416,5;t;65;%;0;None;98,25000309278882;mKVs;0;None;24,913290870972222;mm;0;m3/s;93,7463463888889;bar;0;KVa;-51,181390550555555;cm;35,485836876166665;%;30,80054522338404;cm
2026-02-16 00:00:00.000;150,69361498662093;moh;0;Hz;0;None;0,07414667200666668;m3/s;0;kW;0;rpm;0;KVar;0;%;0,05403757094316667;Mill.m3;74,1467674407518;l/s;0;m3/s;624416,5;t;65;%;0;None;98,18333572826205;mKVs;0;None;24,72456677738889;mm;0;m3/s;93,11927111111112;bar;0;KVa;-50,64078013080555;cm;36,025048575;%;30,874460674864537;cm
2026-02-16 01:00:00.000;150,69536294801102;moh;0;Hz;0;None;0,07430167208416667;m3/s;0;kW;0;rpm;0;KVar;0;%;0,054301439309166664;Mill.m3;74,30324887588986;l/s;0;m3/s;624416,5;t;65;%;0;None;98,20833689695803;mKVs;0;None;24,66299735363889;mm;0;m3/s;93,36281333333334;bar;0;KVa;-50,46431223627778;cm;36,20096121830556;%;30,900540742345967;cm
2026-02-16 02:00:00.000;150,69699358505773;moh;0;Hz;0;None;0,074150005355;m3/s;0;kW;0;rpm;0;KVar;0;%;0,054550552120000005;Mill.m3;74,14682210727906;l/s;0;m3/s;624416,5;t;65;%;0;None;98,20778959079043;mKVs;0;None;24,604871114166667;mm;0;m3/s;90,65350055555555;bar;0;KVa;-50,30130174302778;cm;36,36703618333333;%;30,874469785837157;cm
2026-02-16 03:00:00.000;150,70001931609903;moh;0;Hz;0;None;0,07430167208416667;m3/s;0;kW;0;rpm;0;KVar;0;%;0,05499800381619445;Mill.m3;74,30323570925682;l/s;0;m3/s;624416,5;t;65;%;0;None;98,1500025506048;mKVs;0;None;24,500465816888887;mm;0;m3/s;93,75697222222222;bar;0;KVa;-50,0005043865;cm;36,665337031583334;%;30,900538547945434;cm
2026-02-16 04:00:00.000;150,70139589426927;moh;0;Hz;0;None;0,07424833913083334;m3/s;0;kW;0;rpm;0;KVar;0;%;0,05520153757555555;Mill.m3;74,25001084414711;l/s;0;m3/s;624416,5;t;65;%;0;None;98,13332939316281;mKVs;0;None;24,45297474211111;mm;0;m3/s;93,61648333333333;bar;0;KVa;-49,85982259247222;cm;36,801025814944445;%;30,891667691091687;cm
2026-02-16 05:00:00.000;150,7015955984374;moh;0;Hz;0;None;0,07438167205122222;m3/s;0;kW;0;rpm;0;KVar;0;%;0,05525784884666666;Mill.m3;74,38376367085803;l/s;0;m3/s;624416,5;t;65;%;0;None;98,12498774309914;mKVs;0;None;24,43983544186111;mm;0;m3/s;92,98618583333334;bar;0;KVa;-49,83836279919444;cm;36,83856667536111;%;30,908336179456583;cm
2026-02-16 06:00:00.000;150,70215554539843;moh;0;Hz;0;None;0,0744516714985;m3/s;0;kW;0;rpm;0;KVar;0;%;0,05532440214038888;Mill.m3;74,45000766998733;l/s;0;m3/s;624416,5;t;65;%;0;None;98,18387015203363;mKVs;0;None;24,42430623327778;mm;0;m3/s;93,27975555555555;bar;0;KVa;-49,78012508869445;cm;36,88293584233333;%;30,9250005483365;cm
2026-02-16 07:00:00.000;150,70279422018476;moh;0;Hz;0;None;0,07442667169536112;m3/s;0;kW;0;rpm;0;KVar;0;%;0,055397243435777774;Mill.m3;74,42135674198322;l/s;0;m3/s;624416,5;t;65;%;0;None;98,12494963033873;mKVs;0;None;24,407309849944443;mm;0;m3/s;93,6503461111111;bar;0;KVa;-49,717419941222225;cm;36,93149693819444;%;30,925530439238965;cm
2026-02-16 08:00:00.000;150,70354949127497;moh;0;Hz;0;None;0,07450000444916666;m3/s;0;kW;0;rpm;0;KVar;0;%;0,05553888956938888;Mill.m3;74,50248220289062;l/s;0;m3/s;624416,5;t;65;%;0;None;98,15939180842545;mKVs;0;None;24,374259101583334;mm;0;m3/s;93,24827361111112;bar;0;KVa;-49,64127858461111;cm;37,02592764991667;%;30,924999520554817;cm
2026-02-16 09:00:00.000;150,70535996843915;moh;0;Hz;0;None;0,07459167039119445;m3/s;0;kW;0;rpm;0;KVar;0;%;0,05581027340811111;Mill.m3;74,59216430857437;l/s;0;m3/s;624416,5;t;65;%;0;None;98,1489455285037;mKVs;0;None;24,310936188527776;mm;0;m3/s;93,54466888888889;bar;0;KVa;-49,462030199333334;cm;37,20685026505556;%;30,991403661778484;cm
2026-02-16 10:00:00.000;150,70963958640436;moh;0;Hz;0;None;0,07496666742636113;m3/s;0;kW;0;rpm;0;KVar;0;%;0,05643396359858333;Mill.m3;74,96975518295768;l/s;0;m3/s;624416,5;t;65;%;0;None;98,1338625389682;mKVs;0;None;24,16540845236111;mm;0;m3/s;93,30195277777777;bar;0;KVa;-49,04235415955556;cm;37,622643789083334;%;30,99166602388657;cm
2026-02-16 11:00:00.000;150,71675120556773;moh;0;Hz;0;None;0,07453083294575;m3/s;0;kW;0;rpm;0;KVar;0;%;0,057022247257527775;Mill.m3;75,16903134361654;l/s;0;m3/s;624416,5;t;65;%;0;None;98,1705785266074;mKVs;0;None;23,717031183805556;mm;0;m3/s;93,7037725;bar;0;KVa;-47,92461140933333;cm;38,01483280586111;%;31,04425325149505;cm
2026-02-16 12:00:00.000;150,72356257161775;moh;0;Hz;0;None;0,074095275127;m3/s;0;kW;0;rpm;0;KVar;0;%;0,05829476715002778;Mill.m3;75,55919864933155;l/s;0;m3/s;624416,5;t;65;%;0;None;98,16660398305851;mKVs;0;None;23,731221093888887;mm;0;m3/s;93,58701611111111;bar;0;KVa;-47,65007019138889;cm;38,86317910038889;%;31,103230947831666;cm
2026-02-16 13:00:00.000;150,7279629832735;moh;0;Hz;0;None;0,07570666414011111;m3/s;0;kW;0;rpm;0;KVar;0;%;0,05913317404369445;Mill.m3;75,70269566203773;l/s;0;m3/s;624416,5;t;65;%;0;None;98,19999533170669;mKVs;0;None;23,535592820305556;mm;0;m3/s;93,26744805555556;bar;0;KVa;-47,21260070969444;cm;39,42211702144444;%;31,144844994853333;cm
2026-02-16 14:00:00.000;150,7321073717318;moh;0;Hz;0;None;0,07595999861766668;m3/s;0;kW;0;rpm;0;KVar;0;%;0,05979894641805555;Mill.m3;75,9628774426232;l/s;0;m3/s;624416,5;t;65;%;0;None;98,20000716562511;mKVs;0;None;23,380245844027776;mm;0;m3/s;93,73884944444444;bar;0;KVa;-46,79012298669444;cm;39,86596552561111;%;31,191668256114387;cm
2026-02-16 15:00:00.000;150,733872670189;moh;0;Hz;0;None;0,07589999834666665;m3/s;0;kW;0;rpm;0;KVar;0;%;0,06002829933627776;Mill.m3;75,90365076317158;l/s;0;m3/s;624416,5;t;65;%;0;None;98,24167208362125;mKVs;0;None;23,32673030536111;mm;0;m3/s;93,26103333333333;bar;0;KVa;-46,61835140727778;cm;40,01886706672222;%;31,180259018314995;cm
2026-02-16 16:00:00.000;150,73724015513974;moh;0;Hz;0;None;0,07594666516194444;m3/s;0;kW;0;rpm;0;KVar;0;%;0,06059448276927777;Mill.m3;75,94435657881063;l/s;0;m3/s;624416,5;t;65;%;0;None;98,20308470175893;mKVs;0;None;23,194620768916668;mm;0;m3/s;94,03164444444444;bar;0;KVa;-46,27536349755555;cm;40,39632288344445;%;31,20308019670295;cm
2026-02-16 17:00:00.000;150,737608462912;moh;0;Hz;0;None;0,07589333164988889;m3/s;0;kW;0;rpm;0;KVar;0;%;0,06067709031630555;Mill.m3;75,88351727168168;l/s;0;m3/s;624416,5;t;65;%;0;None;98,23025281380941;mKVs;0;None;23,17534573863889;mm;0;m3/s;93,4313036111111;bar;0;KVa;-46,23361799388889;cm;40,451394398055555;%;31,163588066076734;cm
2026-02-16 18:00:00.000;150,7381411154313;moh;0;Hz;0;None;0,07571666418527778;m3/s;0;kW;0;rpm;0;KVar;0;%;0,060757407794000004;Mill.m3;75,7184922761766;l/s;0;m3/s;624416,5;t;65;%;0;None;98,23334015632237;mKVs;0;None;23,156604766166666;mm;0;m3/s;93,72303472222222;bar;0;KVa;-46,18923187325;cm;40,504940034;%;31,13641599060102;cm
2026-02-16 19:00:00.000;150,7396641859087;moh;0;Hz;0;None;0,075679997353;m3/s;0;kW;0;rpm;0;KVar;0;%;0,06090052215805556;Mill.m3;75,68150370383104;l/s;0;m3/s;624416,5;t;65;%;0;None;98,19475091718098;mKVs;0;None;23,12321133075;mm;0;m3/s;93,55292777777778;bar;0;KVa;-46,03992038386111;cm;40,60034984927778;%;31,13025118939709;cm
2026-02-16 20:00:00.000;150,74016984173298;moh;0;Hz;0;None;0,07551333055522222;m3/s;0;kW;0;rpm;0;KVar;0;%;0,06102328561338891;Mill.m3;75,51522872474273;l/s;0;m3/s;624416,5;t;65;%;0;None;98,21359912421701;mKVs;0;None;23,094566556416666;mm;0;m3/s;93,41061194444444;bar;0;KVa;-45,98672231097222;cm;40,68219205975;%;31,100001602226868;cm
2026-02-16 21:00:00.000;150,73932296872076;moh;0;Hz;0;None;0,07554166424447223;m3/s;0;kW;0;rpm;0;KVar;0;%;0,06089660626636112;Mill.m3;75,54168579363403;l/s;0;m3/s;624416,5;t;65;%;0;None;98,20526343140301;mKVs;0;None;23,1241251625;mm;0;m3/s;93,62133694444445;bar;0;KVa;-46,066161261666664;cm;40,59773890038889;%;31,112827623187783;cm
2026-02-16 22:00:00.000;150,7414626464645;moh;0;Hz;0;None;0,07531166482197223;m3/s;0;kW;0;rpm;0;KVar;0;%;0,06123044929419443;Mill.m3;75,3112947196889;l/s;0;m3/s;624416,5;t;65;%;0;None;98,18115733241947;mKVs;0;None;23,046228408527778;mm;0;m3/s;93,57403;bar;0;KVa;-45,856102837361114;cm;40,820301055444446;%;31,066669114452786;cm
2026-02-16 23:00:00.000;150,74029728300627;moh;0;Hz;0;None;0,0752983314698611;m3/s;0;kW;0;rpm;0;KVar;0;%;0,061040941987083326;Mill.m3;75,3000353432445;l/s;0;m3/s;624416,5;t;65;%;0;None;98,25000356717807;mKVs;0;None;23,090446895;mm;0;m3/s;92,94743361111111;bar;0;KVa;-45,968793232;cm;40,69396251944445;%;31,06667272557762;cm
2026-02-17 00:00:00.000;150,74044947682827;moh;0;Hz;0;None;0,07501500037958334;m3/s;0;kW;0;rpm;0;KVar;0;%;0,06106445948758333;Mill.m3;75,01848589453076;l/s;0;m3/s;624416,5;t;65;%;0;None;98,23027228356372;mKVs;0;None;23,084959452638888;mm;0;m3/s;93,86471166666666;bar;0;KVa;-45,95648023741666;cm;40,70964092594444;%;31,019747519484735;cm
2026-02-17 01:00:00.000;150,7404484381485;moh;0;Hz;0;None;0,07498666727041668;m3/s;0;kW;0;rpm;0;KVar;0;%;0,06106513320416666;Mill.m3;74,98563031150428;l/s;0;m3/s;624416,5;t;65;%;0;None;98,23333151453456;mKVs;0;None;23,08480220263889;mm;0;m3/s;93,48475388888889;bar;0;KVa;-45,95545450694444;cm;40,71009021147222;%;31,013596357221516;cm
2026-02-17 02:00:00.000;150,74089601894275;moh;0;Hz;0;None;0,07492166778358333;m3/s;0;kW;0;rpm;0;KVar;0;%;0,06112892760133333;Mill.m3;74,91853298114324;l/s;0;m3/s;624416,5;t;65;%;0;None;98,28517922017916;mKVs;0;None;23,06991682986111;mm;0;m3/s;93,7502625;bar;0;KVa;-45,91127183583333;cm;40,7526198475;%;31;cm
2026-02-17 03:00:00.000;150,74138724506128;moh;0;Hz;0;None;0,07496833408211112;m3/s;0;kW;0;rpm;0;KVar;0;%;0,061210212297166666;Mill.m3;74,96334236814842;l/s;0;m3/s;624416,5;t;65;%;0;None;98,2552647345067;mKVs;0;None;23,050950366666665;mm;0;m3/s;89,87289722222222;bar;0;KVa;-45,860421920722224;cm;40,806809740666665;%;31;cm
2026-02-17 04:00:00.000;150,74147037839825;moh;0;Hz;0;None;0,07484000176258332;m3/s;0;kW;0;rpm;0;KVar;0;%;0,061223061133861105;Mill.m3;74,84249650753452;l/s;0;m3/s;624416,5;t;65;%;0;None;98,25307237916137;mKVs;0;None;23,04795222711111;mm;0;m3/s;93,51125194444444;bar;0;KVa;-45,85322485952778;cm;40,81537585541667;%;30,99166638499905;cm
2026-02-17 05:00:00.000;150,74242686329052;moh;0;Hz;0;None;0,07481000200027776;m3/s;0;kW;0;rpm;0;KVar;0;%;0,0613573132166389;Mill.m3;74,81072858871629;l/s;0;m3/s;624416,5;t;65;%;0;None;98,30000252306351;mKVs;0;None;23,01662678222222;mm;0;m3/s;92,96989055555555;bar;0;KVa;-45,757081773138886;cm;40,90487713108333;%;30,98333051998955;cm
2026-02-17 06:00:00.000;150,74221934454226;moh;0;Hz;0;None;0,07448667122197222;m3/s;0;kW;0;rpm;0;KVar;0;%;0,06133499052266668;Mill.m3;74,4816079232665;l/s;0;m3/s;624416,5;t;65;%;0;None;98,32500347470987;mKVs;0;None;23,021835327333335;mm;0;m3/s;93,6714925;bar;0;KVa;-45,779160395;cm;40,8899955745;%;30,930267290572267;cm
2026-02-17 07:00:00.000;150,74166608975327;moh;0;Hz;0;None;0,0745516707085;m3/s;0;kW;0;rpm;0;KVar;0;%;0,06124909039941667;Mill.m3;74,55001858329237;l/s;0;m3/s;624416,5;t;65;%;0;None;98,33027970037175;mKVs;0;None;23,04187880511111;mm;0;m3/s;87,7679875;bar;0;KVa;-45,83393944536111;cm;40,832728490444445;%;30,941669139454685;cm
2026-02-17 08:00:00.000;150,7471010948948;moh;0;Hz;0;None;0,074450004845;m3/s;0;kW;0;rpm;0;KVar;0;%;0,062034949567361115;Mill.m3;74,45001600329957;l/s;0;m3/s;624416,5;t;65;%;0;None;98,35611872450063;mKVs;0;None;22,858511606972222;mm;0;m3/s;93,5085561111111;bar;0;KVa;-45,29226938911111;cm;41,356634774722224;%;30,925001937230665;cm
2026-02-17 09:00:00.000;150,76578740654423;moh;0;Hz;0;None;0,07523333258486109;m3/s;0;kW;0;rpm;0;KVar;0;%;0,0648362423607222;Mill.m3;75,2366573376647;l/s;0;m3/s;624416,5;t;65;%;0;None;98,38027674565464;mKVs;0;None;22,20487700597222;mm;0;m3/s;89,62164166666666;bar;0;KVa;-43,42695448147222;cm;43,22416220741667;%;31,04778590380797;cm
2026-02-17 10:00:00.000;150,78418133479823;moh;0;Hz;0;None;0,07603499895641666;m3/s;0;kW;0;rpm;0;KVar;0;%;0,06759581203597223;Mill.m3;76,03650169637172;l/s;0;m3/s;624416,5;t;65;%;0;None;98,43638202839784;mKVs;0;None;21,560977087333335;mm;0;m3/s;93,4950875;bar;0;KVa;-41,587223476;cm;45,06387625836111;%;31,186392708289606;cm
2026-02-17 11:00:00.000;150,7951192127723;moh;0;Hz;0;None;0,0763666671211111;m3/s;0;kW;0;rpm;0;KVar;0;%;0,06925261919019443;Mill.m3;76,36833720255494;l/s;0;m3/s;624416,5;t;65;%;0;None;98,40528278055686;mKVs;0;None;21,174386977055555;mm;0;m3/s;90,59425222222222;bar;0;KVa;-40,489934284777775;cm;46,16841316352778;%;31,2447235966128;cm
2026-02-17 12:00:00.000;150,80102468807473;moh;0;Hz;0;None;0,07670000196;m3/s;0;kW;0;rpm;0;KVar;0;%;0,07020272380733333;Mill.m3;76,70000458;l/s;0;m3/s;624416,5;t;65;%;0;None;98,34999867811047;mKVs;0;None;20,941051523694444;mm;0;m3/s;93,33466027777777;bar;0;KVa;-39,90032619866667;cm;46,80181633730555;%;31,30000114;cm
2026-02-17 13:00:00.000;150,8048585228951;moh;0;Hz;0;None;0,076750002185;m3/s;0;kW;0;rpm;0;KVar;0;%;0,07096588108616668;Mill.m3;76,75001195248088;l/s;0;m3/s;624416,5;t;65;%;0;None;98,36667075802424;mKVs;0;None;20,734382627472222;mm;0;m3/s;93,89400166666667;bar;0;KVa;-39,51540629033333;cm;47,310587521694444;%;31,308335596647666;cm
2026-02-17 14:00:00.000;150,80845025941704;moh;0;Hz;0;None;0,076750002185;m3/s;0;kW;0;rpm;0;KVar;0;%;0,07168670474777777;Mill.m3;76,75000428583375;l/s;0;m3/s;624416,5;t;65;%;0;None;98,4113881608095;mKVs;0;None;20,53615569861111;mm;0;m3/s;93,12665166666666;bar;0;KVa;-39,155803258166664;cm;47,79113759055556;%;31,308334318889308;cm
2026-02-17 15:00:00.000;150,81138692069555;moh;0;Hz;0;None;0,07690166953416666;m3/s;0;kW;0;rpm;0;KVar;0;%;0,07226924240433334;Mill.m3;76,90002523661269;l/s;0;m3/s;624416,5;t;65;%;0;None;98,38842495482834;mKVs;0;None;20,37595769988889;mm;0;m3/s;93,91510583333333;bar;0;KVa;-38,86233011725;cm;48,17949622263889;%;31,333337494390822;cm
2026-02-17 16:00:00.000;150,8123103791629;moh;0;Hz;0;None;0,07686833605083333;m3/s;0;kW;0;rpm;0;KVar;0;%;0,07245766280616668;Mill.m3;76,86828431755224;l/s;0;m3/s;624416,5;t;65;%;0;None;98,44999915391354;mKVs;0;None;20,3241420315;mm;0;m3/s;93,45626861111111;bar;0;KVa;-38,76922183463889;cm;48,305109488333336;%;31,328047408134683;cm
2026-02-17 17:00:00.000;150,81338659713276;moh;0;Hz;0;None;0,07700000331;m3/s;0;kW;0;rpm;0;KVar;0;%;0,07267949361761111;Mill.m3;77,00000481499745;l/s;0;m3/s;624416,5;t;65;%;0;None;98,46058079726296;mKVs;0;None;20,263139090638887;mm;0;m3/s;93,7147625;bar;0;KVa;-38,66079966491667;cm;48,452995382194445;%;31,35000054666413;cm
2026-02-17 18:00:00.000;150,8146739103647;moh;0;Hz;0;None;0,07673333544333333;m3/s;0;kW;0;rpm;0;KVar;0;%;0,07292487306930555;Mill.m3;76,73173433242225;l/s;0;m3/s;624416,5;t;65;%;0;None;98,45609117128653;mKVs;0;None;20,195660060972223;mm;0;m3/s;93,61051583333334;bar;0;KVa;-38,53424496177778;cm;48,61658170486111;%;31,305289365173305;cm
2026-02-17 19:00:00.000;150,818615712911;moh;0;Hz;0;None;0,0769650031525;m3/s;0;kW;0;rpm;0;KVar;0;%;0,07369855211847223;Mill.m3;76,96826606259815;l/s;0;m3/s;624416,5;t;65;%;0;None;98,47500857681906;mKVs;0;None;19,982898076;mm;0;m3/s;93,31021694444445;bar;0;KVa;-38,14155154838889;cm;49,13236819311111;%;31,344710821513626;cm
2026-02-17 20:00:00.000;150,82910494731703;moh;0;Hz;0;None;0,07736167017816668;m3/s;0;kW;0;rpm;0;KVar;0;%;0,07579903478444444;Mill.m3;77,3598520659733;l/s;0;m3/s;624416,5;t;65;%;0;None;98,52500447853674;mKVs;0;None;19,40526538638889;mm;0;m3/s;91,34430694444444;bar;0;KVa;-37,09271324983333;cm;50,532690113;%;31,408333179445183;cm
2026-02-17 21:00:00.000;150,83563059609824;moh;0;Hz;0;None;0,07775000110500001;m3/s;0;kW;0;rpm;0;KVar;0;%;0,07710756007791666;Mill.m3;77,75003624324636;l/s;0;m3/s;624416,5;t;65;%;0;None;98,48333481053685;mKVs;0;None;19,04542075422222;mm;0;m3/s;93,19495055555555;bar;0;KVa;-36,43899281786111;cm;51,40504063663889;%;31,475005627243963;cm
2026-02-17 22:00:00.000;150,8398388076705;moh;0;Hz;0;None;0,0777983340565;m3/s;0;kW;0;rpm;0;KVar;0;%;0,07795909167016667;Mill.m3;77,80002994992864;l/s;0;m3/s;624416,5;t;65;%;0;None;98,51666405059167;mKVs;0;None;18,811248994083332;mm;0;m3/s;93,24918861111111;bar;0;KVa;-36,01602342313889;cm;51,97272975791667;%;31,48333796446228;cm
2026-02-17 23:00:00.000;150,8430887099767;moh;0;Hz;0;None;0,07791166709383333;m3/s;0;kW;0;rpm;0;KVar;0;%;0,07860684763311111;Mill.m3;77,91819664973885;l/s;0;m3/s;624416,5;t;65;%;0;None;98,49243567129155;mKVs;0;None;18,633117041972223;mm;0;m3/s;93,66376722222222;bar;0;KVa;-35,69241417761111;cm;52,40456488919445;%;31,503032539301383;cm
2026-02-18 00:00:00.000;150,84511297771377;moh;0;Hz;0;None;0,07789999992;m3/s;0;kW;0;rpm;0;KVar;0;%;0,07902261596122223;Mill.m3;77,90000153;l/s;0;m3/s;624416,5;t;65;%;0;None;98,4666675099949;mKVs;0;None;18,51878081688889;mm;0;m3/s;92,900945;bar;0;KVa;-35,488421124194446;cm;52,681743346527774;%;31,5;cm
2026-02-18 01:00:00.000;150,84745489235075;moh;0;Hz;0;None;0,078150001045;m3/s;0;kW;0;rpm;0;KVar;0;%;0,07947890207894444;Mill.m3;78,14999539251403;l/s;0;m3/s;624416,5;t;65;%;0;None;98,4886381182839;mKVs;0;None;18,39330143447222;mm;0;m3/s;93,79677472222222;bar;0;KVa;-35,25441911641666;cm;52,98593615341667;%;31,541665908329854;cm
2026-02-18 02:00:00.000;150,848507233846;moh;0;Hz;0;None;0,07825000149499999;m3/s;0;kW;0;rpm;0;KVar;0;%;0,07970534235974999;Mill.m3;78,25000813748088;l/s;0;m3/s;624416,5;t;65;%;0;None;98,474997965037;mKVs;0;None;18,331030315833335;mm;0;m3/s;93,4564975;bar;0;KVa;-35,14816708225;cm;53,136896640416666;%;31,558334805004755;cm
2026-02-18 03:00:00.000;150,8493345834385;moh;0;Hz;0;None;0,07800166704416667;m3/s;0;kW;0;rpm;0;KVar;0;%;0,07986638192013888;Mill.m3;77,99998110838476;l/s;0;m3/s;624416,5;t;65;%;0;None;98,51136554832668;mKVs;0;None;18,28674443697222;mm;0;m3/s;93,22196166666667;bar;0;KVa;-35,066248578027775;cm;53,24425653847222;%;31,51666336887612;cm
2026-02-18 04:00:00.000;150,84910636200624;moh;0;Hz;0;None;0,07816666778666666;m3/s;0;kW;0;rpm;0;KVar;0;%;0,07982781850166666;Mill.m3;78,16815034621878;l/s;0;m3/s;624416,5;t;65;%;0;None;98,5250046174235;mKVs;0;None;18,297349081944443;mm;0;m3/s;93,79808333333334;bar;0;KVa;-35,088030500444454;cm;53,21854893152778;%;31,54469175316135;cm
2026-02-18 05:00:00.000;150,84967388316298;moh;0;Hz;0;None;0,07833333520333333;m3/s;0;kW;0;rpm;0;KVar;0;%;0,07992432289138889;Mill.m3;78,33184859545385;l/s;0;m3/s;624416,5;t;65;%;0;None;98,53635161047852;mKVs;0;None;18,270810657777776;mm;0;m3/s;92,89467027777778;bar;0;KVa;-35,03366258613889;cm;53,28288390736111;%;31,571974967948282;cm
2026-02-18 06:00:00.000;150,84957660844526;moh;0;Hz;0;None;0,07830000171999998;m3/s;0;kW;0;rpm;0;KVar;0;%;0,07992522201138888;Mill.m3;78,3000173432904;l/s;0;m3/s;624416,5;t;65;%;0;None;98,51667152269957;mKVs;0;None;18,270563551666665;mm;0;m3/s;93,7912875;bar;0;KVa;-35,04072825266667;cm;53,28348281666667;%;31,566669725566218;cm
2026-02-18 07:00:00.000;150,84989612927123;moh;0;Hz;0;None;0,0781650011125;m3/s;0;kW;0;rpm;0;KVar;0;%;0,07997269421416665;Mill.m3;78,16814034624427;l/s;0;m3/s;624416,5;t;65;%;0;None;98,53864438095415;mKVs;0;None;18,257508810555557;mm;0;m3/s;93,07861638888889;bar;0;KVa;-35,011431377583335;cm;53,31513071097222;%;31,544690086488348;cm
2026-02-18 08:00:00.000;150,85008079439726;moh;0;Hz;0;None;0,07825166816916669;m3/s;0;kW;0;rpm;0;KVar;0;%;0,0800044916978611;Mill.m3;78,24999247085415;l/s;0;m3/s;624416,5;t;65;%;0;None;98,51780775531495;mKVs;0;None;18,248764463833332;mm;0;m3/s;93,69723527777778;bar;0;KVa;-34,994146560666664;cm;53,33632891986111;%;31,55833219388372;cm
2026-02-18 09:00:00.000;150,84927356957425;moh;0;Hz;0;None;0,07796194561716666;m3/s;0;kW;0;rpm;0;KVar;0;%;0,07985537888219443;Mill.m3;78,17768782189815;l/s;0;m3/s;624416,5;t;65;%;0;None;98,5287126696199;mKVs;0;None;18,28977033988889;mm;0;m3/s;93,41517305555556;bar;0;KVa;-35,07175021911111;cm;53,236920938694446;%;31,546281342535103;cm
2026-02-18 10:00:00.000;150,84916226227;moh;0;Hz;0;None;0,07818333454916665;m3/s;0;kW;0;rpm;0;KVar;0;%;0,07983259190202777;Mill.m3;78,18563100610787;l/s;0;m3/s;624416,5;t;65;%;0;None;98,50433062422421;mKVs;0;None;18,296036615055556;mm;0;m3/s;93,70646416666666;bar;0;KVa;-35,0845336945;cm;53,221729987694445;%;31,54538492246205;cm
2026-02-18 11:00:00.000;150,84846561106875;moh;0;Hz;0;None;0,07862555901833333;m3/s;0;kW;0;rpm;0;KVar;0;%;0,07969446637555555;Mill.m3;78,62276257429478;l/s;0;m3/s;624416,5;t;65;%;0;None;98,41296327446007;mKVs;0;None;18,33402125138889;mm;0;m3/s;93,43526694444445;bar;0;KVa;-35,15304565616667;cm;53,12964608847222;%;31,616667610001898;cm
2026-02-18 12:00:00.000;150,84772419461302;moh;0;Hz;0;None;0,07879167112;m3/s;0;kW;0;rpm;0;KVar;0;%;0,07954928698905556;Mill.m3;78,79169404738889;l/s;0;m3/s;624416,5;t;65;%;0;None;98,43703435227805;mKVs;0;None;18,373945448083333;mm;0;m3/s;93,46066;bar;0;KVa;-35,226465863;cm;53,032859800888886;%;31,641670843902716;cm
2026-02-18 13:00:00.000;150,84919288308728;moh;0;Hz;0;None;0,07885000482000001;m3/s;0;kW;0;rpm;0;KVar;0;%;0,0798367878615;Mill.m3;78,85001473452587;l/s;0;m3/s;624416,5;t;65;%;0;None;98,4712971605491;mKVs;0;None;18,294882668916667;mm;0;m3/s;93,86422694444444;bar;0;KVa;-35,081329348833336;cm;53,22452736858333;%;31,65000234778454;cm
2026-02-18 14:00:00.000;150,84966369479176;moh;0;Hz;0;None;0,07884806036333333;m3/s;0;kW;0;rpm;0;KVar;0;%;0,07994899244791669;Mill.m3;78,85000754003434;l/s;0;m3/s;624416,5;t;65;%;0;None;98,42869586708083;mKVs;0;None;18,264026855166666;mm;0;m3/s;93,12430416666666;bar;0;KVa;-35,02800411816666;cm;53,29932924975;%;31,650001320002847;cm
2026-02-18 15:00:00.000;150,8504515459865;moh;0;Hz;0;None;0,0790483394;m3/s;0;kW;0;rpm;0;KVar;0;%;0,08008727112483333;Mill.m3;79,0508954377399;l/s;0;m3/s;624416,5;t;65;%;0;None;98,429633963839;mKVs;0;None;18,22600025838889;mm;0;m3/s;93,92295;bar;0;KVa;-34,95303683975;cm;53,39151470391667;%;31,678699512388903;cm
2026-02-18 16:00:00.000;150,84924394421;moh;0;Hz;0;None;0,07876833763999999;m3/s;0;kW;0;rpm;0;KVar;0;%;0,07984543496475;Mill.m3;78,77029179624681;l/s;0;m3/s;624416,5;t;65;%;0;None;98,39166682168964;mKVs;0;None;18,292504841333333;mm;0;m3/s;90,40939055555556;bar;0;KVa;-35,07478078486111;cm;53,23029193775;%;31,638613387839985;cm
2026-02-18 17:00:00.000;150,85051820065974;moh;0;Hz;0;None;0,07863972708383332;m3/s;0;kW;0;rpm;0;KVar;0;%;0,08010568378708333;Mill.m3;78,86039716356727;l/s;0;m3/s;624416,5;t;65;%;0;None;98,47948306367735;mKVs;0;None;18,220936882805557;mm;0;m3/s;93,301015;bar;0;KVa;-34,94576772138889;cm;53,40378958525;%;31,651485547865118;cm
2026-02-18 18:00:00.000;150,85055486013275;moh;0;Hz;0;None;0,07861667001999999;m3/s;0;kW;0;rpm;0;KVar;0;%;0,08010660712027777;Mill.m3;78,61667015224003;l/s;0;m3/s;624416,5;t;65;%;0;None;98,45149824125494;mKVs;0;None;18,220682783111112;mm;0;m3/s;90,43901194444445;bar;0;KVa;-34,945030214055556;cm;53,404405679027775;%;31,61666749889037;cm
2026-02-18 19:00:00.000;150,85041934256154;moh;0;Hz;0;None;0,07837750214166668;m3/s;0;kW;0;rpm;0;KVar;0;%;0,08008332086902778;Mill.m3;78,37675549003866;l/s;0;m3/s;624416,5;t;65;%;0;None;98,49166648861578;mKVs;0;None;18,22708660075;mm;0;m3/s;93,00773333333333;bar;0;KVa;-34,9580637625;cm;53,38888119669444;%;31,576495040680054;cm
2026-02-18 20:00:00.000;150,85050206776677;moh;0;Hz;0;None;0,07823833477583335;m3/s;0;kW;0;rpm;0;KVar;0;%;0,08009930021138888;Mill.m3;78,24104382700658;l/s;0;m3/s;624416,5;t;65;%;0;None;98,50683747871831;mKVs;0;None;18,222692279833332;mm;0;m3/s;93,49480222222222;bar;0;KVa;-34,950074090916665;cm;53,399533886722224;%;31,556840743771783;cm
2026-02-18 21:00:00.000;150,85008747498298;moh;0;Hz;0;None;0,078010000415;m3/s;0;kW;0;rpm;0;KVar;0;%;0,08001749590166667;Mill.m3;78,00897341878763;l/s;0;m3/s;624416,5;t;65;%;0;None;98,48482975988601;mKVs;0;None;18,245188398333333;mm;0;m3/s;89,96865305555555;bar;0;KVa;-34,990971884694446;cm;53,344998679166665;%;31,518162096793485;cm
2026-02-18 22:00:00.000;150,850018626719;moh;0;Hz;0;None;0,07805166726916667;m3/s;0;kW;0;rpm;0;KVar;0;%;0,08000351695652777;Mill.m3;78,05000231416369;l/s;0;m3/s;624416,5;t;65;%;0;None;98,48183450015863;mKVs;0;None;18,24903255325;mm;0;m3/s;92,90918138888888;bar;0;KVa;-34,9979654965;cm;53,335679521694445;%;31,525000289445185;cm
2026-02-18 23:00:00.000;150,84870126561702;moh;0;Hz;0;None;0,07803833387583334;m3/s;0;kW;0;rpm;0;KVar;0;%;0,07974187841388888;Mill.m3;78,04102200373019;l/s;0;m3/s;624416,5;t;65;%;0;None;98,45983147569892;mKVs;0;None;18,32098282761111;mm;0;m3/s;89,97709388888889;bar;0;KVa;-35,13072967816667;cm;53,16125444736111;%;31,52350356153542;cm
2026-02-19 00:00:00.000;150,84934979440698;moh;0;Hz;0;None;0,07821166798916666;m3/s;0;kW;0;rpm;0;KVar;0;%;0,07987085725638887;Mill.m3;78,20899307540289;l/s;0;m3/s;624416,5;t;65;%;0;None;98,5000061089049;mKVs;0;None;18,285513560555554;mm;0;m3/s;93,42444361111112;bar;0;KVa;-35,06457011202778;cm;53,24724080680556;%;31,551498917917364;cm
2026-02-19 01:00:00.000;150,84979630856373;moh;0;Hz;0;None;0,07798833365083334;m3/s;0;kW;0;rpm;0;KVar;0;%;0,07995349313608334;Mill.m3;77,99100296461242;l/s;0;m3/s;624416,5;t;65;%;0;None;98,48182999939392;mKVs;0;None;18,26278898602778;mm;0;m3/s;90,07950833333334;bar;0;KVa;-35,02187093311111;cm;53,302330218416664;%;31,51516700207883;cm
2026-02-19 02:00:00.000;150,85011744246927;moh;0;Hz;0;None;0,07805833396583335;m3/s;0;kW;0;rpm;0;KVar;0;%;0,08002582896208331;Mill.m3;78,05901462451557;l/s;0;m3/s;624416,5;t;65;%;0;None;98,50000149914372;mKVs;0;None;18,242896823166667;mm;0;m3/s;92,93972027777778;bar;0;KVa;-34,987364876444445;cm;53,35055395925;%;31,52650235070855;cm
2026-02-19 03:00:00.000;150,849282229234;moh;0;Hz;0;None;0,07799833369583334;m3/s;0;kW;0;rpm;0;KVar;0;%;0,07985818398422222;Mill.m3;78,00001110830826;l/s;0;m3/s;624416,5;t;65;%;0;None;98,50000433326703;mKVs;0;None;18,288998710305556;mm;0;m3/s;93,46380361111112;bar;0;KVa;-35,07118649258334;cm;53,238791877555556;%;31,516668368895115;cm
2026-02-19 04:00:00.000;150,84948888545452;moh;0;Hz;0;None;0,07803833387583334;m3/s;0;kW;0;rpm;0;KVar;0;%;0,0798985696088611;Mill.m3;78,04092050398903;l/s;0;m3/s;624416,5;t;65;%;0;None;98,5;mKVs;0;None;18,277892855972222;mm;0;m3/s;93,10397694444444;bar;0;KVa;-35,05154503975;cm;53,26571511161111;%;31,523486644804464;cm
2026-02-19 05:00:00.000;150,84860210086225;moh;0;Hz;0;None;0,077909999965;m3/s;0;kW;0;rpm;0;KVar;0;%;0,07971960072266666;Mill.m3;77,9090791735186;l/s;0;m3/s;624416,5;t;65;%;0;None;98,4916614323042;mKVs;0;None;18,327109231555557;mm;0;m3/s;93,62205444444444;bar;0;KVa;-35,14019860402778;cm;53,14640251783333;%;31,501512950193632;cm
2026-02-19 06:00:00.000;150,84857073403475;moh;0;Hz;0;None;0,07789999992;m3/s;0;kW;0;rpm;0;KVar;0;%;0,0797149628593889;Mill.m3;77,90000153;l/s;0;m3/s;624416,5;t;65;%;0;None;98,53181906652088;mKVs;0;None;18,32838439891667;mm;0;m3/s;93,27087138888889;bar;0;KVa;-35,14335208808333;cm;53,143311265083334;%;31,5;cm
2026-02-19 07:00:00.000;150,84801831780624;moh;0;Hz;0;None;0,07786166688950001;m3/s;0;kW;0;rpm;0;KVar;0;%;0,07960341251744443;Mill.m3;77,85910346694203;l/s;0;m3/s;624416,5;t;65;%;0;None;98,55151684849477;mKVs;0;None;18,359060710333335;mm;0;m3/s;93,92648194444445;bar;0;KVa;-35,19773271691667;cm;53,06894407052778;%;31,493183612986716;cm
2026-02-19 08:00:00.000;150,84794684412876;moh;0;Hz;0;None;0,077606668904;m3/s;0;kW;0;rpm;0;KVar;0;%;0,07959707188716668;Mill.m3;77,60380544703199;l/s;0;m3/s;624416,5;t;65;%;0;None;98,4993507956606;mKVs;0;None;18,360804451083332;mm;0;m3/s;93,42388805555555;bar;0;KVa;-35,20478142966667;cm;53,06471666508333;%;31,450633673519782;cm
2026-02-19 09:00:00.000;150,84737340427478;moh;0;Hz;0;None;0,07728528084483335;m3/s;0;kW;0;rpm;0;KVar;0;%;0,07948109014983333;Mill.m3;77,4999918766937;l/s;0;m3/s;624416,5;t;65;%;0;None;98,51667705039277;mKVs;0;None;18,392699985083336;mm;0;m3/s;93,49893861111111;bar;0;KVa;-35,262502034444445;cm;52,98739400358333;%;31,433331302215468;cm
2026-02-19 10:00:00.000;150,84568436829824;moh;0;Hz;0;None;0,077473336624;m3/s;0;kW;0;rpm;0;KVar;0;%;0,07914781406983333;Mill.m3;77,47754626688938;l/s;0;m3/s;624416,5;t;65;%;0;None;98,51665838401172;mKVs;0;None;18,484351266805554;mm;0;m3/s;93,48823888888889;bar;0;KVa;-35,430543686583334;cm;52,76520899797222;%;31,429590343555432;cm
2026-02-19 11:00:00.000;150,84521008512147;moh;0;Hz;0;None;0,077850000315;m3/s;0;kW;0;rpm;0;KVar;0;%;0,07904006108247223;Mill.m3;77,85000832331643;l/s;0;m3/s;624416,5;t;65;%;0;None;98,49999813891736;mKVs;0;None;18,51398319838889;mm;0;m3/s;93,36761972222222;bar;0;KVa;-35,47885047044444;cm;52,69337417891666;%;31,49166774611533;cm
2026-02-19 12:00:00.000;150,84504182581952;moh;0;Hz;0;None;0,07795166681916665;m3/s;0;kW;0;rpm;0;KVar;0;%;0,07900695016366666;Mill.m3;77,9500022358312;l/s;0;m3/s;624416,5;t;65;%;0;None;98,4916676552646;mKVs;0;None;18,523088881611113;mm;0;m3/s;93,5281625;bar;0;KVa;-35,49708896277778;cm;52,671299395388886;%;31,508333503889418;cm
2026-02-19 13:00:00.000;150,84466002853773;moh;0;Hz;0;None;0,077950000145;m3/s;0;kW;0;rpm;0;KVar;0;%;0,07893097800083333;Mill.m3;77,94999623584651;l/s;0;m3/s;624416,5;t;65;%;0;None;98,48792129591811;mKVs;0;None;18,54398113022222;mm;0;m3/s;93,6140775;bar;0;KVa;-35,5339558925;cm;52,62065127761111;%;31,50833250388562;cm
2026-02-19 14:00:00.000;150,84457773878876;moh;0;Hz;0;None;0,07787500011750001;m3/s;0;kW;0;rpm;0;KVar;0;%;0,07891555875499999;Mill.m3;77,87249993300422;l/s;0;m3/s;624416,5;t;65;%;0;None;98,51208339845451;mKVs;0;None;18,548221590833332;mm;0;m3/s;93,3073025;bar;0;KVa;-35,542221070833335;cm;52,6103712725;%;31,495416371471165;cm
2026-02-19 15:00:00.000;150,84449510820127;moh;0;Hz;0;None;0,07787500011750001;m3/s;0;kW;0;rpm;0;KVar;0;%;0,07889736629969445;Mill.m3;77,87749475368398;l/s;0;m3/s;624416,5;t;65;%;0;None;98,50916698762909;mKVs;0;None;18,5532243535;mm;0;m3/s;90,57505638888888;bar;0;KVa;-35,5504862475;cm;52,598243884527776;%;31,496248846856783;cm
2026-02-19 16:00:00.000;150,84383777937276;moh;0;Hz;0;None;0,07789999992;m3/s;0;kW;0;rpm;0;KVar;0;%;0,078761453575;Mill.m3;77,90000153;l/s;0;m3/s;624416,5;t;65;%;0;None;98,4825004987717;mKVs;0;None;18,59060054588889;mm;0;m3/s;93,02954833333334;bar;0;KVa;-35,617052715;cm;52,50763508544444;%;31,5;cm
2026-02-19 17:00:00.000;150,844079084993;moh;0;Hz;0;None;0,07762333543899999;m3/s;0;kW;0;rpm;0;KVar;0;%;0,078815868745;Mill.m3;77,62255006621214;l/s;0;m3/s;624416,5;t;65;%;0;None;98,52871281068727;mKVs;0;None;18,575636549166667;mm;0;m3/s;91,69531694444444;bar;0;KVa;-35,59262169955556;cm;52,54391098083333;%;31,453757796502515;cm
2026-02-19 18:00:00.000;150,84419307585625;moh;0;Hz;0;None;0,07728667041933335;m3/s;0;kW;0;rpm;0;KVar;0;%;0,07884769118816667;Mill.m3;77,28674525162629;l/s;0;m3/s;624416,5;t;65;%;0;None;98,54623984585837;mKVs;0;None;18,566885209027777;mm;0;m3/s;93,64655361111112;bar;0;KVa;-35,579477947916665;cm;52,565126813194446;%;31,39999962;cm
2026-02-19 19:00:00.000;150,84421001007252;moh;0;Hz;0;None;0,07737500322016666;m3/s;0;kW;0;rpm;0;KVar;0;%;0,07884229961824998;Mill.m3;77,37142537022675;l/s;0;m3/s;624416,5;t;65;%;0;None;98,58333397077286;mKVs;0;None;18,56836785447222;mm;0;m3/s;93,44433194444444;bar;0;KVa;-35,57941436791667;cm;52,56153281644445;%;31,4083351516749;cm
2026-02-19 20:00:00.000;150,84350689243175;moh;0;Hz;0;None;0,07732500363583335;m3/s;0;kW;0;rpm;0;KVar;0;%;0,07869699427599999;Mill.m3;77,3213724970182;l/s;0;m3/s;624416,5;t;65;%;0;None;98,55457597053044;mKVs;0;None;18,60832702075;mm;0;m3/s;93,30489972222222;bar;0;KVa;-35,65011342583333;cm;52,46466234197222;%;31,4037598878291;cm
2026-02-19 21:00:00.000;150,84299844013404;moh;0;Hz;0;None;0,07727833744116666;m3/s;0;kW;0;rpm;0;KVar;0;%;0,07859859143763889;Mill.m3;77,28682658429464;l/s;0;m3/s;624416,5;t;65;%;0;None;98,58333125057977;mKVs;0;None;18,635387634361113;mm;0;m3/s;93,62302111111111;bar;0;KVa;-35,69987403075;cm;52,39906092822222;%;31,396237121635288;cm
2026-02-19 22:00:00.000;150,843488153647;moh;0;Hz;0;None;0,07731167115183334;m3/s;0;kW;0;rpm;0;KVar;0;%;0,07870259769333333;Mill.m3;77,30964802567374;l/s;0;m3/s;624416,5;t;65;%;0;None;98,59542875326244;mKVs;0;None;18,606786095166665;mm;0;m3/s;93,17928055555555;bar;0;KVa;-35,65036773833334;cm;52,468397203833334;%;31,39999962;cm
2026-02-19 23:00:00.000;150,84348832979578;moh;0;Hz;0;None;0,07736500294783336;m3/s;0;kW;0;rpm;0;KVar;0;%;0,07870314845683334;Mill.m3;77,36649354984017;l/s;0;m3/s;624416,5;t;65;%;0;None;98,62123163621824;mKVs;0;None;18,606634566583335;mm;0;m3/s;93,9036386111111;bar;0;KVa;-35,65036773791667;cm;52,46876466530556;%;31,408333512779784;cm
2026-02-20 00:00:00.000;150,84271005656953;moh;0;Hz;0;None;0,07725833759916667;m3/s;0;kW;0;rpm;0;KVar;0;%;0,07853841243694444;Mill.m3;77,25360633522573;l/s;0;m3/s;624416,5;t;65;%;0;None;98,6045675246073;mKVs;0;None;18,651936850555554;mm;0;m3/s;93,51570611111111;bar;0;KVa;-35,729950798694446;cm;52,35894181972222;%;31,39999962;cm
2026-02-20 01:00:00.000;150,84220100370726;moh;0;Hz;0;None;0,07747500327750001;m3/s;0;kW;0;rpm;0;KVar;0;%;0,07844213702933332;Mill.m3;77,47740726724152;l/s;0;m3/s;624416,5;t;65;%;0;None;98,61586883945988;mKVs;0;None;18,678412331583335;mm;0;m3/s;91,54481305555555;bar;0;KVa;-35,77949523666667;cm;52,294758614416665;%;31,429567176800735;cm
2026-02-20 02:00:00.000;150,84134583070227;moh;0;Hz;0;None;0,07747500327750001;m3/s;0;kW;0;rpm;0;KVar;0;%;0,07826783802044444;Mill.m3;77,47258044613615;l/s;0;m3/s;624416,5;t;65;%;0;None;98,52877086535459;mKVs;0;None;18,726344216138887;mm;0;m3/s;89,95187944444444;bar;0;KVa;-35,86580488255556;cm;52,178560172055555;%;31,428762701521517;cm
2026-02-20 03:00:00.000;150,84187833113404;moh;0;Hz;0;None;0,07767500169750001;m3/s;0;kW;0;rpm;0;KVar;0;%;0,07837431166166665;Mill.m3;77,67737509398839;l/s;0;m3/s;624416,5;t;65;%;0;None;98,52123486743538;mKVs;0;None;18,6970642935;mm;0;m3/s;89,55398805555555;bar;0;KVa;-35,81255594666667;cm;52,2495419595;%;31,462895359002903;cm
2026-02-20 04:00:00.000;150,84124163944574;moh;0;Hz;0;None;0,077850000315;m3/s;0;kW;0;rpm;0;KVar;0;%;0,07825433425736113;Mill.m3;77,84999899000675;l/s;0;m3/s;624416,5;t;65;%;0;None;98,50832784480426;mKVs;0;None;18,73005782297222;mm;0;m3/s;91,34210472222222;bar;0;KVa;-35,87505340375;cm;52,16955728455556;%;31,491666190553868;cm
2026-02-20 05:00:00.000;150,84142506805253;moh;0;Hz;0;None;0,077850000315;m3/s;0;kW;0;rpm;0;KVar;0;%;0,0782790285038611;Mill.m3;77,84999332335444;l/s;0;m3/s;624416,5;t;65;%;0;None;98,57955625275923;mKVs;0;None;18,723267024972223;mm;0;m3/s;93,1378386111111;bar;0;KVa;-35,85798899094444;cm;52,18601978997222;%;31,491665246105836;cm
2026-02-20 06:00:00.000;150,84111722321248;moh;5,440524163616789;Hz;0,05375771437397769;None;0,11641589418377776;m3/s;46,95616416666667;kW;90,23250527777778;rpm;3,2574336111111113;KVar;3,4011652204444442;%;0,07816657931058332;Mill.m3;77,99999627501275;l/s;0,03841589209777778;m3/s;624416,5062265972;t;62,65925611111111;%;0;None;98,4776928248202;mKVs;0;None;18,754190446555555;mm;0;m3/s;93,6508411111111;bar;50,984674444444444;KVa;-35,92781490652778;cm;52,11105393336111;%;31,5166658966635;cm
2026-02-20 07:00:00.000;150,8151535609128;moh;50,047818617244516;Hz;0,9906438253480221;None;1,6886093000638893;m3/s;1344,1145144444445;kW;750,91701;rpm;-181,04367888888888;KVar;90,68571701119444;%;0,07317021772650001;Mill.m3;77,71612932772462;l/s;1,6109083593111113;m3/s;624417,1007147222;t;47,01332886814751;%;1,3462500239333335;None;96,25767346691853;mKVs;0;None;20,12704527072222;mm;0;m3/s;93,50400277777777;bar;1356,2078244444444;KVa;-38,46616109161111;cm;48,780145899666664;%;31,474461568353632;cm
2026-02-20 08:00:00.000;150,78137927044375;moh;49,99283659291949;Hz;0,9923529922442386;None;1,6923526771277777;m3/s;1346,8443777777777;kW;749,7467661111111;rpm;-145,59115555555556;KVar;90,73180001630556;%;0,0672436648771111;Mill.m3;76,30670984238348;l/s;1,6160746001361113;m3/s;624418,0974877952;t;47,304300442319104;%;1,350000024;None;96,2216277613489;mKVs;0;None;21,64314481825;mm;0;m3/s;90,74906277777778;bar;1354,0771252777777;KVa;-41,85198889825;cm;44,82911131225;%;31,243134146128465;cm
2026-02-20 09:00:00.000;150,7734392839168;moh;49,971126812644236;Hz;1;None;1,1810546815611112;m3/s;912,0044088888889;kW;749,4313183333334;rpm;-2,647721388888889;KVar;85,28795729811111;%;0,06602901998436111;Mill.m3;76,40773427355647;l/s;1,1046547609555555;m3/s;624419,0962260417;t;35,51891525419279;%;0,9012499763327779;None;97,28619665108468;mKVs;0;None;21,926561779333333;mm;0;m3/s;93,89884638888888;bar;911,3872552777777;KVa;-42,655940585694445;cm;44,019348566805554;%;31,24853241664181;cm
2026-02-20 10:00:00.000;150,7703616527005;moh;49,98362486884505;Hz;0,9085922956860704;None;0,8114474828200001;m3/s;608,1346513888889;kW;749,9020077777777;rpm;266,3010894444445;KVar;78,42943844308333;%;0,06555442683677777;Mill.m3;76,4587979570709;l/s;0,7350240414305554;m3/s;624420,0962476042;t;26,797318678926914;%;0,6008333570011111;None;97,78394652373768;mKVs;0;None;22,037300112222223;mm;0;m3/s;93,55039333333333;bar;669,3214613888889;KVa;-42,96315935111111;cm;43,70295333852778;%;31,25980029279292;cm
2026-02-20 11:00:00.000;150,77567443398127;moh;1,7242754703004026;Hz;0,004298105385170596;None;0,09068171363633333;m3/s;2,6167877777777777;kW;42,277458055555556;rpm;2,9458983333333335;KVar;1,520120091;%;0,06632947950627777;Mill.m3;76,64121267772705;l/s;0,014045045441388888;m3/s;624420,8813411285;t;26,80000114;%;0,0016666667327777777;None;98,43602619145035;mKVs;0;None;21,856454848333332;mm;0;m3/s;94,14371166666666;bar;4,242763611111111;KVa;-42,435607909805555;cm;44,219654083555554;%;31,2902024999248;cm
2026-02-20 12:00:00.000;150,78363346751172;moh;0;Hz;0;None;0,07675166885836111;m3/s;0;kW;0;rpm;0;KVar;0;%;0,06753935580008334;Mill.m3;76,74997531572986;l/s;0;m3/s;624420,9375;t;26,80000114;%;0;None;98,46813982080154;mKVs;0;None;21,574150508694444;mm;0;m3/s;94,06751611111112;bar;0;KVa;-41,63987477763889;cm;45,026237912;%;31,308329438361728;cm
2026-02-20 13:00:00.000;150,79175618670715;moh;0;Hz;0;None;0,07725500371349998;m3/s;0;kW;0;rpm;0;KVar;0;%;0,06875310308455555;Mill.m3;77,25328033675902;l/s;0;m3/s;624420,9375;t;26,80000114;%;0;None;98,4480177953399;mKVs;0;None;21,29094272;mm;0;m3/s;92,86453861111112;bar;0;KVa;-40,82682715511111;cm;45,835403019611114;%;31,390191435753337;cm
2026-02-20 14:00:00.000;150,79870973141598;moh;0;Hz;0;None;0,07773666777366667;m3/s;0;kW;0;rpm;0;KVar;0;%;0,069821240297;Mill.m3;77,74221126318078;l/s;0;m3/s;624420,9375;t;26,80000114;%;0;None;98,45210098224193;mKVs;0;None;21,036181725972224;mm;0;m3/s;90,62733138888889;bar;0;KVa;-40,130458410138885;cm;46,54749461325;%;31,47291711930767;cm
2026-02-20 15:00:00.000;150,80536293644403;moh;0;Hz;0;None;0,07845694704083332;m3/s;0;kW;0;rpm;0;KVar;0;%;0,07105522917575002;Mill.m3;78,45299743306943;l/s;0;m3/s;624420,9375;t;26,80000114;%;0;None;98,4125000860607;mKVs;0;None;20,70981174086111;mm;0;m3/s;90,56406166666666;bar;0;KVa;-39,46573045402778;cm;47,37015318211111;%;31,589589479327625;cm
2026-02-20 16:00:00.000;150,81092418422693;moh;0;Hz;0;None;0,07850611400166668;m3/s;0;kW;0;rpm;0;KVar;0;%;0,07216477988277778;Mill.m3;78,50962894412613;l/s;0;m3/s;624420,9375;t;26,80000114;%;0;None;98,39374898344282;mKVs;0;None;20,404685125166665;mm;0;m3/s;93,59760027777777;bar;0;KVa;-38,91037411152778;cm;48,10985410380555;%;31,6083342450019;cm
2026-02-20 17:00:00.000;150,81775101637774;moh;0;Hz;0;None;0,07872750340933334;m3/s;0;kW;0;rpm;0;KVar;0;%;0,07352522048969445;Mill.m3;78,72647995116819;l/s;0;m3/s;624420,9375;t;26,80000114;%;0;None;98,4020986614556;mKVs;0;None;20,030564202111112;mm;0;m3/s;90,58701166666667;bar;0;KVa;-38,22820875447222;cm;49,01681331;%;31,63123972093127;cm
2026-02-20 18:00:00.000;150,8214940460616;moh;0;Hz;0;None;0,07901667182500001;m3/s;0;kW;0;rpm;0;KVar;0;%;0,07430060357011112;Mill.m3;79,01669678711025;l/s;0;m3/s;624420,9375;t;26,80000114;%;0;None;98,40624723895274;mKVs;0;None;19,817333644805554;mm;0;m3/s;89,85903972222222;bar;0;KVa;-37,852215236805556;cm;49,533736663027774;%;31,675004581681552;cm
2026-02-20 19:00:00.000;150,82938056449598;moh;0;Hz;0;None;0,0793483394295;m3/s;0;kW;0;rpm;0;KVar;0;%;0,07581715033200001;Mill.m3;79,35045453004629;l/s;0;m3/s;624420,9375;t;26,80000114;%;0;None;98,47291355331785;mKVs;0;None;19,400283602666665;mm;0;m3/s;91,34291611111111;bar;0;KVa;-37,069748771;cm;50,54476750961111;%;31,72499991055197;cm
2026-02-20 20:00:00.000;150,83581121957775;moh;0;Hz;0;None;0,07962833792016667;m3/s;0;kW;0;rpm;0;KVar;0;%;0,07713328778052779;Mill.m3;79,63023898416562;l/s;0;m3/s;624420,9375;t;26,80000114;%;0;None;98,41875710331311;mKVs;0;None;19,038345550611112;mm;0;m3/s;93,79111805555556;bar;0;KVa;-36,418914795;cm;51,42219295663889;%;31,7729152037405;cm
2026-02-20 21:00:00.000;150,845250259733;moh;0;Hz;0;None;0,08018500401249999;m3/s;0;kW;0;rpm;0;KVar;0;%;0,07900062441341667;Mill.m3;80,1874685684182;l/s;0;m3/s;624420,9375;t;26,80000114;%;0;None;98,40833454055863;mKVs;0;None;18,52482795813889;mm;0;m3/s;93,08441055555555;bar;0;KVa;-35,47800699966667;cm;52,66708340030556;%;31,864577908418198;cm
2026-02-20 22:00:00.000;150,85987575101973;moh;0;Hz;0;None;0,080648892082;m3/s;0;kW;0;rpm;0;KVar;0;%;0,08194201145616667;Mill.m3;80,66159396609395;l/s;0;m3/s;624420,9375;t;26,80000114;%;0;None;98,36547044216266;mKVs;0;None;17,715946834444445;mm;0;m3/s;93,64105138888888;bar;0;KVa;-34,039552477027776;cm;54,62800812272222;%;31,940180356019546;cm
2026-02-20 23:00:00.000;150,879495428248;moh;0;Hz;0;None;0,0812425025445;m3/s;0;kW;0;rpm;0;KVar;0;%;0,08584271677627779;Mill.m3;81,24248606708427;l/s;0;m3/s;624420,9375;t;26,80000114;%;0;None;98,39999955614107;mKVs;0;None;16,643252688388888;mm;0;m3/s;93,43371277777777;bar;0;KVa;-32,059754265833334;cm;57,228478431444444;%;32,031244159919325;cm
2026-02-21 00:00:00.000;150,90224177950302;moh;0;Hz;0;None;0,08212000143958334;m3/s;0;kW;0;rpm;0;KVar;0;%;0,09039644748125;Mill.m3;82,12260752215724;l/s;0;m3/s;624420,9375;t;26,80000114;%;0;None;98,40000438856747;mKVs;0;None;15,390976586666667;mm;0;m3/s;93,80246277777778;bar;0;KVa;-29,783164130583334;cm;60,264298970666665;%;32,1695981423361;cm
2026-02-21 01:00:00.000;150,9274978906173;moh;0;Hz;0;None;0,08311110863233333;m3/s;0;kW;0;rpm;0;KVar;0;%;0,09543377322608333;Mill.m3;83,11387455289884;l/s;0;m3/s;624420,9375;t;26,80000114;%;0;None;98,3749971036841;mKVs;0;None;14,005712296444445;mm;0;m3/s;93,38118277777778;bar;0;KVa;-27,25977579688889;cm;63,622515678805556;%;32,320816157490874;cm
2026-02-21 02:00:00.000;150,95181812950673;moh;0;Hz;0;None;0,08399527983891668;m3/s;0;kW;0;rpm;0;KVar;0;%;0,1002959944988611;Mill.m3;84,00003167365253;l/s;0;m3/s;624420,9375;t;26,80000114;%;0;None;98,41666046872497;mKVs;0;None;12,668601354444444;mm;0;m3/s;93,8117025;bar;0;KVa;-24,82866922922222;cm;66,86399720622222;%;32,45624130840711;cm
2026-02-21 03:00:00.000;150,9754447303813;moh;0;Hz;0;None;0,08472388962152778;m3/s;0;kW;0;rpm;0;KVar;0;%;0,1050521424038889;Mill.m3;84,72651506442212;l/s;0;m3/s;624420,9375;t;26,80000114;%;0;None;98,43956425718102;mKVs;0;None;11,360660766138889;mm;0;m3/s;93,63955277777778;bar;0;KVa;-22,463667128444445;cm;70,034761344;%;32,56458167333089;cm
2026-02-21 04:00:00.000;150,997848760946;moh;0;Hz;0;None;0,08557583068863889;m3/s;0;kW;0;rpm;0;KVar;0;%;0,10950888719361111;Mill.m3;85,57702852075388;l/s;0;m3/s;624420,9375;t;26,80000114;%;0;None;98,44166719639442;mKVs;0;None;10,143259047869444;mm;0;m3/s;93,30166833333334;bar;0;KVa;-20,222223069805555;cm;73,00592585838889;%;32,69791034837313;cm
2026-02-21 05:00:00.000;151,0180999660625;moh;0;Hz;0;None;0,0861122264658889;m3/s;0;kW;0;rpm;0;KVar;0;%;0,11358935810722223;Mill.m3;86,11442214903293;l/s;0;m3/s;624420,9375;t;26,80000114;%;0;None;98,45833455415774;mKVs;0;None;9,102660285119446;mm;0;m3/s;93,53292361111112;bar;0;KVa;-18,182004292583333;cm;75,72623954363888;%;32,78123363635262;cm
2026-02-21 06:00:00.000;151,03737626840206;moh;0;Hz;0;None;0,08664722657722221;m3/s;0;kW;0;rpm;0;KVar;0;%;0,11742729995333331;Mill.m3;86,65202099938018;l/s;0;m3/s;624420,9375;t;26,80000114;%;0;None;98,49166473864256;mKVs;0;None;8,143174913338889;mm;0;m3/s;93,4868113888889;bar;0;KVa;-16,269683838555554;cm;78,2848676263611;%;32,864574774301424;cm
2026-02-21 07:00:00.000;151,05569426276233;moh;0;Hz;0;None;0,08723666705025;m3/s;0;kW;0;rpm;0;KVar;0;%;0,12110678734000002;Mill.m3;87,26686142783822;l/s;0;m3/s;624420,9375;t;26,80000114;%;0;None;98,47914643473483;mKVs;0;None;7,2233030530194435;mm;0;m3/s;93,74409916666667;bar;0;KVa;-14,437997605972223;cm;80,73785815797223;%;32,961144066727094;cm
2026-02-21 08:00:00.000;151,07210376714676;moh;0;Hz;0;None;0,08777027798666667;m3/s;0;kW;0;rpm;0;KVar;0;%;0,12437707702722224;Mill.m3;87,77344317797683;l/s;0;m3/s;624420,9375;t;26,80000114;%;0;None;98,50208996122588;mKVs;0;None;6,405730777463889;mm;0;m3/s;93,522475;bar;0;KVa;-12,795906069083333;cm;82,91805070177777;%;33,031239298696896;cm
2026-02-21 09:00:00.000;151,08803914185268;moh;0;Hz;0;None;0,08818250236541668;m3/s;0;kW;0;rpm;0;KVar;0;%;0,12756380580027776;Mill.m3;88,18538975829449;l/s;0;m3/s;624420,9375;t;26,80000114;%;0;None;98,54794203971532;mKVs;0;None;5,609048207613889;mm;0;m3/s;93,95726111111111;bar;0;KVa;-11,20423210975;cm;85,04253875022222;%;33,097914253835256;cm
2026-02-21 10:00:00.000;151,1031634896835;moh;0;Hz;0;None;0,08872583411458333;m3/s;0;kW;0;rpm;0;KVar;0;%;0,1306072827902778;Mill.m3;88,72404738464284;l/s;0;m3/s;624420,9375;t;26,80000114;%;0;None;98,57499798921084;mKVs;0;None;4,848179287258333;mm;0;m3/s;90,3927625;bar;0;KVa;-9,68855963835;cm;87,07152254333333;%;33,177099971498535;cm
2026-02-21 11:00:00.000;151,1176545211028;moh;4,901479671326984;Hz;0,04315705703866427;None;0,11012947754213888;m3/s;34,98136;kW;81,18844222222222;rpm;-0,9656875;KVar;3,036090003111111;%;0,13348722495305554;Mill.m3;88,96398367215589;l/s;0,021164198515;m3/s;624420,9413994618;t;26,787349076554566;%;0;None;98,47775235683511;mKVs;0;None;4,128193325319446;mm;0;m3/s;93,68619916666667;bar;38,375104444444446;KVa;-8,237232632127778;cm;88,99148527661112;%;33,21457370536394;cm
2026-02-21 12:00:00.000;151,10854468626226;moh;45,56231794923385;Hz;0,8106558366813483;None;2,1391201526267496;m3/s;1721,8935011111112;kW;700,5829958333334;rpm;-482,9820377777778;KVar;76,1649730248889;%;0,1318993615972222;Mill.m3;88,85718466979098;l/s;2,0507118959294446;m3/s;624421,5570517709;t;68,9825789683239;%;2,1369046942361116;None;94,01447714386603;mKVs;0;None;4,5251592000833325;mm;0;m3/s;93,87094694444444;bar;1790,8806466666667;KVa;-9,133889940197221;cm;87,93290932919444;%;33,17537036177293;cm
2026-02-21 13:00:00.000;151,07785842328428;moh;37,68876923416371;Hz;0,6844361406734252;None;1,9265166853244167;m3/s;1519,4526405555555;kW;581,3973913888889;rpm;-427,77431777777775;KVar;64,75854119225;%;0,1256240836966667;Mill.m3;87,88753080772204;l/s;1,8386069383722219;m3/s;624422,5570704341;t;73,08320920116664;%;2,1428570750000002;None;94,57968303562424;mKVs;0;None;6,093978881899997;mm;0;m3/s;91,82040638888888;bar;1579,2262291666666;KVa;-12,214135064113888;cm;83,74938945802778;%;33,05420074424559;cm
2026-02-21 14:00:00.000;151,07854692166413;moh;13,796032568308677;Hz;0,1948692544520995;None;0,5379376716472778;m3/s;363,09404527777775;kW;230,73310333333333;rpm;-102,35489305555555;KVar;18,572577116583332;%;0,1255242055022222;Mill.m3;87,48965956358026;l/s;0,44377128894027784;m3/s;624423,355004132;t;70,17697645437883;%;2,1428570750000002;None;97,58426646129784;mKVs;0;None;6,118948194775;mm;0;m3/s;93,76446555555556;bar;378,80491222222224;KVa;-12,138214112244446;cm;83,68280393869445;%;32,991676332696564;cm
2026-02-21 15:00:00.000;151,08589027833943;moh;0;Hz;0;None;0,087486665282;m3/s;0;kW;0;rpm;0;KVar;0;%;0,1271505712725;Mill.m3;87,48739569880772;l/s;0;m3/s;624423,6875;t;72,90000153;%;2,1428570750000002;None;98,56666672779221;mKVs;0;None;5,712356567536111;mm;0;m3/s;93,63570138888889;bar;0;KVa;-11,409441630111111;cm;84,76704917641666;%;32,99789930991883;cm
2026-02-21 16:00:00.000;151,09761122600275;moh;0;Hz;0;None;0,08771805545983333;m3/s;0;kW;0;rpm;0;KVar;0;%;0,12949226299138888;Mill.m3;87,72412377195579;l/s;0;m3/s;624423,6875;t;72,90000153;%;2,1428570750000002;None;98,51674291049622;mKVs;0;None;5,126934051416667;mm;0;m3/s;91,33130694444445;bar;0;KVa;-10,243585375069443;cm;86,32817546011111;%;33,02494998800831;cm
2026-02-21 17:00:00.000;151,10862001843574;moh;3,5431858881830416;Hz;0;None;0,08790833441000001;m3/s;0;kW;61,18908861111111;rpm;0;KVar;0;%;0,13170596529749998;Mill.m3;87,90832628271417;l/s;0;m3/s;624423,6892617013;t;72,90000153;%;1,9685373691119448;None;98,56241244637235;mKVs;0;None;4,573508368444444;mm;0;m3/s;93,6231975;bar;0;KVa;-9,136182997102777;cm;87,80397892;%;33,058333280245975;cm
2026-02-21 18:00:00.000;151,09836326075623;moh;49,996019731916846;Hz;0,9573702964369011;None;2,1753619376249174;m3/s;1757,7647927777778;kW;749,8744672222223;rpm;-424,63616;KVar;90,76136084688889;%;0,12975429966861113;Mill.m3;87,55270686848174;l/s;2,0881674659288887;m3/s;624424,2699002777;t;58,85891303985014;%;1,8333336489258334;None;94,63969563244656;mKVs;0;None;5,061425103166667;mm;0;m3/s;93,54490111111112;bar;1813,5376986111112;KVa;-10,153677199083333;cm;86,50286738222222;%;33,01255288630849;cm
2026-02-21 19:00:00.000;151,09511945446053;moh;50,05080944284481;Hz;0,9889109086983424;None;1,227394278166667;m3/s;938,1584294444444;kW;750,7288705555555;rpm;-134,87134416666666;KVar;85,63578094938889;%;0,1289961578113889;Mill.m3;87,4084096415155;l/s;1,1399864586305557;m3/s;624425,2699453472;t;35,926836228809655;%;0,9209180503716667;None;97,3402091691254;mKVs;0;None;5,250960455944444;mm;0;m3/s;93,81464111111111;bar;946,1140711111111;KVa;-10,491930642666667;cm;85,99743917130556;%;32,989553200384044;cm
2026-02-21 20:00:00.000;151,08646153433986;moh;50,042942636882756;Hz;0,976044077136537;None;2,5907748450194448;m3/s;2106,115875833333;kW;750,6255325;rpm;-470,52478972222224;KVar;90,1233776068889;%;0,1273185967736111;Mill.m3;87,28629581963692;l/s;2,503742271538888;m3/s;624426,2699758334;t;71,36065893969734;%;2,1394557137588897;None;92,93868753407261;mKVs;0;None;5,670350392738889;mm;0;m3/s;93,83713166666666;bar;2158,9291444444443;KVa;-11,34376102036111;cm;84,87906532372222;%;32,97711260018258;cm
2026-02-21 21:00:00.000;151,0836777402656;moh;20,707227411521423;Hz;0,3632598516543966;None;1,0770308423038613;m3/s;793,7988347222222;kW;327,27863055555554;rpm;-163,7103786111111;KVar;34,457360903166666;%;0,12672488754583336;Mill.m3;87,06587330951854;l/s;0,9828527781944445;m3/s;624427,2375402256;t;72,70422346010555;%;2,1428570750000002;None;96,51614764793614;mKVs;0;None;5,8187781440111115;mm;0;m3/s;93,54366805555556;bar;810,7132216666666;KVa;-11,633669534880555;cm;84,48325847980556;%;32,92289313924141;cm
2026-02-21 22:00:00.000;151,11405717395303;moh;0;Hz;0;None;0,08783611187566667;m3/s;0;kW;0;rpm;0;KVar;0;%;0,13276656942861112;Mill.m3;87,83726121431701;l/s;0;m3/s;624427,5;t;72,70000458;%;2,1428570750000002;None;98,63543918627572;mKVs;0;None;4,308357238805556;mm;0;m3/s;94,11237472222223;bar;0;KVa;-8,603943719097222;cm;88,51104757563888;%;33,03955337797384;cm
2026-02-21 23:00:00.000;151,13538859018826;moh;0;Hz;0;None;0,08872027867180557;m3/s;0;kW;0;rpm;0;KVar;0;%;0,1370271981983333;Mill.m3;88,72483545632403;l/s;0;m3/s;624427,5;t;72,70000458;%;2,1428570750000002;None;98,67287703607393;mKVs;0;None;3,2432005141194447;mm;0;m3/s;93,67983833333334;bar;0;KVa;-6,467514037966667;cm;91,35146520458333;%;33,17288703595744;cm
2026-02-22 00:00:00.000;151,15002413397826;moh;0;Hz;0;None;0,08927333497666666;m3/s;0;kW;0;rpm;0;KVar;0;%;0,13997384706055557;Mill.m3;89,27457398464071;l/s;0;m3/s;624427,5;t;72,70000458;%;2,1428570750000002;None;98,6500143283679;mKVs;0;None;2,5065379672833332;mm;0;m3/s;93,66080638888889;bar;0;KVa;-5,002788967522222;cm;93,31589895930556;%;33,2562139055472;cm
2026-02-22 01:00:00.000;151,15774086019252;moh;18,071976657397983;Hz;0,29359789643927736;None;0,7612882909955833;m3/s;576,7314580555555;kW;279,27602083333335;rpm;-150,6430038888889;KVar;26,45733665927778;%;0,14155239484555557;Mill.m3;89,90840308877226;l/s;0,6713871896522222;m3/s;624427,5612781076;t;69,5625514135055;%;2,1428570750000002;None;97,11794152328528;mKVs;0;None;2,111901177236111;mm;0;m3/s;94,37014194444444;bar;600,5070666666667;KVa;-4,2304441663972225;cm;94,3682649185;%;33,358343492719456;cm
2026-02-22 02:00:00.000;151,14561737433428;moh;50,00750883950421;Hz;0,9983138509278244;None;0,8970102480691667;m3/s;651,9495066666667;kW;750,1665930555556;rpm;-36,759260833333336;KVar;79,28255706436111;%;0,1391349466166667;Mill.m3;89,52700251549713;l/s;0,8058258935827778;m3/s;624428,3594580208;t;27,51277239616413;%;0,6164967234436111;None;97,9440216723476;mKVs;0;None;2,7162636651916663;mm;0;m3/s;93,85991694444445;bar;651,9458719444444;KVa;-5,436702304380555;cm;92,75663021941666;%;33,308329692639845;cm
2026-02-22 03:00:00.000;151,13507788576175;moh;49,97250023729781;Hz;1;None;0,9408453452922223;m3/s;709,4731977777777;kW;749,4999908333333;rpm;-39,979280833333334;KVar;80,88726467636111;%;0,137050630065;Mill.m3;89,30077976106888;l/s;0,8515464403652779;m3/s;624429,359488125;t;29,431923292166655;%;0,7140025820611111;None;97,80648954955716;mKVs;0;None;3,2373428345777775;mm;0;m3/s;94,23081305555556;bar;712,9378358333333;KVa;-6,485523647583334;cm;91,36708535116666;%;33,26046050766454;cm
2026-02-22 04:00:00.000;151,10968496193752;moh;49,99124165362664;Hz;0,9779244266239819;None;2,0104718146647222;m3/s;1609,542446111111;kW;749,9167083333333;rpm;-358,38697083333335;KVar;92,55360584280555;%;0,13199701813083334;Mill.m3;88,68435506947057;l/s;1,922035560317778;m3/s;624430,3594980035;t;54,141232335027915;%;1,6301019786425;None;95,37090199114638;mKVs;0;None;4,500745137463889;mm;0;m3/s;94,11247555555556;bar;1649,293626111111;KVa;-9,017868042419444;cm;87,99801360141667;%;33,17712850050645;cm
2026-02-22 05:00:00.000;151,06764404608379;moh;49,9814528318401;Hz;0,9702126215757576;None;2,6251608231583337;m3/s;2127,175845;kW;749,8120608333334;rpm;-509,32109;KVar;90,13946102997222;%;0,12366876304055556;Mill.m3;87,37426973055814;l/s;2,5377751790333334;m3/s;624431,3595503819;t;72,33510807804232;%;2,141439841452778;None;92,86654285361949;mKVs;0;None;6,582809024322222;mm;0;m3/s;93,81575;bar;2191,730416388889;KVa;-13,215891519944444;cm;82,44584246827777;%;32,97924972976198;cm
2026-02-22 06:00:00.000;151,02983467494428;moh;30,085881614459012;Hz;0,5399782355207409;None;1,5446977025876385;m3/s;1194,155833888889;kW;467,5425080555556;rpm;-286,3574263888889;KVar;51,20421619333333;%;0,11612194450444444;Mill.m3;85,85434498703525;l/s;1,4588410701944448;m3/s;624432,3455830555;t;72,3294243221225;%;2,1428570750000002;None;95,40080190660687;mKVs;0;None;8,469513787230555;mm;0;m3/s;94,07609972222222;bar;1229,5804163888888;KVa;-17,005437215305555;cm;77,41462936305555;%;32,745935961093636;cm
2026-02-22 07:00:00.000;151,03072694230522;moh;0;Hz;0;None;0,08569999784333332;m3/s;0;kW;0;rpm;0;KVar;0;%;0,1161202663713889;Mill.m3;85,70007515577053;l/s;0;m3/s;624432,6875;t;72,20000458;%;2,1428570750000002;None;98,5228553976192;mKVs;0;None;8,469933403911112;mm;0;m3/s;93,99380916666667;bar;0;KVa;-16,930694579833332;cm;77,41351074552777;%;32,716679784252754;cm
2026-02-22 08:00:00.000;151,03525592594875;moh;0;Hz;0;None;0,08593555730477778;m3/s;0;kW;0;rpm;0;KVar;0;%;0,11703583524;Mill.m3;85,93659660783916;l/s;0;m3/s;624432,6875;t;72,20000458;%;2,1428570750000002;None;98,54379607990974;mKVs;0;None;8,241040971591666;mm;0;m3/s;93,29462583333333;bar;0;KVa;-16,47624545672222;cm;78,02389081325;%;32,758332928893104;cm
2026-02-22 09:00:00.000;151,04190701094697;moh;0;Hz;0;None;0,08638139408638888;m3/s;0;kW;0;rpm;0;KVar;0;%;0,118351634855;Mill.m3;86,38567022402253;l/s;0;m3/s;624432,6875;t;72,20000458;%;2,1428570750000002;None;98,53333398998215;mKVs;0;None;7,912091149119444;mm;0;m3/s;93,67448583333334;bar;0;KVa;-15,813077291027778;cm;78,90108949916667;%;32,822869400448894;cm
2026-02-22 10:00:00.000;151,05731636157316;moh;0;Hz;0;None;0,08710916836797224;m3/s;0;kW;0;rpm;0;KVar;0;%;0,12141342119305555;Mill.m3;87,1045213979019;l/s;0;m3/s;624432,6875;t;72,20000458;%;2,1428570750000002;None;98,57214565885167;mKVs;0;None;7,146644592388888;mm;0;m3/s;93,72604527777777;bar;0;KVa;-14,245236715091666;cm;80,94228155361111;%;32,937398126325554;cm
2026-02-22 11:00:00.000;151,07400676340114;moh;0;Hz;0;None;0,08773722338183335;m3/s;0;kW;0;rpm;0;KVar;0;%;0,12474992377777777;Mill.m3;87,74169910284125;l/s;0;m3/s;624432,6875;t;72,20000458;%;2,1428570750000002;None;98,55213658553676;mKVs;0;None;6,312518649786111;mm;0;m3/s;93,45826944444444;bar;0;KVa;-12,60586208836111;cm;83,166617033;%;33,02286275857503;cm
2026-02-22 12:00:00.000;151,09745628239347;moh;0;Hz;0;None;0,08861916800125;m3/s;0;kW;0;rpm;0;KVar;0;%;0,12941248386472223;Mill.m3;88,62494500776054;l/s;0;m3/s;624432,6875;t;72,20000458;%;2,1428570750000002;None;98,5521439756736;mKVs;0;None;5,146878560561111;mm;0;m3/s;93,99400305555555;bar;0;KVa;-10,264867146794446;cm;86,27499004002777;%;33,15619581911474;cm
2026-02-22 13:00:00.000;151,12505166427948;moh;0;Hz;0;None;0,08950833603500001;m3/s;0;kW;0;rpm;0;KVar;0;%;0,13492215481249997;Mill.m3;89,50832750909795;l/s;0;m3/s;624432,6875;t;72,20000458;%;2,1428570750000002;None;98,58119527899272;mKVs;0;None;3,7694613139138893;mm;0;m3/s;93,02132083333333;bar;0;KVa;-7,507256401750001;cm;89,94810295030555;%;33,297857090015206;cm
2026-02-22 14:00:00.000;151,15364653533078;moh;0;Hz;0;None;0,09043333820055556;m3/s;0;kW;0;rpm;0;KVar;0;%;0,14068629704694444;Mill.m3;90,43740960598005;l/s;0;m3/s;624432,6875;t;72,20000458;%;2,1428570750000002;None;98,57714150980848;mKVs;0;None;2,328425513383333;mm;0;m3/s;94,12919555555555;bar;0;KVa;-4,644927978611111;cm;93,79086591933333;%;33,42905035205009;cm
2026-02-22 15:00:00.000;151,1800274329013;moh;0;Hz;0;None;0,09137250274111111;m3/s;0;kW;0;rpm;0;KVar;0;%;0,1459334551913889;Mill.m3;91,3789324174119;l/s;0;m3/s;624432,6875;t;72,20000458;%;2,1428570750000002;None;98,58737435600423;mKVs;0;None;1,016635894653889;mm;0;m3/s;93,41833444444444;bar;0;KVa;-2,0066070555908335;cm;97,28897094775;%;33,562379969765146;cm
2026-02-22 16:00:00.000;151,20640158630877;moh;0;Hz;0;None;0,09237833714472223;m3/s;0;kW;0;rpm;0;KVar;0;%;0,15120583214361114;Mill.m3;92,37883295974899;l/s;0;m3/s;624432,6875;t;72,20000458;%;2,1428570750000002;None;98,63547619089955;mKVs;0;None;0,05980088975733333;mm;0;m3/s;93,8043611111111;bar;0;KVa;0,6298489040622779;cm;100,80389034330555;%;33,71452784557383;cm
2026-02-22 17:00:00.000;151,23460819698553;moh;0;Hz;0;None;0,09285833454694443;m3/s;0;kW;0;rpm;0;KVar;0;%;0,15685286455472222;Mill.m3;92,86227742822282;l/s;0;m3/s;624432,6875;t;72,20000458;%;2,1428570750000002;None;98,61452040826741;mKVs;0;None;0;mm;0;m3/s;93,52383555555555;bar;0;KVa;3,450876871716667;cm;104,5685778863889;%;33,78952284138791;cm
2026-02-22 18:00:00.000;151,26041334812325;moh;0;Hz;0;None;0,09396555467180553;m3/s;0;kW;0;rpm;0;KVar;0;%;0,16202990188388885;Mill.m3;93,96316796046602;l/s;0;m3/s;624432,6875;t;72,20000458;%;2,1428570750000002;None;98,65833475635156;mKVs;0;None;0;mm;0;m3/s;93,77624527777778;bar;0;KVa;6,032723320855556;cm;108,01993493777778;%;33,95404032835854;cm
2026-02-22 19:00:00.000;151,28239612074398;moh;0;Hz;0;None;0,09460944473444445;m3/s;0;kW;0;rpm;0;KVar;0;%;0,16642751818694446;Mill.m3;94,62660104632572;l/s;0;m3/s;624432,6875;t;72,20000458;%;2,1428570750000002;None;98,67307359448505;mKVs;0;None;0;mm;0;m3/s;93,75008583333333;bar;0;KVa;8,232371012413887;cm;110,9516797163889;%;34,04368402811912;cm
2026-02-22 20:00:00.000;151,30122513840274;moh;0;Hz;0;None;0,09499999881;m3/s;0;kW;0;rpm;0;KVar;0;%;0,17020354245166666;Mill.m3;95;l/s;0;m3/s;624432,6875;t;72,20000458;%;2,1428570750000002;None;98,71667493840539;mKVs;0;None;0;mm;0;m3/s;93,74184583333333;bar;0;KVa;10,117895337152778;cm;113,46902899166666;%;34,10000229;cm
2026-02-22 21:00:00.000;151,31601125473364;moh;0;Hz;0;None;0,09529750012050002;m3/s;0;kW;0;rpm;0;KVar;0;%;0,17317321802194446;Mill.m3;95,30473959261398;l/s;0;m3/s;624432,6875;t;72,20000458;%;2,1428570750000002;None;98,76666528313062;mKVs;0;None;0;mm;0;m3/s;93,15903222222222;bar;0;KVa;11,597154405;cm;115,44881195694444;%;34,15618757007419;cm
2026-02-22 22:00:00.000;151,3198168613825;moh;0;Hz;0;None;0,09549389007805557;m3/s;0;kW;0;rpm;0;KVar;0;%;0,17397150837111114;Mill.m3;95,49987185976312;l/s;0;m3/s;624432,6875;t;72,20000458;%;2,1428570750000002;None;98,76668236703678;mKVs;0;None;0;mm;0;m3/s;93,1967;bar;0;KVa;11,982688904333333;cm;115,98100381027778;%;34,19166908275444;cm
2026-02-22 23:00:00.000;151,3139796918594;moh;0;Hz;0;None;0,09554250145327779;m3/s;0;kW;0;rpm;0;KVar;0;%;0,17282105053472221;Mill.m3;95,55059847160388;l/s;0;m3/s;624432,6875;t;72,20000458;%;2,1428570750000002;None;98,8061816246334;mKVs;0;None;0;mm;0;m3/s;88,73047138888889;bar;0;KVa;11,4022064205;cm;115,21403587777777;%;34,18333290391099;cm
2026-02-23 00:00:00.000;151,30683530374546;moh;0;Hz;0;None;0,09511666621;m3/s;0;kW;0;rpm;0;KVar;0;%;0,17137816376999998;Mill.m3;95,1166524576798;l/s;0;m3/s;624432,6875;t;72,20000458;%;2,1428570750000002;None;98,70216013257595;mKVs;0;None;0;mm;0;m3/s;93,32601916666667;bar;0;KVa;10,684903462916667;cm;114,25211033777778;%;34,11666656281051;cm
2026-02-23 01:00:00.000;151,2992620890001;moh;0;Hz;0;None;0,09501749954083334;m3/s;0;kW;0;rpm;0;KVar;0;%;0,16986473851916664;Mill.m3;95,01505248470265;l/s;0;m3/s;624432,6875;t;72,20000458;%;2,1428570750000002;None;98,74167219247578;mKVs;0;None;0;mm;0;m3/s;93,65942833333334;bar;0;KVa;9,928491379838889;cm;113,24315989222222;%;34,10215218857366;cm
2026-02-23 02:00:00.000;151,2920916347797;moh;0;Hz;0;None;0,09488333265166667;m3/s;0;kW;0;rpm;0;KVar;0;%;0,16844154274361112;Mill.m3;94,88333539721545;l/s;0;m3/s;624432,6875;t;72,20000458;%;2,1428570750000002;None;98,71666741140419;mKVs;0;None;0;mm;0;m3/s;93,14048027777778;bar;0;KVa;9,212146335230555;cm;112,29436280166667;%;34,083335463893974;cm
2026-02-23 03:00:00.000;151,28525093706523;moh;0;Hz;0;None;0,09488333265166667;m3/s;0;kW;0;rpm;0;KVar;0;%;0,16707240798194442;Mill.m3;94,88332548059199;l/s;0;m3/s;624432,6875;t;72,20000458;%;2,1428570750000002;None;98,71421105511664;mKVs;0;None;0;mm;0;m3/s;93,53227055555556;bar;0;KVa;8,528429667027778;cm;111,38160390166667;%;34,08333404719487;cm
2026-02-23 04:00:00.000;151,2792141488655;moh;0;Hz;0;None;0,09472194446597221;m3/s;0;kW;0;rpm;0;KVar;0;%;0,16585254194861113;Mill.m3;94,71848008773894;l/s;0;m3/s;624432,6875;t;72,20000458;%;2,1428570750000002;None;98,73620319668107;mKVs;0;None;0;mm;0;m3/s;93,2312025;bar;0;KVa;7,9232152304;cm;110,56836187444445;%;34,05978406346814;cm
2026-02-23 05:00:00.000;151,27350103573022;moh;0;Hz;0;None;0,09430777945902777;m3/s;0;kW;0;rpm;0;KVar;0;%;0,1647106845125;Mill.m3;94,31380004953355;l/s;0;m3/s;624432,6875;t;72,20000458;%;2,1428570750000002;None;98,67716854591467;mKVs;0;None;0;mm;0;m3/s;93,44237361111111;bar;0;KVa;7,351455688491667;cm;109,80712336972222;%;34;cm
2026-02-23 06:00:00.000;151,26788992993426;moh;0;Hz;0;None;0,09427083360277777;m3/s;0;kW;0;rpm;0;KVar;0;%;0,16359452757055556;Mill.m3;94,26566174665872;l/s;0;m3/s;624432,6875;t;72,20000458;%;2,1428570750000002;None;98,65000168946654;mKVs;0;None;0;mm;0;m3/s;90,09092194444445;bar;0;KVa;6,791165669725;cm;109,06301963722223;%;34,00000002557976;cm
2026-02-23 07:00:00.000;151,26388091657802;moh;0;Hz;0;None;0,0940841667561111;m3/s;0;kW;0;rpm;0;KVar;0;%;0,16279356315777777;Mill.m3;94,07711398956769;l/s;0;m3/s;624432,6875;t;72,20000458;%;2,1428570750000002;None;98,69781670162986;mKVs;0;None;0;mm;0;m3/s;93,37690333333333;bar;0;KVa;6,389821370425;cm;108,52904068027777;%;33,977171154842225;cm
2026-02-23 08:00:00.000;151,261250088202;moh;0;Hz;0;None;0,09391305492125;m3/s;0;kW;0;rpm;0;KVar;0;%;0,16226148702638887;Mill.m3;93,91363605237552;l/s;0;m3/s;624432,6875;t;72,20000458;%;2,1428570750000002;None;98,72499717271813;mKVs;0;None;0;mm;0;m3/s;93,41078555555555;bar;0;KVa;6,126302083241667;cm;108,17432420527778;%;33,947831659298934;cm
2026-02-23 09:00:00.000;151,25865630696228;moh;0;Hz;0;None;0,09307083239116666;m3/s;0;kW;0;rpm;0;KVar;0;%;0,16173776047250002;Mill.m3;93,84853023498609;l/s;0;m3/s;624432,6875;t;72,20000458;%;2,1428570750000002;None;98,69102753599894;mKVs;0;None;0;mm;0;m3/s;93,09422972222222;bar;0;KVa;5,866962009255556;cm;107,82517718111112;%;33,935505292339684;cm
2026-02-23 10:00:00.000;151,2569509387195;moh;0;Hz;0;None;0,09371666486;m3/s;0;kW;0;rpm;0;KVar;0;%;0,16139888059083338;Mill.m3;93,71666142774852;l/s;0;m3/s;624432,6875;t;72,20000458;%;2,1428570750000002;None;98,66666948779475;mKVs;0;None;0;mm;0;m3/s;93,72783305555555;bar;0;KVa;5,693889194111111;cm;107,59925544722222;%;33,91666730278755;cm
2026-02-23 11:00:00.000;151,25863618570648;moh;0;Hz;0;None;0,09387999921999998;m3/s;0;kW;0;rpm;0;KVar;0;%;0,1617253657191667;Mill.m3;93,8813139772618;l/s;0;m3/s;624432,6875;t;72,20000458;%;2,1428570750000002;None;98,66666531875231;mKVs;0;None;0;mm;0;m3/s;92,97387416666666;bar;0;KVa;5,862685309752778;cm;107,8169154863889;%;33,94018858179536;cm
2026-02-23 12:00:00.000;151,26510680034227;moh;0;Hz;0;None;0,09396166639999999;m3/s;0;kW;0;rpm;0;KVar;0;%;0,16300825159805554;Mill.m3;93,96037113340698;l/s;0;m3/s;624432,6875;t;72,20000458;%;2,1428570750000002;None;98,65982298827632;mKVs;0;None;0;mm;0;m3/s;93,23748555555555;bar;0;KVa;6,505249871105555;cm;108,6721674425;%;33,951482214555696;cm
2026-02-23 13:00:00.000;151,27389981149673;moh;0;Hz;0;None;0,09401416666791666;m3/s;0;kW;0;rpm;0;KVar;0;%;0,16477327208611112;Mill.m3;94,01250391680696;l/s;0;m3/s;624432,6875;t;72,20000458;%;2,1428570750000002;None;98,69702626408585;mKVs;0;None;0;mm;0;m3/s;93,33076444444444;bar;0;KVa;7,3877461749833335;cm;109,84884611388888;%;33,96517969942541;cm
2026-02-23 14:00:00.000;151,27936016404377;moh;0;Hz;0;None;0,09408222236152777;m3/s;0;kW;0;rpm;0;KVar;0;%;0,1658620522347222;Mill.m3;94,08118398529406;l/s;0;m3/s;624432,6875;t;72,20000458;%;2,1428570750000002;None;98,67649589095498;mKVs;0;None;0;mm;0;m3/s;93,11644138888889;bar;0;KVa;7,931861877611111;cm;110,57470395611111;%;33,97500254913352;cm
2026-02-23 15:00:00.000;151,28806246578688;moh;0;Hz;0;None;0,09442250049847221;m3/s;0;kW;0;rpm;0;KVar;0;%;0,1676067850280556;Mill.m3;94,42252983421523;l/s;0;m3/s;624432,6875;t;72,20000458;%;2,1428570750000002;None;98,67500102711425;mKVs;0;None;0;mm;0;m3/s;93,72191083333334;bar;0;KVa;8,803668551975;cm;111,73785888527777;%;34,0068343639443;cm
2026-02-23 16:00:00.000;151,29403743991938;moh;0;Hz;0;None;0,09445555619972222;m3/s;0;kW;0;rpm;0;KVar;0;%;0,16880189626722225;Mill.m3;94,45571257344474;l/s;0;m3/s;624432,6875;t;72,20000458;%;2,1428570750000002;None;98,68333692277947;mKVs;0;None;0;mm;0;m3/s;93,05343083333334;bar;0;KVa;9,402338663863889;cm;112,53459699722222;%;34,01816355482477;cm
2026-02-23 17:00:00.000;151,30121070201702;moh;0;Hz;0;None;0,09444972314013887;m3/s;0;kW;0;rpm;0;KVar;0;%;0,17022358222555553;Mill.m3;94,45286089052941;l/s;0;m3/s;624432,6875;t;72,20000458;%;2,1428570750000002;None;98,69016634801689;mKVs;0;None;0;mm;0;m3/s;93,62602138888889;bar;0;KVa;10,116250779680556;cm;113,48238925111112;%;34,02350220485483;cm
2026-02-23 18:00:00.000;151,31049877790966;moh;0;Hz;0;None;0,09454111192055555;m3/s;0;kW;0;rpm;0;KVar;0;%;0,1720895133436111;Mill.m3;94,53766407002801;l/s;0;m3/s;624432,6875;t;72,20000458;%;2,1428570750000002;None;98,68571853928245;mKVs;0;None;0;mm;0;m3/s;93,34404555555555;bar;0;KVa;11,046977572472223;cm;114,7263418825;%;34,03395249971666;cm
2026-02-23 19:00:00.000;151,32122448332166;moh;0;Hz;0;None;0,09498638775819444;m3/s;0;kW;0;rpm;0;KVar;0;%;0,17422698866055555;Mill.m3;94,98949324022409;l/s;0;m3/s;624432,6875;t;72,20000458;%;2,1428570750000002;None;98,64166754143262;mKVs;0;None;0;mm;0;m3/s;93,22353694444445;bar;0;KVa;12,116826375638889;cm;116,15132647194444;%;34,09850128340551;cm
2026-02-23 20:00:00.000;151,33072751363244;moh;0;Hz;0;None;0,09505833251000001;m3/s;0;kW;0;rpm;0;KVar;0;%;0,1761390435;Mill.m3;95,0583488817659;l/s;0;m3/s;624432,6875;t;72,20000458;%;2,1428570750000002;None;98,7015186190931;mKVs;0;None;0;mm;0;m3/s;93,67168694444445;bar;0;KVa;13,069241841277778;cm;117,426028265;%;34,10833766246685;cm
2026-02-23 21:00:00.000;151,34023583638574;moh;0;Hz;0;None;0,09507388810116667;m3/s;0;kW;0;rpm;0;KVar;0;%;0,17803736298305553;Mill.m3;95,07502603187751;l/s;0;m3/s;624432,6875;t;72,20000458;%;2,1428570750000002;None;98,70682738791322;mKVs;0;None;0;mm;0;m3/s;93,23846305555556;bar;0;KVa;14,017846848694445;cm;118,69157600472222;%;34,11667220161311;cm
2026-02-23 22:00:00.000;151,345714592993;moh;0;Hz;0;None;0,09511666621;m3/s;0;kW;0;rpm;0;KVar;0;%;0,17914226061305552;Mill.m3;95,11656417932446;l/s;0;m3/s;624432,6875;t;72,20000458;%;2,1428570750000002;None;98,74166705449896;mKVs;0;None;0;mm;0;m3/s;93,83408555555556;bar;0;KVa;14,57113054025;cm;119,4281727175;%;34,11665395189234;cm
2026-02-23 23:00:00.000;151,34158323796976;moh;0;Hz;0;None;0,09501361110347221;m3/s;0;kW;0;rpm;0;KVar;0;%;0,1783279579913889;Mill.m3;95,01058930838934;l/s;0;m3/s;624432,6875;t;72,20000458;%;2,1428570750000002;None;98,74848039469752;mKVs;0;None;0;mm;0;m3/s;93,42845916666667;bar;0;KVa;14,162309433861111;cm;118,8853059;%;34,10151427154357;cm
2026-02-24 00:00:00.000;151,33118754450578;moh;0;Hz;0;None;0,0944186120197222;m3/s;0;kW;0;rpm;0;KVar;0;%;0,17624381137888886;Mill.m3;94,41320898428258;l/s;0;m3/s;624432,6875;t;72,20000458;%;2,1428570750000002;None;98,78333613834099;mKVs;0;None;0;mm;0;m3/s;93,4737313888889;bar;0;KVa;13,121905855555555;cm;117,49587423861111;%;34,00833287026188;cm
2026-02-24 01:00:00.000;151,32045111838437;moh;0;Hz;0;None;0,09411916674847223;m3/s;0;kW;0;rpm;0;KVar;0;%;0,1741082309966667;Mill.m3;94,12776488199172;l/s;0;m3/s;624432,6875;t;72,20000458;%;2,1428570750000002;None;98,72652403836072;mKVs;0;None;0;mm;0;m3/s;93,6230913888889;bar;0;KVa;12,049666512111111;cm;116,0721568675;%;33,97651974814224;cm
2026-02-24 02:00:00.000;151,31015774588698;moh;0;Hz;0;None;0,09373027653263888;m3/s;0;kW;0;rpm;0;KVar;0;%;0,17204850030666669;Mill.m3;93,72733079559973;l/s;0;m3/s;624432,6875;t;72,20000458;%;2,1428570750000002;None;98,74166824809168;mKVs;0;None;0;mm;0;m3/s;93,20698472222222;bar;0;KVa;11,018430921916666;cm;114,69900013861111;%;33,91819113044518;cm
2026-02-24 03:00:00.000;151,30085468361085;moh;0;Hz;0;None;0,0932558323136111;m3/s;0;kW;0;rpm;0;KVar;0;%;0,17018338395472224;Mill.m3;93,25001458326959;l/s;0;m3/s;624432,6875;t;72,20000458;%;2,1428570750000002;None;98,76667064416014;mKVs;0;None;0;mm;0;m3/s;93,67368083333334;bar;0;KVa;10,093913607294445;cm;113,45558992583334;%;33,850002468381035;cm
2026-02-24 04:00:00.000;151,29236117046872;moh;0;Hz;0;None;0,09301805591305552;m3/s;0;kW;0;rpm;0;KVar;0;%;0,1684889554533333;Mill.m3;93,01453092381448;l/s;0;m3/s;624432,6875;t;72,20000458;%;2,1428570750000002;None;98,73176595791571;mKVs;0;None;0;mm;0;m3/s;93,27473388888889;bar;0;KVa;9,23754798055;cm;112,32597089833334;%;33,80833287528032;cm
2026-02-24 05:00:00.000;151,28361057555222;moh;0;Hz;0;None;0,09261166945930555;m3/s;0;kW;0;rpm;0;KVar;0;%;0,16672595611694443;Mill.m3;92,60931443307585;l/s;0;m3/s;624432,6875;t;72,20000458;%;2,1428570750000002;None;98,75155629124674;mKVs;0;None;0;mm;0;m3/s;93,74323361111111;bar;0;KVa;8,362977769558332;cm;111,15063661472222;%;33,751552004186955;cm
2026-02-24 06:00:00.000;151,2777779817485;moh;0;Hz;0;None;0,0924500040725;m3/s;0;kW;0;rpm;0;KVar;0;%;0,1655581978825;Mill.m3;92,45000217000127;l/s;0;m3/s;624432,6875;t;72,20000458;%;2,1428570750000002;None;98,76667156164632;mKVs;0;None;0;mm;0;m3/s;93,64906361111112;bar;0;KVa;7,779659695075001;cm;110,37213554416667;%;33,725000296667936;cm
2026-02-24 07:00:00.000;151,27180970928623;moh;0;Hz;0;None;0,09224167156;m3/s;0;kW;0;rpm;0;KVar;0;%;0,16436229358166668;Mill.m3;92,24166486274852;l/s;0;m3/s;624432,6875;t;72,20000458;%;2,1428570750000002;None;98,7968952657277;mKVs;0;None;0;mm;0;m3/s;93,49204083333333;bar;0;KVa;7,181977166177778;cm;109,5748625811111;%;33,691666915287556;cm
2026-02-24 08:00:00.000;151,27480578296525;moh;0;Hz;0;None;0,09229167116416666;m3/s;0;kW;0;rpm;0;KVar;0;%;0,16495577491027777;Mill.m3;92,29166123609072;l/s;0;m3/s;624432,6875;t;72,20000458;%;2,1428570750000002;None;98,80156000105633;mKVs;0;None;0;mm;0;m3/s;89,58315833333333;bar;0;KVa;7,477887471594444;cm;109,9705168575;%;33,699999538629754;cm
2026-02-24 09:00:00.000;151,28629264566425;moh;0;Hz;0;None;0,09256000324319442;m3/s;0;kW;0;rpm;0;KVar;0;%;0,16724210977249998;Mill.m3;92,56203547610964;l/s;0;m3/s;624432,6875;t;72,20000458;%;2,1428570750000002;None;98,79999752397329;mKVs;0;None;0;mm;0;m3/s;93,44227972222222;bar;0;KVa;8,624390496011111;cm;111,49474018194445;%;33,74010503929457;cm
2026-02-24 10:00:00.000;151,29350389208548;moh;0;Hz;0;None;0,09297277840374998;m3/s;0;kW;0;rpm;0;KVar;0;%;0,16869193045833336;Mill.m3;92,9706762715472;l/s;0;m3/s;624432,6875;t;72,20000458;%;2,1428570750000002;None;98,68647314092412;mKVs;0;None;0;mm;0;m3/s;93,8342925;bar;0;KVa;9,348742167327778;cm;112,46128814305555;%;33,79999924;cm
2026-02-24 11:00:00.000;151,28219499638857;moh;0;Hz;0;None;0,09261388970955554;m3/s;0;kW;0;rpm;0;KVar;0;%;0,16968395533194444;Mill.m3;92,25730730705268;l/s;0;m3/s;620266,6807532291;t;71,71831021611044;%;1,6130951870138892;None;97,94217156136716;mKVs;0;None;0;mm;0;m3/s;90,81185527777778;bar;0;KVa;9,203368292891666;cm;113,12263788527778;%;33,57449691173713;cm
2026-02-24 12:00:00.000;149;moh;0;Hz;0;None;0;m3/s;0;kW;0;rpm;0;KVar;0;%;0,16932752927305555;Mill.m3;0;l/s;0;m3/s;0;t;0;%;0;None;0;mKVs;0;None;0;mm;0;m3/s;0;bar;0;KVa;-219,38888888888889;cm;112,8850199475;%;0;cm
2026-02-24 13:00:00.000;149;moh;0;Hz;0;None;0;m3/s;0;kW;0;rpm;0;KVar;0;%;0,1697991937;Mill.m3;0;l/s;0;m3/s;0;t;0;%;0;None;0;mKVs;0;None;0;mm;0;m3/s;0;bar;0;KVa;-220;cm;113,1994629;%;0;cm
2026-02-24 14:00:00.000;149;moh;0;Hz;0;None;0;m3/s;0;kW;0;rpm;0;KVar;0;%;0,1697991937;Mill.m3;0;l/s;0;m3/s;0;t;0;%;0;None;0;mKVs;0;None;0;mm;0;m3/s;0;bar;0;KVa;-220;cm;113,1994629;%;0;cm
2026-02-24 15:00:00.000;150,94092337803647;moh;38,633558168904614;Hz;0,7009220932683993;None;1,642527547641;m3/s;1520,10505;kW;589,363625;rpm;-239,80884472222223;KVar;64,39519784877778;%;0,16369189933138886;Mill.m3;79,07478769901644;l/s;1,5639061896622222;m3/s;535598,0179708855;t;64,30441642723505;%;0;None;80,17229810627249;mKVs;0;None;0;mm;0;m3/s;81,548075;bar;1543,5006252777778;KVa;-27,024820115958335;cm;109,12793056944444;%;28,88850360765696;cm
2026-02-24 16:00:00.000;151,2389416067573;moh;38,793802398926616;Hz;0,7179101314423748;None;1,7886568540906944;m3/s;1621,545125;kW;597,8900569444445;rpm;-322,17614194444445;KVar;68,40622732555556;%;0,15766360643416663;Mill.m3;91,46608878292133;l/s;1,6971910631111111;m3/s;624436,9344494445;t;77,40000153;%;0;None;93,9957158646306;mKVs;0;None;0;mm;0;m3/s;94,81552277777777;bar;1654,928443611111;KVa;3,901256985083333;cm;105,10907091777777;%;33,59999754218325;cm
2026-02-24 17:00:00.000;151,25121321363923;moh;0;Hz;0;None;0,0916602805273611;m3/s;0;kW;0,4626838888888889;rpm;0;KVar;0;%;0,16019500543916668;Mill.m3;91,6605105838078;l/s;0;m3/s;624437,4950149653;t;77,40000153;%;0;None;98,44166553141993;mKVs;0;None;0;mm;0;m3/s;94,35126972222223;bar;0;KVa;5,111668904638889;cm;106,79667069611111;%;33,60869017208017;cm
2026-02-24 18:00:00.000;151,272780640779;moh;0;Hz;0;None;0,09229167116416666;m3/s;0;kW;0;rpm;0;KVar;0;%;0,16451112261416664;Mill.m3;92,29379773077356;l/s;0;m3/s;624437,5;t;77,40000153;%;0;None;98,42500048001008;mKVs;0;None;0;mm;0;m3/s;94,47465916666667;bar;0;KVa;7,269172668555556;cm;109,67408387194445;%;33,70035536655428;cm
2026-02-24 19:00:00.000;151,2904452239303;moh;0;Hz;0;None;0,09278805706944443;m3/s;0;kW;0;rpm;0;KVar;0;%;0,16806698007166665;Mill.m3;92,78788711204709;l/s;0;m3/s;624437,5;t;77,40000153;%;0;None;98,44166633696315;mKVs;0;None;0;mm;0;m3/s;94,35784555555556;bar;0;KVa;9,0382130941;cm;112,04465585944445;%;33,7916661286092;cm
2026-02-24 20:00:00.000;151,304859587114;moh;0;Hz;0;None;0,09301916691847222;m3/s;0;kW;0;rpm;0;KVar;0;%;0,17095916604277778;Mill.m3;93,01830645614591;l/s;0;m3/s;624437,5;t;77,40000153;%;0;None;98,46666437115404;mKVs;0;None;0;mm;0;m3/s;94,41638777777777;bar;0;KVa;10,481249491861112;cm;113,97277809277777;%;33,8170154352175;cm
2026-02-24 21:00:00.000;151,3109007629595;moh;0;Hz;0;None;0,09337055401527777;m3/s;0;kW;0;rpm;0;KVar;0;%;0,17217611828805554;Mill.m3;93,37113758156451;l/s;0;m3/s;624437,5;t;77,40000153;%;0;None;98,46730869379577;mKVs;0;None;0;mm;0;m3/s;94,55017111111111;bar;0;KVa;11,090579564222223;cm;114,78407808472222;%;33,867306225739114;cm
2026-02-24 22:00:00.000;151,31017274326635;moh;0;Hz;0;None;0,09323916575819445;m3/s;0;kW;0;rpm;0;KVar;0;%;0,1720382884113889;Mill.m3;93,23716638587692;l/s;0;m3/s;624437,5;t;77,40000153;%;0;None;98,50034771690207;mKVs;0;None;0;mm;0;m3/s;95,28921222222222;bar;0;KVa;11,0169219975;cm;114,69219066611112;%;33,849654627082316;cm
2026-02-24 23:00:00.000;151,3071856177699;moh;0;Hz;0;None;0,09321388804902779;m3/s;0;kW;0;rpm;0;KVar;0;%;0,17146238434472225;Mill.m3;93,21540650396098;l/s;0;m3/s;624437,5;t;77,40000153;%;0;None;98,52465662055455;mKVs;0;None;0;mm;0;m3/s;94,9328175;bar;0;KVa;10,722300211333334;cm;114,30825669694444;%;33,84166883310071;cm
2026-02-25 00:00:00.000;151,30080810672348;moh;0;Hz;0;None;0,09315305501041667;m3/s;0;kW;0;rpm;0;KVar;0;%;0,17017086494444444;Mill.m3;93,15626549572532;l/s;0;m3/s;624437,5;t;77,40000153;%;0;None;98,47500260468821;mKVs;0;None;0;mm;0;m3/s;91,84170305555556;bar;0;KVa;10,082380505552779;cm;113,44724387444444;%;33,833676205629295;cm
2026-02-25 01:00:00.000;151,29340380886035;moh;0;Hz;0;None;0,09313194428791666;m3/s;0;kW;0;rpm;0;KVar;0;%;0,1686888539027778;Mill.m3;93,12924726022341;l/s;0;m3/s;624437,5;t;77,40000153;%;0;None;98,43264930739157;mKVs;0;None;0;mm;0;m3/s;90,47527083333334;bar;0;KVa;9,34247758657222;cm;112,4592369625;%;33,832648945149224;cm
2026-02-25 02:00:00.000;151,28562691897025;moh;0;Hz;0;None;0,09319861046833335;m3/s;0;kW;0;rpm;0;KVar;0;%;0,16713681677722225;Mill.m3;93,2020161616888;l/s;0;m3/s;624437,5;t;77,40000153;%;0;None;98,43401200883247;mKVs;0;None;0;mm;0;m3/s;94,3580913888889;bar;0;KVa;8,56674194325;cm;111,42454422666667;%;33,80867235422286;cm
2026-02-25 03:00:00.000;151,2783737334145;moh;0;Hz;0;None;0,09291277854652778;m3/s;0;kW;0;rpm;0;KVar;0;%;0,16567781192305553;Mill.m3;92,91609452145852;l/s;0;m3/s;624437,5;t;77,40000153;%;0;None;98,42466648595372;mKVs;0;None;0;mm;0;m3/s;89,53459472222222;bar;0;KVa;7,8386349149944445;cm;110,45187582416666;%;33,791665366676796;cm
2026-02-25 04:00:00.000;151,27328671419426;moh;0;Hz;0;None;0,09261666941972221;m3/s;0;kW;0;rpm;0;KVar;0;%;0,16467890520722223;Mill.m3;92,61348408917935;l/s;0;m3/s;624437,5;t;77,40000153;%;0;None;98,42500156332702;mKVs;0;None;0;mm;0;m3/s;93,6405236111111;bar;0;KVa;7,331958346866666;cm;109,78593545444444;%;33,758002378362;cm
2026-02-25 05:00:00.000;151,26815484391253;moh;0;Hz;0;None;0,09258250308583334;m3/s;0;kW;0;rpm;0;KVar;0;%;0,16363362220833333;Mill.m3;92,58240077680159;l/s;0;m3/s;624437,5;t;77,40000153;%;0;None;98,41633861167226;mKVs;0;None;0;mm;0;m3/s;91,65999305555556;bar;0;KVa;6,816813151083333;cm;109,089084;%;33,74201284362884;cm
2026-02-25 06:00:00.000;151,26235360207448;moh;0;Hz;0;None;0,09250000367666665;m3/s;0;kW;0;rpm;0;KVar;0;%;0,16248114868472222;Mill.m3;92,49999454335361;l/s;0;m3/s;624437,5;t;77,40000153;%;0;None;98,37008497881476;mKVs;0;None;0;mm;0;m3/s;90,29405833333334;bar;0;KVa;6,237517462652778;cm;108,32076312;%;33,7333322533536;cm
2026-02-25 07:00:00.000;151,25950190981098;moh;0;Hz;0;None;0,09234167076833333;m3/s;0;kW;0;rpm;0;KVar;0;%;0,16189582466722224;Mill.m3;92,3416480538663;l/s;0;m3/s;624437,5;t;77,40000153;%;0;None;98,34133955549713;mKVs;0;None;0;mm;0;m3/s;92,00005416666667;bar;0;KVa;5,94985961925;cm;107,9305527763889;%;33,70833066199481;cm
2026-02-25 08:00:00.000;151,24879812723;moh;46,15226213575086;Hz;0,870347246500877;None;1,601104627285222;m3/s;1290,0890702777779;kW;702,6943188888889;rpm;-75,4960763888889;KVar;79,01487920383333;%;0,15979113077444448;Mill.m3;92,37302674918269;l/s;1,5039671937766665;m3/s;624437,9622890452;t;53,567946240197074;%;0;None;96,06841815127919;mKVs;0;None;0;mm;0;m3/s;91,7683175;bar;1293,6967908333334;KVa;4,888051351094443;cm;106,52742254472223;%;33,712766566313995;cm
2026-02-25 09:00:00.000;151,2306253133;moh;50,005618713381246;Hz;1;None;1,8939683745527773;m3/s;1501,0770311111112;kW;749,9145358333334;rpm;-10,985292222222222;KVar;91,9804648505;%;0,1561513185611111;Mill.m3;92,11947214949599;l/s;1,8020697471694445;m3/s;624438,959405816;t;50,58647760788718;%;0;None;95,63227799615935;mKVs;0;None;0;mm;0;m3/s;93,4790275;bar;1501,1147316666666;KVa;3,0706532794694446;cm;104,10087865888889;%;33,673294696386805;cm
2026-02-25 10:00:00.000;151,22230522233002;moh;36,11478181479859;Hz;0,5847957191725525;None;1,1490965869888332;m3/s;863,7437316666667;kW;576,0776102777778;rpm;85,18130583333334;KVar;55,565794626472226;%;0,15448235392305557;Mill.m3;91,68945569394954;l/s;1,0579255095355555;m3/s;624439,9573821006;t;45,80463971485063;%;0;None;96,88126154175897;mKVs;0;None;0;mm;0;m3/s;94,71938444444444;bar;878,9020713888889;KVa;2,2306145562550004;cm;102,98823593277778;%;33,610330465309836;cm
2026-02-25 11:00:00.000;151,23237712785476;moh;10,71365670758007;Hz;0,10159896186785203;None;0,27985156202272227;m3/s;162,6666888888889;kW;186,34433833333333;rpm;-14,175144722222223;KVar;9,888766543277777;%;0,1564807375325;Mill.m3;91,9027735236566;l/s;0,19180960108444445;m3/s;624440,6793934549;t;42,16602012430983;%;0;None;98,04647525779252;mKVs;0;None;0;mm;0;m3/s;94,50017444444444;bar;171,38293944444445;KVa;3,238737318269444;cm;104,32049271388888;%;33,65927099511941;cm
2026-02-25 12:00:00.000;151,22687181646074;moh;44,00419492966165;Hz;0,7894911865524746;None;1,4798006287771672;m3/s;1175,127438611111;kW;671,4655797222222;rpm;-231,77050055555554;KVar;72,4611856885;%;0,15541157730444444;Mill.m3;92,02363618622735;l/s;1,3877598022444444;m3/s;624441,5032084549;t;54,958981272762834;%;0;None;96,13975624955442;mKVs;0;None;0;mm;0;m3/s;89,28070805555555;bar;1200,2334577777779;KVa;2,6944012112805553;cm;103,60771946583333;%;33,660520641832825;cm
2026-02-25 13:00:00.000;151,20155743381383;moh;50,01862114214417;Hz;0,987499902300048;None;1,8731937211714724;m3/s;1498,6366266666666;kW;750,2339275;rpm;-238,04597194444443;KVar;91,94489542652778;%;0,15039817678722223;Mill.m3;91,2282843924896;l/s;1,7721036258944443;m3/s;624442,4947232638;t;51,401518881637074;%;0;None;95,55608212956389;mKVs;0;None;0,12181599935132223;mm;0;m3/s;93,92808638888889;bar;1516,9438541666666;KVa;0,1674016317208425;cm;100,26545117622223;%;33,56109663166125;cm
2026-02-25 14:00:00.000;151,17184936364737;moh;49,9974812577758;Hz;0,9875130356207733;None;1,893254506380556;m3/s;1500,4089175;kW;749,9163072222223;rpm;-256,46138972222224;KVar;91,98608856188889;%;0,1444467400902778;Mill.m3;90,4104993583167;l/s;1,8029132527222222;m3/s;624443,4996482813;t;51,56621093550012;%;0;None;95,54690340329172;mKVs;0;None;1,3883145651391666;mm;0;m3/s;95,14913222222222;bar;1521,5816908333334;KVa;-2,8007761637388886;cm;96,29782829369445;%;33,43343471290891;cm
2026-02-25 15:00:00.000;151,14066920789003;moh;49,97506447679136;Hz;0,9816530829129999;None;1,8893992129666666;m3/s;1499,1307394444445;kW;749,6679852777778;rpm;-279,52562472222223;KVar;91,96544670583333;%;0,13823727233694444;Mill.m3;89,576747626302;l/s;1,7998170379916665;m3/s;624444,4995498265;t;51,48358872012344;%;0;None;95,61246302267216;mKVs;0;None;2,940682305363889;mm;0;m3/s;94,67082944444445;bar;1524,6024427777777;KVa;-5,917494032186111;cm;92,15817975013888;%;33,308602094634466;cm
2026-02-25 16:00:00.000;151,10838520288075;moh;49,9774900293123;Hz;0,9883330765002001;None;1,8899794916027783;m3/s;1498,374371388889;kW;749,6667786111111;rpm;-246,51506444444445;KVar;91,97621972794444;%;0,1317623967922222;Mill.m3;88,42047317995244;l/s;1,801432901208333;m3/s;624445,4995915451;t;51,63389141678722;%;0;None;95,55008935086141;mKVs;0;None;4,5594003464611115;mm;0;m3/s;95,06592166666667;bar;1519,3968866666667;KVa;-9,148517185122223;cm;87,84159925258334;%;33,13361282378707;cm
2026-02-25 17:00:00.000;151,07465459934312;moh;49,99994224371282;Hz;0,982500154322033;None;1,8846932042805553;m3/s;1496,682425;kW;750,2486047222222;rpm;-287,48695166666664;KVar;91,94979710011111;%;0,1250501172463889;Mill.m3;87,24900469299176;l/s;1,7974694847444441;m3/s;624446,4996309202;t;51,43250675769205;%;0;None;95,45805798830295;mKVs;0;None;6,237470838880555;mm;0;m3/s;93,82293944444444;bar;1523,5096791666667;KVa;-12,519382900416666;cm;83,36674497369444;%;32,96680550565195;cm
2026-02-25 18:00:00.000;151,04718206481274;moh;50,01503317417932;Hz;0,9891665173667625;None;1,8843741963666663;m3/s;1498,4389811111112;kW;750,2499863888889;rpm;-243,99826388888889;KVar;91,953568501;%;0,11951870328944444;Mill.m3;86,32598444500618;l/s;1,7980351961916665;m3/s;624447,499572691;t;51,56666326561849;%;0;None;95,50661659086673;mKVs;0;None;7,6203240287;mm;0;m3/s;93,56653416666667;bar;1516,0773738888888;KVa;-15,2703815035;cm;79,67913523922222;%;32,82533803212297;cm
2026-02-25 19:00:00.000;151,030660647868;moh;50,01163208314631;Hz;0,9833500090450585;None;1,8850572884000003;m3/s;1497,6245169444444;kW;750,250005;rpm;-278,9338422222222;KVar;91,96174297336111;%;0,1161540720561111;Mill.m3;85,8500095159199;l/s;1,7992614785888887;m3/s;624448,4995930209;t;51,44998924839411;%;0;None;95,55400538718186;mKVs;0;None;8,461481730280555;mm;0;m3/s;93,62068055555555;bar;1523,779278888889;KVa;-16,931571960555555;cm;77,43604835869445;%;32,738903502279136;cm
2026-02-25 20:00:00.000;151,0143084064565;moh;50,00163630208935;Hz;0,9968723343339447;None;1,8800302377166669;m3/s;1496,7310691666667;kW;750,0833502777778;rpm;-82,12904861111112;KVar;91,93308501763889;%;0,11292070983388888;Mill.m3;85,07878597937109;l/s;1,7949627081166668;m3/s;624449,4996085591;t;51,63378114089112;%;0;None;95,44595302077038;mKVs;0;None;9,269822438724999;mm;0;m3/s;93,73504611111112;bar;1502,9734327777778;KVa;-18,562130399083333;cm;75,2804745128611;%;32,633508249573204;cm
2026-02-25 21:00:00.000;150,9909668696005;moh;49,99675341864376;Hz;1;None;1,8089203308499997;m3/s;1436,1107402777777;kW;749,9166897222223;rpm;11,125516944444444;KVar;91,46366301619445;%;0,10826829657944445;Mill.m3;84,31976802456028;l/s;1,7245494803527774;m3/s;624450,4996609895;t;49,29401681968368;%;1,3571424367;None;95,63992192359218;mKVs;0;None;10,47701263648611;mm;0;m3/s;94,33338833333333;bar;1436,4872694444443;KVa;-20,89334276;cm;72,17886445841667;%;32,51702156237694;cm
2026-02-25 22:00:00.000;150,96640349167077;moh;50,00744173959115;Hz;1;None;1,7964122282444448;m3/s;1427,3734919444444;kW;750,0815622222223;rpm;-58,352403333333335;KVar;91,38823341766667;%;0,10335308353694445;Mill.m3;83,59323550588707;l/s;1,7132351189111117;m3/s;624451,5001563368;t;49,138931086066066;%;1,428570986;None;95,6439302205566;mKVs;0;None;11,827901628888888;mm;0;m3/s;91,81064;bar;1429,646736388889;KVa;-23,348736232333334;cm;68,90205601472222;%;32,40000153;cm
2026-02-25 23:00:00.000;150,9422575849944;moh;49,99171707427458;Hz;0,9975177542306777;None;1,7988923182222218;m3/s;1430,434413611111;kW;749,8332883333334;rpm;-150,00796527777777;KVar;91,40727155469445;%;0,09851417468647224;Mill.m3;82,77123527663284;l/s;1,7160908181555554;m3/s;624452,4996808853;t;49,117379114372305;%;1,428570986;None;95,52501369332788;mKVs;0;None;13,158601761333333;mm;0;m3/s;92,47368555555556;bar;1438,4252797222223;KVa;-25,765669081333332;cm;65,67611688069445;%;32,267023704377515;cm
2026-02-26 00:00:00.000;150,9250292127125;moh;50,0099985361111;Hz;0,9819601464906218;None;1,7973812685916668;m3/s;1427,7090433333333;kW;750,1684427777777;rpm;-272,1211122222222;KVar;91,40092591197222;%;0,09504886046072224;Mill.m3;82,12480568510139;l/s;1,7151389154166663;m3/s;624453,4996975174;t;49,115964721775605;%;1,428570986;None;95,52649356206516;mKVs;0;None;14,111562941361111;mm;0;m3/s;92,50163111111111;bar;1454,6373063888889;KVa;-27,491972181583332;cm;63,36590831613889;%;32,17500058778628;cm
2026-02-26 01:00:00.000;150,917092710518;moh;50,005867543867;Hz;0,9828173640639377;None;1,7952569460916663;m3/s;1429,235408888889;kW;750,0833311111111;rpm;-253,6645725;KVar;91,38934018802777;%;0,093437329164;Mill.m3;81,80107098894666;l/s;1,713401114986111;m3/s;624454,4997228299;t;49,28297246999541;%;1,428570986;None;95,53714784976721;mKVs;0;None;14,554734123722222;mm;0;m3/s;94,1809486111111;bar;1456,3602675;KVa;-28,28856574175;cm;62,29155305341666;%;32,11684647672445;cm
2026-02-26 02:00:00.000;150,91441652945448;moh;50,00081457634605;Hz;1;None;1,7995956145861107;m3/s;1429,8470697222222;kW;750,0833369444445;rpm;-76,20337944444445;KVar;91,41827013213889;%;0,09288679824783333;Mill.m3;81,85000186417261;l/s;1,7177405436888893;m3/s;624455,499769809;t;49,19999959999554;%;1,428570986;None;95,62554986874059;mKVs;0;None;14,70612949475;mm;0;m3/s;88,84526333333334;bar;1431,6162958333334;KVa;-28,55797662066667;cm;61,92453471416667;%;32,12500151861707;cm
2026-02-26 03:00:00.000;150,9155796902734;moh;50,00666600588255;Hz;1;None;1,7974462012944445;m3/s;1430,4208336111112;kW;750,4148663888889;rpm;-47,41793388888889;KVar;91,40399723019445;%;0,09310888424744444;Mill.m3;81,85001636413563;l/s;1,715599626241667;m3/s;624456,499765868;t;49,78297768329725;%;1,428570986;None;95,40127570072278;mKVs;0;None;14,645056618861112;mm;0;m3/s;92,91679888888889;bar;1431,0987422222222;KVa;-28,442781237444443;cm;62,07258921755555;%;32,12500393524675;cm
2026-02-26 04:00:00.000;150,9135445252645;moh;49,985109373065114;Hz;1;None;1,7966748555611107;m3/s;1429,4924805555556;kW;749,7518144444444;rpm;-120,50759055555555;KVar;91,3983285905;%;0,09272014871222221;Mill.m3;81,89165139411924;l/s;1,7147493541055552;m3/s;624457,4998084028;t;49,19998665216833;%;1,428570986;None;95,55667923257401;mKVs;0;None;14,751958633944444;mm;0;m3/s;89,74047722222222;bar;1433,7861244444443;KVa;-28,644095528055555;cm;61,81343389275;%;32,133331906098014;cm
2026-02-26 05:00:00.000;150,91092150162552;moh;49,99740574608094;Hz;1;None;1,799731969911111;m3/s;1428,9157611111111;kW;750;rpm;-74,90034472222223;KVar;91,4186309173889;%;0,09219302605630557;Mill.m3;81,90001156998088;l/s;1,7177947460527778;m3/s;624458,4998222918;t;49,86628405448219;%;1,428570986;None;95,4920515626171;mKVs;0;None;14,896917553166666;mm;0;m3/s;93,33349555555556;bar;1428,9980411111112;KVa;-28,907097710055556;cm;61,462017545916666;%;32,13333636331421;cm
2026-02-26 06:00:00.000;150,91273678488204;moh;50,025793893515555;Hz;0,9958332235689992;None;1,7980298505944445;m3/s;1430,3057394444445;kW;750,4166622222223;rpm;-133,91644916666667;KVar;91,40645910919444;%;0,09252331917141667;Mill.m3;81,99887615120888;l/s;1,71596886285;m3/s;624459,4998718924;t;49,75075287039789;%;1,428570986;None;95,55932383446817;mKVs;0;None;14,806086856138888;mm;0;m3/s;92,08844472222222;bar;1436,3533797222221;KVa;-28,72861650247222;cm;61,68221382483333;%;32,149813583431104;cm
2026-02-26 07:00:00.000;150,93075651666055;moh;50,002467532363966;Hz;1;None;1,8017390280916667;m3/s;1432,6149819444445;kW;749,95193;rpm;-31,585098055555555;KVar;91,42624168447222;%;0,09607833797575001;Mill.m3;82,70504186643512;l/s;1,7189363354361116;m3/s;624460,4998933855;t;49,35178719960434;%;1,428570986;None;95,49381207050648;mKVs;0;None;13,828456877861111;mm;0;m3/s;88,74688527777778;bar;1432,4995330555555;KVa;-26,936353048222223;cm;64,05222566388889;%;32,24961567795451;cm
2026-02-26 08:00:00.000;150,97318437480732;moh;50,004978489211176;Hz;1;None;1,7984676251194447;m3/s;1428,7312661111112;kW;749,9166638888889;rpm;31,947586666666666;KVar;91,39469293038889;%;0,1044796415506389;Mill.m3;84,32039859194856;l/s;1,7142039636333333;m3/s;624461,4999348612;t;49,634490689542034;%;1,428570986;None;95,45890476501337;mKVs;0;None;11,518098620194445;mm;0;m3/s;91,21305222222222;bar;1429,880868888889;KVa;-22,698241341805556;cm;69,65309518216667;%;32,49961596633112;cm
2026-02-26 09:00:00.000;151,03343669308614;moh;50,00293392285494;Hz;1;None;1,7929386864583332;m3/s;1430,4517766666668;kW;750,3670577777777;rpm;-13,281665;KVar;90,90295342325;%;0,11584943443944447;Mill.m3;86,36895494162526;l/s;1,7070820098444448;m3/s;624462,4999247396;t;49,49567315841895;%;1,4206344805222222;None;95,5563638239852;mKVs;0;None;8,329307980033333;mm;0;m3/s;94,1097975;bar;1430,2770825;KVa;-16,602777269694446;cm;77,23295716119445;%;32,813945218680864;cm
2026-02-26 10:00:00.000;151,11411341832223;moh;49,995723679228334;Hz;0,9976050352235089;None;1,796535957513889;m3/s;1431,858563611111;kW;749,9052447222223;rpm;93,72879416666666;KVar;90,91106109497223;%;0,13191083436972223;Mill.m3;89,03928892877734;l/s;1,7082981281888885;m3/s;624463,4964434722;t;49,037522476965805;%;1,4206344805222224;None;95,64936067939489;mKVs;0;None;4,313957638219446;mm;0;m3/s;93,56492416666667;bar;1434,3684988888888;KVa;-8,569855584302779;cm;87,94055712011111;%;33,2186160486304;cm
2026-02-26 11:00:00.000;151,18627803085064;moh;49,99364762853089;Hz;0,9998949522514912;None;1,8062137653305557;m3/s;1429,3369805555556;kW;749,9166322222222;rpm;110,65412027777778;KVar;91,39697382277778;%;0,14712104056305556;Mill.m3;91,59644885918519;l/s;1,714546084116667;m3/s;624464,4978562327;t;48,952095080693226;%;1,428570986;None;95,8214645431508;mKVs;0;None;0,817249721895;mm;0;m3/s;93,11673305555556;bar;1432,1012044444444;KVa;-1,398624844028333;cm;98,08069319927777;%;33,572072402790546;cm
2026-02-26 12:00:00.000;151,22932593103977;moh;49,99040155040494;Hz;1;None;2,523513201541667;m3/s;2038,0536777777777;kW;749,9565986111111;rpm;-92,35022805555556;KVar;90,57514213966667;%;0,15537487417777776;Mill.m3;92,75608637686604;l/s;2,431266925816667;m3/s;624465,4983649479;t;68,44088782519607;%;1,4246027332611109;None;93,12328502246979;mKVs;0;None;0;mm;0;m3/s;94,60961472222222;bar;2041,9366052777777;KVa;2,911581251388889;cm;103,58325017555556;%;33,76778831294686;cm
2026-02-26 13:00:00.000;151,25779314051076;moh;49,98333312439516;Hz;1;None;2,6116347325638904;m3/s;2098,775458888889;kW;749,8333522222222;rpm;-87,37940277777778;KVar;90,56091274658333;%;0,16151184035861113;Mill.m3;93,42038397516755;l/s;2,518257951233333;m3/s;624466,4988000173;t;70,84737189360604;%;1,428570986;None;92,89166945887138;mKVs;0;None;0;mm;0;m3/s;93,93680305555556;bar;2098,7832280555554;KVa;5,770094129838889;cm;107,67455997611111;%;33,87434120740466;cm
2026-02-26 14:00:00.000;151,27774512799598;moh;50,01036574827026;Hz;1;None;2,615643708575;m3/s;2100,0231433333333;kW;750,2432958333334;rpm;-96,48520638888888;KVar;90,51934547361111;%;0,16550055826833332;Mill.m3;94,3906714487753;l/s;2,52108454975;m3/s;624467,4988215277;t;70,90000153;%;1,428570986;None;92,91600117159045;mKVs;0;None;0;mm;0;m3/s;93,93827916666666;bar;2102,319702222222;KVa;7,766668531811112;cm;110,33370487472222;%;34,015334861495994;cm
2026-02-26 15:00:00.000;151,2922641415118;moh;49,98360036287109;Hz;1;None;2,614807015583333;m3/s;2100,1513122222223;kW;749,7566722222223;rpm;-104,61653444444444;KVar;90,53174599361111;%;0,16842832800777782;Mill.m3;94,59634111991818;l/s;2,5202412710333335;m3/s;624468,4988502777;t;70,93199370717886;%;1,428570986;None;92,87566714815478;mKVs;0;None;0;mm;0;m3/s;94,09685;bar;2104,7025719444446;KVa;9,222225613002777;cm;112,28555215472223;%;34,0423351638975;cm
2026-02-26 16:00:00.000;151,30157918071208;moh;49,977269150356676;Hz;0,9983332305384157;None;2,6185203426388886;m3/s;2102,427207222222;kW;749,5900480555556;rpm;-192,3595327777778;KVar;90,48576403672222;%;0,1702839844275;Mill.m3;95,10669824568556;l/s;2,523368092352778;m3/s;624469,498853941;t;71,09999847;%;1,428570986;None;92,91666516226454;mKVs;0;None;0;mm;0;m3/s;94,06153527777778;bar;2108,7761111111113;KVa;10,153100753716666;cm;113,52265588555555;%;34,11533385055704;cm
2026-02-26 17:00:00.000;151,30924380705784;moh;49,99842659121722;Hz;0,9925668960936692;None;2,6480726585472225;m3/s;2135,258286111111;kW;749,8266008333334;rpm;-231,68129944444445;KVar;90,05436575022222;%;0,17183707492555556;Mill.m3;95,37554624024509;l/s;2,552703187044444;m3/s;624470,4988783507;t;72,01414096616692;%;1,9861109610250003;None;92,64368004168747;mKVs;0;None;0;mm;0;m3/s;94,02928194444445;bar;2144,954571111111;KVa;10,921592712555556;cm;114,55804926277777;%;34,16666854776843;cm
2026-02-26 18:00:00.000;151,31693685967446;moh;50,00353438751294;Hz;0,9990996899339135;None;2,6469401837194444;m3/s;2146,8005130555557;kW;749,9166627777778;rpm;-188,4133286111111;KVar;90,07727983402778;%;0,1733650017625;Mill.m3;95,79901748035284;l/s;2,5511448806527777;m3/s;624471,4988984895;t;72,36398556010477;%;2,1428570750000002;None;92,56734357651104;mKVs;0;None;0;mm;0;m3/s;94,38990083333333;bar;2154,5916908333334;KVa;11,687774658138888;cm;115,57666943055555;%;34,20765931275511;cm
2026-02-26 19:00:00.000;151,33285967160825;moh;49,990966882539695;Hz;1;None;2,6431527961888888;m3/s;2146,6609475;kW;749,916675;rpm;-192,60707555555555;KVar;90,141068271;%;0,17653754364666666;Mill.m3;96,34329050720858;l/s;2,5468072174499996;m3/s;624472,4989212153;t;72,4193662563445;%;2,1428570750000002;None;92,60342662806549;mKVs;0;None;0;mm;0;m3/s;94,27594222222223;bar;2152,746794166667;KVa;13,278206718083334;cm;117,69169641305555;%;34,308328803057336;cm
2026-02-26 20:00:00.000;151,361155488658;moh;50,00146313330905;Hz;1;None;2,6488707265194447;m3/s;2145,3481863888887;kW;750,0000297222222;rpm;-197,47742;KVar;90,06780779102778;%;0,18214758172222223;Mill.m3;97,14111361652284;l/s;2,551789159438889;m3/s;624473,498929948;t;72,46397082520011;%;2,1428570750000002;None;92,61958839205762;mKVs;0;None;0;mm;0;m3/s;93,9933;bar;2155,3166580555558;KVa;16,101014879388888;cm;121,43172051583333;%;34,406983399573136;cm
2026-02-26 21:00:00.000;151,40237075730963;moh;49,9982638413222;Hz;1;None;2,6591716819388886;m3/s;2139,345003888889;kW;749,9937183333333;rpm;-134,78913888888889;KVar;89,93700271183333;%;0,19005899793555556;Mill.m3;98,49432378395358;l/s;2,560683720613889;m3/s;624474,4989668055;t;72,44728172134873;%;2,1428570750000002;None;92,73488548327482;mKVs;0;None;0;mm;0;m3/s;94,51437805555555;bar;2141,0466891666665;KVa;20,22109561638889;cm;126,7059988225;%;34,60855913557823;cm
2026-02-26 22:00:00.000;151,4378956614699;moh;50,00596677426024;Hz;1;None;2,6566209289555553;m3/s;2139,0197866666667;kW;750,1666677777778;rpm;-106,01310611111111;KVar;89,99374870725;%;0,19562446726499996;Mill.m3;99,79729447483908;l/s;2,556824990708333;m3/s;624475,498981684;t;72,53332783741895;%;2,1428570750000002;None;92,73676636040732;mKVs;0;None;0;mm;0;m3/s;93,9930025;bar;2138,87525;KVa;23,779640197;cm;130,41631572583333;%;34,78197977591169;cm
2026-02-26 23:00:00.000;151,45665033813123;moh;50,00806044349668;Hz;1;None;2,6617402016500002;m3/s;2137,5788075;kW;750,1598947222222;rpm;-122,14351388888889;KVar;89,92529743877778;%;0,1984776944475;Mill.m3;100,26177102837087;l/s;2,5614797425916667;m3/s;624476,4990134896;t;72,7153143465225;%;2,1428570750000002;None;92,74166672033726;mKVs;0;None;0;mm;0;m3/s;93,84714861111111;bar;2141,4805869444444;KVa;25,66125233925;cm;132,3184678788889;%;34,83265444425863;cm
2026-02-27 00:00:00.000;151,4582778806731;moh;49,99089880688266;Hz;1;None;2,657926386458333;m3/s;2138,9550655555554;kW;749,9234419444444;rpm;-135,63687194444444;KVar;89,97891735358333;%;0,1987505536136111;Mill.m3;100,09348089537986;l/s;2,557853783547222;m3/s;624477,4990165451;t;72,5873967066036;%;2,1428570750000002;None;92,79695356383587;mKVs;0;None;0;mm;0;m3/s;94,4703275;bar;2140,4824558333335;KVa;25,830637612944443;cm;132,50037384722222;%;34,80901210915957;cm
2026-02-27 01:00:00.000;151,44875222266413;moh;49,99680129622549;Hz;1;None;2,656468853702778;m3/s;2140,3839041666665;kW;749,9999805555556;rpm;-148,84859805555556;KVar;89,99578357252778;%;0,19733117839749997;Mill.m3;99,78129068498072;l/s;2,556686725688889;m3/s;624478,4990421701;t;72,33469863451383;%;2,1428570750000002;None;92,71598657729457;mKVs;0;None;0;mm;0;m3/s;94,26038944444444;bar;2143,529609166667;KVa;24,879671733972224;cm;131,5541212275;%;34,775678399457064;cm
2026-02-27 02:00:00.000;151,44408164391248;moh;50,013129229386024;Hz;1;None;2,6529848201944444;m3/s;2142,8481316666666;kW;750,2432269444445;rpm;-139,26362527777778;KVar;90,04355208033333;%;0,19661140835833332;Mill.m3;99,54461957359901;l/s;2,5534384854138885;m3/s;624479,4990801214;t;72,3180325915535;%;2,1428570750000002;None;92,65053601828943;mKVs;0;None;0;mm;0;m3/s;94,23519777777778;bar;2146,9428380555555;KVa;24,40760294691667;cm;131,07427472777778;%;34,73333372555344;cm
2026-02-27 03:00:00.000;151,44276267282865;moh;50,005628452372285;Hz;1;None;2,6540989014583327;m3/s;2137,8661580555554;kW;750,0832813888888;rpm;-141,87805138888888;KVar;90,03114880452777;%;0,19641734822055557;Mill.m3;99,8215692351565;l/s;2,5542817738361108;m3/s;624480,4991075346;t;72,379250875917;%;2,1428570750000002;None;92,6611680221389;mKVs;0;None;0;mm;0;m3/s;93,95386138888888;bar;2142,282451111111;KVa;24,276563856805556;cm;130,944901365;%;34,77500345327506;cm
2026-02-27 04:00:00.000;151,44267304568422;moh;50,01284022565279;Hz;1;None;2,656903985925;m3/s;2145,036870277778;kW;750,2568055555555;rpm;-143,2862961111111;KVar;89,98938386430555;%;0,19640576922222222;Mill.m3;99,78471835826316;l/s;2,557121858316667;m3/s;624481,4991265798;t;72,31803253413075;%;2,1428570750000002;None;92,6521310161805;mKVs;0;None;0;mm;0;m3/s;94,38278916666667;bar;2146,4457925;KVa;24,2677391895;cm;130,93718296194444;%;34,77431571372887;cm
2026-02-27 05:00:00.000;151,44304916391957;moh;49,99131172900271;Hz;1;None;2,657114016888889;m3/s;2144,98349;kW;750,0068366666667;rpm;-123,49304055555555;KVar;89,98377818947222;%;0,19644875468444442;Mill.m3;99,60923805025904;l/s;2,5575063726638887;m3/s;624482,4991266147;t;72,26802902246716;%;2,1428570750000002;None;92,62443039159594;mKVs;0;None;0;mm;0;m3/s;94,48760944444444;bar;2146,1226194444444;KVa;24,30278354161111;cm;130,96583981694445;%;34,742350116279994;cm
2026-02-27 06:00:00.000;151,44990004611682;moh;49,99402846134806;Hz;1;None;2,655825229475;m3/s;2146,4691022222223;kW;749,8264783333333;rpm;-127,61307638888889;KVar;90,00550751169445;%;0,19746967315333333;Mill.m3;99,80106885119397;l/s;2,556079569908334;m3/s;624483,4991774653;t;72,35000473892966;%;2,1428570750000002;None;92,64999852941986;mKVs;0;None;0;mm;0;m3/s;94,47515472222223;bar;2150,2146386111112;KVa;24,987551372166667;cm;131,64645385194444;%;34,78264753152776;cm
2026-02-27 07:00:00.000;151,46145617250565;moh;50,00166718621737;Hz;1;None;2,6642811537166655;m3/s;2143,7199286111113;kW;749,9999969444444;rpm;-171,0392875;KVar;89,88318206047222;%;0,19920028122027775;Mill.m3;99,93192560483774;l/s;2,5643434710250004;m3/s;624484,4991798957;t;72,28471048842465;%;2,1428570750000002;None;92,65902960930688;mKVs;0;None;0;mm;0;m3/s;94,65622;bar;2153,5867275;KVa;26,141018337583333;cm;132,8001920825;%;34,80833259749618;cm
2026-02-27 08:00:00.000;151,47565162926904;moh;50,02159833133145;Hz;1;None;2,662035303427778;m3/s;2146,2211941666665;kW;750,4097788888889;rpm;-126,66391444444444;KVar;89,92038737255555;%;0,20131417136944443;Mill.m3;100,22336624720445;l/s;2,561813733258333;m3/s;624485,4991834201;t;72,08335360508275;%;2,1428570750000002;None;92,68403030268391;mKVs;0;None;0;mm;0;m3/s;94,92289916666667;bar;2146,1610144444444;KVa;27,558330959055557;cm;134,20945146083332;%;34,80763717695833;cm
2026-02-27 09:00:00.000;151,49205902887675;moh;50,011666485318536;Hz;1;None;2,659252717561111;m3/s;2145,9458575;kW;750,173595;rpm;-103,577205;KVar;89,96493066208333;%;0,20378022801222218;Mill.m3;100,46666156661301;l/s;2,5587847202555554;m3/s;624486,4992192362;t;72,2652844583911;%;2,1428570750000002;None;92,68195031215117;mKVs;0;None;0;mm;0;m3/s;94,49677694444445;bar;2147,7719163888887;KVa;29,198748272;cm;135,8534885025;%;34,866666266639946;cm
2026-02-27 10:00:00.000;151,50593581686874;moh;49,99974640522582;Hz;1;None;2,651563303919444;m3/s;2140,821336666667;kW;749,9283105555555;rpm;-87,16499583333334;KVar;90,08293755816666;%;0,2058686711175;Mill.m3;100,80202617449878;l/s;2,5507603474083327;m3/s;624487,4992302605;t;72,10199238762931;%;2,142857075;None;92,67542808905326;mKVs;0;None;0;mm;0;m3/s;94,74450611111111;bar;2142,411039722222;KVa;30,588031343972222;cm;137,24578518722222;%;34,912042916338;cm
2026-02-27 11:00:00.000;151,51917488757474;moh;50,019530807268076;Hz;1;None;2,6591816735583333;m3/s;2139,1884025;kW;750,3333577777778;rpm;-69,94806472222223;KVar;89,97931406222222;%;0,20785174037444443;Mill.m3;101,33789254152995;l/s;2,557806497238889;m3/s;624488,4952549653;t;72,54266600896716;%;2,1428570750000002;None;92,78333233451009;mKVs;0;None;0;mm;0;m3/s;91,44321611111111;bar;2137,387819722222;KVa;31,911443073944444;cm;138,56783209694444;%;34,989336203734915;cm
2026-02-27 12:00:00.000;151,52928970916525;moh;49,99688121979921;Hz;1;None;2,6554158038611106;m3/s;2191,1057097222224;kW;750,0593291666667;rpm;-92,70267555555556;KVar;89,6752113748611;%;0,20879109278583335;Mill.m3;101,58300951154364;l/s;2,5543847940222224;m3/s;624489,497004427;t;74,3986710319979;%;2,193730206275;None;92,45490577126316;mKVs;0;None;0;mm;0;m3/s;89,01648694444444;bar;2192,770921388889;KVa;32,83203633666667;cm;139,19406607027778;%;34,991667903087595;cm
2026-02-27 13:00:00.000;151,5383590717521;moh;49,99530162202125;Hz;1;None;2,662983581752778;m3/s;2192,168613888889;kW;749,6666727777778;rpm;-168,4446625;KVar;89,92500305;%;0,210741636655;Mill.m3;101,48110782674905;l/s;2,561500072;m3/s;624490,5016484202;t;74,3912155478771;%;2,200000048;None;92,43728081989582;mKVs;0;None;0;mm;0;m3/s;90,02859222222222;bar;2197,1709680555555;KVa;33,83247799241666;cm;140,49442801166666;%;35,00833427418384;cm
2026-02-27 14:00:00.000;151,5459706486804;moh;49,977983225428844;Hz;1;None;2,6633783022833333;m3/s;2194,4271183333335;kW;749,4999827777777;rpm;-188,954655;KVar;89,92500305;%;0,21188516062861107;Mill.m3;101,88387345500071;l/s;2,561500072;m3/s;624491,5016834028;t;74,30000305;%;2,200000048;None;92,4543942811115;mKVs;0;None;0;mm;0;m3/s;88,0441511111111;bar;2200,452048888889;KVa;34,59427727613889;cm;141,25677829527777;%;35,07106398843918;cm
2026-02-27 15:00:00.000;151,55136477175475;moh;50,023817380277656;Hz;0,9945608227498585;None;2,6634833018333333;m3/s;2196,5009652777776;kW;750,2500111111111;rpm;-240,7643175;KVar;89,92500305;%;0,21268667894083335;Mill.m3;101,98333038889722;l/s;2,561500072;m3/s;624492,5017033855;t;74,30000305;%;2,200000048;None;92,4499974578283;mKVs;0;None;0;mm;0;m3/s;93,44554722222222;bar;2205,7489638888887;KVa;35,13278113472222;cm;141,7911241386111;%;35,08333496388253;cm
2026-02-27 16:00:00.000;151,55445969213147;moh;49,980743397914395;Hz;0,9899999499000001;None;2,6635299683000007;m3/s;2194,4826066666665;kW;749,5833363888889;rpm;-303,6883827777778;KVar;89,92500305;%;0,21316484743916664;Mill.m3;102,03077229746313;l/s;2,561500072;m3/s;624493,5017449305;t;74,11577643543053;%;2,200000048;None;92,45394509270639;mKVs;0;None;0;mm;0;m3/s;90,430935;bar;2212,788087222222;KVa;35,443789164416664;cm;142,10990142388889;%;35,09166887694699;cm
2026-02-27 17:00:00.000;151,55403037313067;moh;49,9904822563946;Hz;0,9899999499000001;None;2,663304413711111;m3/s;2182,4030894444445;kW;749,833315;rpm;-304,8914272222222;KVar;89,92500305;%;0,21311457699611108;Mill.m3;101,8010923959777;l/s;2,561500072;m3/s;624494,5017680903;t;73,75788925280084;%;2,200000048;None;92,60089258114033;mKVs;0;None;0;mm;0;m3/s;89,76573027777778;bar;2201,842705;KVa;35,40609995561111;cm;142,07638718833334;%;35,05394148523173;cm
2026-02-27 18:00:00.000;151,55220579525502;moh;50,00118172718973;Hz;0,9894781670675786;None;2,663090525738889;m3/s;2179,0920658333334;kW;749,9166680555555;rpm;-314,7361802777778;KVar;89,92500305;%;0,2128316189997222;Mill.m3;101,58003161472757;l/s;2,561500072;m3/s;624495,5017779515;t;73,70000458;%;2,200000048;None;92,57938572729728;mKVs;0;None;0;mm;0;m3/s;84,42034194444444;bar;2199,0042016666666;KVa;35,22079467625;cm;141,88775043305554;%;35,02105249490826;cm
2026-02-27 19:00:00.000;151,54957728619212;moh;49,992893220110325;Hz;0,9862276979658097;None;2,662734693930555;m3/s;2176,337595;kW;749,7894552777777;rpm;-387,59525;KVar;89,92500305;%;0,21244474355833334;Mill.m3;101,23544138307305;l/s;2,561500072;m3/s;624496,501806198;t;73,70000458;%;2,200000048;None;92,59955544026573;mKVs;0;None;0;mm;0;m3/s;90,12881444444444;bar;2209,488705;KVa;34,95983123791667;cm;141,62983450166666;%;34,98727701199128;cm
2026-02-27 20:00:00.000;151,54491046954394;moh;49,99469225757949;Hz;0,9799999595;None;2,662610250019444;m3/s;2174,539348888889;kW;749,5877394444444;rpm;-410,14101166666666;KVar;89,92500305;%;0,21174415250944445;Mill.m3;101,10521317225985;l/s;2,561500072;m3/s;624497,5018115974;t;73,70000458;%;2,200000048;None;92,62939343062963;mKVs;0;None;0;mm;0;m3/s;92,60838361111111;bar;2212,9647422222224;KVa;34,49221293155556;cm;141,1627714352778;%;34,958336415240375;cm
2026-02-27 21:00:00.000;151,5387212786462;moh;50,00212770801707;Hz;0,9799999595;None;2,6624002509194447;m3/s;2177,862201944444;kW;750,0327602777778;rpm;-417,1820186111111;KVar;89,92500305;%;0,21082879627722223;Mill.m3;100,89795317175725;l/s;2,561500072;m3/s;624498,5018491147;t;73,70000458;%;2,200000048;None;92,5960506987182;mKVs;0;None;0;mm;0;m3/s;93,8295763888889;bar;2214,7155430555554;KVa;33,87641906783333;cm;140,55253432583334;%;34,9282795717354;cm
2026-02-27 22:00:00.000;151,53072320390226;moh;50,00908027700978;Hz;0,9799999595;None;2,662199974;m3/s;2176,048013611111;kW;750,0395161111111;rpm;-451,48836611111113;KVar;89,92500305;%;0,20962385945944442;Mill.m3;100,7000046;l/s;2,561500072;m3/s;624499,501844045;t;73,70000458;%;2,200000048;None;92,64999902707244;mKVs;0;None;0;mm;0;m3/s;89,49491916666666;bar;2222,2722544444446;KVa;33,07452307655556;cm;139,74924383944443;%;34,90000153;cm
2026-02-27 23:00:00.000;151,52402114749052;moh;49,979645947400364;Hz;0,9795621793603358;None;2,6620269191861112;m3/s;2175,320416388889;kW;749,5437883333333;rpm;-478,0218033333333;KVar;89,92500305;%;0,2086193693466667;Mill.m3;100,52501511674335;l/s;2,561500072;m3/s;624500,5019110765;t;73,70000458;%;2,200000048;None;92,67104359166657;mKVs;0;None;0;mm;0;m3/s;93,69919166666666;bar;2225,3859480555557;KVa;32,40540822625;cm;139,07958221166666;%;34,87500262420483;cm
2026-02-28 00:00:00.000;151,514861216299;moh;49,99574747747913;Hz;0,969999969;None;2,6619938637722225;m3/s;2172,7315922222224;kW;750,1666355555556;rpm;-541,6696480555555;KVar;89,92500305;%;0,20723856115666664;Mill.m3;100,49378624090008;l/s;2,561500072;m3/s;624501,5019279515;t;73,70000458;%;2,200000048;None;92,68729600355853;mKVs;0;None;0;mm;0;m3/s;90,23740694444444;bar;2238,227354166667;KVa;31,4898681645;cm;138,15904491833334;%;34,8750030002703;cm
2026-02-28 01:00:00.000;151,50480927710723;moh;49,99039534895563;Hz;0,969999969;None;2,6616185876027783;m3/s;2177,3993341666664;kW;749,8729147222223;rpm;-547,3487930555556;KVar;89,92500305;%;0,2057475295236111;Mill.m3;100,13319257342668;l/s;2,561500072;m3/s;624502,5019626564;t;73,70000458;%;2,200000048;None;92,65395770888713;mKVs;0;None;0;mm;0;m3/s;90,30720222222222;bar;2241,813561666667;KVa;30,48668755375;cm;137,16502380416668;%;34,81228749361678;cm
2026-02-28 02:00:00.000;151,49432828906902;moh;50,00425106676191;Hz;0,969999969;None;2,6612549780499997;m3/s;2172,5858233333333;kW;749,9604627777778;rpm;-535,8386172222222;KVar;89,92500305;%;0,2041614624294444;Mill.m3;99,74628610598758;l/s;2,561500072;m3/s;624503,5019766146;t;73,70000458;%;2,200000048;None;92,64166682118349;mKVs;0;None;0;mm;0;m3/s;93,16246944444444;bar;2238,264908611111;KVa;29,436810812027776;cm;136,10764481833334;%;34,7833352275022;cm
2026-02-28 03:00:00.000;151,484007326335;moh;50,000082156659374;Hz;0,9708333682082699;None;2,661043034513889;m3/s;2171,9596875;kW;749,9604313888889;rpm;-534,2494005555556;KVar;89,92500305;%;0,20262355229416668;Mill.m3;99,54300451623199;l/s;2,561500072;m3/s;624504,5020053472;t;73,70000458;%;2,200000048;None;92,62499963636684;mKVs;0;None;0;mm;0;m3/s;92,39304638888889;bar;2237,549014166667;KVa;28,40569814052778;cm;135,08237288694446;%;34,73729216538425;cm
2026-02-28 04:00:00.000;151,473279340295;moh;49,99864446037805;Hz;0,9737707681955151;None;2,6607938771777775;m3/s;2174,2381325;kW;749,8729086111111;rpm;-508,25971694444445;KVar;89,92500305;%;0,20100587459555555;Mill.m3;99,29165645833079;l/s;2,561500072;m3/s;624505,5020244097;t;73,70000458;%;2,200000048;None;92,67104173382003;mKVs;0;None;0;mm;0;m3/s;89,30058666666666;bar;2231,2519205555554;KVa;27,332250806666668;cm;134,00391982583332;%;34,69999906641473;cm
2026-02-28 05:00:00.000;151,46268756178202;moh;49,98920642142567;Hz;0,9762289853046511;None;2,6603958646416666;m3/s;2173,8085780555557;kW;749,7500094444445;rpm;-502,08596694444446;KVar;89,92500305;%;0,199417401165;Mill.m3;98,89472367356711;l/s;2,561500072;m3/s;624506,5020396006;t;73,70000458;%;2,200000048;None;92,6372938017769;mKVs;0;None;0;mm;0;m3/s;93,77319638888889;bar;2230,238027777778;KVa;26,271883646916667;cm;132,94493865027778;%;34,63728970660929;cm
2026-02-28 06:00:00.000;151,4522005540844;moh;50,00141770392316;Hz;0,9703423270080929;None;2,6599203441750006;m3/s;2172,7350505555555;kW;750,0490958333334;rpm;-534,8044577777778;KVar;89,92500305;%;0,19784350801055556;Mill.m3;98,41908625736205;l/s;2,561500072;m3/s;624507,5020634895;t;73,70000458;%;2,200000048;None;92,65437429215974;mKVs;0;None;0;mm;0;m3/s;93,98137111111112;bar;2237,0506994444445;KVa;25,223999021833333;cm;131,89567652166667;%;34,61081179781195;cm
2026-02-28 07:00:00.000;151,44235429251066;moh;50,00991701421164;Hz;0,9733333602777197;None;2,659663137586111;m3/s;2170,808786111111;kW;750,2499894444444;rpm;-509,53375055555557;KVar;89,92500305;%;0,1963688158377778;Mill.m3;98,16522628852763;l/s;2,561500072;m3/s;624508,5020976216;t;73,70000458;%;2,200000048;None;92,65833397852626;mKVs;0;None;0;mm;0;m3/s;94,50925555555555;bar;2228,9005344444445;KVa;24,23865424275;cm;130,91254848416668;%;34,55437157841397;cm
2026-02-28 08:00:00.000;151,43360902075827;moh;49,97619043020441;Hz;0,9787699690018253;None;2,6592709224583335;m3/s;2171,5287733333334;kW;749,6230233333333;rpm;-468,99262055555556;KVar;89,92500305;%;0,1950550606286111;Mill.m3;97,76938838375233;l/s;2,561500072;m3/s;624509,5019735589;t;73,70000458;%;2,200000048;None;92,64562856338392;mKVs;0;None;0;mm;0;m3/s;94,20832138888889;bar;2226,573301388889;KVa;23,364774916916666;cm;130,03671093444444;%;34,495627175501085;cm
2026-02-28 09:00:00.000;151,42356282586675;moh;49,989244903945064;Hz;0,9799999595;None;2,659241755916667;m3/s;2171,6030625;kW;749,9603269444444;rpm;-453,7822027777778;KVar;89,92500305;%;0,1935551271502778;Mill.m3;97,74167050167429;l/s;2,561500072;m3/s;624510,5019645486;t;73,70000458;%;2,200000048;None;92,65040277155367;mKVs;0;None;0;mm;0;m3/s;94,14349555555556;bar;2217,8336519444442;KVa;22,361200119694445;cm;129,03675587722222;%;34,491666960830784;cm
2026-02-28 10:00:00.000;151,41418916190943;moh;49,991229571918076;Hz;0,9778968531646196;None;2,659066756666667;m3/s;2171,0679619444445;kW;749,8730325;rpm;-481,1239613888889;KVar;89,92500305;%;0,19213488331777775;Mill.m3;97,56666196773708;l/s;2,561500072;m3/s;624511,5019605904;t;73,70000458;%;2,200000048;None;92,69166594074679;mKVs;0;None;0;mm;0;m3/s;94,33225555555556;bar;2224,2164347222224;KVa;21,421025594055557;cm;128,0899236777778;%;34,46666628779138;cm
2026-02-28 11:00:00.000;151,4044232643445;moh;49,9783320147736;Hz;0,9733332436111639;None;2,6588587020027776;m3/s;2171,623841388889;kW;749,9166736111112;rpm;-509,75030194444446;KVar;89,92500305;%;0,19068406695777776;Mill.m3;97,3579901274267;l/s;2,561500072;m3/s;624512,5020178993;t;73,70000458;%;2,200000048;None;92,58294111766142;mKVs;0;None;0;mm;0;m3/s;94,06847527777778;bar;2229,667754722222;KVa;20,44690026138889;cm;127,1227083036111;%;34,43294327601186;cm
2026-02-28 12:00:00.000;151,39598553411346;moh;50,00047329513485;Hz;0,9787694384467738;None;2,6585417589166664;m3/s;2171,7074386111112;kW;749,9602655555556;rpm;-480,06140194444447;KVar;89,92500305;%;0,18921536432194447;Mill.m3;97,0333813609606;l/s;2,561500072;m3/s;624513,5020411111;t;73,70000458;%;2,200000048;None;92,58730565973133;mKVs;0;None;0;mm;0;m3/s;94,20177361111111;bar;2221,7565025;KVa;19,602339005277777;cm;126,14357503083333;%;34,37936155735545;cm
2026-02-28 13:00:00.000;151,38897775349;moh;49,99372854961232;Hz;0,979166740847114;None;2,6585962031277774;m3/s;2172,211710555556;kW;750,0833022222222;rpm;-466,4239558333333;KVar;89,92500305;%;0,18781254192361113;Mill.m3;97,08984047799949;l/s;2,561500072;m3/s;624514,5020520313;t;73,70000458;%;2,200000048;None;92,58769543394682;mKVs;0;None;0;mm;0;m3/s;94,11135472222222;bar;2219,4325744444445;KVa;18,901545206083334;cm;125,20836286333333;%;34,41230981408793;cm
2026-02-28 14:00:00.000;151,38398210449373;moh;49,98369135517105;Hz;0,9791667297360134;None;2,658423148313889;m3/s;2174,9531316666666;kW;749,9166597222222;rpm;-465,20502305555556;KVar;89,92500305;%;0,1868122459602778;Mill.m3;96,92798298914002;l/s;2,561500072;m3/s;624515,5020828126;t;73,70000458;%;2,200000048;None;92,52897375113928;mKVs;0;None;0;mm;0;m3/s;94,39257111111111;bar;2218,7360763888887;KVa;18,401951257527777;cm;124,54149499305555;%;34,38769242984127;cm
2026-02-28 15:00:00.000;151,37833262908705;moh;49,99089651244843;Hz;0,9783330749724307;None;2,6581806481416668;m3/s;2170,9752216666666;kW;749,7961255555556;rpm;-472,73127361111113;KVar;89,92500305;%;0,18566876301416668;Mill.m3;96,94955379668289;l/s;2,561500072;m3/s;624516,50212125;t;73,70000458;%;2,200000048;None;92,55688012972071;mKVs;0;None;0;mm;0;m3/s;94,48332944444445;bar;2219,2993458333335;KVa;17,834392121194444;cm;123,77917718583333;%;34,37551621929922;cm
2026-02-28 16:00:00.000;151,375740241161;moh;49,991630407799995;Hz;0,9741661817087608;None;2,6582384268833334;m3/s;2168,7932697222222;kW;750,0000075;rpm;-503,4137175;KVar;89,92500305;%;0,18516366095111114;Mill.m3;96,74268900035236;l/s;2,561500072;m3/s;624517,5021234375;t;73,70000458;%;2,200000048;None;92,54962954403341;mKVs;0;None;0;mm;0;m3/s;94,10691583333333;bar;2227,4630688888888;KVa;17,57709927163889;cm;123,44243967333334;%;34,35398200395476;cm
2026-02-28 17:00:00.000;151,37178016059073;moh;49,96999958885966;Hz;0,9733332019445367;None;2,658199538161111;m3/s;2172,546457777778;kW;749,6231672222223;rpm;-507,6675127777778;KVar;89,92500305;%;0,18436389352833335;Mill.m3;96,7021139077882;l/s;2,561500072;m3/s;624518,5021283333;t;73,70000458;%;2,200000048;None;92,53370020440994;mKVs;0;None;0;mm;0;m3/s;94,18658916666666;bar;2227,6349;KVa;17,18029022275;cm;122,90926283611111;%;34,33768629745829;cm
2026-02-28 18:00:00.000;151,367366486567;moh;50,000942744471764;Hz;0,9799999595;None;2,65814509395;m3/s;2170,7724505555557;kW;749,9203366666667;rpm;-455,28474222222223;KVar;89,92500305;%;0,1834918195522222;Mill.m3;96,64036340651036;l/s;2,561500072;m3/s;624519,5021480209;t;73,70000458;%;2,200000048;None;92,4746319714701;mKVs;0;None;0;mm;0;m3/s;94,40885361111111;bar;2216,6076125;KVa;16,740625169694443;cm;122,32788204055555;%;34,3333336144508;cm
2026-02-28 19:00:00.000;151,36207690020723;moh;50,02213546972013;Hz;0,9791666852916111;None;2,6580478721444445;m3/s;2168,306557777778;kW;750,3333127777778;rpm;-476,16538333333335;KVar;89,92500305;%;0,18241998401305556;Mill.m3;96,54453650845065;l/s;2,561500072;m3/s;624520,5021989408;t;73,70000458;%;2,200000048;None;92,4583358596933;mKVs;0;None;0;mm;0;m3/s;94,30566472222222;bar;2219,945563333333;KVa;16,20944129161111;cm;121,61332318416666;%;34,32064797479295;cm
2026-02-28 20:00:00.000;151,35598869988777;moh;50,04170219427022;Hz;0,9712317956075414;None;2,657989539061111;m3/s;2167,638896111111;kW;750,6268236111111;rpm;-523,6499505555555;KVar;89,92500305;%;0,1812132528425;Mill.m3;96,48623337482941;l/s;2,561500072;m3/s;624521,502198698;t;73,70000458;%;2,200000048;None;92,49601544985343;mKVs;0;None;0;mm;0;m3/s;94,01519555555555;bar;2229,2669444444446;KVa;15,601073371194444;cm;120,80883490222222;%;34,312318576655535;cm
2026-02-28 21:00:00.000;151,34925914301851;moh;50,02583172221792;Hz;0,9708332820972406;None;2,657701762516667;m3/s;2168,375161666667;kW;750,3731588888888;rpm;-528,6567480555556;KVar;89,92500305;%;0,17985735593583335;Mill.m3;96,20350078428456;l/s;2,561500072;m3/s;624522,5022085764;t;73,70000458;%;2,200000048;None;92,47500127137529;mKVs;0;None;0;mm;0;m3/s;94,15256333333333;bar;2232,6941594444443;KVa;14,92869059225;cm;119,90490247305556;%;34,27101348614571;cm
2026-02-28 22:00:00.000;151,34403218156922;moh;50,014926537130506;Hz;0,969999969;None;2,6576181517638884;m3/s;2167,774322222222;kW;750,4166430555556;rpm;-525,9517469444445;KVar;89,92500305;%;0,17881991678749995;Mill.m3;96,11626049237617;l/s;2,561500072;m3/s;624523,5022334548;t;73,70000458;%;2,200000048;None;92,47499754921002;mKVs;0;None;0;mm;0;m3/s;94,35145722222222;bar;2227,2588458333335;KVa;14,405788844694445;cm;119,21327961861111;%;34,262321118271714;cm
2026-02-28 23:00:00.000;151,338630778413;moh;49,98242677201838;Hz;0,969999969;None;2,6575617631166675;m3/s;2167,555231388889;kW;749,7065375;rpm;-527,7254716666666;KVar;89,92500305;%;0,1777440300738889;Mill.m3;96,06164931171986;l/s;2,561500072;m3/s;624524,5022608506;t;73,70000458;%;2,200000048;None;92,49565662201026;mKVs;0;None;0;mm;0;m3/s;94,39782444444444;bar;2231,7708141666667;KVa;13,86424170561111;cm;118,4960202275;%;34,22101352476791;cm
2026-03-01 00:00:00.000;151,33292696744897;moh;49,982967910667526;Hz;0,969999969;None;2,6578508918111114;m3/s;2144,7495002777778;kW;749,833305;rpm;-513,5851919444444;KVar;89,91354164377778;%;0,17659569425833332;Mill.m3;95,56798305400012;l/s;2,562279199325;m3/s;624525,5027348958;t;72,68123318072843;%;2,143015805480556;None;92,64312540712498;mKVs;0;None;0;mm;0;m3/s;94,2490075;bar;2205,4633075;KVa;13,295338947083334;cm;117,7304646136111;%;34,19131908767515;cm
2026-03-01 01:00:00.000;151,32671789963368;moh;50,022670775226246;Hz;0,969999969;None;2,656172631055555;m3/s;2141,17613;kW;750,4201097222223;rpm;-526,9205286111111;KVar;89,93224173627777;%;0,17535700445555558;Mill.m3;95,13242977909141;l/s;2,561007563277778;m3/s;624526,5023041146;t;72,29931305025372;%;2,1428570750000002;None;92,67465367734847;mKVs;0;None;0;mm;0;m3/s;94,60587333333334;bar;2204,8134430555556;KVa;12,6732211635;cm;116,90466910083333;%;34,1166675627952;cm
2026-03-01 02:00:00.000;151,3205285140672;moh;50,03663072894721;Hz;0,969999969;None;2,656114574216667;m3/s;2142,4895841666666;kW;750,8732958333334;rpm;-532,3861641666666;KVar;89,93214289369445;%;0,1741287893802778;Mill.m3;95,058333715;l/s;2,5610143078694443;m3/s;624527,5023363889;t;71,89931809141191;%;2,1428570750000002;None;92,66701070735222;mKVs;0;None;0;mm;0;m3/s;94,67618277777778;bar;2208,119813888889;KVa;12,056897482444445;cm;116,08586138888889;%;34,10833549583333;cm
2026-03-01 03:00:00.000;151,31258363024264;moh;50,02156346158922;Hz;0,969999969;None;2,658417297758333;m3/s;2141,21167;kW;750,4566336111111;rpm;-534,5736769444444;KVar;89,89508804522222;%;0,17252776139583334;Mill.m3;94,88334609161329;l/s;2,563533935141667;m3/s;624528,5023440974;t;71,86666859389058;%;2,1428570750000002;None;92,64532395950975;mKVs;0;None;0;mm;0;m3/s;94,16770583333333;bar;2209,7527525;KVa;11,260829501388889;cm;115,01850793944445;%;34,08333699170674;cm
2026-03-01 04:00:00.000;151,30604613801282;moh;50,01343344949157;Hz;0,969999969;None;2,6584373909527774;m3/s;2139,8714105555555;kW;750,2933675;rpm;-535,5656402777778;KVar;89,88769694377778;%;0,1712140654780556;Mill.m3;94,37131525772625;l/s;2,5640364866305556;m3/s;624529,5023332812;t;72,20135079535437;%;2,1428570750000002;None;92,62967139826748;mKVs;0;None;0;mm;0;m3/s;94,36574888888889;bar;2208,533591666667;KVa;10,607041251611111;cm;114,14270999694445;%;34,01233069685578;cm
2026-03-01 05:00:00.000;151,29769555123892;moh;49,99863188243558;Hz;0,969999969;None;2,6532951566861107;m3/s;2142,7766297222224;kW;750,1233311111112;rpm;-533,3345655555555;KVar;89,95749053875;%;0,16955757069500002;Mill.m3;94,00248585950942;l/s;2,559290679177778;m3/s;624530,5023904515;t;72,53333381888253;%;2,1428570750000002;None;92,6663357474834;mKVs;0;None;0;mm;0;m3/s;94,47862305555556;bar;2207,39389;KVa;9,772949218522221;cm;113,03838137333334;%;33,954000759354706;cm
2026-03-01 06:00:00.000;151,29102320940675;moh;50,007697543821976;Hz;0,969999969;None;2,6539474810833332;m3/s;2142,4561194444445;kW;750,1699516666666;rpm;-525,8666047222222;KVar;89,94265922858334;%;0,16822201249388885;Mill.m3;93,65832810163995;l/s;2,560292486219444;m3/s;624531,5023968924;t;72,75133166152932;%;2,1428570750000002;None;92,72533777560187;mKVs;0;None;0;mm;0;m3/s;94,42265472222222;bar;2205,333253888889;KVa;9,106843736466669;cm;112,14800801833333;%;33,90833415250893;cm
2026-03-01 07:00:00.000;151,28372153912875;moh;49,987668022051395;Hz;0,969999969;None;2,6535836761944447;m3/s;2138,700822777778;kW;749,7867241666667;rpm;-513,3310908333333;KVar;89,94489150375;%;0,1667605838038889;Mill.m3;93,45152532784142;l/s;2,560120428191667;m3/s;624532,5024028993;t;72,80733993767063;%;2,1428570750000002;None;92,650782215652;mKVs;0;None;0;mm;0;m3/s;94,38547138888889;bar;2199,516386388889;KVa;8,374188741119445;cm;111,17372293305556;%;33,87657078982026;cm
2026-03-01 08:00:00.000;151,277196602594;moh;49,968797081039575;Hz;0,969999969;None;2,6515743945944443;m3/s;2139,8041377777777;kW;749,4599602777778;rpm;-504,412155;KVar;89,96879925238889;%;0,1654521682755556;Mill.m3;93,1052910899034;l/s;2,5585216284555554;m3/s;624533,5024562327;t;72,74132995777634;%;2,1428570750000002;None;92,6535835015024;mKVs;0;None;0;mm;0;m3/s;94,67974416666667;bar;2198,4447819444445;KVa;7,72274865031111;cm;110,30144554555555;%;33,82500003472731;cm
2026-03-01 09:00:00.000;151,26968818009925;moh;50,00152199751873;Hz;0,969999969;None;2,6471358246527776;m3/s;2140,73345;kW;749,9511694444444;rpm;-499,36561277777776;KVar;90,03030615891667;%;0,16394875393166666;Mill.m3;92,81239933113679;l/s;2,5543390710166665;m3/s;624534,5024572395;t;72,79889881098089;%;2,1428570750000002;None;92,69807413031131;mKVs;0;None;0;mm;0;m3/s;94,61383166666667;bar;2195,289924722222;KVa;6,969935099238889;cm;109,29916868416667;%;33,7916672952666;cm
2026-03-01 10:00:00.000;151,26184967520575;moh;49,997498745884506;Hz;0,9708334265415478;None;2,6521664103166667;m3/s;2140,7024675;kW;749,6234158333333;rpm;-502,94807333333335;KVar;89,95629927372222;%;0,1623818038408333;Mill.m3;92,7896476401166;l/s;2,5593716341305557;m3/s;624535,5025179166;t;72,9339670074491;%;2,1428570750000002;None;92,56780287515619;mKVs;0;None;0;mm;0;m3/s;94,1968611111111;bar;2197,0400977777776;KVa;6,18617587615;cm;108,25453514805555;%;33,77499828668693;cm
2026-03-01 11:00:00.000;151,25398263496626;moh;49,96666572833088;Hz;0,9708333737638202;None;2,6534272552194444;m3/s;2139,6655113888887;kW;749,2932363888889;rpm;-504,32794333333334;KVar;89,93626009669444;%;0,16081860053555558;Mill.m3;92,72405730905982;l/s;2,5607343099277777;m3/s;624536,5025159549;t;72,998732383085;%;2,1428570750000002;None;92,64166904139904;mKVs;0;None;0;mm;0;m3/s;94,27423222222222;bar;2198,9409469444445;KVa;5,403467814255556;cm;107,21240010055556;%;33,770675574615375;cm
2026-03-01 12:00:00.000;151,2473299187745;moh;49,98620367190484;Hz;0,969999969;None;2,6490806188833336;m3/s;2139,3681725;kW;749,916675;rpm;-511,03810833333335;KVar;89,99424667447222;%;0,1594687987061111;Mill.m3;92,2759917040379;l/s;2,5567913075999997;m3/s;624537,5025448438;t;72,54259969877336;%;2,1428570750000002;None;92,57901459455196;mKVs;0;None;0;mm;0;m3/s;94,33977194444445;bar;2199,4507058333334;KVa;4,7341240776777775;cm;106,31253263194445;%;33,691668277211114;cm
2026-03-01 13:00:00.000;151,24052260361427;moh;49,98916499775793;Hz;0,9712652150202374;None;2,653496779477777;m3/s;2139,3036930555554;kW;749,8734627777778;rpm;-506,7575972222222;KVar;89,92688467116666;%;0,15811799542527777;Mill.m3;92,12499121048558;l/s;2,561371840241667;m3/s;624538,5025508681;t;72,96605682835386;%;2,1428570750000002;None;92,54166736030535;mKVs;0;None;0;mm;0;m3/s;94,36859055555556;bar;2197,4914222222224;KVa;4,054836696886111;cm;105,4119987013889;%;33,6749996147456;cm
2026-03-01 14:00:00.000;151,23279909558576;moh;49,98540119531505;Hz;0,9712346789381355;None;2,6510965837333336;m3/s;2141,4877511111113;kW;749,6666938888889;rpm;-513,3058325;KVar;89,96046657644445;%;0,15658932010499998;Mill.m3;92,00831308597118;l/s;2,559088310883333;m3/s;624539,5025810243;t;72,91667971702317;%;2,1428570750000002;None;92,52931754917334;mKVs;0;None;0;mm;0;m3/s;94,40527388888889;bar;2202,3598547222223;KVa;3,2852088080361113;cm;104,39288110416666;%;33,65833167532453;cm
2026-03-01 15:00:00.000;151,22528462919803;moh;49,99503002537143;Hz;0,969999969;None;2,6477877015111106;m3/s;2139,1492469444443;kW;750,1265411111111;rpm;-515,1641936111112;KVar;90,00644829833334;%;0,15507123369694442;Mill.m3;91,85537194309263;l/s;2,555961452077778;m3/s;624540,5026148612;t;72,3999955250915;%;2,1428570750000002;None;92,53333584900089;mKVs;0;None;0;mm;0;m3/s;94,44346027777777;bar;2202,7342444444444;KVa;2,5314458210749997;cm;103,3808220038889;%;33,62901770716844;cm
2026-03-01 16:00:00.000;151,2182260050355;moh;49,994598147168006;Hz;0,969999969;None;2,6498305837222222;m3/s;2136,499280277778;kW;750,0000369444444;rpm;-505,37205472222223;KVar;89,96830319177778;%;0,15366300003083336;Mill.m3;91,2643965218313;l/s;2,558555363325;m3/s;624541,5026170313;t;72,59136798250186;%;2,1428570750000002;None;92,5623509904597;mKVs;0;None;0;mm;0;m3/s;94,0187325;bar;2199,168457222222;KVa;1,82511647555;cm;102,44199902333334;%;33,55401909812013;cm
2026-03-01 17:00:00.000;151,21176983945352;moh;49,99062944255918;Hz;0,9710364096820471;None;2,646858980288889;m3/s;2139,657715;kW;749,8130447222222;rpm;-513,83206;KVar;90,00714234216667;%;0,1523601071361111;Mill.m3;90,9423739000988;l/s;2,5559143139388896;m3/s;624542,5013813021;t;72,66625556871138;%;2,1428570750000002;None;92,51691449120432;mKVs;0;None;0;mm;0;m3/s;94,44161583333333;bar;2199,99752;KVa;1,1797756618133335;cm;101,57340648722223;%;33,50605344799112;cm
2026-03-01 18:00:00.000;151,20482222180541;moh;49,999625819652046;Hz;0,9716666951943864;None;2,6488842572416664;m3/s;2139,660030277778;kW;750,0833425;rpm;-506,3293283333333;KVar;89,97400658925;%;0,15098004619805555;Mill.m3;90,72500520915396;l/s;2,5581674875166662;m3/s;624543,5026440278;t;72,6925230649783;%;2,1428570750000002;None;92,49569089843033;mKVs;0;None;0,000012291802298333334;mm;0;m3/s;94,20740277777777;bar;2199,3187183333334;KVa;0,4847462972243362;cm;100,6533654473889;%;33,47500079916029;cm
2026-03-01 19:00:00.000;151,19747100515025;moh;50,01876434274018;Hz;0,9724999582916745;None;2,648217098430555;m3/s;2138,723213888889;kW;750,3333502777778;rpm;-499,28080694444446;KVar;89,97946372463889;%;0,14950956748861113;Mill.m3;90,42846385395501;l/s;2,5577963982416665;m3/s;624544,5026775522;t;72,74999532968994;%;2,1428570750000002;None;92,47500066027352;mKVs;0;None;0,12525812786063167;mm;0;m3/s;94,60347555555556;bar;2198,438868888889;KVa;-0,2510494656026361;cm;99,67304310408333;%;33,43333485332568;cm
2026-03-01 20:00:00.000;151,19169582680703;moh;50,009137741543086;Hz;0,969999969;None;2,6542504880388886;m3/s;2138,2518283333334;kW;750,1666833333334;rpm;-507,17829277777776;KVar;89,88973166027777;%;0,14835781423194444;Mill.m3;90,31954457522384;l/s;2,563898199836111;m3/s;624545,5026901562;t;72,89943656717409;%;2,1428570750000002;None;92,47500099276839;mKVs;0;None;0,4105461968458333;mm;0;m3/s;94,53336083333333;bar;2199,7901902777776;KVa;-0,8274841308572223;cm;98,90521140541667;%;33,41666855276843;cm
2026-03-01 21:00:00.000;151,18460282042344;moh;49,99580388544472;Hz;0,969999969;None;2,652895561833333;m3/s;2139,0948205555555;kW;750;rpm;-509,18633805555555;KVar;89,90510832558333;%;0,1469281740352778;Mill.m3;90,03401379343855;l/s;2,5628525979527774;m3/s;624546,5027275869;t;72,79251239159484;%;2,1428570750000002;None;92,4833316708626;mKVs;0;None;0,7679557800275;mm;0;m3/s;94,43022222222223;bar;2197,445291388889;KVa;-1,5375857883083333;cm;97,95211885241666;%;33,37500005581254;cm
2026-03-01 22:00:00.000;151,17999003433346;moh;49,99583346446022;Hz;0,969999969;None;2,6488784491166664;m3/s;2139,1112025;kW;750,0000038888888;rpm;-506,69352194444446;KVar;89,9630444215;%;0,14601189661333333;Mill.m3;90,00588444618089;l/s;2,558912905688889;m3/s;624547,5027532639;t;72,79999389724475;%;2,1428570750000002;None;92,5206416681227;mKVs;0;None;0,9970262315297223;mm;0;m3/s;94,94024555555555;bar;2195,4181225;KVa;-1,9982147217666668;cm;97,34126466055555;%;33,374998846340546;cm
2026-03-01 23:00:00.000;151,1751559967473;moh;50,015916335456645;Hz;0,969999969;None;2,649621990622222;m3/s;2141,507471666667;kW;750,4597327777777;rpm;-521,2690238888889;KVar;89,95094273938889;%;0,14504847741527774;Mill.m3;89,90833483832571;l/s;2,559735891188889;m3/s;624548,5027572049;t;73,01667116298799;%;2,1428570750000002;None;92,51388437198814;mKVs;0;None;1,2378798590083335;mm;0;m3/s;94,33789194444445;bar;2201,4607097222224;KVa;-2,480210198263889;cm;96,69898738894445;%;33,358333742496185;cm
2026-03-02 00:00:00.000;151,17053945285005;moh;50,005722667102944;Hz;0,969999969;None;2,645886850925;m3/s;2139,026226666667;kW;750,0806113888889;rpm;-515,2916597222222;KVar;90,00307553511111;%;0,14411538297083332;Mill.m3;89,70321560737976;l/s;2,556190908852778;m3/s;624549,5027871528;t;72,86610557903802;%;2,1428570750000002;None;92,44780045368748;mKVs;0;None;1,4711549546194442;mm;0;m3/s;94,64292388888889;bar;2200,1158072222224;KVa;-2,945357428544445;cm;96,07692006294444;%;33,3290305159121;cm
2026-03-02 01:00:00.000;151,16895600450403;moh;49,99042915206303;Hz;0,969999969;None;2,652081335341667;m3/s;2139,3969533333334;kW;749,8763563888889;rpm;-521,5526958333334;KVar;89,91081290816666;%;0,14380088953416664;Mill.m3;89,61668434677735;l/s;2,5624849563805556;m3/s;624550,5028138193;t;72,8247366045731;%;2,1428570750000002;None;92,50357479645928;mKVs;0;None;1,5497779845972222;mm;0;m3/s;94,35528416666666;bar;2203,6842852777777;KVa;-3,1031714542777777;cm;95,86725959713888;%;33,31666870505534;cm
2026-03-02 02:00:00.000;151,1672231465857;moh;50,02788371216429;Hz;0,969999969;None;2,6511515835861106;m3/s;2140,730126666667;kW;750,3404113888889;rpm;-526,5630205555556;KVar;89,92326393172222;%;0,14343810045055555;Mill.m3;89,51664412950097;l/s;2,5616180784749996;m3/s;624551,5028390451;t;72,95197435800047;%;2,1428570750000002;None;92,49435841749514;mKVs;0;None;1,6404745312611113;mm;0;m3/s;94,60410527777778;bar;2204,1477194444446;KVa;-3,2776175604027777;cm;95,62540122113889;%;33,299995958390745;cm
2026-03-02 03:00:00.000;151,16620760111232;moh;50,008813162120234;Hz;0,969999969;None;2,6494668251805553;m3/s;2141,6033708333334;kW;750,1262775;rpm;-519,0566452777778;KVar;89,94727255494445;%;0,1432456854036111;Mill.m3;89,50832487028121;l/s;2,5599585302527785;m3/s;624552,5028749652;t;72,99192790128276;%;2,1428570750000002;None;92,47526423957405;mKVs;0;None;1,688577863811111;mm;0;m3/s;94,84851888888889;bar;2200,088887222222;KVa;-3,3788299561166664;cm;95,49712484152778;%;33,29999811306586;cm
2026-03-02 04:00:00.000;151,166961794224;moh;50,00701776821512;Hz;0,969999969;None;2,6498539944666666;m3/s;2140,5919061111113;kW;749,9570416666667;rpm;-517,8721325;KVar;89,94553582911111;%;0,1433892720033333;Mill.m3;89,76340239005958;l/s;2,5601036083361106;m3/s;624553,5029075347;t;73,05859304273714;%;2,1428570750000002;None;92,52903722025857;mKVs;0;None;1,6526815626055558;mm;0;m3/s;94,61843027777778;bar;2202,5521733333335;KVa;-3,3047951591805558;cm;95,59284833380555;%;33,33762876836313;cm
2026-03-02 05:00:00.000;151,1668738882668;moh;49,98701845598769;Hz;0,9708333070972169;None;2,6497627973222224;m3/s;2142,8630619444443;kW;750,0404047222222;rpm;-500,7611263888889;KVar;89,9436005678889;%;0,1433767181838889;Mill.m3;89,52826793495186;l/s;2,5602351088027775;m3/s;624554,5029244618;t;73,02423591987464;%;2,1428570750000002;None;92,46546498305895;mKVs;0;None;1,655820210713889;mm;0;m3/s;94,69214916666667;bar;2198,1068272222224;KVa;-3,3113691540750003;cm;95,58447899330555;%;33,30403758247593;cm
2026-03-02 06:00:00.000;151,16863249935227;moh;50,00085742506531;Hz;0,9720958697866703;None;2,655041407213889;m3/s;2142,067131388889;kW;749,9595897222222;rpm;-487,89095194444445;KVar;89,86865058133333;%;0,14371466809861108;Mill.m3;89,73334108226294;l/s;2,5653317357027774;m3/s;624555,5029461979;t;72,70000458;%;2,1428570750000002;None;92,42929377376613;mKVs;0;None;1,5713331433777777;mm;0;m3/s;94,63285166666667;bar;2194,812153888889;KVa;-3,1387752954777777;cm;95,80977942108333;%;33,33333422557591;cm
2026-03-02 07:00:00.000;151,17234202132425;moh;50,022145597321824;Hz;0,9825001932108846;None;2,651341496508334;m3/s;2139,4935994444445;kW;750,3333302777778;rpm;-389,13232027777775;KVar;89,92380936816667;%;0,14445694937888887;Mill.m3;89,7633580564362;l/s;2,5615809918027774;m3/s;624556,5029502431;t;72,58284235407842;%;2,1428570750000002;None;92,50833303916922;mKVs;0;None;1,385762956388889;mm;0;m3/s;94,29447277777778;bar;2175,829136388889;KVa;-2,7670923867666666;cm;96,30463275844444;%;33,337622434884764;cm
2026-03-02 08:00:00.000;151,17725972419368;moh;49,99126002208647;Hz;0,988762348310321;None;2,6519919058722223;m3/s;2142,2908508333335;kW;749,6666463888889;rpm;-364,6176708333333;KVar;89,91810522927777;%;0,14544439654194444;Mill.m3;90,02500304610857;l/s;2,561968901955556;m3/s;624557,5030042188;t;72,30000305;%;2,1428570750000002;None;92,52500202895625;mKVs;0;None;1,138901180625;mm;0;m3/s;94,94241277777778;bar;2171,4072380555554;KVa;-2,275572882875;cm;96,96292959961112;%;33,375000901943174;cm
2026-03-02 09:00:00.000;151,18234033535342;moh;50,02999773840009;Hz;0,9891665257000879;None;2,650572563513889;m3/s;2142,008122222222;kW;750,4999966666667;rpm;-362,93355555555553;KVar;89,93774824927777;%;0,1464527112272222;Mill.m3;89,93666149588398;l/s;2,5606331705222223;m3/s;624558,5030096356;t;72,11666135157127;%;2,1428570750000002;None;92,54166641804962;mKVs;0;None;0,8868217468202778;mm;0;m3/s;94,57614138888889;bar;2170,7103361111112;KVa;-1,7683664957222223;cm;97,63514264583333;%;33,3623804740531;cm
2026-03-02 10:00:00.000;151,18715420508224;moh;49,99580591700089;Hz;0,9874996745224889;None;2,651246537141667;m3/s;2137,7150327777777;kW;749,8761163888889;rpm;-370,63358166666666;KVar;89,92946342758333;%;0,1474256471811111;Mill.m3;90,03788386148183;l/s;2,5611964305444443;m3/s;624559,5030251389;t;72,22476810493698;%;2,1428570750000002;None;92,49594986752354;mKVs;0;None;0,6435881720550001;mm;0;m3/s;94,80495777777777;bar;2172,3780341666666;KVa;-1,2844000923052779;cm;98,28376462772222;%;33,4042865192741;cm
2026-03-02 11:00:00.000;151,193966368934;moh;49,99994543185016;Hz;0,9879052491331367;None;2,6499796951666665;m3/s;2143,696731111111;kW;750,0405177777777;rpm;-370,5843619444444;KVar;89,95128938861112;%;0,14877109042555556;Mill.m3;90,25347022490378;l/s;2,559712327947222;m3/s;624560,5030417882;t;72,09999847;%;2,1428570750000002;None;92,51364948560412;mKVs;0;None;0,3072272406655555;mm;0;m3/s;94,78490388888889;bar;2171,4190983333333;KVa;-0,60695224338;cm;99,18072706744445;%;33,40000153;cm
2026-03-02 12:00:00.000;151,19853454506475;moh;50,02038330012871;Hz;0,9854272542897919;None;2,6522079937555545;m3/s;2141,5899627777776;kW;750,0405888888889;rpm;-374,1770094444444;KVar;89,91984187286111;%;0,1496972850011111;Mill.m3;90,33129182655954;l/s;2,5618507851027776;m3/s;624561,5030627951;t;72,09999847;%;2,1428570750000002;None;92,47499302066797;mKVs;0;None;0,09277174210084779;mm;0;m3/s;94,5485525;bar;2174,7659991666665;KVa;-0,14857821993776638;cm;99,79818714919445;%;33,41666749722902;cm
2026-03-02 13:00:00.000;151,20287750782566;moh;49,9945515556916;Hz;0,9899999499000001;None;2,6540399306416664;m3/s;2140,983751111111;kW;749,9167030555556;rpm;-349,07937444444445;KVar;89,900395667;%;0,1505688093013889;Mill.m3;90,87156804194473;l/s;2,563173041755555;m3/s;624562,5030538716;t;72,09999847;%;2,1428570750000002;None;92,50833201140716;mKVs;0;None;0;mm;0;m3/s;94,80912416666666;bar;2169,238589722222;KVa;0,28689914279805556;cm;100,37920903861111;%;33,495938436086504;cm
2026-03-02 14:00:00.000;151,20816611832169;moh;49,971235670259325;Hz;0,9891664923667866;None;2,508795899481333;m3/s;2143,5520625;kW;749,4533169444444;rpm;-354,61130944444443;KVar;84,94647666;%;0,1515472989675;Mill.m3;91,3117322816405;l/s;2,410918850625;m3/s;624563,5000856598;t;72,09999847;%;2,1428570750000002;None;92,4843317119507;mKVs;0;None;0;mm;0;m3/s;94,41610333333334;bar;2173,9962019444442;KVa;0,7717090184119445;cm;101,0315338375;%;33,56715702516551;cm
2026-03-02 15:00:00.000;151,21375145148187;moh;49,96499737641929;Hz;0,9866665586556143;None;2,6582789350250002;m3/s;2144,431916666667;kW;749,4999997222222;rpm;-370,9475077777778;KVar;89,84613164333334;%;0,1526744748236111;Mill.m3;91,4395848912377;l/s;2,56686308;m3/s;624564,4958251911;t;72,03892479333044;%;2,1428570750000002;None;92,53333385109539;mKVs;0;None;0;mm;0;m3/s;94,57025944444445;bar;2175,2018319444446;KVa;1,3722695244166665;cm;101,78298423194444;%;33,586130194558514;cm
2026-03-02 16:00:00.000;151,217693291732;moh;49,99971177371467;Hz;0,9891669534774551;None;2,6567276034250003;m3/s;2139,278835;kW;750,0833891666666;rpm;-357,31447638888886;KVar;89,86959245227777;%;0,15353327542166667;Mill.m3;91,45053371454982;l/s;2,5652676615249996;m3/s;624565,4958479514;t;72,1609393730232;%;2,1428570750000002;None;92,49265723381511;mKVs;0;None;0;mm;0;m3/s;94,75563916666667;bar;2169,447701388889;KVa;1,7674679227583334;cm;102,35551594;%;33,59720182421885;cm
2026-03-02 17:00:00.000;151,22208069210453;moh;49,99556637345635;Hz;0,9899999499000001;None;2,654699728858333;m3/s;2140,336726111111;kW;750,00003;rpm;-352,4676888888889;KVar;89,90064445077778;%;0,15440395427305556;Mill.m3;91,54758567380424;l/s;2,563156176422222;m3/s;624566,4958625869;t;72,53894252135495;%;2,1428570750000002;None;92,55000276272379;mKVs;0;None;0;mm;0;m3/s;94,50842444444444;bar;2165,6108602777776;KVa;2,2058741250666665;cm;102,93597239722222;%;33,5916680991514;cm
2026-03-02 18:00:00.000;151,22614013135026;moh;49,99276213572391;Hz;0,9899999499000001;None;2,6535319995861104;m3/s;2140,9492088888887;kW;749,9166591666667;rpm;-340,84675444444446;KVar;89,9206819338611;%;0,15522658472277776;Mill.m3;91,68640926518316;l/s;2,561806939672222;m3/s;624567,49589875;t;72,63335422533368;%;2,1428570750000002;None;92,56465380081465;mKVs;0;None;0;mm;0;m3/s;94,74566416666667;bar;2167,2126655555558;KVa;2,6121732923944445;cm;103,48438939138889;%;33,622195798775316;cm
2026-03-02 19:00:00.000;151,23024867060676;moh;50,013874337146675;Hz;0,9899999499000001;None;2,6537300884361117;m3/s;2140,7691880555553;kW;750,3885805555556;rpm;-335,41361527777775;KVar;89,91785672416667;%;0,1560460451547222;Mill.m3;91,74646977071832;l/s;2,561985743133333;m3/s;624568,4959082466;t;72,5;%;2,1428570750000002;None;92,49717357173695;mKVs;0;None;0;mm;0;m3/s;94,52222416666666;bar;2170,397289722222;KVa;3,0230204265833334;cm;104,03069905416666;%;33,62499528364923;cm
2026-03-02 20:00:00.000;151,234580351014;moh;50,00723662974062;Hz;0,9899999499000001;None;2,651440273311111;m3/s;2142,4222261111113;kW;749,9447766666667;rpm;-340,8572263888889;KVar;89,95213243791666;%;0,1569258613461111;Mill.m3;91,80550752232664;l/s;2,559654975605555;m3/s;624569,4959387673;t;72,5;%;2,1428570750000002;None;92,57216928552596;mKVs;0;None;0;mm;0;m3/s;94,59552;bar;2169,5555991666665;KVa;3,4568235609055558;cm;104,61724263583334;%;33,61114182890121;cm
2026-03-02 21:00:00.000;151,236913396801;moh;50,00388444650047;Hz;0,9861146897409645;None;2,6544174771833338;m3/s;2140,8673569444445;kW;750,13851;rpm;-378,79374277777777;KVar;89,91145837475;%;0,15737033359972225;Mill.m3;91,9957095537484;l/s;2,562420870986111;m3/s;624570,4959406945;t;72,61104043165655;%;2,1428570750000002;None;92,52500058970736;mKVs;0;None;0;mm;0;m3/s;94,91643388888889;bar;2174,5347383333333;KVa;3,6885028415472223;cm;104,91355588583333;%;33,655522829411645;cm
2026-03-02 22:00:00.000;151,2399995799555;moh;50,00142117252382;Hz;0,9799999595;None;2,652497952002778;m3/s;2143,3600133333334;kW;750,1396919444444;rpm;-412,9939875;KVar;89,94251083741666;%;0,157994593415;Mill.m3;92,18333698112002;l/s;2,560309362241666;m3/s;624571,4959798438;t;72,70000458;%;2,1428570750000002;None;92,53333585106478;mKVs;0;None;0;mm;0;m3/s;94,66793333333334;bar;2181,8298944444446;KVa;3,9992480806305557;cm;105,32973228333333;%;33,6833345427748;cm
2026-03-02 23:00:00.000;151,24262164802576;moh;49,98315742869254;Hz;0,9794486905792615;None;2,6569060956722224;m3/s;2141,4720669444446;kW;749,6219113888889;rpm;-430,68740694444443;KVar;89,87802641027778;%;0,1585146752552778;Mill.m3;92,47894176335411;l/s;2,564694262711111;m3/s;624572,4959699654;t;72,63897962700501;%;2,1428570750000002;None;92,56453645474544;mKVs;0;None;0;mm;0;m3/s;94,87412444444445;bar;2184,980954722222;KVa;4,259003533147222;cm;105,6764501436111;%;33,72982350113189;cm
2026-03-03 00:00:00.000;151,24516012391723;moh;50,025574280872426;Hz;0,9797179153234977;None;2,655369939580555;m3/s;2141,637292222222;kW;750,1948694444444;rpm;-424,0062277777778;KVar;89,90629819122222;%;0,1590293402316667;Mill.m3;92,60000595665737;l/s;2,5627716183944442;m3/s;624573,4960310069;t;72,30564385286533;%;2,1428570750000002;None;92,54448854153712;mKVs;0;None;0;mm;0;m3/s;94,49699972222223;bar;2182,013645;KVa;4,515779283480556;cm;106,019560355;%;33,75000061110182;cm
2026-03-03 01:00:00.000;151,244806138797;moh;50,00053728312594;Hz;0,9799999595;None;2,6589349654555554;m3/s;2144,227426111111;kW;750,0550772222222;rpm;-434,4577702777778;KVar;89,85411611861112;%;0,15896437925722226;Mill.m3;92,61694374708155;l/s;2,566320013788889;m3/s;624574,4960555903;t;72,30000305;%;2,1428570750000002;None;92,53333251778245;mKVs;0;None;0;mm;0;m3/s;94,655325;bar;2186,7478008333333;KVa;4,483299255538888;cm;105,97625290444445;%;33,752823540414866;cm
2026-03-03 02:00:00.000;151,24454904612824;moh;49,974731500510465;Hz;0,9799999595;None;2,6582011384166666;m3/s;2143,252891388889;kW;749,4449411111111;rpm;-423,6002688888889;KVar;89,8610108675;%;0,15891448325638888;Mill.m3;92,34999209002746;l/s;2,5658511915;m3/s;624575,4960980903;t;72,41101991252258;%;2,1428570750000002;None;92,51384328819445;mKVs;0;None;0;mm;0;m3/s;91,83492722222222;bar;2185,8362830555557;KVa;4,4530741375777785;cm;105,94298782;%;33,70833216113856;cm
2026-03-03 03:00:00.000;151,246580966188;moh;49,98888232006342;Hz;0,9799999595;None;2,659153875263889;m3/s;2142,9446536111113;kW;749,833325;rpm;-424,0549311111111;KVar;89,85138863563888;%;0,15931037177083332;Mill.m3;92,65003149659233;l/s;2,5665055460861113;m3/s;624576,4961042188;t;72,48899705668633;%;2,1428570750000002;None;92,53332615676867;mKVs;0;None;0;mm;0;m3/s;93,1681886111111;bar;2184,683180833333;KVa;4,655469258580555;cm;106,20691376611111;%;33,75833809548124;cm
2026-03-03 04:00:00.000;151,25008399493126;moh;50,009465458925156;Hz;0,9799999595;None;2,6587958276638886;m3/s;2145,921317222222;kW;750,4166544444445;rpm;-409,10521027777776;KVar;89,85704496119445;%;0,16001044197277778;Mill.m3;92,66670452115034;l/s;2,5661210287222223;m3/s;624577,4961176562;t;72,18900115015849;%;2,1428570750000002;None;92,53616661330902;mKVs;0;None;0;mm;0;m3/s;93,47027027777777;bar;2178,481608611111;KVa;5,006056891569444;cm;106,67362824444444;%;33,758332234459225;cm
2026-03-03 05:00:00.000;151,25805370721775;moh;49,97248178843969;Hz;0,9863833450386107;None;2,6606196279222223;m3/s;2146,7435802777777;kW;749,7499911111111;rpm;-374,0588358333333;KVar;89,82852064341667;%;0,16160420471472223;Mill.m3;92,56191843193812;l/s;2,5680604804805562;m3/s;624578,4961348438;t;72,06666448001785;%;2,1428570750000002;None;92,51950070163468;mKVs;0;None;0;mm;0;m3/s;90,5039525;bar;2176,669188888889;KVa;5,8001624214805565;cm;107,73613921555555;%;33,74999880557371;cm
2026-03-03 06:00:00.000;151,26456877413852;moh;49,9761328221453;Hz;0,9899999499000001;None;2,6595884330694446;m3/s;2142,7236019444445;kW;749,749995;rpm;-348,87412083333334;KVar;89,84355044577778;%;0,16288389376555554;Mill.m3;92,54999225002575;l/s;2,5670384530694443;m3/s;624579,4961610243;t;71,96134247980824;%;2,1428570750000002;None;92,5138336772304;mKVs;0;None;0;mm;0;m3/s;86,62603305555555;bar;2171,679020833333;KVa;6,453573438816667;cm;108,58926216055555;%;33,741665098914645;cm
2026-03-03 07:00:00.000;151,27299590176625;moh;49,98664716234984;Hz;0,9899999499000001;None;2,6574663668777783;m3/s;2144,857522222222;kW;749,8332988888889;rpm;-313,0596411111111;KVar;89,87326310358333;%;0,1646020085152778;Mill.m3;92,4500113366447;l/s;2,5650214430305556;m3/s;624580,4962247222;t;71,82766974418766;%;2,1428570750000002;None;92,55833438524802;mKVs;0;None;0;mm;0;m3/s;94,1116538888889;bar;2168,4411094444445;KVa;7,2954432169;cm;109,7346721475;%;33,725001824422485;cm
2026-03-03 08:00:00.000;151,28070678304147;moh;49,97066163798557;Hz;0,9899999499000001;None;2,6529958336361115;m3/s;2138,4674980555556;kW;749,3616997222222;rpm;-302,67932277777777;KVar;89,93640816916667;%;0,16614672136444447;Mill.m3;92,55411513818399;l/s;2,560724227927778;m3/s;624581,4983702778;t;72,39966234586063;%;2,1428570750000002;None;92,57750511744358;mKVs;0;None;0;mm;0;m3/s;91,1642;bar;2159,1222944444444;KVa;8,07002597396111;cm;110,76448267527778;%;33,747167793050195;cm
2026-03-03 09:00:00.000;151,2858316504828;moh;49,968881326273625;Hz;0,9899999499000001;None;2,6526458131833337;m3/s;2139,5313277777777;kW;749,5000061111111;rpm;-318,19440583333335;KVar;89,94786735025;%;0,16714584232666665;Mill.m3;92,73984025390719;l/s;2,559961934908333;m3/s;624582,4962474653;t;72,86666065226433;%;2,1428570750000002;None;92,57661925395193;mKVs;0;None;0;mm;0;m3/s;93,79479444444445;bar;2162,7182419444443;KVa;8,578486972469443;cm;111,43056358777778;%;33,76666644111069;cm
2026-03-03 10:00:00.000;151,29140750434658;moh;49,991628461901286;Hz;0,9899999499000001;None;2,6560774929444437;m3/s;2144,5489244444443;kW;749,8599047222223;rpm;-335,34424416666667;KVar;89,90178527716667;%;0,16828005327027776;Mill.m3;92,99671830785738;l/s;2,5630650944250006;m3/s;624583,4962829688;t;72,29468665619493;%;2,1428570750000002;None;92,58598893755781;mKVs;0;None;0;mm;0;m3/s;94,16844333333333;bar;2168,305245277778;KVa;9,135301378133327;cm;112,18670332138889;%;33,808331569694865;cm
2026-03-03 11:00:00.000;151,29496541277427;moh;49,98920166756992;Hz;0,9899999499000001;None;2,655285551230556;m3/s;2143,927223333333;kW;749,8616952777778;rpm;-324,5444052777778;KVar;89,91646851486111;%;0,16891377674527783;Mill.m3;93,22526082368685;l/s;2,5620802102555555;m3/s;624584,4963000868;t;72,09999847;%;2,1428570750000002;None;92,59165862052154;mKVs;0;None;0;mm;0;m3/s;84,55157138888889;bar;2166,6855955555557;KVa;9,497951931516667;cm;112,60918599694445;%;33,83882681079117;cm
2026-03-03 12:00:00.000;151,29966815895358;moh;49,98496035832943;Hz;0,9899999499000001;None;2,654498757888889;m3/s;2144,7581997222223;kW;749,7499963888889;rpm;-332,31286472222223;KVar;89,92733177608334;%;0,16990658739833334;Mill.m3;93,15617095880187;l/s;2,5613415073277777;m3/s;624585,4962940278;t;72,14431381813156;%;2,1428570750000002;None;92,61117540286887;mKVs;0;None;0;mm;0;m3/s;90,0010275;bar;2170,5590455555557;KVa;9,976628621469445;cm;113,2710606538889;%;33,836173957270944;cm
2026-03-03 13:00:00.000;151,3037208787153;moh;49,99863744049571;Hz;0,9899999499000001;None;2,656618762091667;m3/s;2140,0197933333334;kW;750,0833869444444;rpm;-320,19962888888887;KVar;89,89821359919445;%;0,17069411330805556;Mill.m3;93,28638976148798;l/s;2,5633214711472223;m3/s;624586,4963402777;t;72,30000305;%;2,1428570750000002;None;92,64166093208756;mKVs;0;None;0;mm;0;m3/s;92,4279088888889;bar;2165,839445;KVa;10,375972322925;cm;113,7960757638889;%;33,858333159149495;cm
2026-03-03 14:00:00.000;151,30733884366634;moh;50,01361726335507;Hz;0,9899999499000001;None;2,650467035425;m3/s;2143,5302016666665;kW;749,9999963888889;rpm;-309,0076036111111;KVar;89,98675592155556;%;0,1713911352988889;Mill.m3;93,167589588724;l/s;2,5573006120638895;m3/s;624587,4963417014;t;72,23333163437066;%;2,1428570750000002;None;92,59715651176977;mKVs;0;None;0;mm;0;m3/s;93,47355666666667;bar;2164,344861111111;KVa;10,73310852016111;cm;114,2607562;%;33,838822823484136;cm
2026-03-03 15:00:00.000;151,3117815127179;moh;49,996664797728855;Hz;0,9899999499000001;None;2,655885934713888;m3/s;2144,16226;kW;749,8333161111111;rpm;-332,1942808333333;KVar;89,91195426508334;%;0,17240121625583335;Mill.m3;93,48334053340629;l/s;2,5623871301027776;m3/s;624588,4963841666;t;72,23902659811567;%;2,1428570750000002;None;92,67499921901522;mKVs;0;None;0;mm;0;m3/s;90,83418083333333;bar;2168,418312222222;KVa;11,173091463944445;cm;114,93414451777778;%;33,883335246638424;cm
2026-03-03 16:00:00.000;151,3133868231445;moh;50,01581091250277;Hz;0,9899999499000001;None;2,6573016026722223;m3/s;2145,2601383333335;kW;750,1666316666667;rpm;-322,8855386111111;KVar;89,89176415252778;%;0,1725670314766667;Mill.m3;93,54165727829094;l/s;2,563759900986111;m3/s;624589,4964046007;t;71,9499997650153;%;2,1428570750000002;None;92,67500585810812;mKVs;0;None;0;mm;0;m3/s;93,30272027777778;bar;2165,740584166667;KVa;11,331863405666667;cm;115,04468636861111;%;33,891666437511695;cm
2026-03-03 17:00:00.000;151,31934675753322;moh;49,98270573410779;Hz;0,9899999499000001;None;2,654864181961112;m3/s;2145,7210666666665;kW;749,6666416666667;rpm;-308,84658333333334;KVar;89,92842083008334;%;0,17385356275111108;Mill.m3;93,58005305940334;l/s;2,561267242288889;m3/s;624590,4950767014;t;72,14429909557221;%;2,1428570750000002;None;92,65076273545793;mKVs;0;None;0;mm;0;m3/s;90,39926055555556;bar;2165,8450958333333;KVa;11,929880778861111;cm;115,90237626388888;%;33,89715183864276;cm
2026-03-03 18:00:00.000;151,3215538678011;moh;50,00971387695315;Hz;0,9899999499000001;None;2,6563946623555554;m3/s;2140,863457222222;kW;750,0548186111112;rpm;-306,8770263888889;KVar;89,90818339566667;%;0,17434382849000007;Mill.m3;93,74376051073497;l/s;2,5626434769888893;m3/s;624591,4964267362;t;72,12237064897784;%;2,1428570750000002;None;92,70549656077887;mKVs;0;None;0;mm;0;m3/s;87,23731166666667;bar;2163,8365541666667;KVa;12,163586087972222;cm;116,2292199875;%;33,91952248132487;cm
2026-03-03 19:00:00.000;151,32435026547194;moh;49,983639870109556;Hz;0,9899999499000001;None;2,653636652819445;m3/s;2143,9830080555557;kW;749,9451708333333;rpm;-310,5861708333333;KVar;89,94459323844444;%;0,17496135403722218;Mill.m3;93,48336742001129;l/s;2,560167689525;m3/s;624592,4964548438;t;71,93904243266503;%;2,1428570750000002;None;92,72499603520068;mKVs;0;None;0;mm;0;m3/s;90,41725611111112;bar;2164,2229338888887;KVa;12,43509080875;cm;116,64090117611111;%;33,88333867836443;cm
2026-03-03 20:00:00.000;151,32535130110693;moh;49,98611732506721;Hz;0,9899999499000001;None;2,654492956313889;m3/s;2140,302785;kW;749,6955322222223;rpm;-311,4929925;KVar;89,93546547411111;%;0,17501011243361111;Mill.m3;93,71687415136255;l/s;2,560788318119445;m3/s;624593,4964386111;t;71,87195304152085;%;2,1428570750000002;None;92,70545069552881;mKVs;0;None;0;mm;0;m3/s;93,78891333333333;bar;2166,168094166667;KVa;12,537006801527777;cm;116,67340789361111;%;33,91669769121149;cm
2026-03-03 21:00:00.000;151,32655380891245;moh;49,998617896981735;Hz;0,9899999499000001;None;2,6544051083305553;m3/s;2143,812326111111;kW;749,8047258333334;rpm;-314,5793033333333;KVar;89,937599285;%;0,17530591137555554;Mill.m3;93,75496062277749;l/s;2,5606432883694445;m3/s;624594,4964649652;t;72,46666428615517;%;2,1428570750000002;None;92,75833457725955;mKVs;0;None;0;mm;0;m3/s;93,6978911111111;bar;2165,6010722222222;KVa;12,652956644055555;cm;116,87060930416666;%;33,92213849685478;cm
2026-03-03 22:00:00.000;151,325888342449;moh;50,012686846701605;Hz;0,9899999499000001;None;2,6577433710277774;m3/s;2144,5513494444444;kW;750,05474;rpm;-327,6658502777778;KVar;89,8891857136389;%;0,17517389830833335;Mill.m3;93,80598953566728;l/s;2,5639352818166663;m3/s;624595,4964807639;t;72,36094728725287;%;2,1428570750000002;None;92,66405660967337;mKVs;0;None;0;mm;0;m3/s;80,48849555555556;bar;2166,1920794444445;KVa;12,588060167277778;cm;116,78259988666667;%;33,927858825999074;cm
2026-03-03 23:00:00.000;151,32666862571833;moh;49,98423924956833;Hz;0,9899999499000001;None;2,6578911052277783;m3/s;2143,5014702777776;kW;749,7238488888889;rpm;-333,73942805555555;KVar;89,88839149447222;%;0,17533822764972223;Mill.m3;93,89168998959457;l/s;2,563989285513889;m3/s;624596,4965345833;t;72,5;%;2,1428570750000002;None;92,73047834505843;mKVs;0;None;0;mm;0;m3/s;93,26670194444445;bar;2170,0430505555555;KVa;12,668279011666666;cm;116,89215262722222;%;33,941670836894296;cm
2026-03-04 00:00:00.000;151,32747063324604;moh;49,99578362954997;Hz;0,9899999499000001;None;2,6534106887777784;m3/s;2142,4459541666665;kW;749,8594716666666;rpm;-355,1152461111111;KVar;89,9518358845;%;0,17549870891805555;Mill.m3;93,7166933701289;l/s;2,559654940647222;m3/s;624597,4965507293;t;72,5;%;2,1428570750000002;None;92,74714005326067;mKVs;0;None;0;mm;0;m3/s;93,3074425;bar;2169,6042630555557;KVa;12,75102403438889;cm;116,99913872444445;%;33,91667145663136;cm
2026-03-04 01:00:00.000;151,32783936340851;moh;50,01301808010628;Hz;0,9899999499000001;None;2,6543011211388894;m3/s;2142,4712119444443;kW;750,1119566666666;rpm;-364,0088513888889;KVar;89,93913658791666;%;0,1755735282638889;Mill.m3;93,77013049980894;l/s;2,5605386669055554;m3/s;624598,49657717;t;72,56094014243779;%;2,1428570750000002;None;92,71406517207701;mKVs;0;None;0;mm;0;m3/s;88,00967305555555;bar;2171,5083869444443;KVa;12,783991496416666;cm;117,04901736916666;%;33,92430557480909;cm
2026-03-04 02:00:00.000;151,32697077031756;moh;49,99361722907604;Hz;0,987786377025032;None;2,655912966780556;m3/s;2139,0026966666665;kW;749,9166658333334;rpm;-370,2315316666667;KVar;89,91319476113888;%;0,17538932801722218;Mill.m3;93,60000693773148;l/s;2,5623028133;m3/s;624599,4965934375;t;72,70000458;%;2,1428570750000002;None;92,68047402784674;mKVs;0;None;0;mm;0;m3/s;90,12998277777778;bar;2175,333382777778;KVa;12,696054246805556;cm;116,92621802944444;%;33,90000192114207;cm
2026-03-04 03:00:00.000;151,32594626925604;moh;49,98973737345803;Hz;0,9863799617085254;None;2,652101636541667;m3/s;2143,0716366666666;kW;749,8619722222222;rpm;-374,75991305555556;KVar;89,97465220691667;%;0,17519522653333333;Mill.m3;94,00835041954876;l/s;2,5581236276611112;m3/s;624600,4966258333;t;72,70000458;%;2,1428570750000002;None;92,70206374398478;mKVs;0;None;0;mm;0;m3/s;93,60659555555556;bar;2172,8046205555556;KVa;12,595113118666667;cm;116,79681869722222;%;33,95833624857626;cm
2026-03-04 04:00:00.000;151,32447463023902;moh;49,99445172295294;Hz;0,9824996265447616;None;2,6536437330916667;m3/s;2142,2050819444444;kW;749,9166572222222;rpm;-381,96194722222225;KVar;89,94965176088888;%;0,17489288980777778;Mill.m3;93,81328136309968;l/s;2,5598235794527775;m3/s;624601,4966670139;t;72,6166690605492;%;2,1428570750000002;None;92,74427565595384;mKVs;0;None;0;mm;0;m3/s;93,78874222222223;bar;2176,26897;KVa;12,446166144833333;cm;116,59526100972222;%;33,93046944001224;cm
2026-03-04 05:00:00.000;151,3227569227752;moh;49,979396548536144;Hz;0,9891667562554222;None;2,656637506130556;m3/s;2140,938060833333;kW;749,8046008333333;rpm;-366,83422722222224;KVar;89,90634854436111;%;0,17455637240888888;Mill.m3;93,86161852598725;l/s;2,562768226866667;m3/s;624602,4966622917;t;72,70000458;%;2,1428570750000002;None;92,71666599388558;mKVs;0;None;0;mm;0;m3/s;91,17331722222222;bar;2171,7766177777776;KVa;12,27652231975;cm;116,37091721555555;%;33,93620508718821;cm
2026-03-04 06:00:00.000;151,31996657198948;moh;49,99111766174252;Hz;0,9899999499000001;None;2,652837732733333;m3/s;2143,915679722222;kW;749,9999863888889;rpm;-347,5822827777778;KVar;89,95902794586111;%;0,1740297339097222;Mill.m3;93,65833326388763;l/s;2,559186110969444;m3/s;624603,4966914237;t;72,63908001819281;%;2,1428570750000002;None;92,71120658190026;mKVs;0;None;0;mm;0;m3/s;93,87688166666666;bar;2167,861763888889;KVa;12,00013902561111;cm;116,01982387777778;%;33,90833407138931;cm
2026-03-04 07:00:00.000;151,31833058727295;moh;50,008590755551765;Hz;0,9899999499000001;None;2,653360146138889;m3/s;2143,277218333333;kW;750,0833322222222;rpm;-324,4725319444444;KVar;89,95406786480555;%;0,1736751983705556;Mill.m3;93,8333134965369;l/s;2,559523405680555;m3/s;624604,4967225521;t;72,60517802279796;%;2,1428570750000002;None;92,75833577288876;mKVs;0;None;0;mm;0;m3/s;94,012015;bar;2165,3914605555556;KVa;11,832054987222222;cm;115,78346531111112;%;33,933331520043346;cm
2026-03-04 08:00:00.000;151,31531119515878;moh;49,997527052271494;Hz;0,9899999499000001;None;2,6535662915722225;m3/s;2143,9197275;kW;749,6666233333333;rpm;-312,1320944444444;KVar;89,94856109491667;%;0,17305793531972222;Mill.m3;93,65834132394869;l/s;2,5598978048861114;m3/s;624605,4967216145;t;72,90000153;%;2,1428570750000002;None;92,70524011186147;mKVs;0;None;0;mm;0;m3/s;94,38341333333334;bar;2163,2770019444442;KVa;11,530070835333333;cm;115,37195801888889;%;33,90833604136891;cm
2026-03-04 09:00:00.000;151,31325028735347;moh;50,009453051124225;Hz;0,9899999499000001;None;2,652504806361111;m3/s;2142,9463830555555;kW;750,0833477777778;rpm;-309,27325972222224;KVar;89,96483211447222;%;0,17265446093305556;Mill.m3;93,71667115003436;l/s;2,558791479147222;m3/s;624606,496745;t;72,90000153;%;2,1428570750000002;None;92,75833510419598;mKVs;0;None;0;mm;0;m3/s;94,1692861111111;bar;2162,63476;KVa;11,3255606765;cm;115,10297411944444;%;33,91666869165519;cm
2026-03-04 10:00:00.000;151,31060581974847;moh;50,016286098541066;Hz;0,9899999499000001;None;2,651872739405555;m3/s;2143,1669133333335;kW;750,2149033333334;rpm;-324,21601444444445;KVar;89,97370963530555;%;0,17212345823944444;Mill.m3;93,68291848475249;l/s;2,558187665547222;m3/s;624607,4967570833;t;72,90000153;%;2,1428570750000002;None;92,74461339747465;mKVs;0;None;0;mm;0;m3/s;94,02261416666667;bar;2166,6669458333336;KVa;11,061176724944444;cm;114,74897045194444;%;33,911846987650605;cm
2026-03-04 11:00:00.000;151,30779168480865;moh;49,991952736292305;Hz;0,9899999499000001;None;2,6546158835805564;m3/s;2142,677310277778;kW;749,8333158333334;rpm;-341,3920047222222;KVar;89,93050721508334;%;0,17158456554583332;Mill.m3;93,44517261675013;l/s;2,56112561025;m3/s;624608,496771632;t;72,90000153;%;2,1428570750000002;None;92,73333585010953;mKVs;0;None;0;mm;0;m3/s;94,53561722222223;bar;2166,778910833333;KVa;10,782551235083334;cm;114,38970976805555;%;33,87788253852688;cm
2026-03-04 12:00:00.000;151,3050790450035;moh;49,973620624462455;Hz;0,9899999499000001;None;2,655397234202778;m3/s;2143,843482222222;kW;749,4999836111111;rpm;-324,1653711111111;KVar;89,91741121011111;%;0,17101526565250003;Mill.m3;93,42501031828489;l/s;2,5620160480555554;m3/s;624609,4968358333;t;73,27180484675219;%;2,1428570750000002;None;92,71378784793;mKVs;0;None;0;mm;0;m3/s;94,09775944444445;bar;2167,3055283333333;KVa;10,507914226666667;cm;114,01017971583333;%;33,87500254086959;cm
2026-03-04 13:00:00.000;151,300425166004;moh;49,98884281066639;Hz;0,9899999499000001;None;2,658200723541667;m3/s;2142,559691388889;kW;749,6666402777778;rpm;-315,05324277777777;KVar;89,87291639013888;%;0,170095851135;Mill.m3;93,15233093322871;l/s;2,565041681063889;m3/s;624610,4967578474;t;73,30000305;%;2,1428570750000002;None;92,78333538835246;mKVs;0;None;0;mm;0;m3/s;94,42076138888889;bar;2165,1754122222223;KVa;10,044042798244444;cm;113,39723430472222;%;33,82211456392734;cm
2026-03-04 14:00:00.000;151,2965300528103;moh;49,978622213390516;Hz;0,9899999499000001;None;2,6540304992833335;m3/s;2143,597913611111;kW;749,5833227777778;rpm;-321,3805938888889;KVar;89,93710282566667;%;0,16930985010305558;Mill.m3;93,32137239957312;l/s;2,560677014505556;m3/s;624611,4966692188;t;73,02822181002057;%;2,1428570750000002;None;92,76411251730208;mKVs;0;None;0;mm;0;m3/s;94,34994333333333;bar;2165,384506111111;KVa;9,65325673401389;cm;112,87323481111112;%;33,85000056361322;cm
2026-03-04 15:00:00.000;151,29356439367265;moh;49,99365527025279;Hz;0,9899999499000001;None;2,652896263925;m3/s;2140,2610613888887;kW;749,7500072222222;rpm;-333,66638555555556;KVar;89,94970090683333;%;0,16872006045805557;Mill.m3;93,08884183750362;l/s;2,559820238105555;m3/s;624612,4967019272;t;73,01088855562477;%;2,1428570750000002;None;92,76378105239519;mKVs;0;None;0;mm;0;m3/s;94,68735944444444;bar;2171,1056283333332;KVa;9,35726165781111;cm;112,4800394188889;%;33,81955557671874;cm
2026-03-04 16:00:00.000;151,2900013374604;moh;49,958330654182845;Hz;0,9899999499000001;None;2,6544879422277776;m3/s;2143,3188666666665;kW;749,1666286111112;rpm;-330,50911055555554;KVar;89,92544413611111;%;0,1680029385086111;Mill.m3;93,01306662904446;l/s;2,5614695854916665;m3/s;624613,4967054686;t;73,09999847;%;2,1428570750000002;None;92,69167021644402;mKVs;0;None;0;mm;0;m3/s;94,44172444444445;bar;2167,0616055555556;KVa;9,00062984873611;cm;112,00195980333334;%;33,808333208621285;cm
2026-03-04 17:00:00.000;151,28646487606986;moh;50,001631977493574;Hz;0,9899999499000001;None;2,6556231882388897;m3/s;2143,072238333333;kW;749,9999816666667;rpm;-324,5475225;KVar;89,90570488080556;%;0,1672926322625;Mill.m3;92,83670108206363;l/s;2,562812107247222;m3/s;624614,4967695313;t;73,10578401380343;%;2,1428570750000002;None;92,7195612860285;mKVs;0;None;0;mm;0;m3/s;94,72866583333334;bar;2166,6371236111113;KVa;8,648270501061113;cm;111,52842186222222;%;33,79166833885384;cm
2026-03-04 18:00:00.000;151,283003982032;moh;50,023587760316104;Hz;0,9899999499000001;None;2,6535241550138897;m3/s;2141,388373888889;kW;750,3877702777778;rpm;-325,4913036111111;KVar;89,93625967152778;%;0,16660455772250005;Mill.m3;92,73728364086583;l/s;2,560734349491667;m3/s;624615,4968017361;t;73,02754935626618;%;2,1428570750000002;None;92,70833496230925;mKVs;0;None;0;mm;0;m3/s;94,30738472222222;bar;2164,6391475;KVa;8,300887213652778;cm;111,0697028;%;33,76955931380502;cm
2026-03-04 19:00:00.000;151,27957411240274;moh;49,998770244722515;Hz;0,9899999499000001;None;2,6516164899027777;m3/s;2141,366906111111;kW;749,9462852777777;rpm;-322,7893027777778;KVar;89,96061437527777;%;0,16591944276083334;Mill.m3;92,53812544675507;l/s;2,559095042922222;m3/s;624616,495612552;t;73,09999847;%;2,1428570750000002;None;92,74216519124883;mKVs;0;None;0;mm;0;m3/s;94,847155;bar;2165,9311591666665;KVa;7,957496643044445;cm;110,61296317722223;%;33,739687323421734;cm
2026-03-04 20:00:00.000;151,2756107618545;moh;50,01554187420422;Hz;0,9899999499000001;None;2,655668327636111;m3/s;2144,953703611111;kW;750,2500019444444;rpm;-334,4172386111111;KVar;89,89781625538889;%;0,16512735048416669;Mill.m3;92,32429757002022;l/s;2,563348416063889;m3/s;624617,4968734896;t;73,00578763367007;%;2,1428570750000002;None;92,72789357213284;mKVs;0;None;0;mm;0;m3/s;94,45233222222222;bar;2167,9325202777777;KVa;7,563955518897222;cm;110,0849013825;%;33,705439011504154;cm
2026-03-04 21:00:00.000;151,27186335253975;moh;50,01782303738939;Hz;0,9899999499000001;None;2,6518494262694445;m3/s;2142,348286111111;kW;750,2500175;rpm;-332,78252638888887;KVar;89,95208453905556;%;0,16437506044916667;Mill.m3;92,21265653374896;l/s;2,559658365058333;m3/s;624618,4968723264;t;72,90000153;%;2,1428570750000002;None;92,74711136156319;mKVs;0;None;0;mm;0;m3/s;94,80896555555556;bar;2164,9638277777776;KVa;7,1869744193722225;cm;109,58337239916666;%;33,68912698304967;cm
2026-03-04 22:00:00.000;151,26662043504822;moh;50,00224519862737;Hz;0,9899999499000001;None;2,6526041866138885;m3/s;2139,7174391666667;kW;750,0289538888889;rpm;-355,4218486111111;KVar;89,93849220286111;%;0,16333398192805554;Mill.m3;92,04637836280298;l/s;2,5605825809138882;m3/s;624619,4969034027;t;72,90000153;%;2,1428570750000002;None;92,75833952307755;mKVs;0;None;0;mm;0;m3/s;94,52366916666666;bar;2168,1553044444445;KVa;6,664496527833332;cm;108,889324265;%;33,66376945323636;cm
2026-03-04 23:00:00.000;151,26211250299176;moh;49,984672714254195;Hz;0,9861231702883786;None;2,6513309524777777;m3/s;2141,3540425;kW;749,8876930555556;rpm;-377,36519944444444;KVar;89,95327284080555;%;0,16242390189694444;Mill.m3;91,75362656506863;l/s;2,5595774009250003;m3/s;624620,4969204861;t;72,70580265824462;%;2,1428570750000002;None;92,72246554773605;mKVs;0;None;0;mm;0;m3/s;94,77162444444444;bar;2174,0873886111112;KVa;6,211399502136111;cm;108,2825997525;%;33,61123391087554;cm
2026-03-05 00:00:00.000;151,25808661613976;moh;49,989454997583096;Hz;0,9799999595;None;2,6531433461333327;m3/s;2142,726470833333;kW;749,9166658333334;rpm;-424,36687027777776;KVar;89,9291661605;%;0,16162159023305556;Mill.m3;91,92831286398668;l/s;2,5612167398666665;m3/s;624621,4969430208;t;72,750002484187;%;2,1428570750000002;None;92,68587202586873;mKVs;0;None;0;mm;0;m3/s;94,85705555555556;bar;2181,0261883333333;KVa;5,809126959986111;cm;107,74773007722223;%;33,64166651363874;cm
2026-03-05 01:00:00.000;151,25162057644525;moh;49,99304289343225;Hz;0,9736234711132253;None;2,6527955162722225;m3/s;2139,4621352777776;kW;749,8333261111111;rpm;-486,56592694444447;KVar;89,931249746;%;0,1603422113936111;Mill.m3;91,72376468888947;l/s;2,5610750198166667;m3/s;624622,4969884895;t;72,55580999401258;%;2,1428570750000002;None;92,71667096836302;mKVs;0;None;0;mm;0;m3/s;94,4020461111111;bar;2193,576523611111;KVa;5,1633199056361105;cm;106,89480719027777;%;33,608332121941324;cm
2026-03-05 02:00:00.000;151,24766873924372;moh;50,00420311213935;Hz;0,9758335634580799;None;2,6479499328194445;m3/s;2142,2801616666666;kW;749,9166583333333;rpm;-482,7192772222222;KVar;90,00183469927778;%;0,15953744732750003;Mill.m3;91,67209687822887;l/s;2,556275190013889;m3/s;624623,4970097222;t;72,69419883594038;%;2,1428570750000002;None;92,7195744494492;mKVs;0;None;0;mm;0;m3/s;90,19164972222222;bar;2192,844071388889;KVa;4,7673331365694445;cm;106,35829773527777;%;33,60000311053495;cm
2026-03-05 03:00:00.000;151,24275905108297;moh;49,98529021475099;Hz;0,969999969;None;2,6527335140166675;m3/s;2138,961963333333;kW;749,8333433333333;rpm;-514,3153019444444;KVar;89,92901677008334;%;0,15856736927472226;Mill.m3;91,52045199099312;l/s;2,5612267871333336;m3/s;624624,4970315625;t;72,92171336167998;%;2,1428570750000002;None;92,76667042110815;mKVs;0;None;0;mm;0;m3/s;90,01932666666667;bar;2200,009919166667;KVa;4,277301364452778;cm;105,71157978888888;%;33,58333621391115;cm
2026-03-05 04:00:00.000;151,23623879878048;moh;49,9969871432377;Hz;0,9716668007498417;None;2,6510089303555553;m3/s;2141,938673888889;kW;749,9137333333333;rpm;-512,0893311111112;KVar;89,94861022255556;%;0,15725750250638887;Mill.m3;91,4059008300854;l/s;2,559894464530555;m3/s;624625,4970044792;t;72,74495667112409;%;2,1428570750000002;None;92,71939869584128;mKVs;0;None;0;mm;0;m3/s;93,56421138888889;bar;2201,6586197222223;KVa;3,6245897079305553;cm;104,83833627666667;%;33,608334399726694;cm
2026-03-05 05:00:00.000;151,23003149130602;moh;49,99003962595465;Hz;0,9763755796098309;None;2,6521731993;m3/s;2143,0535233333335;kW;749,9167027777778;rpm;-449,8254802777778;KVar;89,9336314511389;%;0,1560206585802778;Mill.m3;91,24995411131171;l/s;2,5609131369083338;m3/s;624626,4970862153;t;72,70000458;%;2,1428570750000002;None;92,65250923872384;mKVs;0;None;0;mm;0;m3/s;87,81549111111111;bar;2190,4066025;KVa;3,004777696466667;cm;104,01377292027777;%;33,54999458929432;cm
2026-03-05 06:00:00.000;151,22478801552882;moh;50,01416597867209;Hz;0,9816668884553021;None;2,6526007308888886;m3/s;2140,846375277778;kW;750,0833425;rpm;-403,3228163888889;KVar;89,92554562805556;%;0,15496571185888888;Mill.m3;91,15373583748041;l/s;2,561462930772222;m3/s;624627,497086632;t;73,00501525103857;%;2,1428570750000002;None;92,70833556813368;mKVs;0;None;0;mm;0;m3/s;93,5041588888889;bar;2182,2478044444442;KVa;2,4797948200777777;cm;103,3104736086111;%;33,53624874674396;cm
2026-03-05 07:00:00.000;151,21787157941523;moh;50,004166859164066;Hz;0,9897084807353662;None;2,6558404364999997;m3/s;2142,0705255555554;kW;749,9166913888889;rpm;-354,4178975;KVar;89,87425736108334;%;0,1535744653338889;Mill.m3;90,89999161254323;l/s;2,5649506112166662;m3/s;624628,4971147743;t;73,12750665547858;%;2,1428570750000002;None;92,68333229052251;mKVs;0;None;0;mm;0;m3/s;89,47624555555555;bar;2172,4385491666667;KVa;1,788338555336111;cm;102,38297668666667;%;33,499998901678794;cm
2026-03-05 08:00:00.000;151,21221790904872;moh;50,02883279320882;Hz;0,9891668201442498;None;2,654721166722222;m3/s;2142,883031111111;kW;750,3333569444444;rpm;-355,85259777777776;KVar;89,88745127783334;%;0,15246288470277777;Mill.m3;90,68706187447923;l/s;2,564053404022222;m3/s;624629,4971417187;t;73,13333173331425;%;2,1428570750000002;None;92,7058285257883;mKVs;0;None;0;mm;0;m3/s;93,85424555555555;bar;2169,4866994444446;KVa;1,2228393555322221;cm;101,64192478972222;%;33,46958038209394;cm
2026-03-05 09:00:00.000;151,20411329774467;moh;50,02016607962806;Hz;0,9780158502458801;None;2,652462495786111;m3/s;2142,8109625;kW;750,1282277777777;rpm;-439,3925586111111;KVar;89,66062655847222;%;0,1508465385775;Mill.m3;90,44276799446274;l/s;2,555376397036111;m3/s;624630,5019251736;t;72,82966515032841;%;2,1428570750000002;None;92,67433548845666;mKVs;0;None;0,0000076293945300000004;mm;0;m3/s;93,83792305555555;bar;2185,018612777778;KVa;0,4140726725463166;cm;100,56436119061111;%;33,434681638275116;cm
2026-03-05 10:00:00.000;151,19600238109155;moh;49,98445718951174;Hz;0,9716667201943626;None;2,6522635751499997;m3/s;2142,5480069444443;kW;749,7499833333334;rpm;-513,6015602777778;KVar;89,91805631783333;%;0,1492106873258333;Mill.m3;90,29217346887253;l/s;2,561972239272222;m3/s;624631,4988510415;t;73,09550809425936;%;2,1428570750000002;None;92,68333681398012;mKVs;0;None;0,19983800253609946;mm;0;m3/s;93,4842625;bar;2201,8791158333333;KVa;-0,3977160983712833;cm;99,47379366680556;%;33,425001425273535;cm
2026-03-05 11:00:00.000;151,1872645858886;moh;49,98926020360197;Hz;0,9708331293196081;None;2,654095460927777;m3/s;2143,9109208333334;kW;749,7500086111111;rpm;-515,2963347222222;KVar;89,88923496561111;%;0,14746796478666668;Mill.m3;90,1689119172534;l/s;2,5639319421027773;m3/s;624632,4989141147;t;72,99999861113237;%;2,1428570750000002;None;92,64168293078004;mKVs;0;None;0,6330087449697224;mm;0;m3/s;93,72769055555555;bar;2205,6589219444445;KVa;-1,2679587471130553;cm;98,31197590341667;%;33,40000153;cm
2026-03-05 12:00:00.000;151,17949252155697;moh;49,98772417850902;Hz;0,9708332098750871;None;2,650185701533333;m3/s;2141,154606388889;kW;749,8333566666666;rpm;-517,3096441666667;KVar;89,94523868572222;%;0,1459095917802778;Mill.m3;90,11463961393706;l/s;2,5601204759527776;m3/s;624633,4989007292;t;73,12883873260989;%;2,1428570750000002;None;92,64167601634249;mKVs;0;None;1,0226016575127777;mm;0;m3/s;89,91210166666667;bar;2205,0098919444445;KVa;-2,0477040610361112;cm;97,27306266308334;%;33,39166999309031;cm
2026-03-05 13:00:00.000;151,17003919134027;moh;49,99400946752797;Hz;0,9712158733943658;None;2,6477504126305553;m3/s;2142,639549722222;kW;749,9167008333334;rpm;-504,09260277777776;KVar;89,97733101144445;%;0,1440340270236111;Mill.m3;89,7916709083486;l/s;2,557941415663889;m3/s;624634,4989340972;t;72,78019510827674;%;2,1428570750000002;None;92,63107989667962;mKVs;0;None;1,4914936489555555;mm;0;m3/s;92,34802944444445;bar;2199,207087777778;KVa;-2,9907523262499995;cm;96,02268299530556;%;33,341667194174306;cm
2026-03-05 14:00:00.000;151,15944610740175;moh;49,98189271618322;Hz;0,9899999499000001;None;2,6487089481527777;m3/s;2139,1248069444446;kW;749,6666675;rpm;-309,7653702777778;KVar;89,96101092969444;%;0,14190611088083332;Mill.m3;89,63247314452497;l/s;2,5590512202944447;m3/s;624635,4989442187;t;72,71215139475825;%;2,1428570750000002;None;92,61892309844637;mKVs;0;None;2,023472256052778;mm;0;m3/s;93,93557305555555;bar;2163,8202644444445;KVa;-4,052221510191666;cm;94,60407379983333;%;33,3189242844847;cm
2026-03-05 15:00:00.000;151,14862584985798;moh;49,97841469267889;Hz;0,9899999499000001;None;2,652826077352778;m3/s;2140,1047094444443;kW;749,6439883333334;rpm;-334,62821777777776;KVar;89,89622944630555;%;0,13972278153888887;Mill.m3;89,37193413483531;l/s;2,5634563617944446;m3/s;624636,4989549305;t;73,07429121165433;%;2,1428570750000002;None;92,56667153546546;mKVs;0;None;2,569304572252778;mm;0;m3/s;94,26562972222223;bar;2167,521938611111;KVa;-5,149442884575;cm;93,14852178419444;%;33,27726637531418;cm
2026-03-05 16:00:00.000;151,13704913921976;moh;49,99862853609414;Hz;0,9899999499000001;None;2,644581737280556;m3/s;2142,320638611111;kW;750,1892763888889;rpm;-329,6256927777778;KVar;90,00972224075;%;0,13742039045833335;Mill.m3;88,84013949248377;l/s;2,555738891911111;m3/s;624637,4989998265;t;73,1347645158854;%;2,1428570750000002;None;92,53559634425649;mKVs;0;None;3,1449021233916667;mm;0;m3/s;94,30464111111111;bar;2167,3608383333335;KVa;-6,293966505241667;cm;91,61359456352778;%;33,19166874942621;cm
2026-03-05 17:00:00.000;151,12598399928527;moh;49,980831342039224;Hz;0,9899999499000001;None;2,6535075260916665;m3/s;2139,947384166667;kW;749,7499919444444;rpm;-323,7563988888889;KVar;89,87266839277778;%;0,13522689708833333;Mill.m3;88,4491607166086;l/s;2,565058545888889;m3/s;624638,4990370139;t;72,57881074916926;%;2,1428570750000002;None;92,54166616805344;mKVs;0;None;3,6932754516611106;mm;0;m3/s;93,89187444444444;bar;2164,9937647222223;KVa;-7,395159403572223;cm;90,15126567533333;%;33,13559563430239;cm
2026-03-05 18:00:00.000;151,11429486028752;moh;49,9993070653407;Hz;0,9899999499000001;None;2,6448537090583337;m3/s;2138,7624305555555;kW;749,9146825;rpm;-302,9030794444445;KVar;89,98923638472222;%;0,13288701195305555;Mill.m3;87,96528098869157;l/s;2,5571319494444444;m3/s;624639,4990609376;t;72,8530936506133;%;2,1428570750000002;None;92,54793171107805;mKVs;0;None;4,27824656156389;mm;0;m3/s;94,6277775;bar;2157,7194261111113;KVa;-8,56537712941389;cm;88,59134281902777;%;33,06646979990134;cm
2026-03-05 19:00:00.000;151,10143493164048;moh;50,008178417677634;Hz;0,9899999499000001;None;2,6439109861583328;m3/s;2137,1379369444444;kW;750,3333561111111;rpm;-307,5310111111111;KVar;89,99737061344445;%;0,1303221284088889;Mill.m3;87,32880094495816;l/s;2,5565787480388886;m3/s;624640,4990991667;t;73,08333318441858;%;2,1428570750000002;None;92,50833190029776;mKVs;0;None;4,9194675024055545;mm;0;m3/s;94,30378722222223;bar;2159,1252680555554;KVa;-9,84949324025;cm;86,88142019997223;%;32,97952673300794;cm
2026-03-05 20:00:00.000;151,08700688303267;moh;49,99060549588506;Hz;0,9899999499000001;None;2,6473087489861107;m3/s;2137,0303875;kW;750,0833402777778;rpm;-325,0086108333333;KVar;89,94310499680556;%;0,12745050052138887;Mill.m3;87,05000664748597;l/s;2,560268847136111;m3/s;624641,4991272396;t;72,82572744640167;%;2,1428570750000002;None;92,51059797673736;mKVs;0;None;5,637374454169445;mm;0;m3/s;94,44762916666667;bar;2161,752411388889;KVa;-11,290584141694444;cm;84,9670001995;%;32,92500206415264;cm
2026-03-05 21:00:00.000;151,073920891755;moh;49,99545156928803;Hz;0,9899999499000001;None;2,6500136223583333;m3/s;2141,2574080555555;kW;749,8333280555555;rpm;-323,14400805555556;KVar;89,89399801805556;%;0,12480012827166666;Mill.m3;86,38790140986849;l/s;2,563608164052778;m3/s;624642,4991470659;t;73,11213242101351;%;2,1428570750000002;None;92,50833484469715;mKVs;0;None;6,2999682955916665;mm;0;m3/s;94,44283972222222;bar;2165,613503611111;KVa;-12,60409037225;cm;83,20008388169444;%;32,81893463002916;cm
2026-03-05 22:00:00.000;151,06010870950675;moh;49,99128758667957;Hz;0,9899999499000001;None;2,6431277818166663;m3/s;2136,9989205555557;kW;749,5833230555555;rpm;-331,9119708333333;KVar;89,98521893777777;%;0,12207056534416667;Mill.m3;85,74865629570706;l/s;2,557405160627778;m3/s;624643,4991722222;t;73,08788802876303;%;2,1428570750000002;None;92,5393949250262;mKVs;0;None;6,98235829671111;mm;0;m3/s;94,04744416666666;bar;2163,292159722222;KVa;-13,98111979213889;cm;81,38037842633334;%;32,72116488335532;cm
2026-03-05 23:00:00.000;151,0444330641443;moh;49,989318920610806;Hz;0,9899999499000001;None;2,646578668716666;m3/s;2145,1252797222223;kW;749,7500283333334;rpm;-341,0984491666667;KVar;89,92494888405555;%;0,11894189508666667;Mill.m3;85,10647129301952;l/s;2,561503397683333;m3/s;624644,4991966146;t;72,90455401735205;%;2,1428570750000002;None;92,45682274251611;mKVs;0;None;7,764525943252779;mm;0;m3/s;94,65634805555555;bar;2172,0461608333335;KVa;-15,549049376666666;cm;79,29459696975;%;32,63560668968879;cm
2026-03-06 00:00:00.000;151,0284309887895;moh;50,01893824929958;Hz;0,9827273429928203;None;2,651914087388889;m3/s;2143,121383611111;kW;750,2500038888888;rpm;-391,19161055555554;KVar;89,84131810705556;%;0,11573199747527779;Mill.m3;84,72058424372429;l/s;2,5671902490583336;m3/s;624645,4991896007;t;72,9954586231563;%;2,1428570750000002;None;92,43939214930917;mKVs;0;None;8,567000495247221;mm;0;m3/s;94,40439805555556;bar;2180,192703888889;KVa;-17,150107489083332;cm;77,15466586230555;%;32,56894232874318;cm
2026-03-06 01:00:00.000;151,01194682985397;moh;49,99295545418386;Hz;0,9799999595;None;2,643170460727778;m3/s;2144,027576666667;kW;750;rpm;-413,9772041666667;KVar;89,96195405277778;%;0,11240901442277777;Mill.m3;84,18331384207974;l/s;2,558987085622222;m3/s;624646,4992030903;t;72,9121191500672;%;2,1428570750000002;None;92,44166903136636;mKVs;0;None;9,397746192102776;mm;0;m3/s;94,87355333333333;bar;2184,5063305555555;KVa;-18,798272875583333;cm;74,93934332422222;%;32,483330477269824;cm
2026-03-06 02:00:00.000;150,9990776595465;moh;49,99204566081615;Hz;0,980605658918528;None;2,4237321992611105;m3/s;1947,7866008333333;kW;750,0605961111111;rpm;-352,81462194444447;KVar;92,64424482958333;%;0,10986165398027779;Mill.m3;83,69799842151009;l/s;2,3401591446638887;m3/s;624647,4992594618;t;64,77924078464221;%;1,9393429078305557;None;93,6463368555194;mKVs;0;None;10,04560830906111;mm;0;m3/s;94,4680775;bar;1979,3095669444444;KVa;-20,0875091545;cm;73,24110302438889;%;32,41894740679031;cm
2026-03-06 03:00:00.000;150,98631038002972;moh;49,99722017836654;Hz;0,9802277620590871;None;2,5188106390583336;m3/s;2031,9536127777778;kW;749,9694233333333;rpm;-387,66024416666664;KVar;91,75525090894445;%;0,10730146520416667;Mill.m3;83,37824108829247;l/s;2,435489644027778;m3/s;624648,4992206597;t;68,2374295729419;%;2,0405326244083333;None;93,15065995705383;mKVs;0;None;10,742096796027777;mm;0;m3/s;94,59180388888889;bar;2067,850811388889;KVa;-21,36426290002778;cm;71,53431080813888;%;32,390949091045705;cm
2026-03-06 04:00:00.000;150,97136528681375;moh;49,99605988307461;Hz;0,981666630122217;None;2,52512749441111;m3/s;2035,3911572222223;kW;750,0833422222222;rpm;-389,7494683333333;KVar;91,67862084666666;%;0,1043002311563889;Mill.m3;82,9493131723332;l/s;2,4422537704333322;m3/s;624649,4993160764;t;68,2954573422706;%;2,040816069;None;93,09935112761929;mKVs;0;None;11,56743622075;mm;0;m3/s;94,21340638888888;bar;2072,7289591666668;KVa;-22,856547038861112;cm;69,53348785016667;%;32,29394928840306;cm
2026-03-06 05:00:00.000;150,95556319874672;moh;49,97333144301127;Hz;0,989771997341057;None;2,526058806944444;m3/s;2037,019151388889;kW;749,5000086111111;rpm;-333,9710616666667;KVar;91,65734098113889;%;0,10114346729869444;Mill.m3;82,35948092566456;l/s;2,443700804855556;m3/s;624650,4993270312;t;68,13789664636806;%;2,040816069;None;93,09996768649584;mKVs;0;None;12,435546240194444;mm;0;m3/s;94,49245694444444;bar;2065,7359686111113;KVa;-24,437696669694443;cm;67,428978031;%;32,202280699838624;cm
2026-03-06 06:00:00.000;150,93859117293448;moh;50,00045566099488;Hz;0,9899999499000001;None;2,6373512604666662;m3/s;2133,9261486111113;kW;749,9999808333333;rpm;-333,1819591666667;KVar;90,0103672443611;%;0,09777013893319444;Mill.m3;81,64930071037018;l/s;2,5556950343666665;m3/s;624651,499339566;t;73,06885425735717;%;2,142573627761111;None;92,49381415321251;mKVs;0;None;13,363211525527777;mm;0;m3/s;94,23297833333334;bar;2157,031696111111;KVa;-26,133545769527778;cm;65,18009327747222;%;32,093948777558744;cm
2026-03-06 07:00:00.000;150,9195674845753;moh;50,00704218947465;Hz;0,9899999499000001;None;2,644603157091667;m3/s;2140,0403575;kW;750,3104841666667;rpm;-303,97553;KVar;89,89052532991667;%;0,09394860878152779;Mill.m3;80,75523074424426;l/s;2,5638442642055552;m3/s;624652,4993447396;t;73,40295275630363;%;2,1428570750000002;None;92,35833408002154;mKVs;0;None;14,414132221583333;mm;0;m3/s;94,17263666666666;bar;2162,4557191666668;KVa;-28,0379062235;cm;62,63240666802778;%;31,968951270904167;cm
2026-03-06 08:00:00.000;150,89909686576826;moh;50,019688515076496;Hz;0,9899999499000001;None;2,6420332850749997;m3/s;2140,8730358333332;kW;750,1666386111111;rpm;-297,3032775;KVar;89,92068358108334;%;0,0898475899056111;Mill.m3;80,25343340135322;l/s;2,561793476436111;m3/s;624653,4993949654;t;73,25457400508824;%;2,1428570750000002;None;92,37499827116655;mKVs;0;None;15,541912712472222;mm;0;m3/s;94,19095666666666;bar;2160,1191130555558;KVa;-30,083431668;cm;59,8983931655;%;31,86895250858993;cm
2026-03-06 09:00:00.000;150,87911280494097;moh;50,03705895090592;Hz;0,9899999499000001;None;2,634192940108333;m3/s;2139,9251430555555;kW;750,5457769444445;rpm;-320,4347861111111;KVar;90,02747855741667;%;0,08583498599338887;Mill.m3;79,66084990595523;l/s;2,5545313245861103;m3/s;624654,4993826388;t;73,25916019557334;%;2,1428570750000002;None;92,32728913691201;mKVs;0;None;16,645378747861113;mm;0;m3/s;93,98437583333333;bar;2163,7628811111113;KVa;-32,102784050194444;cm;57,22332405463889;%;31,773772123663452;cm
2026-03-06 10:00:00.000;150,8580335568305;moh;49,98704153076215;Hz;0,9899999499000001;None;2,6421790837916665;m3/s;2145,523638333333;kW;749,8104177777777;rpm;-325,03992416666665;KVar;89,89627954672223;%;0,08164259108405555;Mill.m3;78,7216958527545;l/s;2,5634428455083333;m3/s;624655,4993178471;t;73,07416226218128;%;2,1428570750000002;None;92,26666792504669;mKVs;0;None;17,798287287055555;mm;0;m3/s;93,71899916666666;bar;2170,3156602777776;KVa;-34,188982646666666;cm;54,428394975222226;%;31,6295816590751;cm
2026-03-06 11:00:00.000;150,83686198028678;moh;49,98893711217668;Hz;0,9899999499000001;None;2,642202000402778;m3/s;2144,0619469444446;kW;749,9166591666667;rpm;-313,72372583333333;KVar;89,88258925291667;%;0,07741369472552778;Mill.m3;77,79140418916856;l/s;2,564383953633334;m3/s;624656,4992365972;t;73,09708575625488;%;2,1428570750000002;None;92,21896204655194;mKVs;0;None;18,961233988055554;mm;0;m3/s;93,5059661111111;bar;2168,4653769444444;KVa;-36,30593193822222;cm;51,609130181944444;%;31,493953302062675;cm
2026-03-06 12:00:00.000;150,817189137126;moh;49,98649479829582;Hz;0,9899999499000001;None;2,6389707074083337;m3/s;2144,839921388889;kW;749,5828775;rpm;-346,2715533333333;KVar;89,91408784666666;%;0,07349708428158333;Mill.m3;76,93697634970486;l/s;2,5622421155444446;m3/s;624657,4993041493;t;72,89489783599973;%;2,1428570750000002;None;92,10276894265334;mKVs;0;None;20,038301467333334;mm;0;m3/s;91,88920472222222;bar;2172,530946388889;KVa;-38,27062818733334;cm;48,99805658152778;%;31,340220024238178;cm
2026-03-06 13:00:00.000;150,79407655723443;moh;50,00925270726032;Hz;0,9899999499000001;None;2,6336557910333327;m3/s;2147,796244166667;kW;750,2730113888889;rpm;-321,4482925;KVar;89,980949659;%;0,06918242263327777;Mill.m3;75,90519773147327;l/s;2,5576952138999998;m3/s;624658,4992800001;t;73,08792996399698;%;2,1428570750000002;None;92,11872387003574;mKVs;0;None;21,184912109472222;mm;0;m3/s;89,14719222222222;bar;2166,3548905555554;KVa;-40,582648384277775;cm;46,12161642802778;%;31,179597793580133;cm
2026-03-06 14:00:00.000;150,77626798615424;moh;49,98704173596569;Hz;0,9899999499000001;None;2,4116455688138885;m3/s;1946,4870347222222;kW;749,750085;rpm;-267,2730883333333;KVar;92,66491349433333;%;0,06648234139208332;Mill.m3;75,28111579922161;l/s;2,3361721025583333;m3/s;624659,499287309;t;65,11067263056613;%;1,9393429078305557;None;93,24818626351187;mKVs;0;None;21,820787216555555;mm;0;m3/s;94,56370472222223;bar;1960,8719397222221;KVa;-42,363997564722226;cm;44,32156160219444;%;31,066670864459432;cm
2026-03-06 15:00:00.000;150,76034779195;moh;49,9587046137958;Hz;0,989166478477911;None;2,3991221494166663;m3/s;1937,6913475;kW;749,2269472222222;rpm;-284,5232819444444;KVar;92,80197213519445;%;0,06406955098055556;Mill.m3;74,49500759204082;l/s;2,324704107994444;m3/s;624660,4993184897;t;64,53333603417974;%;1,938776016;None;93,26308840110237;mKVs;0;None;22,383771471777777;mm;0;m3/s;94,41030916666666;bar;1956,5960091666666;KVa;-43,95974901025;cm;42,71303516077778;%;30,927303354352023;cm
2026-03-06 16:00:00.000;150,74147996162876;moh;50,011523144122094;Hz;0,9899999499000001;None;2,6258876475583337;m3/s;2136,6289527777776;kW;750,4166583333333;rpm;-343,04618305555556;KVar;90,048292307;%;0,06126008977569445;Mill.m3;73,60954163327868;l/s;2,552275929736111;m3/s;624661,499340486;t;73,08520781634732;%;2,142290183169445;None;92,11749526276522;mKVs;0;None;23,039312361416666;mm;0;m3/s;94,58858333333333;bar;2165,1787961111113;KVa;-45,841043260805556;cm;40,84006118655556;%;30,791668625009184;cm
2026-03-06 17:00:00.000;150,72280544439627;moh;49,98833285970412;Hz;0,9899999499000001;None;2,6298234457666667;m3/s;2144,2186;kW;749,6897577777778;rpm;-338,0821022222222;KVar;89,99642766433334;%;0,05844632423427777;Mill.m3;73,1292506090056;l/s;2,5566428351805555;m3/s;624662,499402743;t;73,36666475561572;%;2,1428570750000002;None;92,08102553363257;mKVs;0;None;23,69585757752778;mm;0;m3/s;94,35988;bar;2167,632024722222;KVa;-47,71245320661111;cm;38,96421771730556;%;30,696417313655953;cm
2026-03-06 18:00:00.000;150,70675915924429;moh;49,98013983547693;Hz;0,9899999499000001;None;2,6309891283333338;m3/s;2141,2067933333333;kW;749,7269188888889;rpm;-325,43087972222224;KVar;89,96349234983333;%;0,056041043996527776;Mill.m3;72,10172484793402;l/s;2,5588825121805554;m3/s;624663,499378837;t;73,43795639062391;%;2,1428570750000002;None;92,0606455998859;mKVs;0;None;24,257089825666668;mm;0;m3/s;94,56510805555556;bar;2165,9015266666665;KVa;-49,31680043372222;cm;37,360697003333335;%;30,516671730019;cm
2026-03-06 19:00:00.000;150,68974831121207;moh;50,00490771347864;Hz;0,9899999499000001;None;2,6316043978194443;m3/s;2139,6790669444445;kW;750,1666997222222;rpm;-332,43767388888887;KVar;89,9462303365;%;0,05350254678866667;Mill.m3;71,56653787605003;l/s;2,560056365680555;m3/s;624664,4994008506;t;73,4407408876742;%;2,1428570750000002;None;92,03102049760135;mKVs;0;None;24,84940571338889;mm;0;m3/s;94,41892972222222;bar;2163,037691111111;KVa;-51,02025773883334;cm;35,668365902666665;%;30,435647811018168;cm
2026-03-06 20:00:00.000;150,66912332939796;moh;50,01689701387946;Hz;0,9899999499000001;None;2,633642297497222;m3/s;2140,5803111111113;kW;750,1666705555556;rpm;-345,4207186111111;KVar;89,90317469597223;%;0,050415801669694435;Mill.m3;70,66062558267146;l/s;2,5629976152972223;m3/s;624665,4994294444;t;73,72870658673216;%;2,1428570750000002;None;92,03333432331038;mKVs;0;None;25,569646200277777;mm;0;m3/s;94,67657861111111;bar;2167,2623183333335;KVa;-53,07586246080555;cm;33,61053593883333;%;30,2939838592423;cm
2026-03-06 21:00:00.000;150,647215435745;moh;49,972663484150864;Hz;0,9891666173666666;None;2,6285657392277777;m3/s;2138,952325;kW;749,5072247222222;rpm;-358,41287805555555;KVar;89,95967220736111;%;0,047112299831833335;Mill.m3;69,4035661483506;l/s;2,559142260480556;m3/s;624666,4998636632;t;73,91203595614817;%;2,1428570750000002;None;91,97891096155611;mKVs;0;None;26,34046342638889;mm;0;m3/s;94,46249694444444;bar;2168,405062777778;KVa;-55,26818169402778;cm;31,40819955013889;%;30,08724088706967;cm
2026-03-06 22:00:00.000;150,62932921923874;moh;49,99046136981119;Hz;0,9852316516997929;None;2,521123425080556;m3/s;2043,2360608333333;kW;749,749935;rpm;-371,6194613888889;KVar;91,52648817675;%;0,04442881911763889;Mill.m3;68,53334151773704;l/s;2,4525988353138883;m3/s;624667,4994864409;t;69,11977143125608;%;2,0410995162388885;None;92,6508083565752;mKVs;0;None;26,966608895333334;mm;0;m3/s;94,65604333333333;bar;2077,280275;KVa;-57,05578274275;cm;29,61921204461111;%;29,923611760178396;cm
2026-03-06 23:00:00.000;150,608843866213;moh;49,97240543393581;Hz;0,9834051203346856;None;2,5115967532333334;m3/s;2031,6936733333334;kW;749,5833380555556;rpm;-394,6760433333333;KVar;91,65074354833334;%;0,04134019204552778;Mill.m3;67,63002457001934;l/s;2,4441494517277778;m3/s;624668,4995141493;t;68,55893878847414;%;2,0166755531430556;None;92,62911153809836;mKVs;0;None;27,687288495666667;mm;0;m3/s;94,56946972222222;bar;2070,144261666667;KVa;-59,11626603794444;cm;27,560127470055555;%;29,760651007126324;cm
2026-03-07 00:00:00.000;150,61967282429129;moh;50,03323740083943;Hz;0,9827995275445264;None;0,8424201869216666;m3/s;633,6521336111111;kW;750,5601447222223;rpm;110,95187666666666;KVar;79,10669473061111;%;0,04294354822338889;Mill.m3;68,8739491355877;l/s;0,773559330731111;m3/s;624669,499525434;t;27,69598196759817;%;0,6122450233;None;97,06309887551846;mKVs;0;None;27,3131722345;mm;0;m3/s;94,44769555555555;bar;643,1984733333334;KVa;-58,03734673383333;cm;28,62903107461111;%;29,97405936213287;cm
2026-03-07 01:00:00.000;150,62730280746203;moh;50,01675981052187;Hz;0,9999154884654882;None;1,274846181480278;m3/s;1006,1660622222222;kW;750,1898452777777;rpm;-53,786570833333336;KVar;86,52769285802778;%;0,044086997066722214;Mill.m3;69,20841186339592;l/s;1,2058553251016668;m3/s;624670,4995665626;t;38,33980596397099;%;1,0136053171550001;None;96,25845103185769;mKVs;0;None;27,04636743311111;mm;0;m3/s;94,7287825;bar;1007,4166033333333;KVa;-57,27117750455555;cm;29,39133050711111;%;30,04999946777503;cm
2026-03-07 02:00:00.000;150,63891616746972;moh;50,003701943203765;Hz;0,9885793054612813;None;0,8170054886005554;m3/s;616,0265513888888;kW;750,0000222222222;rpm;92,74059583333333;KVar;78,67083905577778;%;0,045812219474944446;Mill.m3;69,65000578415093;l/s;0,7469930671966668;m3/s;624671,49956875;t;27,270816053189666;%;0,6122450233;None;97,0131750972503;mKVs;0;None;26,643815569916665;mm;0;m3/s;94,68764;bar;623,3224477777778;KVa;-56,1121241265;cm;30,54147868647222;%;30,125001502781686;cm
2026-03-07 03:00:00.000;150,65300497977074;moh;49,99592714107388;Hz;0,9925000068696671;None;0,8033605133561112;m3/s;608,9632138888888;kW;749,9166541666667;rpm;75,2097561111111;KVar;78,40368362058334;%;0,0479190891071111;Mill.m3;70,2915552646879;l/s;0,7330987832641667;m3/s;624672,4995877604;t;27;%;0,6122450233;None;97,08333383608391;mKVs;0;None;26,15221256775;mm;0;m3/s;94,71441944444445;bar;614,5464425;KVa;-54,705335828972224;cm;31,94605961338889;%;30,228693257919968;cm
2026-03-07 04:00:00.000;150,67048073175275;moh;49,97759446223853;Hz;0,99416664299725;None;0,8053094375544445;m3/s;609,8934091666666;kW;749,75001;rpm;74,81615555555555;KVar;78,42543476913889;%;0,050541388190777775;Mill.m3;71,16772472125416;l/s;0,7341361044138889;m3/s;624673,4996410243;t;27;%;0,6122450233;None;97,1226788663769;mKVs;0;None;25,54034275425;mm;0;m3/s;94,81531777777778;bar;614,7832894444444;KVa;-52,95991685625;cm;33,694260068666665;%;30,372678257513243;cm
2026-03-07 05:00:00.000;150,6900616057323;moh;49,98957608566675;Hz;0,9901363164842604;None;0,8067179797591666;m3/s;610,3920561111111;kW;749,9767858333333;rpm;89,55513805555556;KVar;78,43700699297223;%;0,05347658170061111;Mill.m3;72,02215188495042;l/s;0,7346880076688888;m3/s;624674,4996649653;t;27;%;0,6122450233;None;97,10833295136638;mKVs;0;None;24,855464301333335;mm;0;m3/s;94,5737975;bar;616,3184158333333;KVa;-51,00172254780556;cm;35,65105565333333;%;30,520358521806532;cm
2026-03-07 06:00:00.000;150,7113994453306;moh;50,008332367470715;Hz;0,9903488354711598;None;0,8092599913480556;m3/s;615,9978286111111;kW;750,1066033333333;rpm;100,38829138888889;KVar;78,47548817527777;%;0,05667658478127778;Mill.m3;72,76485915794076;l/s;0,736523274075;m3/s;624675,4996903646;t;27,14308611111111;%;0,6303147450597222;None;97,14146055331403;mKVs;0;None;24,1087968615;mm;0;m3/s;94,86093611111112;bar;621,957225;KVa;-48,864228990166666;cm;37,78439119219444;%;30,63934372394858;cm
2026-03-07 07:00:00.000;150,71358466807413;moh;50,00032708873687;Hz;0,982968327481873;None;2,3366019557424997;m3/s;1896,3348052777778;kW;749,9999941666666;rpm;-339,1269022222222;KVar;92,93822161316666;%;0,05702385583780556;Mill.m3;72,135759761315;l/s;2,2649254748152776;m3/s;624676,4997116841;t;63,50336489160086;%;1,91326499;None;93,41493972111827;mKVs;0;None;24,027766970722222;mm;0;m3/s;94,39035944444444;bar;1924,2345575;KVa;-48,647126092444445;cm;38,01590516877778;%;30,5546487076643;cm
2026-03-07 08:00:00.000;150,7080314447361;moh;49,99716738737636;Hz;0,991021320294975;None;2,3339625405916657;m3/s;1884,909363611111;kW;750,0000002777778;rpm;-258,7831388888889;KVar;93,221054185;%;0,05621268593969445;Mill.m3;72,07294458797662;l/s;2,2618417732777782;m3/s;624677,4997476736;t;63,08992943949049;%;1,8878258969833335;None;93,46697383735028;mKVs;0;None;24,217039957111112;mm;0;m3/s;94,70332416666666;bar;1904,3626297222222;KVa;-49,194878472805556;cm;37,47512520525;%;30,533334876672047;cm
2026-03-07 09:00:00.000;150,70269911729608;moh;49,99329596938102;Hz;0,9991667013807505;None;2,280944271227777;m3/s;1838,8411538888888;kW;749,8566386111111;rpm;-166,78582555555556;KVar;93,55101513277778;%;0,055416514641527775;Mill.m3;71,69305255513441;l/s;2,2092544919833337;m3/s;624678,4997925694;t;61,479913914188856;%;1,8368767322944444;None;93,6764572885816;mKVs;0;None;24,40281338175;mm;0;m3/s;94,32343055555556;bar;1846,1220394444445;KVa;-49,72897847466667;cm;36,94434399275;%;30,466668401118184;cm
2026-03-07 10:00:00.000;150,69794006165876;moh;49,91869871843174;Hz;0,9968997150232056;None;2,276224282033333;m3/s;1836,7054194444445;kW;748,6433416666666;rpm;-184,3879613888889;KVar;93,57743534477778;%;0,054707641402055564;Mill.m3;71,60397478115163;l/s;2,204617685061111;m3/s;624679,4998013194;t;61,174018628035995;%;1,83673501;None;93,69438953198765;mKVs;0;None;24,568216958444445;mm;0;m3/s;94,38576527777778;bar;1845,8001516666666;KVa;-50,20156860344444;cm;36,47176233947222;%;30,44166302000011;cm
2026-03-07 11:00:00.000;150,7114742661229;moh;50,00439908159951;Hz;0,9426769006477841;None;0,8682488655152779;m3/s;648,3343961111111;kW;750,1666944444445;rpm;216,14689833333333;KVar;79,32513112008333;%;0,05668884245597222;Mill.m3;72,67859171114046;l/s;0,7955821992791667;m3/s;624680,499831302;t;27,84240306691099;%;0,6156463843741666;None;97,0844645807904;mKVs;0;None;24,105936686555555;mm;0;m3/s;94,60540527777778;bar;687,52192;KVa;-48,862423368222224;cm;37,792563120194444;%;30,62867404451507;cm
2026-03-07 12:00:00.000;150,733384056925;moh;49,999165866438595;Hz;0,9210384083793955;None;0,8202893000561111;m3/s;620,1667544444445;kW;750,1066486111112;rpm;264,17799444444444;KVar;78,68420764241667;%;0,05996694580344445;Mill.m3;73,83959920839439;l/s;0,7464775817291667;m3/s;624681,499837882;t;26,530655619412617;%;0,6122450233;None;97,13933695440915;mKVs;0;None;23,34104601416667;mm;0;m3/s;94,70612583333333;bar;672,213455;KVa;-46,66981591163889;cm;39,97796503680556;%;30,814336005594246;cm
2026-03-07 13:00:00.000;150,75574305739198;moh;49,97963305595394;Hz;0,9140701205019534;None;0,7976857817869446;m3/s;600,4420577777778;kW;749,6666922222222;rpm;267,8256938888889;KVar;78,19399405647222;%;0,06333028739291667;Mill.m3;74,55582956875718;l/s;0,7231208071055556;m3/s;624682,4998490277;t;26,590672277750595;%;0,6000340376875;None;97,15504047846352;mKVs;0;None;22,556266148305557;mm;0;m3/s;94,62036027777778;bar;658,8231830555555;KVa;-44,434543186305554;cm;42,22019322758333;%;30,937000324362792;cm
2026-03-07 14:00:00.000;150,77830994809676;moh;49,983954903699825;Hz;0,9090983147642177;None;0,8005296501908334;m3/s;602,2826455555555;kW;749,7297375;rpm;276,65591666666666;KVar;78,23421224077778;%;0,06670504889041666;Mill.m3;75,51915917728184;l/s;0,7250163055191666;m3/s;624683,499926684;t;26,60000038;%;0,6000000238;None;97,21869410398186;mKVs;0;None;21,768821928583332;mm;0;m3/s;95,04177194444445;bar;660,4382619444444;KVa;-42,17746734661111;cm;44,47003385722222;%;31,101636747329284;cm
2026-03-07 15:00:00.000;150,80058121279146;moh;49,96630058835858;Hz;0,9190618279631498;None;0,8128781214558334;m3/s;611,9597263888888;kW;749,5000086111111;rpm;265,25066833333335;KVar;78,4770206245;%;0,07020285500094445;Mill.m3;76,29351477395429;l/s;0,7365964156197222;m3/s;624684,4998942013;t;26,97398793721974;%;0,6122110094125;None;97,21403139373628;mKVs;0;None;20,927576361222222;mm;0;m3/s;94,46246944444445;bar;666,5967436111112;KVa;-39,95179070394445;cm;46,80190426530555;%;31,225004188346002;cm
2026-03-07 16:00:00.000;150,8075038874688;moh;49,998363389249235;Hz;0,9978849385793771;None;2,259909691397222;m3/s;1830,958246111111;kW;749,9766433333333;rpm;-166,75070055555557;KVar;93,10951790308333;%;0,07148213767444443;Mill.m3;75,97302549553223;l/s;2,184215114242778;m3/s;624685,4999318577;t;61,41250248661186;%;1,8587727419425;None;93,69525257104158;mKVs;0;None;20,591787506194443;mm;0;m3/s;94,57125972222222;bar;1841,042246388889;KVa;-39,24809773827778;cm;47,65475877172222;%;31,18333628000855;cm
2026-03-07 17:00:00.000;150,7993414932283;moh;50,00367188076613;Hz;0,9983330777598725;None;2,6244405182861112;m3/s;2132,490009166667;kW;750,0234497222223;rpm;-209,18822444444444;KVar;90,06470889711112;%;0,06997845735802778;Mill.m3;75,12490419524663;l/s;2,549308835625;m3/s;624686,4999540971;t;72,73368346236106;%;2,142077596913889;None;92,04996643017535;mKVs;0;None;20,994692103777776;mm;0;m3/s;90,88333194444445;bar;2144,1321125;KVa;-40,06153106825;cm;46,65230629236111;%;31,038021755593235;cm
2026-03-07 18:00:00.000;150,78881773391032;moh;50,01359334099601;Hz;1;None;2,6399401374000004;m3/s;2141,1409902777777;kW;750,3698430555555;rpm;-190,5130963888889;KVar;89,87098108622222;%;0,06834111588188888;Mill.m3;74,75774505426887;l/s;2,5651732185777774;m3/s;624687,4999604167;t;73,30000305;%;2,1428570750000002;None;92,09167134319637;mKVs;0;None;21,387073091666668;mm;0;m3/s;93,3071925;bar;2149,8810913888888;KVa;-41,11426459361111;cm;45,56074481494444;%;30,991669801678697;cm
2026-03-07 19:00:00.000;150,7795362759885;moh;50,02750056039829;Hz;1;None;2,635201710588889;m3/s;2140,4270916666665;kW;750,4401577777778;rpm;-201,6653677777778;KVar;89,93487175855556;%;0,06694848537163889;Mill.m3;74,41347105544455;l/s;2,560828789775;m3/s;624688,4999675173;t;73,30000305;%;2,1428570750000002;None;92,09166412096158;mKVs;0;None;21,712020450083333;mm;0;m3/s;93,82291972222222;bar;2147,7970833333334;KVa;-42,04323662616667;cm;44,63232379363889;%;30,92136292596899;cm
2026-03-07 20:00:00.000;150,7694221550913;moh;50,02512707370315;Hz;1;None;2,6357323725194446;m3/s;2141,444338888889;kW;750,1431519444444;rpm;-208,9315902777778;KVar;89,92604193977778;%;0,06543598876519444;Mill.m3;74,32025939202049;l/s;2,5614291697416665;m3/s;624689,5000254167;t;73,30000305;%;2,1428570750000002;None;92,13333423117179;mKVs;0;None;22,064936107444446;mm;0;m3/s;93,80667722222222;bar;2151,0105455555554;KVa;-43,05266062458333;cm;43,62399334213889;%;30,88931421020857;cm
2026-03-07 21:00:00.000;150,75902270416796;moh;49,994271579952894;Hz;0,9969020483682289;None;2,638631363163889;m3/s;2144,941281388889;kW;749,8568552777778;rpm;-210,0650488888889;KVar;89,87544718522223;%;0,06387365462580555;Mill.m3;73,75808291679661;l/s;2,5648696515916667;m3/s;624690,5000335592;t;73,30000305;%;2,1428570750000002;None;92,10000154696291;mKVs;0;None;22,429480870555555;mm;0;m3/s;94,03622277777778;bar;2150,5850508333333;KVa;-44,09340752516667;cm;42,58243687936111;%;30,779712895940172;cm
2026-03-07 22:00:00.000;150,7491228401485;moh;50,01249980392301;Hz;0,9933331415992067;None;2,632277258936112;m3/s;2141,4354383333334;kW;750,2499941666666;rpm;-224,98349972222223;KVar;89,96180443133333;%;0,06237206135261112;Mill.m3;73,27794706154205;l/s;2,5589972085722223;m3/s;624691,500051823;t;73,30000305;%;2,1428570750000002;None;92,08930864327806;mKVs;0;None;22,779852337083334;mm;0;m3/s;89,59832333333334;bar;2150,1319733333335;KVa;-45,086682639;cm;41,58137554505556;%;30,714304092130234;cm
2026-03-07 23:00:00.000;150,74155040955603;moh;49,98880373757215;Hz;0,9958332374579576;None;2,525368657425;m3/s;2042,7565875;kW;749,9166705555556;rpm;-209,24768277777778;KVar;91,53254021497222;%;0,06124519365269444;Mill.m3;73,07275011774205;l/s;2,4521873248305552;m3/s;624692,5005100346;t;68,80855377142163;%;2,0410995162388885;None;92,67065594710012;mKVs;0;None;23,042788187;mm;0;m3/s;90,0875825;bar;2054,3471033333335;KVa;-45,84292941475;cm;40,830130258555556;%;30,697113693473632;cm
2026-03-08 00:00:00.000;150,73043561870972;moh;49,984874366713925;Hz;0,998930622420223;None;2,587163375377778;m3/s;2097,1609494444447;kW;749,7499938888889;rpm;-192,7763036111111;KVar;90,61433431897223;%;0,05958663291499999;Mill.m3;72,4086122330394;l/s;2,5146252247805556;m3/s;624693,500085573;t;71,29584170703401;%;2,099835505455555;None;92,42536413960278;mKVs;0;None;23,429785622444445;mm;0;m3/s;94,01606027777778;bar;2104,255383333333;KVa;-46,95362938755556;cm;39,724423303416664;%;30,594029496199617;cm
2026-03-08 01:00:00.000;150,71161253556724;moh;49,99108238406234;Hz;1;None;2,596354977908333;m3/s;2103,389997777778;kW;749,8333519444444;rpm;-198,65219861111112;KVar;90,469147831;%;0,05678410202194444;Mill.m3;71,82655704861531;l/s;2,524498026975;m3/s;624694,5001157464;t;71,39750441575293;%;2,099999905;None;92,26667586775388;mKVs;0;None;24,08370950652778;mm;0;m3/s;94,41537194444444;bar;2111,589555;KVa;-48,83308834611111;cm;37,856069352666665;%;30,49999952777598;cm
2026-03-08 02:00:00.000;150,71501544303445;moh;2,6624515752095617;Hz;0,025089888714468087;None;0,14897640597763886;m3/s;38,718403333333335;kW;56,235126666666666;rpm;2,8346544444444444;KVar;3,715223850166667;%;0,05724205741019444;Mill.m3;72,45314778592957;l/s;0,07652140769083335;m3/s;624695,2622420312;t;46,20936527777778;%;0,005833333069444444;None;97,78660232193774;mKVs;0;None;23,976853476055556;mm;0;m3/s;95,29052638888889;bar;39,48505888888889;KVa;-48,496661714527775;cm;38,161372290083335;%;30,589304700467686;cm
2026-03-08 03:00:00.000;150,73332373155796;moh;0;Hz;0;None;0,07317333428424998;m3/s;0;kW;0;rpm;0;KVar;0;%;0,05997465130780555;Mill.m3;73,17649950137492;l/s;0;m3/s;624695,3125;t;46;%;0;None;97,7750049602544;mKVs;0;None;23,339248021777777;mm;0;m3/s;94,83039666666667;bar;0;KVa;-46,67246076794444;cm;39,98310216391667;%;30,711944305385302;cm
2026-03-08 04:00:00.000;150,75524818732578;moh;0;Hz;0;None;0,0742366713366389;m3/s;0;kW;0;rpm;0;KVar;0;%;0,06324029951891667;Mill.m3;74,25922598764855;l/s;0;m3/s;624695,3125;t;46;%;0;None;97,75833638195421;mKVs;0;None;22,577263513833334;mm;0;m3/s;95,2662975;bar;0;KVa;-44,48646969363889;cm;42,16020075525;%;30,88694559024451;cm
2026-03-08 05:00:00.000;150,77713926764028;moh;0;Hz;0;None;0,07520666614972221;m3/s;0;kW;0;rpm;0;KVar;0;%;0,06654039401897222;Mill.m3;75,21006657183204;l/s;0;m3/s;624695,3125;t;46;%;0;None;97,72500239639909;mKVs;0;None;21,807241439972223;mm;0;m3/s;94,0795538888889;bar;0;KVa;-42,29363335541667;cm;44,360263823555556;%;31,04763626435045;cm
2026-03-08 06:00:00.000;150,79598814199738;moh;0;Hz;0;None;0,07600666549511112;m3/s;0;kW;0;rpm;0;KVar;0;%;0,06939504028572223;Mill.m3;76,01486692266425;l/s;0;m3/s;624695,3125;t;46;%;0;None;97,80833584167296;mKVs;0;None;21,136206223027777;mm;0;m3/s;93,34570944444444;bar;0;KVa;-40,40922376813889;cm;46,263361486444445;%;31,178608428709452;cm
2026-03-08 07:00:00.000;150,8137573299465;moh;0;Hz;0;None;0,0765816680916389;m3/s;0;kW;0;rpm;0;KVar;0;%;0,07270578843527778;Mill.m3;76,58582546122267;l/s;0;m3/s;624695,3125;t;46;%;0;None;97,80597237759837;mKVs;0;None;20,255907693833333;mm;0;m3/s;88,09064722222222;bar;0;KVa;-38,63209618475;cm;48,47052644019445;%;31,28097137093375;cm
2026-03-08 08:00:00.000;150,83052308418777;moh;0;Hz;0;None;0,07745000240033334;m3/s;0;kW;0;rpm;0;KVar;0;%;0,07605906892580556;Mill.m3;77,45423649406493;l/s;0;m3/s;624695,3125;t;46;%;0;None;97,80236754267025;mKVs;0;None;19,333755705444446;mm;0;m3/s;90,68764472222222;bar;0;KVa;-36,95158640480555;cm;50,70604667752778;%;31,422640317145433;cm
2026-03-08 09:00:00.000;150,84682140249149;moh;0;Hz;0;None;0,0779702787;m3/s;0;kW;0;rpm;0;KVar;0;%;0,07932036444463889;Mill.m3;77,97567581017371;l/s;0;m3/s;624695,3125;t;46;%;0;None;97,80596490465634;mKVs;0;None;18,436899610277777;mm;0;m3/s;90,84726638888888;bar;0;KVa;-35,3245374895;cm;52,880243397027776;%;31,50682160925535;cm
2026-03-08 10:00:00.000;150,8708699466875;moh;0;Hz;0;None;0,07893139376250001;m3/s;0;kW;0;rpm;0;KVar;0;%;0,08410335973658332;Mill.m3;78,93274589087288;l/s;0;m3/s;624695,3125;t;46;%;0;None;97,93096663789336;mKVs;0;None;17,121576097861112;mm;0;m3/s;93,48841055555556;bar;0;KVa;-32,92498694463889;cm;56,06890675202778;%;31,653594611435086;cm
2026-03-08 11:00:00.000;150,9010044458728;moh;0;Hz;0;None;0,08012000434;m3/s;0;kW;0;rpm;0;KVar;0;%;0,09013043716494445;Mill.m3;80,12200823508469;l/s;0;m3/s;624695,3125;t;46;%;0;None;97,90237432536259;mKVs;0;None;15,464129765083333;mm;0;m3/s;90,81783472222222;bar;0;KVa;-29,912834166833335;cm;60,08695845105556;%;31,84762834107319;cm
2026-03-08 12:00:00.000;150,92780509561797;moh;0;Hz;0;None;0,08120805776533332;m3/s;0;kW;0;rpm;0;KVar;0;%;0,09551238939141668;Mill.m3;81,20583415520765;l/s;0;m3/s;624695,3125;t;46;%;0;None;97,92261607121354;mKVs;0;None;13,984092712444445;mm;0;m3/s;93,34529194444444;bar;0;KVa;-27,22992791125;cm;63,674927288166664;%;32,014304928429766;cm
2026-03-08 13:00:00.000;150,94811493726752;moh;0;Hz;0;None;0,08188278012916668;m3/s;0;kW;0;rpm;0;KVar;0;%;0,09957298226844445;Mill.m3;81,88808897888049;l/s;0;m3/s;624695,3125;t;46;%;0;None;97,98333367166539;mKVs;0;None;12,8674297335;mm;0;m3/s;93,80858361111112;bar;0;KVa;-25,19712236147222;cm;66,3819883555;%;32,13691523367775;cm
2026-03-08 14:00:00.000;150,96308265203558;moh;0;Hz;0;None;0,08251694345444445;m3/s;0;kW;0;rpm;0;KVar;0;%;0,1025804044425;Mill.m3;82,51859250778706;l/s;0;m3/s;624695,3125;t;46;%;0;None;97,98333142169983;mKVs;0;None;12,040388532972223;mm;0;m3/s;91,21007583333333;bar;0;KVa;-23,695903354861112;cm;68,3869365905;%;32,230956539465;cm
2026-03-08 15:00:00.000;150,97695544677725;moh;0;Hz;0;None;0,08299999684;m3/s;0;kW;0;rpm;0;KVar;0;%;0,10535705540888889;Mill.m3;83;l/s;0;m3/s;624695,3125;t;46;%;0;None;97,98929369158681;mKVs;0;None;11,276809693583333;mm;0;m3/s;94,43940305555556;bar;0;KVa;-22,30925666041667;cm;70,23803706594444;%;32,29999924;cm
2026-03-08 16:00:00.000;150,98946058971472;moh;5,045870938819345;Hz;0,007254438824174277;None;0,08534446594644444;m3/s;3,298963888888889;kW;86,71445027777777;rpm;10,360761944444445;KVar;0,6657483843055556;%;0,1078563430538889;Mill.m3;83,35561216920132;l/s;0,001997245268055555;m3/s;624695,3281637848;t;45,12600055555556;%;0;None;97,96250997326928;mKVs;0;None;10,58950551438889;mm;0;m3/s;93,74633888888889;bar;10,964668333333334;KVa;-21,057658724166668;cm;71,90422863466667;%;32,34762202498124;cm
2026-03-08 17:00:00.000;150,974368718855;moh;50,01206123187503;Hz;0,9905017725125207;None;2,454764895857778;m3/s;1998,0159783333334;kW;750,1919936111111;rpm;-233,83572055555555;KVar;91,20922239061112;%;0,10500166098750001;Mill.m3;83,05979359341215;l/s;2,3716840040780554;m3/s;624695,9796272569;t;67,40685963572543;%;2,0365643716694444;None;93,05916802627674;mKVs;0;None;11,374543084694444;mm;0;m3/s;92,96492194444444;bar;2014,4140686111111;KVa;-22,549150255944443;cm;70,00110713222222;%;32,29843505016052;cm
2026-03-08 18:00:00.000;150,93788685546582;moh;49,99249876808312;Hz;0,9939280501352391;None;2,6380022301611117;m3/s;2133,869726388889;kW;750,0000005555555;rpm;-223,14150138888888;KVar;89,99201369738888;%;0,09765797041236111;Mill.m3;81,08543852716363;l/s;2,55694307495;m3/s;624696,9796537673;t;73,18702087622849;%;2,1428570750000002;None;92,37759162477808;mKVs;0;None;13,394058015;mm;0;m3/s;92,60166111111111;bar;2145,855056111111;KVa;-26,197959051444446;cm;65,1053137025;%;32,01548377051659;cm
2026-03-08 19:00:00.000;150,9078554273392;moh;50,00071358091853;Hz;1;None;2,6420567736583336;m3/s;2138,148906111111;kW;749,9405080555556;rpm;-197,16132166666668;KVar;89,916368738;%;0,09161708323872222;Mill.m3;79,97871059998003;l/s;2,5620869080333337;m3/s;624697,9796832986;t;73,30477650477718;%;2,1428570750000002;None;92,27896001592178;mKVs;0;None;15,055301877555555;mm;0;m3/s;89,46531;bar;2147,9867044444445;KVa;-29,206462435972224;cm;61,07805552;%;31,84166684833903;cm
2026-03-08 20:00:00.000;150,886936800866;moh;50,01202076143306;Hz;1;None;2,632974439213889;m3/s;2139,4074219444446;kW;750,1427852777778;rpm;-197,0404761111111;KVar;90,0373506101111;%;0,0874270617748611;Mill.m3;79,0796900479947;l/s;2,553860110041667;m3/s;624698,9797137848;t;73,33568737080554;%;2,1428570750000002;None;92,18898199309344;mKVs;0;None;16,20755767788889;mm;0;m3/s;85,81883277777777;bar;2146,059944166667;KVa;-31,296170553;cm;58,28470890227778;%;31,68215659130831;cm
2026-03-08 21:00:00.000;150,87051762812624;moh;49,98190430095533;Hz;1;None;2,5313646342555556;m3/s;2043,6186508333333;kW;749,6905363888889;rpm;-173,79797694444446;KVar;91,52053496;%;0,08411637948205557;Mill.m3;78,36592279374251;l/s;2,453003593875;m3/s;624699,9797395834;t;68,83841562173824;%;2,0410995162388885;None;92,78062579458556;mKVs;0;None;17,11799536852778;mm;0;m3/s;85,46150055555556;bar;2052,12608;KVa;-32,94458177208333;cm;56,077587412805556;%;31,585722214632067;cm
2026-03-08 22:00:00.000;150,8571050757435;moh;50,01226054035778;Hz;1;None;2,5247482260722216;m3/s;2039,6789452777778;kW;750,0000066666666;rpm;-177,61728694444446;KVar;91,60843130733333;%;0,08145852918875;Mill.m3;77,71879298872491;l/s;2,4470265765722226;m3/s;624700,9797913542;t;68,59999847;%;2,040816069;None;92,8202280778138;mKVs;0;None;17,848904716805556;mm;0;m3/s;90,20610277777777;bar;2049,2144197222224;KVa;-34,281840854694444;cm;54,30568602927778;%;31,475001432783582;cm
2026-03-08 23:00:00.000;150,83956111812364;moh;49,989172047326726;Hz;0,9960724719898499;None;2,5262234077777785;m3/s;2041,4027011111111;kW;749,8571980555555;rpm;-207,22241722222222;KVar;91,58085333566666;%;0,07795711888341667;Mill.m3;77,33649412796917;l/s;2,448902005622222;m3/s;624701,9797941145;t;68,59999847;%;2,040816069;None;92,8273943280905;mKVs;0;None;18,81179216338889;mm;0;m3/s;89,33992694444444;bar;2050,0470416666667;KVa;-36,037559509666664;cm;51,97141287047222;%;31,4464481316678;cm
2026-03-09 00:00:00.000;150,8396207700667;moh;50,004041023289375;Hz;0,9166808980211624;None;0,8805906703149999;m3/s;651,9671386111111;kW;750,2260736111111;rpm;266,798485;KVar;79,28152565425;%;0,07788926760425;Mill.m3;77,67962908844807;l/s;0,8025233605016668;m3/s;624702,9798046702;t;28,19122741311969;%;0,6162132762047222;None;97,25188470238066;mKVs;0;None;18,83045111822222;mm;0;m3/s;93,99074277777778;bar;707,3533936111111;KVa;-36,04369693280555;cm;51,926179324222225;%;31,461885122813477;cm
2026-03-09 01:00:00.000;150,85462135793125;moh;50,00035383533499;Hz;0,9595744428173042;None;0,8880242418855555;m3/s;674,8179469444444;kW;750,1427330555556;rpm;201,40344305555556;KVar;80,0026817535;%;0,0809027097911389;Mill.m3;78,47805383037372;l/s;0,8093586415116667;m3/s;624703,9798441145;t;29,4164421086792;%;0,6813185794511112;None;97,25106390759946;mKVs;0;None;18,001754762388888;mm;0;m3/s;94,590025;bar;704,1503663888889;KVa;-34,54115125925;cm;53,935140218777775;%;31,589276200359382;cm
2026-03-09 02:00:00.000;150,86826993088377;moh;50,015832028903084;Hz;0,9642466689100846;None;0,8942051059627778;m3/s;677,1345511111111;kW;750,2739663888889;rpm;187,59820611111112;KVar;80,12851248941666;%;0,08361448403366667;Mill.m3;78,95548228569159;l/s;0,8153598133211111;m3/s;624704,9796636632;t;29,340402825197017;%;0,6815109849;None;97,26300043698696;mKVs;0;None;17,256016625833333;mm;0;m3/s;94,55158361111111;bar;700,4040547222222;KVa;-33,18108028711111;cm;55,74298998425;%;31,665069099482423;cm
2026-03-09 03:00:00.000;150,88293887677727;moh;49,99488471953568;Hz;0,9683338900272208;None;0,8925566696472224;m3/s;675,5773955555555;kW;749,8333477777778;rpm;177,33836694444443;KVar;80,07100045977778;%;0,08655503042311109;Mill.m3;79,85025442421274;l/s;0,8126169017502777;m3/s;624705,9796902083;t;29,431069206344233;%;0,6815109849;None;97,24522561055184;mKVs;0;None;16,44736629063889;mm;0;m3/s;94,25837861111111;bar;697,4811972222222;KVa;-31,71387566527778;cm;57,703355048055556;%;31,795204036814365;cm
2026-03-09 04:00:00.000;150,89775820903625;moh;49,98619916178674;Hz;0,9544067533222792;None;0,8928915797024998;m3/s;675,5594233333334;kW;749,9406669444444;rpm;211,51611805555555;KVar;80,07385913119444;%;0,08952333989341665;Mill.m3;80,15000966331434;l/s;0,8127532139438889;m3/s;624706,9797040452;t;29,195199797311968;%;0,6815109849;None;97,20833540360134;mKVs;0;None;15,631081260805555;mm;0;m3/s;94,57287194444444;bar;704,3433652777778;KVa;-30,228597852583334;cm;59,68222749666667;%;31,85833483664767;cm
2026-03-09 05:00:00.000;150,91230147970063;moh;50,010113284029195;Hz;0,9303297222422026;None;0,8282011576680557;m3/s;619,7494002777778;kW;750,0833761111111;rpm;249,25281611111112;KVar;78,70595806977778;%;0,09242690131027775;Mill.m3;80,53559135091174;l/s;0,7475149000883332;m3/s;624707,9797471701;t;27,293327344964744;%;0,6124374287488888;None;97,26877644842509;mKVs;0;None;14,832601968972222;mm;0;m3/s;94,43763416666667;bar;667,3637238888889;KVa;-28,775990804166668;cm;61,61793451227778;%;31,92259806698489;cm
2026-03-09 06:00:00.000;150,91112074208908;moh;49,99892634573748;Hz;0,9938519184790363;None;2,459056587918056;m3/s;1998,5400461111112;kW;750,059295;rpm;-210,141115;KVar;91,40508897463889;%;0,09224744058377778;Mill.m3;80,78762919575166;l/s;2,378269875375278;m3/s;624708,9797690451;t;67,48598215479701;%;2,0368478160952774;None;92,93398683539571;mKVs;0;None;14,881953556555555;mm;0;m3/s;94,41498861111111;bar;2009,5477261111112;KVa;-28,88629489413889;cm;61,49829394044445;%;31,9666666983365;cm
2026-03-09 07:00:00.000;150,89333552044323;moh;50,002851989130015;Hz;1;None;2,627103425480556;m3/s;2141,349425;kW;750,0000255555556;rpm;-193,77255833333334;KVar;90,13943636388889;%;0,08871797209294444;Mill.m3;80,18207441527062;l/s;2,5469184693222218;m3/s;624709,9798080556;t;73,03930624444445;%;2,142573627761111;None;92,17757517700923;mKVs;0;None;15,852557285972223;mm;0;m3/s;94,54142;bar;2146,624817777778;KVa;-30,658509997416665;cm;59,14531575355556;%;31,863139559253995;cm
2026-03-09 08:00:00.000;150,8736189419325;moh;50,00999949384693;Hz;1;None;2,6406586144222226;m3/s;2142,5737802777776;kW;750,0833497222222;rpm;-186,37151222222224;KVar;89,93060484711111;%;0,08476626959955556;Mill.m3;79,55018018854794;l/s;2,5611188286388886;m3/s;624710,9798559202;t;73,30000305;%;2,1428570750000002;None;92,23285321616464;mKVs;0;None;16,939275954194443;mm;0;m3/s;94,37344222222222;bar;2149,5665283333333;KVa;-32,630479599833336;cm;56,51084660391667;%;31,75241024524431;cm
2026-03-09 09:00:00.000;150,85489137159075;moh;49,98881409576317;Hz;1;None;2,638031974694444;m3/s;2142,526194722222;kW;749,833335;rpm;-111,56309083333333;KVar;89,95927431272223;%;0,08103432479249999;Mill.m3;78,86685684472066;l/s;2,5591692462527775;m3/s;624711,9798672743;t;73,30000305;%;2,1428570750000002;None;92,19166568850208;mKVs;0;None;17,965560491194445;mm;0;m3/s;94,38753722222222;bar;2143,2959925;KVa;-34,502576193;cm;54,02288399830555;%;31,652408356927335;cm
2026-03-09 10:00:00.000;150,83514354875913;moh;50,012579954984346;Hz;1;None;2,566050051905555;m3/s;2144,4391477777776;kW;750,3261205555556;rpm;-125,78052805555555;KVar;87,41969083172222;%;0,074942313072;Mill.m3;78,03157985995531;l/s;2,490839669316667;m3/s;624712,981313559;t;73,30000305;%;2,0833332673611116;None;92,20353768484087;mKVs;0;None;18,52280828797222;mm;0;m3/s;94,44009555555556;bar;2145,7974219444445;KVa;-35,45271979402778;cm;49,961541769444445;%;31,526880213255534;cm
2026-03-09 11:00:00.000;150,81875351049004;moh;49,99370205694659;Hz;1;None;2,4149277091111117;m3/s;1945,753881111111;kW;749,9166444444445;rpm;-84,58104;KVar;92,6812531365;%;0,073792231953;Mill.m3;77,70626502143482;l/s;2,3368327996083336;m3/s;624713,974464427;t;65,19153600234105;%;1,9393429078305557;None;93,15591782158859;mKVs;0;None;19,957135943583335;mm;0;m3/s;94,72866388888889;bar;1948,963036111111;KVa;-38,11915079736111;cm;49,19482186472222;%;31,45460768029335;cm
2026-03-09 12:00:00.000;150,8031728576672;moh;49,98468764166846;Hz;1;None;2,395776612141666;m3/s;1943,6521491666667;kW;749,8365683333334;rpm;-91,69871805555556;KVar;92,23525305875;%;0,07027345879230555;Mill.m3;76,87558138662963;l/s;2,3194620468472222;m3/s;624714,9758880208;t;64,70000458;%;1,9280050381333333;None;93,23961303182374;mKVs;0;None;20,697492175194444;mm;0;m3/s;94,34331333333333;bar;1942,911995;KVa;-39,456938002027776;cm;46,84897369955556;%;31,321218002800226;cm
2026-03-09 13:00:00.000;150,7883435585525;moh;50,01566818121471;Hz;1;None;2,4065135088388887;m3/s;1941,2000933333334;kW;750,3300380555555;rpm;-68,98635277777778;KVar;92,76688480372222;%;0,06829520577716668;Mill.m3;76,43035485546979;l/s;2,3299671953583334;m3/s;624715,9747586112;t;64,70000458;%;1,938776016;None;93,23366367611906;mKVs;0;None;21,397785398833335;mm;0;m3/s;94,81116472222222;bar;1943,4329194444445;KVa;-41,15681118344445;cm;45,530138227222224;%;31,258660621795514;cm
2026-03-09 14:00:00.000;150,77036281385497;moh;50,0033942740056;Hz;1;None;2,626241810486112;m3/s;2133,137003611111;kW;750,0000072222222;rpm;-130,76824583333334;KVar;90,06913509355556;%;0,0655981258795;Mill.m3;75,2455431963865;l/s;2,5510034548194445;m3/s;624716,9747876041;t;73,1612795152459;%;2,142290183169445;None;92,04910129755997;mKVs;0;None;22,027104059916667;mm;0;m3/s;94,28257111111111;bar;2135,0500180555555;KVa;-42,9548517875;cm;43,73208490969444;%;31,04263805091287;cm
2026-03-09 15:00:00.000;150,75327934793074;moh;49,98339120178827;Hz;1;None;2,5267222205666666;m3/s;2042,9640166666666;kW;749,8332930555556;rpm;-101,04085055555555;KVar;91,5329860663611;%;0,063016083609;Mill.m3;74,53987710869342;l/s;2,4521569005666666;m3/s;624717,9748165626;t;69,15684041451541;%;2,0410995162388885;None;92,66461261544914;mKVs;0;None;22,629580391166666;mm;0;m3/s;94,41838138888889;bar;2044,94591;KVa;-44,66566721688889;cm;42,010723960944446;%;30,95000319043849;cm
2026-03-09 16:00:00.000;150,73769348641503;moh;49,97259388945483;Hz;1;None;2,518624544152778;m3/s;2038,0258227777779;kW;749,5033072222222;rpm;-97,04319444444444;KVar;91,64047717961111;%;0,06068309147038889;Mill.m3;73,75707592363756;l/s;2,4448476507888897;m3/s;624718,9748275173;t;69,06601932322224;%;2,040816069;None;92,64232047499506;mKVs;0;None;23,173945320083334;mm;0;m3/s;94,74403777777778;bar;2038,8893797222222;KVa;-46,223492090777775;cm;40,45539559216667;%;30,842001529362154;cm
2026-03-09 17:00:00.000;150,7183777450335;moh;49,99150071417057;Hz;0,9949998693939156;None;2,626919290925;m3/s;2134,912618888889;kW;749,8333219444445;rpm;-195,83672638888888;KVar;90,04052585838889;%;0,05778640100047222;Mill.m3;73,27611325237616;l/s;2,5536442511527775;m3/s;624719,974857552;t;73,11915053423498;%;2,142573627761111;None;91,9872654322906;mKVs;0;None;23,849839740333334;mm;0;m3/s;94,61104305555556;bar;2145,3954947222223;KVa;-48,15435197755556;cm;38,52426867980556;%;30,735337430387382;cm
2026-03-09 18:00:00.000;150,70058987456144;moh;50,00756623120135;Hz;1;None;2,6341614108138875;m3/s;2138,3966544444443;kW;750,1634269444445;rpm;-105,56078166666667;KVar;89,92534741261112;%;0,05512726485880555;Mill.m3;72,6805083430078;l/s;2,561476409594445;m3/s;624720,9748674132;t;73,5;%;2,1428570750000002;None;91,9416621686932;mKVs;0;None;24,470304913527777;mm;0;m3/s;94,52861;bar;2140,0800083333334;KVa;-49,932098389277776;cm;36,7515110435;%;30,633662202358888;cm
2026-03-09 19:00:00.000;150,6810735435584;moh;49,97673158564572;Hz;1;None;2,6359995013833335;m3/s;2141,275419722222;kW;749,5833405555555;rpm;-108,72884611111111;KVar;89,88387667477778;%;0,05218386948011111;Mill.m3;71,70939484617236;l/s;2,5642962329777776;m3/s;624721,9749117186;t;73,81131982381963;%;2,1428570750000002;None;91,92467170809604;mKVs;0;None;25,157097074305554;mm;0;m3/s;94,80884666666667;bar;2140,5031366666667;KVa;-51,88851250463889;cm;34,78924772344445;%;30,467651104179566;cm
2026-03-09 20:00:00.000;150,661357007168;moh;49,98313365002222;Hz;1;None;2,6312455283638894;m3/s;2136,5562458333334;kW;749,9166541666667;rpm;-182,64869305555555;KVar;89,94166672933333;%;0,04924673064544446;Mill.m3;70,83343822094591;l/s;2,5603666622361105;m3/s;624722,9749232465;t;74,30000305;%;2,1428570750000002;None;91,925330198021;mKVs;0;None;25,842429477444444;mm;0;m3/s;94,64744416666667;bar;2145,527476111111;KVa;-53,85302225713889;cm;32,83115501861111;%;30,308665372905253;cm
2026-03-09 21:00:00.000;150,64172792908926;moh;50,025731611334685;Hz;0,9992001793262518;None;2,6285613338416662;m3/s;2136,2589344444445;kW;750,2466522222222;rpm;-204,39542722222222;KVar;89,96706337380556;%;0,04628618898741667;Mill.m3;69,91768809635067;l/s;2,558639650236111;m3/s;624723,9749416667;t;74,30000305;%;2,1428570750000002;None;91,90033599547172;mKVs;0;None;26,533222621333334;mm;0;m3/s;91,70755277777778;bar;2147,383314166667;KVa;-55,819744534361114;cm;30,857458539555555;%;30,183990310271632;cm
2026-03-09 22:00:00.000;150,6217487326355;moh;50,00339849456176;Hz;0,9908333985200011;None;2,629157588975;m3/s;2136,8534519444443;kW;750,0866913888889;rpm;-226,53600166666666;KVar;89,94345302505556;%;0,04329442355883333;Mill.m3;68,91518491135888;l/s;2,5602452594833336;m3/s;624724,9749632118;t;74,30000305;%;2,1428570750000002;None;91,89966633981719;mKVs;0;None;27,231301201194444;mm;0;m3/s;89,92265194444444;bar;2147,2938405555556;KVa;-57,815954420055554;cm;28,862948311083333;%;29,99267316660258;cm
2026-03-09 23:00:00.000;150,6035568995095;moh;50,014064414939476;Hz;0,9908333651865008;None;2,5274622142944456;m3/s;2047,0529994444444;kW;750,1633072222222;rpm;-226,1148886111111;KVar;91,42822377908334;%;0,040501590075277774;Mill.m3;68,02906593546173;l/s;2,459280749119444;m3/s;624725,974971736;t;69,20854140772957;%;2,0212582517152775;None;92,4278327152441;mKVs;0;None;27,886001715694444;mm;0;m3/s;90,2493863888889;bar;2059,731638888889;KVa;-59,64270697761111;cm;27,001059323638888;%;29,850333616606438;cm
2026-03-10 00:00:00.000;150,61444919800775;moh;50,005100238501484;Hz;0,9265099204127951;None;0,8511852511052779;m3/s;633,3529113888889;kW;750,1666672222223;rpm;251,77798833333333;KVar;79,10708550355555;%;0,04215295882913889;Mill.m3;69,33549533518052;l/s;0,7818605065411111;m3/s;624726,9750200694;t;27,788524307280078;%;0,6122450233;None;97,0067815172238;mKVs;0;None;27,497717073527777;mm;0;m3/s;92,040905;bar;684,1241005555555;KVa;-58,56426239;cm;28,10197187475;%;30,048993100889785;cm
2026-03-10 01:00:00.000;150,6285573556805;moh;49,99846597884046;Hz;0,9422080780005304;None;0,8112226934844444;m3/s;616,246365;kW;750,1700180555556;rpm;215,05254083333332;KVar;78,5748983165;%;0,044267838603055554;Mill.m3;69,9479848576357;l/s;0,7412643798516667;m3/s;624727,975010434;t;27,30000114;%;0,6122450233;None;97,01632730574397;mKVs;0;None;27,004170946888888;mm;0;m3/s;93,29294305555555;bar;653,1244516666667;KVa;-57,14922587125;cm;29,511891895138888;%;30,1746649970578;cm
2026-03-10 02:00:00.000;150,64191126841774;moh;50,00239780303109;Hz;0,94350261285949;None;0,8101734204444445;m3/s;614,6569327777778;kW;749,9166680555555;rpm;212,71762611111112;KVar;78,54157572705556;%;0,04625278519880556;Mill.m3;70,47800573666555;l/s;0,7396751501583333;m3/s;624728,9750296702;t;27,30000114;%;0,6122450233;None;97,01699918435294;mKVs;0;None;26,541016895888887;mm;0;m3/s;88,00090444444444;bar;649,2037322222222;KVa;-55,81620534263889;cm;30,835189182694446;%;30,266330345384798;cm
2026-03-10 03:00:00.000;150,65509177982602;moh;50,006768280302374;Hz;0,948586761294666;None;0,8129181577186111;m3/s;616,0211855555556;kW;750,0867552777778;rpm;204,55240916666668;KVar;78,58486679988889;%;0,04824228296936111;Mill.m3;71,18177168622117;l/s;0,7417398111683334;m3/s;624729,9750796182;t;27,30000114;%;0,6122450233;None;97,05799161271476;mKVs;0;None;26,076800664361112;mm;0;m3/s;92,45868555555556;bar;648,7583858333334;KVa;-54,497087266083334;cm;32,161522357;%;30,374659857996342;cm
2026-03-10 04:00:00.000;150,66844635685993;moh;49,99326424540152;Hz;0,9439993318230291;None;0,7937575272458333;m3/s;599,6326025;kW;749,9131958333334;rpm;211,62620055555556;KVar;78,16694030791666;%;0,05023048420658333;Mill.m3;71,79793962105745;l/s;0,7218079085086111;m3/s;624730,9751286806;t;26,836074645568;%;0,6000340376875;None;97,0236070133234;mKVs;0;None;25,61288706422222;mm;0;m3/s;85,48778027777777;bar;634,6923280555555;KVa;-53,16190507694444;cm;33,48699061069444;%;30,482989574249515;cm
2026-03-10 05:00:00.000;150,6828437376508;moh;49,98506823826304;Hz;0,9597814730791902;None;0,8070998029444445;m3/s;610,2046352777778;kW;749,6701075;rpm;176,9396425;KVar;78,43561323;%;0,052402299145027774;Mill.m3;72,45956760310287;l/s;0,7346215208402777;m3/s;624731,9751446353;t;27,03127349758475;%;0,6122110094125;None;97,08333552599052;mKVs;0;None;25,106130174805557;mm;0;m3/s;85,95120333333334;bar;639,0182616666667;KVa;-51,72207302552778;cm;34,934867434;%;30,599659128703248;cm
2026-03-10 06:00:00.000;150,6763876595454;moh;49,9954905637175;Hz;0,9908897293651219;None;2,2880812267938886;m3/s;1857,1175016666666;kW;749,9132288888889;rpm;-245,01451472222223;KVar;92,93446820530555;%;0,051504669224055555;Mill.m3;71,38607983508844;l/s;2,2165384288649994;m3/s;624732,9751761806;t;62,512415226090795;%;1,884211952631389;None;93,32791525279299;mKVs;0;None;25,315577188777777;mm;0;m3/s;92,96561833333334;bar;1873,4741202777777;KVa;-52,35491010891667;cm;34,33644739816667;%;30,447270652378975;cm
2026-03-10 07:00:00.000;150,65899211416058;moh;49,994130959088764;Hz;0,9910391662805257;None;2,479496679777778;m3/s;2009,859305;kW;749,9166769444445;rpm;-240,97652805555555;KVar;92,1266367585;%;0,048889395003916675;Mill.m3;70,37682141379926;l/s;2,4090512387861107;m3/s;624733,9751874306;t;68,09485754679935;%;2,0149516877777778;None;92,65950263449668;mKVs;0;None;25,925807740444444;mm;0;m3/s;88,50243722222223;bar;2021,8110275;KVa;-54,09208085786111;cm;32,592931090027776;%;30,225690601096137;cm
2026-03-10 08:00:00.000;150,64134821725628;moh;50,009930422563706;Hz;0,9917230949173631;None;2,4575050393694444;m3/s;1991,0964147222223;kW;750,2464908333334;rpm;-220,87251111111112;KVar;92,37524655702778;%;0,04628645604947223;Mill.m3;69,70875973968553;l/s;2,387797807963889;m3/s;624734,9752021354;t;66,95621865251707;%;1,9898669029833336;None;92,79744129763543;mKVs;0;None;26,53316031527778;mm;0;m3/s;93,7026725;bar;1999,6384241666667;KVa;-55,85756937683333;cm;30,857636557555555;%;30,142018234111685;cm
2026-03-10 09:00:00.000;150,6484812625735;moh;50,00600775378901;Hz;0,9146967927881202;None;0,8592987643302777;m3/s;638,8537441666666;kW;749,9236572222222;rpm;270,6224511111111;KVar;78,96930363977778;%;0,047195422152111116;Mill.m3;71,01883877117945;l/s;0,7883577540525;m3/s;624735,975235139;t;28,031757671382092;%;0,603860568295;None;96,90125574174044;mKVs;0;None;26,321068233083334;mm;0;m3/s;94,559275;bar;702,6971158333333;KVa;-55,1636081275;cm;31,46361421486111;%;30,33229252206328;cm
2026-03-10 10:00:00.000;150,65791019767454;moh;50,02957060815364;Hz;0,9843254687825181;None;1,146736098784722;m3/s;908,0053608333334;kW;750,4096694444445;rpm;159,09106694444444;KVar;83,87581183202778;%;0,048677157940277785;Mill.m3;71,32898347797217;l/s;1,0702885511369444;m3/s;624736,975271059;t;35,645965833333335;%;0,9149316558872223;None;96,46859478342851;mKVs;0;None;25,97532971663889;mm;0;m3/s;94,56790611111111;bar;921,611945;KVa;-54,21051025444444;cm;32,45144001208333;%;30,421760674913916;cm
2026-03-10 11:00:00.000;150,67956091108795;moh;1,5724493865645142;Hz;0,0023517638407607277;None;0,08599835561780554;m3/s;1,2713897222222221;kW;40,042856944444445;rpm;2,0042166666666668;KVar;1,5100401984722223;%;0,05192521473044445;Mill.m3;72,2085255757617;l/s;0,013993077475555555;m3/s;624737,7567550695;t;36;%;0;None;97,68243257482989;mKVs;0;None;25,217450035805555;mm;0;m3/s;94,96500888888889;bar;2,4784919444444444;KVa;-52,05767313780556;cm;34,616810691611114;%;30,548454628571335;cm
2026-03-10 12:00:00.000;150,70844469479496;moh;0;Hz;0;None;0,07346500226672222;m3/s;0;kW;0;rpm;0;KVar;0;%;0,05624321636986111;Mill.m3;73,46923041206622;l/s;0;m3/s;624737,8125;t;36;%;0;None;97,6249968285229;mKVs;0;None;24,20991622086111;mm;0;m3/s;95,25844805555556;bar;0;KVa;-49,16701846588889;cm;37,49547873561111;%;30,746895335413623;cm
2026-03-10 13:00:00.000;150,73907340139326;moh;0;Hz;0;None;0,07475000232911111;m3/s;0;kW;0;rpm;0;KVar;0;%;0,06082354235541667;Mill.m3;74,75278973523565;l/s;0;m3/s;624737,8125;t;36;%;0;None;97,68333478815084;mKVs;0;None;23,141173468722222;mm;0;m3/s;92,01789194444444;bar;0;KVa;-46,105147467916666;cm;40,549029455555555;%;30,971889422735128;cm
2026-03-10 14:00:00.000;150,76890875430303;moh;4,2427714348144665;Hz;0,011371996752822725;None;0,07932877279858334;m3/s;4,786853611111111;kW;75,57224916666667;rpm;12,156184722222223;KVar;1,1157024701666667;%;0,06531874367769444;Mill.m3;75,97910579285897;l/s;0,003347107332833333;m3/s;624737,8205576737;t;35,14071722222222;%;0;None;97,69217264186416;mKVs;0;None;22,092293208416667;mm;0;m3/s;91,28787138888889;bar;13,219419722222222;KVa;-43,116675482611114;cm;43,5458301975;%;31,180653242035266;cm
2026-03-10 15:00:00.000;150,78935766424976;moh;49,99630292979;Hz;0,9521811641520461;None;0,7832092310058333;m3/s;590,2335275;kW;749,9653694444445;rpm;181,19505972222223;KVar;77,57749712205556;%;0,06836595024155556;Mill.m3;77,05336287665149;l/s;0,7061575502997222;m3/s;624738,4104662327;t;26,94129041219932;%;0,5983333570672221;None;97,0638220960381;mKVs;0;None;21,38127771927778;mm;0;m3/s;94,00940583333333;bar;616,68382;KVa;-41,07215033772222;cm;45,577301978638886;%;31,354870147644245;cm
2026-03-10 16:00:00.000;150,78076847612502;moh;50,00583380733408;Hz;0,9856339457569199;None;2,5911549395841664;m3/s;2156,9157472222223;kW;750,1321041666666;rpm;-357,7317088888889;KVar;89,69325948908333;%;0,06714486105158335;Mill.m3;76,20725677925795;l/s;2,514938267691389;m3/s;624739,4104862327;t;75,0005028802695;%;2,1955556034883337;None;91,73881050279755;mKVs;0;None;21,66619860366667;mm;0;m3/s;94,32051111111112;bar;2186,959842777778;KVa;-41,91094292547222;cm;44,76324189519445;%;31,218722884774156;cm
2026-03-10 17:00:00.000;150,76017682301148;moh;50,00874136764227;Hz;0,9899999499000001;None;2,6309745079416667;m3/s;2134,461711666667;kW;750,2013558333333;rpm;-305,10163694444446;KVar;90,01101141988889;%;0,06407037787266666;Mill.m3;75,31975158890299;l/s;2,5556511804527773;m3/s;624740,4104995138;t;73,75664226979444;%;2,143015805480556;None;91,97781151614642;mKVs;0;None;22,383578618722222;mm;0;m3/s;94,68984166666667;bar;2155,5698152777777;KVa;-43,97446950230555;cm;42,71358617236111;%;31,08680005206117;cm
2026-03-10 18:00:00.000;150,73935691475072;moh;50,01938596273489;Hz;0,9899999499000001;None;2,626652028883334;m3/s;2130,392531666667;kW;750,3333775;rpm;-299,18762;KVar;90,0596716783889;%;0,060952835830999995;Mill.m3;74,33459364942351;l/s;2,552342249866667;m3/s;624741,4105197396;t;73,55692535125102;%;2,1428570750000002;None;91,94513503257093;mKVs;0;None;23,111005148;mm;0;m3/s;94,82925138888889;bar;2149,9476447222223;KVa;-46,05282253675;cm;40,63522466061111;%;30,915258142729133;cm
2026-03-10 19:00:00.000;150,71812337408969;moh;50,02402462281625;Hz;0,9908334207423346;None;2,6352783978638876;m3/s;2141,511928888889;kW;750,3820211111112;rpm;-298,92945333333336;KVar;89,92505079861111;%;0,057773081804555565;Mill.m3;73,77920630785542;l/s;2,561496675572222;m3/s;624742,4105420313;t;73,2069324187933;%;2,1428570750000002;None;91,87154115621516;mKVs;0;None;23,85294765925;mm;0;m3/s;94,67693166666666;bar;2162,590852777778;KVa;-48,178515964666666;cm;38,51538891208333;%;30,836795016000508;cm
2026-03-10 20:00:00.000;150,69733111632073;moh;50,018191224884916;Hz;0,9899999499000001;None;2,633326174977778;m3/s;2142,5008708333335;kW;750,2012908333334;rpm;-305,0936125;KVar;89,94464412072222;%;0,05465599695805556;Mill.m3;73,15881514325962;l/s;2,560164325633334;m3/s;624743,4105806771;t;73,20000458;%;2,1428570750000002;None;91,87500349414249;mKVs;0;None;24,580267376416668;mm;0;m3/s;94,38937166666666;bar;2162,9604019444446;KVa;-50,26097615627778;cm;36,43733257819444;%;30,703468550955336;cm
2026-03-10 21:00:00.000;150,6791831977847;moh;49,99000008300498;Hz;0,9899999499000001;None;2,518635076963889;m3/s;2038,0261022222223;kW;749,916695;rpm;-266,7499286111111;KVar;91,62142810811112;%;0,051926683157277775;Mill.m3;72,4413123159404;l/s;2,4461799674249995;m3/s;624744,410632934;t;69,07171375439272;%;2,035430584697222;None;92,48351536713797;mKVs;0;None;25,21710734922222;mm;0;m3/s;94,83999722222222;bar;2054,2491394444446;KVa;-52,074432373;cm;34,617789798;%;30,586796885382466;cm
2026-03-10 22:00:00.000;150,67028490394398;moh;50,00978987204961;Hz;0,9933330804877893;None;2,0507907801277776;m3/s;1642,8194627777777;kW;750,2153047222222;rpm;-174,4709736111111;KVar;92,89933357358333;%;0,05054712251072223;Mill.m3;72,26272210506016;l/s;1,9778957184416666;m3/s;624745,4106498958;t;56,29196151714654;%;1,632652998;None;94,28205034232458;mKVs;0;None;25,539004641833333;mm;0;m3/s;94,66805916666667;bar;1651,8200425;KVa;-52,96998341769444;cm;33,698083243333336;%;30,566670947793085;cm
2026-03-10 23:00:00.000;150,67480735086417;moh;49,99326691415516;Hz;0,9988194746411532;None;1,2054267980555555;m3/s;933,3077030555555;kW;749,9021355555556;rpm;51,843145;KVar;85,60361989325;%;0,05118546744552779;Mill.m3;72,59417225986013;l/s;1,1329125097888886;m3/s;624746,4111152083;t;36,36508234998726;%;0,9203511558938889;None;96,41428794741283;mKVs;0;None;25,390057456527778;mm;0;m3/s;94,71906888888888;bar;935,0092875;KVa;-52,526351079777776;cm;34,123646629111114;%;30,6138660993562;cm
2026-03-11 00:00:00.000;150,65978474061657;moh;49,96243015033365;Hz;0,9878469540379723;None;2,582507575869445;m3/s;2105,095043888889;kW;749,3819502777778;rpm;-348,39223111111113;KVar;90,12642981094444;%;0,04901552885319444;Mill.m3;71,63859736045566;l/s;2,5118218123305556;m3/s;624747,4107206597;t;72,31370226785548;%;2,1394557137588897;None;91,96000031590975;mKVs;0;None;25,896376717055556;mm;0;m3/s;94,77655888888889;bar;2133,1654247222223;KVa;-54,008818731472225;cm;32,67701996291667;%;30,49861207805925;cm
2026-03-11 01:00:00.000;150,66742993394533;moh;49,99409558304256;Hz;0,9816657239771998;None;0,9912050561833333;m3/s;748,9983113888889;kW;749,8819272222222;rpm;131,67244166666666;KVar;81,60629547908333;%;0,050074710158138885;Mill.m3;72,37904080844673;l/s;0,9186787916486113;m3/s;624748,4107188368;t;31,424949045877664;%;0,7182542822047222;None;96,73254041814329;mKVs;0;None;25,64923413463889;mm;0;m3/s;95,12284777777778;bar;760,8857969444445;KVa;-53,266037834361114;cm;33,383141799916665;%;30,57291269373385;cm
2026-03-11 02:00:00.000;150,68017896854917;moh;49,99840246329096;Hz;0,9874998217445695;None;0,9279673322997224;m3/s;711,3708869444445;kW;750,2014113888889;rpm;115,59283444444445;KVar;80,96108900730556;%;0,05199634530925;Mill.m3;72,89998831336054;l/s;0,8550673549433331;m3/s;624749,4107730383;t;30,21666810944001;%;0,7142860293;None;96,7801529250433;mKVs;0;None;25,200852712583334;mm;0;m3/s;94,48425972222222;bar;719,0938758333333;KVa;-51,98826259980556;cm;34,66423161730555;%;30,666665522215467;cm
2026-03-11 03:00:00.000;150,7052673257595;moh;1,6880142280387775;Hz;0,005834233139554095;None;0,08805779564355555;m3/s;3,20178;kW;42,24505833333333;rpm;1,7377586111111112;KVar;1,3502251943333334;%;0,055711733673638894;Mill.m3;73,76791753494672;l/s;0,014292792479999998;m3/s;624750,1454349826;t;30,20000076;%;0;None;97,57390053963003;mKVs;0;None;24,333928849666666;mm;0;m3/s;95,23522861111111;bar;3,9872405555555557;KVa;-49,48609669911111;cm;37,141156936361114;%;30,809713617958252;cm
2026-03-11 04:00:00.000;150,73612508097247;moh;0;Hz;0;None;0,0751149995858611;m3/s;0;kW;0;rpm;0;KVar;0;%;0,06033172589883333;Mill.m3;75,12236946094606;l/s;0;m3/s;624750,1875;t;30,20000076;%;0;None;97,60485483341225;mKVs;0;None;23,25593058336111;mm;0;m3/s;94,96997083333333;bar;0;KVa;-46,401901246;cm;40,22115198688889;%;31,034712548573854;cm
2026-03-11 05:00:00.000;150,7703597911505;moh;4,543319741519872;Hz;0,026947290940774478;None;0,08448440937866666;m3/s;11,917862777777778;kW;77,331085;rpm;13,428334722222223;KVar;1,7317384719444444;%;0,06550357848719443;Mill.m3;76,62566632677463;l/s;0,007866074972222222;m3/s;624750,20128875;t;29,542129115030047;%;0;None;97,52047893221471;mKVs;0;None;22,049165089416668;mm;0;m3/s;91,14893555555555;bar;18,517190833333334;KVa;-42,972034879055556;cm;43,669053395527776;%;31,29790120374865;cm
2026-03-11 06:00:00.000;150,79798104067982;moh;49,981593868385815;Hz;0,9783153153554071;None;0,9232558719838889;m3/s;708,2752630555556;kW;749,8544777777778;rpm;138,294455;KVar;80,717789459;%;0,06979811278505556;Mill.m3;78,21258943819988;l/s;0,8451943934797223;m3/s;624750,8556363889;t;30,298591803847835;%;0,7123019014408333;None;96,90317631893292;mKVs;0;None;21,030022472916666;mm;0;m3/s;91,01559361111111;bar;722,6612802777778;KVa;-40,216310288694444;cm;46,532076243805555;%;31,559462059288304;cm
2026-03-11 07:00:00.000;150,80944109069654;moh;49,9941517494371;Hz;0,9995070524142177;None;1,6948430284655553;m3/s;1356,8275197222222;kW;749,8818044444445;rpm;20,437396944444444;KVar;90,60270345519444;%;0,07183384618191668;Mill.m3;79,05892974030685;l/s;1,6158967326000004;m3/s;624751,8556456077;t;47,93684432482673;%;1,3757085574147223;None;95,30354312155191;mKVs;0;None;20,49548288877778;mm;0;m3/s;88,42347861111111;bar;1356,021618611111;KVa;-39,06474219472222;cm;47,88923163877778;%;31,679847266750354;cm
2026-03-11 08:00:00.000;150,82659610593782;moh;49,959945130225705;Hz;0,9767662646415776;None;1,2099202674805556;m3/s;934,0912469444445;kW;749,3681722222223;rpm;200,58011416666668;KVar;85,60132054258334;%;0,0749532526978889;Mill.m3;79,5714948005052;l/s;1,1305941695805557;m3/s;624752,8556470834;t;36,65846206533777;%;0,9196425391216667;None;96,4488839210564;mKVs;0;None;19,627091089777778;mm;0;m3/s;92,93790222222222;bar;955,0308375;KVa;-37,340321010277776;cm;49,96883557725;%;31,78667345784384;cm
2026-03-11 09:00:00.000;150,84261346566905;moh;49,98624093084871;Hz;0,9998266831542394;None;2,2524355156583336;m3/s;1818,3261994444445;kW;749,9651330555556;rpm;-25,697420277777777;KVar;93,3617133675;%;0,07846175231472222;Mill.m3;80,5081832073947;l/s;2,172380635786111;m3/s;624753,8556788542;t;61,02370986881586;%;1,8341839878283333;None;93,62752247471076;mKVs;0;None;18,673017925611113;mm;0;m3/s;91,80023222222222;bar;1817,7565330555556;KVa;-35,74636671202778;cm;52,30783516480555;%;31,91802521865652;cm
2026-03-11 10:00:00.000;150,88220308619566;moh;49,98544973006962;Hz;0,8394581565705935;None;0,8556081220616667;m3/s;643,786355;kW;749,7516411111111;rpm;399,35336472222224;KVar;78,0186877575;%;0,0863297091378889;Mill.m3;81,93617517626055;l/s;0,7739989929669445;m3/s;624754,8556975173;t;28,078569847549563;%;0,6354876488977778;None;97,00480158372106;mKVs;0;None;16,50932969025;mm;0;m3/s;93,83882666666666;bar;763,5253425;KVa;-31,799337598444446;cm;57,55314006761111;%;32,13696530089588;cm
2026-03-11 11:00:00.000;150,93435054051443;moh;50,00377903309238;Hz;1;None;2,495829040478611;m3/s;2017,3176475;kW;749,9166872222222;rpm;-93,55248972222222;KVar;91,715945499;%;0,09667838201252779;Mill.m3;83,85058612140533;l/s;2,412267025421111;m3/s;624755,851527118;t;67,91191084211985;%;2,020974804476389;None;92,78677326284108;mKVs;0;None;13,663444942888889;mm;0;m3/s;93,9071125;bar;2020,1221711111111;KVa;-26,59664154097222;cm;64,45225481444444;%;32,43340265956918;cm
2026-03-11 12:00:00.000;151,005835276339;moh;50,00028818007222;Hz;0,8540109974639382;None;0,858606232043611;m3/s;630,5414325;kW;749,8333261111111;rpm;384,11779333333334;KVar;79,06024985886111;%;0,11098073385527778;Mill.m3;85,61928520643326;l/s;0,7731245350480555;m3/s;624756,8515327257;t;27,606570166128492;%;0,6122450233;None;97,10419982107727;mKVs;0;None;9,794549095244443;mm;0;m3/s;90,38995222222222;bar;737,8301655555556;KVa;-19,44490644672222;cm;73,98715574505556;%;32,69516173639099;cm
2026-03-11 13:00:00.000;151,07799922724513;moh;50,00538980936046;Hz;0,8447406315253064;None;0,8325995133072586;m3/s;618,4627286111111;kW;749,9732958333333;rpm;394,26220222222224;KVar;78,64754158761176;%;0,12551054537606532;Mill.m3;88,1003889043678;l/s;0,7447372556150419;m3/s;624756,9627343229;t;26,932365514431215;%;0,6122433226193796;None;97,23601932407544;mKVs;0;None;6,122258900433788;mm;0;m3/s;93,55584222222222;bar;730,0034361111111;KVa;-12,205899166522974;cm;83,67369787537461;%;33,07800057917142;cm
2026-03-11 14:00:00.000;151,1309288915685;moh;49,969198209953746;Hz;0,9928506811893348;None;1,6522238520997221;m3/s;1311,5347780555555;kW;749,5282755555555;rpm;142,20735666666667;KVar;90,16443924402778;%;0,13610840789444442;Mill.m3;90,07076858284982;l/s;1,5622453705888888;m3/s;624758,8612141841;t;46,360639947548364;%;1,3245469251397224;None;95,79054048784033;mKVs;0;None;3,4728982713;mm;0;m3/s;91,0623425;bar;1317,2586047222221;KVa;-6,917470296177777;cm;90,73893850202778;%;33,36683030354594;cm
2026-03-11 15:00:00.000;151,15471242851987;moh;49,98909933689688;Hz;0,9941666318860833;None;2,6041168390694445;m3/s;2110,777941388889;kW;749,9433708333333;rpm;-214,03189083333334;KVar;90,25427580844445;%;0,14087716661222222;Mill.m3;90,89999783473834;l/s;2,5143675948166666;m3/s;624759,8612181076;t;71,4860860022482;%;2,1405895027166673;None;92,36879215012868;mKVs;0;None;2,2807078891000003;mm;0;m3/s;86,83668666666667;bar;2119,907665;KVa;-4,525595770980555;cm;93,91811224711111;%;33,49999979055302;cm
2026-03-11 16:00:00.000;151,16860770011053;moh;49,97056285729679;Hz;0,9913832179412492;None;2,6486602465027773;m3/s;2135,5894155555557;kW;749,4449577777777;rpm;-237,05213833333335;KVar;89,9838786665;%;0,14369711065583332;Mill.m3;91,12476931719371;l/s;2,5574962159611103;m3/s;624760,8612576389;t;72,44150097643207;%;2,1428570750000002;None;92,27289794534339;mKVs;0;None;1,5757221645305555;mm;0;m3/s;90,59531638888889;bar;2146,025523888889;KVa;-3,143403795033333;cm;95,79807336608333;%;33,54579425901879;cm
2026-03-11 17:00:00.000;151,1814550488793;moh;49,999769031916;Hz;0,9899999499000001;None;2,6517079963916674;m3/s;2135,943518611111;kW;749,9450091666666;rpm;-260,9873827777778;KVar;89,94414755508333;%;0,14625335512555557;Mill.m3;91,51114156124387;l/s;2,560198014936111;m3/s;624761,8612702431;t;72,48350033523205;%;2,1428570750000002;None;92,34717933207625;mKVs;0;None;0,936660766611389;mm;0;m3/s;93,91328805555555;bar;2148,1081380555556;KVa;-1,8602837456694445;cm;97,50223854930556;%;33,57500649538719;cm
2026-03-11 18:00:00.000;151,19632515746164;moh;49,99501201874637;Hz;0,9977832000049988;None;2,6490564093194444;m3/s;2133,8855547222224;kW;750,1115858333334;rpm;-205,40758833333334;KVar;89,98566462172222;%;0,14922939656472223;Mill.m3;91,68511565534025;l/s;2,557374801786111;m3/s;624762,8612922222;t;72,5;%;2,1428570750000002;None;92,34999942893238;mKVs;0;None;0,20016309950824615;mm;0;m3/s;93,19666527777778;bar;2141,456276666667;KVa;-0,3725221421959972;cm;99,48626503491667;%;33,60833563472009;cm
2026-03-11 19:00:00.000;151,21152928177236;moh;50,005816413737385;Hz;0,9991663152677048;None;2,645903701902778;m3/s;2135,0805419444446;kW;750,1383066666667;rpm;-201,32217888888889;KVar;90,03759962555556;%;0,15228356867166665;Mill.m3;92,08983888321139;l/s;2,5538432379333327;m3/s;624763,8613318575;t;72,5;%;2,1428570750000002;None;92,37499943698246;mKVs;0;None;0;mm;0;m3/s;83,49826166666666;bar;2145,642548888889;KVa;1,1481899685547223;cm;101,522380465;%;33,66950531075454;cm
2026-03-11 20:00:00.000;151,2279710352005;moh;49,9997301741294;Hz;1;None;2,6525786803250004;m3/s;2137,5048519444445;kW;750,0282658333333;rpm;-202,45841194444444;KVar;89,9453856126111;%;0,15553892237083333;Mill.m3;92,46696429369712;l/s;2,560113714758333;m3/s;624764,8613793923;t;72,5;%;2,1428570750000002;None;92,36666950721002;mKVs;0;None;0;mm;0;m3/s;86,9174075;bar;2144,2718086111113;KVa;2,790561252080556;cm;103,69261559722223;%;33,72782728147489;cm
2026-03-11 21:00:00.000;151,24449212393276;moh;49,94633731683991;Hz;1;None;2,6560661017555556;m3/s;2137,195005555556;kW;749,1934483333333;rpm;-196,57695777777778;KVar;89,90188431011111;%;0,1588501149677778;Mill.m3;92,98765994228593;l/s;2,5630718243638895;m3/s;624765,8613582987;t;72,5;%;2,1428570750000002;None;92,37783139393562;mKVs;0;None;0;mm;0;m3/s;89,92936;bar;2146,048998333333;KVa;4,442011515244444;cm;105,90007609027778;%;33,808334125308946;cm
2026-03-11 22:00:00.000;151,2610364576715;moh;50,031229880534376;Hz;0,9991665680467491;None;2,6511319557361115;m3/s;2136,705737777778;kW;750,4731588888889;rpm;-205,46502555555554;KVar;89,97971195658333;%;0,16217527544972224;Mill.m3;93,36735635967955;l/s;2,5577795405583332;m3/s;624766,8618253646;t;72,5;%;2,1428570750000002;None;92,41055558901556;mKVs;0;None;0;mm;0;m3/s;93,38803694444445;bar;2145,514346666667;KVa;6,0990227594805555;cm;108,11685126972222;%;33,869492748031554;cm
2026-03-11 23:00:00.000;151,27709867810876;moh;50,0158059535152;Hz;0,9963844402194695;None;2,6531843458111117;m3/s;2136,6669697222223;kW;750,4435752777778;rpm;-218,84648638888888;KVar;89,95431533372222;%;0,16537110930249999;Mill.m3;93,67808953211876;l/s;2,5595065335361116;m3/s;624767,8614014063;t;72,5;%;2,1428570750000002;None;92,45551095847053;mKVs;0;None;0;mm;0;m3/s;89,86639222222222;bar;2147,0968225;KVa;7,704442342127777;cm;110,24740667222223;%;33,91115633372327;cm
2026-03-12 00:00:00.000;151,29152574385597;moh;49,99669313639161;Hz;0,9899999499000001;None;2,6558037645194443;m3/s;2140,7966302777777;kW;750,0282483333333;rpm;-245,96307638888888;KVar;89,92256953041667;%;0,1682679652363889;Mill.m3;94,17526195349117;l/s;2,561665279997223;m3/s;624768,8614418751;t;72,5;%;2,1428570750000002;None;92,46115667764526;mKVs;0;None;0;mm;0;m3/s;84,57591444444445;bar;2153,377829722222;KVa;9,147037929841666;cm;112,1786451786111;%;33,98051460368668;cm
2026-03-12 01:00:00.000;151,3050996259934;moh;50,00415381966889;Hz;0,9936152707904446;None;2,649486448833334;m3/s;2137,694741111111;kW;750,1666911111112;rpm;-226,18078888888888;KVar;90,02172550586111;%;0,17099576417472223;Mill.m3;94,550369339272;l/s;2,554922608713889;m3/s;624769,8614553993;t;72,5;%;2,1428570750000002;None;92,51666663388548;mKVs;0;None;0;mm;0;m3/s;88,84641305555556;bar;2148,749527777778;KVa;10,505655075827777;cm;113,99717580333333;%;34,03064591234269;cm
2026-03-12 02:00:00.000;151,31471409260152;moh;49,9925109663938;Hz;0,999166604158041;None;2,6513329294694445;m3/s;2140,427531388889;kW;749,9166647222222;rpm;-206,45107611111112;KVar;89,99841230083334;%;0,17291948842694443;Mill.m3;94,82499745695885;l/s;2,556507899955556;m3/s;624770,8615052778;t;72,5;%;2,1428570750000002;None;92,53333498996685;mKVs;0;None;0;mm;0;m3/s;89,79485111111111;bar;2152,255132777778;KVa;11,468904283027777;cm;115,27966069027778;%;34,07500124526696;cm
2026-03-12 03:00:00.000;151,3234570529572;moh;50,01776922429307;Hz;0,9955519804933116;None;2,652203950566667;m3/s;2139,2204119444445;kW;750,1666777777777;rpm;-225,3875975;KVar;89,99002943975;%;0,17466922283694444;Mill.m3;95,1349382800124;l/s;2,557077930449999;m3/s;624771,861492066;t;72,5;%;2,1428570750000002;None;92,5;mKVs;0;None;0;mm;0;m3/s;86,74764833333333;bar;2149,930493611111;KVa;12,341829935777778;cm;116,44614856388888;%;34,11666563343907;cm
2026-03-12 04:00:00.000;151,32955781921544;moh;49,98694771374283;Hz;0,9952817096948172;None;2,6581344398972218;m3/s;2138,9426866666668;kW;749,9166819444445;rpm;-233,64945944444443;KVar;89,91210254980555;%;0,17590006415972223;Mill.m3;95,75567540657629;l/s;2,562376993983333;m3/s;624772,8615202605;t;72,34436792898083;%;2,1428570750000002;None;92,51666743942874;mKVs;0;None;0;mm;0;m3/s;93,22070333333333;bar;2150,9258930555557;KVa;12,955869038972223;cm;117,26671041833333;%;34,19448365163534;cm
2026-03-12 05:00:00.000;151,33550005894438;moh;50,008905380538636;Hz;0,992218252680308;None;2,659753586830555;m3/s;2140,2644638888887;kW;750,1114508333334;rpm;-245,9201138888889;KVar;89,89588124991667;%;0,17714268840444441;Mill.m3;96,27866911395591;l/s;2,563466460186111;m3/s;624773,8615416319;t;72,455631343299;%;2,1428570750000002;None;92,55833519079125;mKVs;0;None;0;mm;0;m3/s;92,73777138888889;bar;2154,629070277778;KVa;13,53853437661111;cm;118,0951260311111;%;34,286149033859665;cm
2026-03-12 06:00:00.000;151,33892512502987;moh;50,0174776494026;Hz;0,9986146708373134;None;2,658535615508334;m3/s;2138,4605322222224;kW;750,2218755555556;rpm;-203,82277444444443;KVar;89,91483014325;%;0,17778736489027774;Mill.m3;96,34856101750974;l/s;2,562191465911111;m3/s;624774,8615783333;t;72,5;%;2,1428570750000002;None;92,594479047915;mKVs;0;None;0;mm;0;m3/s;89,44689611111112;bar;2146,2033255555557;KVa;13,891457453277777;cm;118,52491057916667;%;34,277811018568414;cm
2026-03-12 07:00:00.000;151,34219274047774;moh;49,99606331476368;Hz;1;None;2,657790107727778;m3/s;2140,708602222222;kW;749,8393386111111;rpm;-182,91002833333334;KVar;89,92698368277777;%;0,17840132711194442;Mill.m3;96,44760156514711;l/s;2,5613650859305555;m3/s;624775,8615694097;t;72,5;%;2,1428570750000002;None;92,59658504775962;mKVs;0;None;0;mm;0;m3/s;90,44826666666667;bar;2148,79394;KVa;14,216228062333334;cm;118,93421831555555;%;34,30552233869828;cm
2026-03-12 08:00:00.000;151,341319353006;moh;49,992526573387316;Hz;1;None;2,6554647240083336;m3/s;2140,7289808333335;kW;749,8614136111111;rpm;-171,57268305555556;KVar;89,96770712444444;%;0,17823400446472223;Mill.m3;96,85749605544642;l/s;2,558595815163889;m3/s;624776,8616116839;t;72,5;%;2,1428570750000002;None;92,62780541895806;mKVs;0;None;0;mm;0;m3/s;93,13946722222222;bar;2149,2607177777777;KVa;14,130906001777777;cm;118,82267164111111;%;34,3778098273772;cm
2026-03-12 09:00:00.000;151,3460072059768;moh;49,97276883818597;Hz;1;None;2,6581039207972212;m3/s;2142,2634419444444;kW;749,5832947222223;rpm;-165,2790202777778;KVar;89,93744879744445;%;0,17919282242166665;Mill.m3;97,44855123342111;l/s;2,5606533482916665;m3/s;624777,8616672743;t;72,46105803831841;%;2,1428570750000002;None;92,60832889342485;mKVs;0;None;0;mm;0;m3/s;93,63724888888889;bar;2147,7974580555556;KVa;14,590284562;cm;119,46188496916666;%;34,4528075403907;cm
2026-03-12 10:00:00.000;151,3541834362953;moh;50,02086907645615;Hz;1;None;2,659584076555555;m3/s;2141,0563108333336;kW;750,1661263888889;rpm;-91,14589111111111;KVar;89,66851196325;%;0,18091796823361112;Mill.m3;97,89275212974786;l/s;2,5548366851333335;m3/s;624778,8629038368;t;72,40561093945513;%;2,1428570750000002;None;92,60212484538847;mKVs;0;None;0;mm;0;m3/s;93,143465;bar;2142,0838669444443;KVa;15,40980445111111;cm;120,61197855638889;%;34,51199931027389;cm
2026-03-12 11:00:00.000;151,36919901008477;moh;50,020830343134335;Hz;1;None;2,661115118486111;m3/s;2140,737611111111;kW;750,41664;rpm;-74,9031425;KVar;89,90714172622222;%;0,1837225936027778;Mill.m3;98,45988257407333;l/s;2,5627041844388887;m3/s;624779,8557288715;t;72,5;%;2,1428570750000002;None;92,59262981177406;mKVs;0;None;0;mm;0;m3/s;85,69659861111111;bar;2141,1265825;KVa;16,91715240588889;cm;122,48172929416667;%;34,5754822378302;cm
2026-03-12 12:00:00.000;151,38927370782548;moh;49,99565848596071;Hz;1;None;2,6603117266916665;m3/s;2140,8466588888887;kW;749,8332855555556;rpm;-67,51431305555556;KVar;89,92653636705556;%;0,18771172641250006;Mill.m3;98,87969970960785;l/s;2,5613953875194446;m3/s;624780,8557733333;t;72,3657040480445;%;2,1428570750000002;None;92,60268274275143;mKVs;0;None;0;mm;0;m3/s;93,45786694444445;bar;2142,148725833333;KVa;18,913002016055554;cm;125,14115211333333;%;34,61666567625166;cm
2026-03-12 13:00:00.000;151,4073108934997;moh;50,00010007464054;Hz;1;None;2,661963061525;m3/s;2142,978447777778;kW;750,0508552777778;rpm;-51,39134277777778;KVar;89,90907552438888;%;0,1910562545772222;Mill.m3;99,38599066020724;l/s;2,5625827046444445;m3/s;624781,8581033507;t;72,14807404327541;%;2,1428570750000002;None;92,60535118020888;mKVs;0;None;0;mm;0;m3/s;89,54247111111111;bar;2139,0827480555554;KVa;20,71589575875;cm;127,37083633472223;%;34,70581511803147;cm
2026-03-12 14:00:00.000;151,42291271499397;moh;49,98323653028856;Hz;1;None;2,6623043179055554;m3/s;2144,3401994444444;kW;749,6618669444445;rpm;-50,87819944444445;KVar;89,91066411536112;%;0,19337344690222222;Mill.m3;99,85327170207258;l/s;2,562474770252778;m3/s;624782,8558180903;t;72,04999973499235;%;2,1428570750000002;None;92,60833231024512;mKVs;0;None;0;mm;0;m3/s;90,08219527777777;bar;2142,098287222222;KVa;22,2828420015;cm;128,91563499972222;%;34,77499681448709;cm
2026-03-12 15:00:00.000;151,43455812121184;moh;49,93754668663916;Hz;1;None;2,665873483719445;m3/s;2142,9990725;kW;749,2500069444444;rpm;-64,94907111111111;KVar;89,86870142697222;%;0,19510232937638888;Mill.m3;100,57433786712647;l/s;2,5653283829111113;m3/s;624783,8558456424;t;71,90000153;%;2,1428570750000002;None;92,62500010644366;mKVs;0;None;0;mm;0;m3/s;93,50957611111112;bar;2145,229051388889;KVa;23,452682494583332;cm;130,06822459666665;%;34,87500102802307;cm
2026-03-12 16:00:00.000;151,44054182723244;moh;50,028599366847;Hz;1;None;2,6616219333750006;m3/s;2141,5736594444443;kW;750,6667083333333;rpm;-150,50575138888888;KVar;89,93938511663889;%;0,19601574171500002;Mill.m3;101,11511111641376;l/s;2,5605218741972218;m3/s;624784,8558535764;t;72,01856461110597;%;2,1428570750000002;None;92,61619552124587;mKVs;0;None;0;mm;0;m3/s;93,44033083333333;bar;2146,8907169444446;KVa;24,04884762211111;cm;130,6771647288889;%;34,97547400441648;cm
2026-03-12 17:00:00.000;151,450329270002;moh;50,007925513762025;Hz;1;None;2,664244229738889;m3/s;2143,1058469444442;kW;750,3428030555556;rpm;-158,54612666666668;KVar;89,90798579230555;%;0,1974307738197223;Mill.m3;101,58483465125707;l/s;2,562656970336111;m3/s;624785,8558686977;t;72,2990572505639;%;2,1428570750000002;None;92,64214156409382;mKVs;0;None;0;mm;0;m3/s;89,96923861111111;bar;2147,330341388889;KVa;25,022794934444445;cm;131,6205181538889;%;35,000475197767315;cm
2026-03-12 18:00:00.000;151,46183136563118;moh;50,00938431945136;Hz;1;None;2,6634676799527774;m3/s;2146,2403419444445;kW;749,9024625;rpm;-167,73600444444443;KVar;89,93174709780556;%;0,1990006854219445;Mill.m3;102,43420886903698;l/s;2,5610413500916667;m3/s;624786,8559022049;t;72,0499972897521;%;2,1428570750000002;None;92,6416705715654;mKVs;0;None;0;mm;0;m3/s;93,26433472222222;bar;2148,1894916666665;KVa;26,178749931972224;cm;132,66712697111112;%;35,15093864277199;cm
2026-03-12 19:00:00.000;151,4803209563503;moh;49,99845898981489;Hz;0,9908330068513722;None;2,667454802894445;m3/s;2146,410514722222;kW;750,1714169444444;rpm;-231,3202725;KVar;89,87544614675;%;0,20195531303499994;Mill.m3;102,56502424411138;l/s;2,564869620366667;m3/s;624787,855734045;t;72,06666714664372;%;2,1428570750000002;None;92,73411633601957;mKVs;0;None;0;mm;0;m3/s;90,63504055555556;bar;2156,1195175;KVa;28,031569586694445;cm;134,63687981333334;%;35,199350021623296;cm
2026-03-12 20:00:00.000;151,5005410891936;moh;49,99773410980181;Hz;0,9974529705727797;None;2,663751460363889;m3/s;2140,5130719444446;kW;750;rpm;-205,65687861111113;KVar;89,94117092461111;%;0,205120431295;Mill.m3;103,32162633075217;l/s;2,5604004270388887;m3/s;624788,8559260591;t;71,9323961454659;%;2,1428570750000002;None;92,72547094704731;mKVs;0;None;0;mm;0;m3/s;93,18095222222222;bar;2150,323457777778;KVa;30,057169597;cm;136,74695841722223;%;35,275478720044475;cm
2026-03-12 21:00:00.000;151,5217420282965;moh;50,012124989227026;Hz;0,9992135071708018;None;2,659501845133334;m3/s;2142,4837522222224;kW;750,16201;rpm;-131,63197055555557;KVar;90,00818311941667;%;0,20835831764944446;Mill.m3;103,60426193838411;l/s;2,555843498297222;m3/s;624789,8559528125;t;71,90000153;%;2,1428570750000002;None;92,80786781934259;mKVs;0;None;0;mm;0;m3/s;93,43532833333333;bar;2144,161487777778;KVa;32,1975496085;cm;138,9052717413889;%;35,300460330024606;cm
2026-03-12 22:00:00.000;151,54083644534927;moh;49,992649255550006;Hz;1;None;2,660132682311111;m3/s;2136,2290552777777;kW;750,0879986111111;rpm;-175,63739722222223;KVar;90,00223104708333;%;0,2111518494016667;Mill.m3;103,79902330261828;l/s;2,55624818215;m3/s;624790,8559517013;t;71,86666792723408;%;2,1428570750000002;None;92,86348707262654;mKVs;0;None;0;mm;0;m3/s;92,25056305555556;bar;2142,454187222222;KVa;34,076169331277775;cm;140,767903655;%;35,34120397246639;cm
2026-03-12 23:00:00.000;151,555411731841;moh;50,00324090404541;Hz;1;None;2,6566530135027784;m3/s;2126,1815780555557;kW;750,0787425;rpm;-185,44583277777778;KVar;90,05213266975;%;0,21326168205527776;Mill.m3;104,0152559121435;l/s;2,5528549915749994;m3/s;624791,8559915973;t;71,90000153;%;2,1428570750000002;None;92,92008023103202;mKVs;0;None;0;mm;0;m3/s;84,99205166666667;bar;2133,44205;KVa;35,54581536138889;cm;142,1744588088889;%;35,375463106971864;cm
2026-03-13 00:00:00.000;151,567454974866;moh;49,96189586455227;Hz;0,9999540831032908;None;2,659270140180556;m3/s;2128,2046677777776;kW;749,4258547222222;rpm;-193,6738897222222;KVar;90,01944431630555;%;0,21508975539833333;Mill.m3;104,22535872295806;l/s;2,555077799758333;m3/s;624792,8560434722;t;71,90000153;%;2,1428570750000002;None;92,87591678410344;mKVs;0;None;0;mm;0;m3/s;90,92608777777778;bar;2132,3151744444444;KVa;36,73396640511111;cm;143,39317406166666;%;35,383337799178214;cm
2026-03-13 01:00:00.000;151,580405347877;moh;50,02180292437592;Hz;0,9983794835479198;None;2,657770009736111;m3/s;2127,5430833333335;kW;750,4120625;rpm;-207,48701416666665;KVar;90,0467255915;%;0,21705092102111112;Mill.m3;104,62966789392922;l/s;2,553222625111111;m3/s;624793,8560482637;t;71,90000153;%;2,1428570750000002;None;92,8745423875862;mKVs;0;None;0;mm;0;m3/s;93,01372944444445;bar;2135,3264694444442;KVa;38,033951655277775;cm;144,7006191711111;%;35,433792429657984;cm
2026-03-13 02:00:00.000;151,59445036931902;moh;50,00282861721576;Hz;1;None;2,658703591402778;m3/s;2127,1057155555554;kW;749,9954408333333;rpm;-187,69887694444444;KVar;90,03571357683333;%;0,21915619864888888;Mill.m3;104,90109700237866;l/s;2,5539714218166667;m3/s;624794,8560773957;t;71,90000153;%;2,1428570750000002;None;92,8328833843778;mKVs;0;None;0;mm;0;m3/s;90,60206916666667;bar;2134,6374080555556;KVa;39,438934326777776;cm;146,1041357961111;%;35,47500206196394;cm
2026-03-13 03:00:00.000;151,6110720894698;moh;50,001107781609974;Hz;1;None;2,6572848969444443;m3/s;2125,4911133333335;kW;750,1712422222222;rpm;-192,23871777777777;KVar;90,07623907658333;%;0,2221697502536111;Mill.m3;106,07585204871745;l/s;2,5512156493388893;m3/s;624795,8561030555;t;71,90000153;%;2,1428570750000002;None;92,83378900783468;mKVs;0;None;0;mm;0;m3/s;93,49963138888889;bar;2133,2129975;KVa;41,101536221;cm;148,11316536527778;%;35,617186072071426;cm
2026-03-13 04:00:00.000;151,629886523438;moh;49,99715660441311;Hz;0,9991667736033344;None;2,6671536326750007;m3/s;2129,301951388889;kW;749,8382094444445;rpm;-187,45857916666668;KVar;90,01870032283334;%;0,22594848754305552;Mill.m3;112,1490601830162;l/s;2,5551283736166672;m3/s;624796,8561131425;t;71,90000153;%;2,1428570750000002;None;92,77060727881596;mKVs;0;None;0;mm;0;m3/s;89,52448666666666;bar;2132,5368455555554;KVa;42,98063490002778;cm;150,6323226425;%;36,40960114375924;cm
2026-03-13 05:00:00.000;151,64821755602074;moh;50,007093614329094;Hz;0,9966665249660402;None;2,6731673981944444;m3/s;2127,4294033333335;kW;750,2454969444444;rpm;-211,13538;KVar;90,05228167519445;%;0,2296261759780556;Mill.m3;120,41614454445437;l/s;2,5528448456805557;m3/s;624797,8561685242;t;71,90000153;%;2,1428570750000002;None;92,80000138419214;mKVs;0;None;0;mm;0;m3/s;93,4007525;bar;2137,412697777778;KVa;44,81920454316667;cm;153,0841176477778;%;37,476492688704745;cm
2026-03-13 06:00:00.000;151,66093723364804;moh;49,98391855396657;Hz;1;None;2,6814620547777794;m3/s;2128,662256111111;kW;749,7590016666667;rpm;-192,91450833333334;KVar;90,0207340236389;%;0,23214064701972223;Mill.m3;126,40581995458376;l/s;2,554990074930556;m3/s;624798,8561632986;t;71,90000153;%;2,1428570750000002;None;92,79755345173855;mKVs;0;None;0;mm;0;m3/s;85,28245666666666;bar;2137,298845;KVa;46,09113481411111;cm;154,76043174944445;%;38,20315481117904;cm
2026-03-13 07:00:00.000;151,6730690333443;moh;50,02047251945959;Hz;1;None;2,6876728164861112;m3/s;2128,957335833333;kW;750,1576658333333;rpm;-157,42111666666668;KVar;90,01607108511111;%;0,23458288296138885;Mill.m3;132,55340696139874;l/s;2,5553071412444446;m3/s;624799,8561869271;t;71,90000153;%;2,1428570750000002;None;92,80923560572926;mKVs;0;None;0;mm;0;m3/s;89,80610444444444;bar;2133,0158336111112;KVa;47,30116102386111;cm;156,38858952083334;%;38,92353375916583;cm
2026-03-13 08:00:00.000;151,68805661294914;moh;49,9894355188218;Hz;1;None;2,6975068880166666;m3/s;2128,6996777777777;kW;749,9211438888889;rpm;-146,21617666666666;KVar;90,02237038116667;%;0,2376227837030555;Mill.m3;142,56410855407236;l/s;2,5548787745888886;m3/s;624800,8562367709;t;71,90000153;%;2,1428570750000002;None;92,83333554637358;mKVs;0;None;0;mm;0;m3/s;88,62057777777778;bar;2134,9321975;KVa;48,79916297041667;cm;158,41518877916667;%;40,06604650040216;cm
2026-03-13 09:00:00.000;151,708047261006;moh;49,97166392061727;Hz;1;None;2,708265593958333;m3/s;2128,5215883333335;kW;749,6666530555556;rpm;-144,51256694444444;KVar;90,054266251;%;0,24158501540972221;Mill.m3;155,62806666156712;l/s;2,5527099306138887;m3/s;624801,8562559722;t;71,90000153;%;2,1428570750000002;None;92,84954837939976;mKVs;0;None;0;mm;0;m3/s;90,51057388888889;bar;2130,3341625;KVa;50,80028533963889;cm;161,05667563305556;%;41,50257499981721;cm
2026-03-13 10:00:00.000;151,72845504130123;moh;49,98723161677889;Hz;1;None;2,7217358695083336;m3/s;2130,8833491666664;kW;749,7455375;rpm;-140,14240083333334;KVar;90,04231147672222;%;0,24554310115166664;Mill.m3;168,19157671849703;l/s;2,5535228218722215;m3/s;624802,8562761111;t;71,90000153;%;2,1428570750000002;None;92,91711543236472;mKVs;0;None;0;mm;0;m3/s;87,34959694444444;bar;2134,7544558333334;KVa;52,83682929175;cm;163,69540296444444;%;42,80230438176951;cm
2026-03-13 11:00:00.000;151,74234558920475;moh;50,009565744827626;Hz;1;None;2,7329503158472224;m3/s;2130,5881280555554;kW;749,9255583333334;rpm;-147,07461083333334;KVar;90,03601175886111;%;0,24845538639694448;Mill.m3;179,13904854249654;l/s;2,5539511919055555;m3/s;624803,8563099653;t;71,90000153;%;2,1428570750000002;None;92,88377616380727;mKVs;0;None;0;mm;0;m3/s;93,88993166666667;bar;2136,4682216666665;KVa;54,23213958805555;cm;165,63692444194444;%;43,96100014569629;cm
2026-03-13 12:00:00.000;151,74557885776963;moh;49,98815331726926;Hz;1;None;2,7394191463472244;m3/s;2133,0296083333333;kW;749,9955516666666;rpm;-85,7338113888889;KVar;89,98115062680556;%;0,24902601278666672;Mill.m3;181,7443935428633;l/s;2,557681753266667;m3/s;624804,8563001389;t;71,90000153;%;2,1428570750000002;None;92,95833274779643;mKVs;0;None;0;mm;0;m3/s;93,5921775;bar;2133,502234722222;KVa;54,55045912055556;cm;166,0173447975;%;44,17126663483592;cm
2026-03-13 13:00:00.000;151,74280475954114;moh;50,000667065961096;Hz;0,9999986111111111;None;2,527673048018724;m3/s;2131,862921944444;kW;749,9156175;rpm;-48,515699444444444;KVar;82,74460657134858;%;0,24808952361130152;Mill.m3;179,7893990727383;l/s;2,3437172671402267;m3/s;624804,9885014931;t;71,89990166888676;%;2,1369017180457295;None;92,98066729381866;mKVs;0;None;0;mm;0;m3/s;89,16402583333333;bar;2133,2893191666667;KVa;54,15877224945632;cm;165,39301847151583;%;44,1085416721106;cm
2026-03-13 14:00:00.000;151,73719916776827;moh;49,99749216927049;Hz;1;None;2,7342920720527784;m3/s;2132,436152777778;kW;749,8350019444445;rpm;-97,58531777777777;KVar;89,96557453991667;%;0,24748867418361112;Mill.m3;175,49089766112044;l/s;2,558740864930555;m3/s;624806,8563609895;t;71,90000153;%;2,1428570750000002;None;92,95332746243396;mKVs;0;None;0;mm;0;m3/s;93,75912138888889;bar;2134,790033611111;KVa;53,707097373222226;cm;164,99244923694445;%;43,60918721205147;cm
2026-03-13 15:00:00.000;151,72977271844047;moh;49,950875900528224;Hz;1;None;2,7237738338277775;m3/s;2131,0221525;kW;749,0878105555555;rpm;-108,39669166666667;KVar;90,04885896005555;%;0,24595294562527778;Mill.m3;170,67181046944998;l/s;2,5530776017138885;m3/s;624807,8563313368;t;71,90000153;%;2,1428570750000002;None;93,04954546416502;mKVs;0;None;0;mm;0;m3/s;90,03170777777778;bar;2132,3964872222223;KVa;52,98313140808333;cm;163,96863050944444;%;43,12979311176096;cm
2026-03-13 16:00:00.000;151,72345073961225;moh;50,018331893333276;Hz;1;None;2,7208889994888894;m3/s;2129,2522605555555;kW;750,2455305555555;rpm;-169,96994305555555;KVar;90,00967290522222;%;0,24466028876500004;Mill.m3;165,13996506894628;l/s;2,555742284844444;m3/s;624808,856371354;t;71,90000153;%;2,1428570750000002;None;93,05090047569021;mKVs;0;None;0;mm;0;m3/s;93,09690555555555;bar;2137,1572838888887;KVa;52,34905242852778;cm;163,10685942555557;%;42,588523185081904;cm
2026-03-13 17:00:00.000;151,71601158441177;moh;49,99959553023893;Hz;0,9974999235857911;None;2,717659113119445;m3/s;2132,211032222222;kW;749,8333297222222;rpm;-193,92788972222223;KVar;89,98804484344444;%;0,24320812490333335;Mill.m3;160,3963812754578;l/s;2,5572129276305553;m3/s;624809,8563963021;t;71,90000153;%;2,1428570750000002;None;93,04910421219444;mKVs;0;None;0;mm;0;m3/s;93,30805472222222;bar;2140,7840194444443;KVa;51,604342991222225;cm;162,13875164222222;%;42,02275732027464;cm
2026-03-13 18:00:00.000;151,71078714683742;moh;49,97965847078311;Hz;1;None;2,7105022749249996;m3/s;2129,4444352777778;kW;749,6711527777778;rpm;-161,4233172222222;KVar;90,03377948183334;%;0,2421648402505555;Mill.m3;156,29646537896673;l/s;2,5541030056861116;m3/s;624810,8564176735;t;71,90000153;%;2,1428570750000002;None;92,98288684433535;mKVs;0;None;0;mm;0;m3/s;86,80039777777777;bar;2136,7205272222222;KVa;51,083522372666664;cm;161,44322653805557;%;41,58565891523732;cm
2026-03-13 19:00:00.000;151,70552813189445;moh;50,00912080969929;Hz;1;None;2,7093335973111103;m3/s;2129,7511977777776;kW;750,0833269444445;rpm;-155,5944736111111;KVar;90,01061477608333;%;0,24104760849861107;Mill.m3;153,67114180684825;l/s;2,555678172194444;m3/s;624811,8564157119;t;71,90000153;%;2,1428570750000002;None;93,00877825457954;mKVs;0;None;0;mm;0;m3/s;87,575595;bar;2134,5120933333333;KVa;50,55745442775;cm;160,6984053172222;%;41,2833357213319;cm
2026-03-13 20:00:00.000;151,70483177450495;moh;50,00170934287466;Hz;1;None;2,708670109441667;m3/s;2132,0557252777776;kW;750,0833380555556;rpm;-170,48211694444444;KVar;90,00595228383334;%;0,24104803111499998;Mill.m3;152,83795901332283;l/s;2,555995246411111;m3/s;624812,8564221873;t;71,90000153;%;2,1428570750000002;None;93,05877976307585;mKVs;0;None;0;mm;0;m3/s;87,70727944444444;bar;2134,4641044444443;KVa;50,48813290155555;cm;160,69868823833335;%;41,190775956633544;cm
2026-03-13 21:00:00.000;151,7042911391504;moh;49,97657946655759;Hz;1;None;2,707679930627777;m3/s;2130,3756772222223;kW;749,75001;rpm;-172,1989252777778;KVar;90,02053549058333;%;0,24081807551444445;Mill.m3;152,67465440097314;l/s;2,5550035887111107;m3/s;624813,8564728646;t;71,90000153;%;2,1428570750000002;None;92,96622751589351;mKVs;0;None;0;mm;0;m3/s;87,56444777777777;bar;2137,6805208333335;KVa;50,42519039575;cm;160,54538268555555;%;41,20833393030645;cm
2026-03-13 22:00:00.000;151,70252017133453;moh;50,01832558557627;Hz;1;None;2,7081394824527787;m3/s;2129,1825969444444;kW;750,0877258333334;rpm;-185,2847886111111;KVar;90,00877937705556;%;0,24048615393944445;Mill.m3;152,3176782179988;l/s;2,5558029665749995;m3/s;624814,8568907984;t;71,90000153;%;2,1428570750000002;None;93,01556512296109;mKVs;0;None;0;mm;0;m3/s;93,77224805555555;bar;2138,2482205555557;KVa;50,25309244927778;cm;160,32410383944443;%;41,19122979974855;cm
2026-03-13 23:00:00.000;151,6991949970617;moh;49,99999797470324;Hz;1;None;2,7058982154027786;m3/s;2131,661741666667;kW;750,2499888888889;rpm;-187,18170472222224;KVar;90,00481134969445;%;0,2398597898905556;Mill.m3;149,7736007838058;l/s;2,556072844394444;m3/s;624815,8564842014;t;71,90000153;%;2,1428570750000002;None;92,93377581713449;mKVs;0;None;0;mm;0;m3/s;93,90622888888889;bar;2137,878655277778;KVa;49,92518107;cm;159,90652369138888;%;40,92368577444881;cm
2026-03-14 00:00:00.000;151,69204348890167;moh;49,986576735006935;Hz;1;None;2,701749086394445;m3/s;2130,3143133333333;kW;749,9122938888889;rpm;-191,6084052777778;KVar;89,99960365113888;%;0,2384210903927778;Mill.m3;145,26959199861793;l/s;2,556426976008334;m3/s;624816,8565346354;t;71,90000153;%;2,1428570750000002;None;93,00833548138716;mKVs;0;None;0;mm;0;m3/s;88,78829166666667;bar;2138,539336111111;KVa;49,20636918766667;cm;158,9473890336111;%;40,462320085884365;cm
2026-03-14 01:00:00.000;151,68211583310793;moh;49,997280061335935;Hz;1;None;2,6948595073666666;m3/s;2130,531607777778;kW;749,9123063888889;rpm;-201,59681416666666;KVar;90,00872921322222;%;0,2364050234963889;Mill.m3;139,0025690127905;l/s;2,555806341563889;m3/s;624817,8565269097;t;71,90000153;%;2,1428570750000002;None;92,96579293999909;mKVs;0;None;0;mm;0;m3/s;93,64493694444444;bar;2139,040796388889;KVa;48,21556515127778;cm;157,60334642333333;%;39,704340712175814;cm
2026-03-14 02:00:00.000;151,67257929791313;moh;49,98421040745721;Hz;0,9991666402693331;None;2,6894941721472225;m3/s;2131,075371388889;kW;749,8376813888889;rpm;-204,1152213888889;KVar;89,99355155044445;%;0,23453110573138886;Mill.m3;132,66586394928567;l/s;2,5568385117361117;m3/s;624818,8565626909;t;71,90000153;%;2,1428570750000002;None;92,86752802272864;mKVs;0;None;0;mm;0;m3/s;90,69354611111112;bar;2137,5920330555555;KVa;47,26055569152778;cm;156,35406909555556;%;38,98115951602016;cm
2026-03-14 03:00:00.000;151,6619425805099;moh;50,005875332285335;Hz;1;None;2,6803994383861114;m3/s;2127,3902566666666;kW;750,2500072222222;rpm;-201,7008563888889;KVar;90,04722105586112;%;0,23240870965388888;Mill.m3;127,18720008048842;l/s;2,5531889013249995;m3/s;624819,856601302;t;71,90000153;%;2,1428570750000002;None;92,95833469304452;mKVs;0;None;0;mm;0;m3/s;89,87467583333333;bar;2136,9087236111113;KVa;46,19908650925;cm;154,93913816833333;%;38,32855695610863;cm
2026-03-14 04:00:00.000;151,651500834573;moh;49,97732553048969;Hz;1;None;2,6782320513;m3/s;2129,7795830555556;kW;749,4956391666667;rpm;-203,34593055555555;KVar;90,00580368008333;%;0,23030900802111112;Mill.m3;122,30061777094882;l/s;2,5560053527638886;m3/s;624820,8566173784;t;71,90000153;%;2,1428570750000002;None;92,9916739577737;mKVs;0;None;0;mm;0;m3/s;93,47815138888889;bar;2138,788377777778;KVa;45,15394422808333;cm;153,53933995777777;%;37,748269129919535;cm
2026-03-14 05:00:00.000;151,641792878094;moh;50,013938205996375;Hz;1;None;2,6712133003472225;m3/s;2128,026717777778;kW;750,4253411111112;rpm;-204,169405;KVar;90,03834270944445;%;0,22836829471805553;Mill.m3;117,39676177477118;l/s;2,5537926594027787;m3/s;624821,8566512327;t;71,90000153;%;2,1428570750000002;None;92,97499882696825;mKVs;0;None;0;mm;0;m3/s;88,23785305555556;bar;2136,4530119444444;KVa;44,183595446527775;cm;152,24552828277777;%;37,143856979354695;cm
2026-03-14 06:00:00.000;151,630120062087;moh;50,06215286941457;Hz;0,9983333388722918;None;2,665580187230556;m3/s;2126,833235;kW;751,0789983333333;rpm;-202,12543166666666;KVar;90,04464327516666;%;0,22604131064083333;Mill.m3;112,18763031959574;l/s;2,553364292866666;m3/s;624822,8566437674;t;71,90000153;%;2,1428570750000002;None;92,94957546511856;mKVs;0;None;0;mm;0;m3/s;93,25874361111111;bar;2135,756756111111;KVa;43,0167643225;cm;150,69420878833333;%;36,48074695383628;cm
2026-03-14 07:00:00.000;151,620072297931;moh;49,98941822322086;Hz;1;None;2,6630533337222224;m3/s;2128,095638611111;kW;749,9956911111111;rpm;-164,6114063888889;KVar;90,02152661277778;%;0,22402692240777775;Mill.m3;108,10217806958487;l/s;2,5549361175416667;m3/s;624823,8566705209;t;71,90000153;%;2,1428570750000002;None;92,94166944802664;mKVs;0;None;0;mm;0;m3/s;89,38271611111111;bar;2133,8574047222223;KVa;42,00983683333333;cm;149,35128026;%;35,915636543487345;cm
2026-03-14 08:00:00.000;151,60927018131503;moh;49,93951244412407;Hz;1;None;2,6590587855111103;m3/s;2127,7227719444445;kW;748,83768;rpm;-146,34825;KVar;90,0439981015;%;0,2218779429708333;Mill.m3;105,70509218716234;l/s;2,5534081426416666;m3/s;624824,856727448;t;71,90000153;%;2,1428570750000002;None;92,89210306418191;mKVs;0;None;0;mm;0;m3/s;90,28535277777777;bar;2131,342324722222;KVa;40,93201955075;cm;147,91862877138888;%;35,59080769651535;cm
2026-03-14 09:00:00.000;151,59928747501726;moh;50,01341849633944;Hz;1;None;2,656662888688889;m3/s;2126,1144383333335;kW;750,337605;rpm;-140,96454833333334;KVar;90,06681594613889;%;0,2199667990638889;Mill.m3;104,83430141376347;l/s;2,551856568736111;m3/s;624825,8567546008;t;71,90000153;%;2,1428570750000002;None;92,91580706340643;mKVs;0;None;0;mm;0;m3/s;93,04225305555556;bar;2130,9910808333334;KVa;39,932636683472225;cm;146,64453465333332;%;35,499999358812936;cm
2026-03-14 10:00:00.000;151,5889016117062;moh;49,98741278325591;Hz;1;None;2,6584922778305544;m3/s;2127,433591388889;kW;749,829085;rpm;-148,3319936111111;KVar;90,03616087058333;%;0,21835033326000003;Mill.m3;104,51576441415288;l/s;2,5539410934222224;m3/s;624826,8567734027;t;71,90000153;%;2,1428570750000002;None;92,86666670253044;mKVs;0;None;0;mm;0;m3/s;89,9814261111111;bar;2132,406484166667;KVa;38,893555534;cm;145,56689452;%;35,42457270961075;cm
2026-03-14 11:00:00.000;151,57743115430165;moh;50,01749884671965;Hz;1;None;2,65588464275;m3/s;2126,1149430555556;kW;750,2500358333333;rpm;-161,45682222222223;KVar;90,06909736958333;%;0,21662857811444441;Mill.m3;104,11247520274512;l/s;2,551701366208334;m3/s;624827,8567945139;t;71,90000153;%;2,1428570750000002;None;92,91709657237367;mKVs;0;None;0;mm;0;m3/s;90,69218111111111;bar;2129,9470141666666;KVa;37,749053108944445;cm;144,41905637083335;%;35,36624320139642;cm
2026-03-14 12:00:00.000;151,56662329178624;moh;50,01183389053638;Hz;1;None;2,6595676607194445;m3/s;2129,5062327777778;kW;750,087543888889;rpm;-158,9964461111111;KVar;90,00629973958333;%;0,21500193373444446;Mill.m3;103,59881993042295;l/s;2,555971643619444;m3/s;624828,8567926562;t;71,90000153;%;2,1428570750000002;None;92,9416684202646;mKVs;0;None;0;mm;0;m3/s;93,42099027777778;bar;2131,6629158333335;KVa;36,6665649425;cm;143,33462693666667;%;35,29957838143114;cm
2026-03-14 13:00:00.000;151,555013296305;moh;50,02307847254262;Hz;1;None;2,6523812319611118;m3/s;2124,2973005555555;kW;750,6624375;rpm;-168,79427666666666;KVar;90,10535630180556;%;0,21326373377555555;Mill.m3;103,19820351059056;l/s;2,5492357293027776;m3/s;624829,8568357987;t;71,90000153;%;2,1428570750000002;None;92,90875650549124;mKVs;0;None;0;mm;0;m3/s;92,93444111111111;bar;2131,1828094444445;KVa;35,50499386258333;cm;142,17582787305557;%;35,2337559969126;cm
2026-03-14 14:00:00.000;151,54461618012118;moh;50,01354357898348;Hz;1;None;2,653359313741667;m3/s;2124,9641480555556;kW;750,0875508333334;rpm;-159,6498025;KVar;90,09255873283334;%;0,21170419292722223;Mill.m3;103,2470722625475;l/s;2,5501059141833333;m3/s;624830,8568468578;t;71,90000153;%;2,1428570750000002;None;92,8583367441476;mKVs;0;None;0;mm;0;m3/s;94,09587;bar;2131,5134041666665;KVa;34,46695539625;cm;141,13613214361112;%;35,249581756357394;cm
2026-03-14 15:00:00.000;151,5327255902755;moh;49,999122880986036;Hz;0,9991247567261643;None;2,6522789034611107;m3/s;2124,355128611111;kW;750,1666513888889;rpm;-187,26188555555555;KVar;90,09980182725;%;0,2099163182022222;Mill.m3;102,68244459850527;l/s;2,549613514180555;m3/s;624831,8568569617;t;71,90000153;%;2,1428570750000002;None;92,88333130950251;mKVs;0;None;0;mm;0;m3/s;90,67798444444445;bar;2133,016615277778;KVa;33,27643500519444;cm;139,9442172625;%;35,17458095448453;cm
2026-03-14 16:00:00.000;151,5250864347928;moh;38,07731687355372;Hz;0,6421507957442313;None;1,7292822465933335;m3/s;1352,4993558333333;kW;596,5199436111111;rpm;-173,51098944444445;KVar;58,354606055527775;%;0,2087758591172222;Mill.m3;102,0454255212314;l/s;1,6272423284294446;m3/s;624832,860781354;t;70,14723992248224;%;2,1428570750000002;None;94,92792876723465;mKVs;0;None;0;mm;0;m3/s;93,6454725;bar;1373,0235144444443;KVa;32,50636206880556;cm;139,18390995;%;35,10000074941646;cm
2026-03-14 17:00:00.000;151,5246450826285;moh;49,99991710860781;Hz;0,9958062874034666;None;2,5687718839652787;m3/s;2070,4300883333335;kW;750,0000072222222;rpm;-210,84527111111112;KVar;90,89294882819445;%;0,20870622371222222;Mill.m3;101,58634477096355;l/s;2,469806121461111;m3/s;624833,8569204687;t;69,05496611111111;%;2,1428570750000002;None;93,13547744900409;mKVs;0;None;0;mm;0;m3/s;89,63701305555556;bar;2082,1417294444445;KVa;32,46582031416666;cm;139,13748509083334;%;35,03291709993908;cm
2026-03-14 18:00:00.000;151,51112035242326;moh;49,99924786103536;Hz;1;None;2,6029498933972217;m3/s;2084,3160280555558;kW;749,9999927777778;rpm;-134,41543055555556;KVar;90,80347131019444;%;0,20667852534666667;Mill.m3;101,18067153738058;l/s;2,501763882975;m3/s;624834,8569598612;t;69,5;%;2,1428570750000002;None;93,16666768212886;mKVs;0;None;0;mm;0;m3/s;89,4807675;bar;2086,5866730555554;KVa;31,116790769833333;cm;137,78568776333333;%;34,96795161364921;cm
2026-03-14 19:00:00.000;151,49910217615624;moh;50,014247932991424;Hz;1;None;2,597305828325;m3/s;2079,8862227777777;kW;750,0833458333333;rpm;-125,93334666666667;KVar;90,87832387172222;%;0,20487705806777776;Mill.m3;100,62871290761858;l/s;2,4966739820222212;m3/s;624835,8569669791;t;69,5;%;2,1428570750000002;None;93,16625243686573;mKVs;0;None;0;mm;0;m3/s;93,57500694444444;bar;2084,918619722222;KVa;29,914983113166667;cm;136,58471085638888;%;34,92500010696186;cm
2026-03-14 20:00:00.000;151,48614748767153;moh;50,04587498035959;Hz;1;None;2,5985790345055553;m3/s;2082,3605291666668;kW;750,6667266666667;rpm;-137,16941777777777;KVar;90,85317423019444;%;0,20293354917805553;Mill.m3;100,14309163834304;l/s;2,4983841305361114;m3/s;624836,8569771876;t;69,5;%;2,1428570750000002;None;93,12540946237318;mKVs;0;None;0;mm;0;m3/s;93,53598861111111;bar;2084,791636388889;KVa;28,61820220902778;cm;135,28903622222222;%;34,8333329438336;cm
2026-03-14 21:00:00.000;151,47461507258248;moh;50,00400397562269;Hz;1;None;2,5977978793055554;m3/s;2081,944265277778;kW;750,1666527777778;rpm;-138,68596527777777;KVar;90,86056505747223;%;0,20120051969222216;Mill.m3;99,95685650775377;l/s;2,497881542877778;m3/s;624837,856992448;t;69,5;%;2,1428570750000002;None;93,1166661526857;mKVs;0;None;0;mm;0;m3/s;94,31313555555556;bar;2086,575817777778;KVa;27,466735839777776;cm;134,13368311388888;%;34,79959443711184;cm
2026-03-14 22:00:00.000;151,46407900255923;moh;50,00516054442131;Hz;0,9999846610800497;None;2,5981769495;m3/s;2082,729384722222;kW;749,8333322222222;rpm;-158,76596361111112;KVar;90,8478669056389;%;0,19962966865333331;Mill.m3;99,48837470008866;l/s;2,498745039422222;m3/s;624838,8570473092;t;69,5;%;2,1428570750000002;None;93,16626493530035;mKVs;0;None;0;mm;0;m3/s;93,32525555555556;bar;2086,4175080555556;KVa;26,412569681666668;cm;133,08645119944444;%;34,71626365252248;cm
2026-03-14 23:00:00.000;151,45340049609285;moh;50,00201384954644;Hz;1;None;2,5941743909444446;m3/s;2078,9209094444445;kW;749,9959641666667;rpm;-163,88081111111111;KVar;90,90039649469445;%;0,198018680845;Mill.m3;98,97701342298083;l/s;2,4951730389888893;m3/s;624839,8570375869;t;69,5;%;2,1428570750000002;None;93,16707309577004;mKVs;0;None;0;mm;0;m3/s;88,46016333333333;bar;2087,5861944444446;KVa;25,34439086888889;cm;132,01245710805554;%;34,64126764588488;cm
2026-03-15 00:00:00.000;151,44275278708042;moh;49,98528137905078;Hz;1;None;2,5947956834500006;m3/s;2079,789169166667;kW;749,9207280555555;rpm;-161,61906222222223;KVar;90,88521785591666;%;0,19642117968250003;Mill.m3;98,59186523267782;l/s;2,4962051648805557;m3/s;624840,8570851214;t;69,5;%;2,1428570750000002;None;93,12459494497503;mKVs;0;None;0;mm;0;m3/s;93,4045025;bar;2084,9271875;KVa;24,27856445363889;cm;130,9474572025;%;34,61666870166667;cm
2026-03-15 01:00:00.000;151,43300693920784;moh;49,97326426665519;Hz;1;None;2,5925401323361115;m3/s;2078,1988127777777;kW;749,8333319444445;rpm;-169,45168694444445;KVar;90,91562389808334;%;0,19496125681527782;Mill.m3;98,32135059112075;l/s;2,4941375083111113;m3/s;624841,8570915972;t;69,5;%;2,1428570750000002;None;93,10793381641008;mKVs;0;None;0;mm;0;m3/s;93,34390277777777;bar;2086,4247955555556;KVa;23,305558098722223;cm;129,97417533944446;%;34,575000065802804;cm
2026-03-15 02:00:00.000;151,42253363050003;moh;50,00257815736089;Hz;1;None;2,5936686078694446;m3/s;2079,583325;kW;749,9999633333333;rpm;-179,181055;KVar;90,89593368063889;%;0,19339601035527776;Mill.m3;98,1608650890787;l/s;2,495476569044445;m3/s;624842,8571083159;t;69,5;%;2,1428570750000002;None;93,1004055106858;mKVs;0;None;0;mm;0;m3/s;91,44472583333334;bar;2087,5703227777776;KVa;22,257342868833334;cm;128,93067763333335;%;34,541264791116994;cm
2026-03-15 03:00:00.000;151,41427802113583;moh;50,01079269733371;Hz;1;None;2,5907194998777774;m3/s;2078,1596419444445;kW;750,2460166666667;rpm;-174,8306961111111;KVar;90,93779784266667;%;0,19215369729055556;Mill.m3;98,03245687705841;l/s;2,4926297624833333;m3/s;624843,8571256078;t;69,5;%;2,1428570750000002;None;93,08412840776666;mKVs;0;None;0;mm;0;m3/s;89,62879305555556;bar;2086,776660277778;KVa;21,429693433694446;cm;128,10246619111112;%;34,52499779465861;cm
2026-03-15 04:00:00.000;151,404169471235;moh;50,00245993479315;Hz;0,9999850110807587;None;2,592573818247222;m3/s;2078,781608611111;kW;749,9206444444444;rpm;-180,5712763888889;KVar;90,90461273175;%;0,19063202370888888;Mill.m3;97,67019755993519;l/s;2,494886300933333;m3/s;624844,8571546354;t;69,5;%;2,1428570750000002;None;93,14960311212964;mKVs;0;None;0;mm;0;m3/s;93,10328166666666;bar;2087,34417;KVa;20,420049032277777;cm;127,08801256805556;%;34,46666714888931;cm
2026-03-15 05:00:00.000;151,3957192134595;moh;49,992614611555354;Hz;1;None;2,590670680288889;m3/s;2077,8223908333334;kW;749,9166625;rpm;-179,40373222222223;KVar;90,93199359047222;%;0,18915193784805556;Mill.m3;97,46410012151087;l/s;2,4930243922;m3/s;624845,857174184;t;69,5;%;2,1428570750000002;None;93,19961658831718;mKVs;0;None;0;mm;0;m3/s;93,65048861111111;bar;2086,3891769444444;KVa;19,57534790113889;cm;126,10129234666667;%;34,449607354352615;cm
2026-03-15 06:00:00.000;151,38698898611526;moh;50,02325334770929;Hz;1;None;2,591067994366666;m3/s;2078,0925525;kW;750,4999855555556;rpm;-172,38820805555557;KVar;90,92033793036111;%;0,18741443232916669;Mill.m3;97,21665486994915;l/s;2,493817062488889;m3/s;624846,857180816;t;69,5;%;2,1428570750000002;None;93,1166671227485;mKVs;0;None;0;mm;0;m3/s;86,68922972222222;bar;2085,534291111111;KVa;18,704431321277777;cm;124,94295528527778;%;34,41666595667944;cm
2026-03-15 07:00:00.000;151,37841662991926;moh;50,02515600727455;Hz;1;None;2,5905777188777774;m3/s;2077,7299966666665;kW;750,1666708333333;rpm;-185,78636722222222;KVar;90,92614014838888;%;0,18569505279194445;Mill.m3;97,08274637312485;l/s;2,4934224208361115;m3/s;624847,8572247223;t;69,5;%;2,1428570750000002;None;93,10039279288506;mKVs;0;None;0;mm;0;m3/s;93,3174175;bar;2086,712391111111;KVa;17,84474266813889;cm;123,7967042575;%;34,39166921531807;cm
2026-03-15 08:00:00.000;151,36988997307873;moh;49,98980415047994;Hz;0,993798966243613;None;2,5912456724777777;m3/s;2078,839754166667;kW;749,8333491666667;rpm;-220,31161944444443;KVar;90,91388766027778;%;0,18398824698138888;Mill.m3;96,98058273979805;l/s;2,494255572583334;m3/s;624848,8572564236;t;69,5;%;2,1428570750000002;None;93,11666656500599;mKVs;0;None;0;mm;0;m3/s;93,84890444444444;bar;2087,6775519444445;KVa;16,99245876713889;cm;122,65883290888888;%;34,38294126544835;cm
2026-03-15 09:00:00.000;151,36304140196373;moh;49,999321321073474;Hz;0,9983121749617435;None;2,5888214885555563;m3/s;2077,955912777778;kW;749,8333316666667;rpm;-195,99140583333335;KVar;90,94685316944444;%;0,18261627282805554;Mill.m3;96,96929212458953;l/s;2,491820476552778;m3/s;624849,8572817536;t;69,5;%;2,1428570750000002;None;93,09960279823846;mKVs;0;None;0;mm;0;m3/s;90,02375694444444;bar;2086,1569705555557;KVa;16,308415731666667;cm;121,74418090333333;%;34,383723629466836;cm
2026-03-15 10:00:00.000;151,35388571108825;moh;49,99637696328095;Hz;0,9999441719939667;None;2,591378141769444;m3/s;2078,8114991666666;kW;749,8333605555556;rpm;-190,50218388888888;KVar;90,910713747;%;0,1808002460872222;Mill.m3;96,92451157008594;l/s;2,4944714149138894;m3/s;624850,857280816;t;69,5;%;2,1428570750000002;None;93,09823416801089;mKVs;0;None;0;mm;0;m3/s;89,71461166666667;bar;2085,1060958333333;KVa;15,390120613;cm;120,5334982;%;34,374999985255506;cm
2026-03-15 11:00:00.000;151,34535286583602;moh;49,98829332085841;Hz;0,9992052487960943;None;2,5931485810277777;m3/s;2080,238603888889;kW;749,9166622222223;rpm;-126,55957444444445;KVar;90,88462251047223;%;0,17906331066527775;Mill.m3;96,93650607098327;l/s;2,496245624669444;m3/s;624851,8573279167;t;69,5;%;2,1428570750000002;None;93,02500047859793;mKVs;0;None;0;mm;0;m3/s;87,01950527777778;bar;2080,862075833333;KVa;14,536925422944444;cm;119,37554297111112;%;34,37499950028777;cm
2026-03-15 12:00:00.000;151,33830917713803;moh;49,9814356602615;Hz;1;None;2,588722663444445;m3/s;2076,3938719444445;kW;749,7461844444445;rpm;-129,52658083333333;KVar;90,953869034;%;0,17778292433166662;Mill.m3;97,14680462775769;l/s;2,4915369299805556;m3/s;624852,8573343229;t;69,5;%;2,1428570750000002;None;93,04204546780562;mKVs;0;None;0;mm;0;m3/s;88,19805166666667;bar;2083,3278894444443;KVa;13,835050795527778;cm;118,52194862611111;%;34,39961570510952;cm
2026-03-15 13:00:00.000;151,33034066577417;moh;49,96261418318041;Hz;1;None;2,587026520602777;m3/s;2075,083255277778;kW;749,5871525;rpm;-125,92089055555556;KVar;90,97673471194445;%;0,17605925091333333;Mill.m3;97,0439869602211;l/s;2,4899819770555554;m3/s;624853,8573505209;t;69,5;%;2,1428570750000002;None;93,03294924586882;mKVs;0;None;0;mm;0;m3/s;93,81819361111111;bar;2082,0226880555556;KVa;13,043238323277778;cm;117,37283273583333;%;34,38371699264791;cm
2026-03-15 14:00:00.000;151,32433614168434;moh;49,99602125268217;Hz;1;None;2,588774265247222;m3/s;2076,750083611111;kW;750,166655;rpm;-121,05243166666666;KVar;90,94627992702777;%;0,17484675071249997;Mill.m3;96,82487983904548;l/s;2,4920529755805556;m3/s;624854,8573703474;t;69,5;%;2,1428570750000002;None;93,01666830052665;mKVs;0;None;0;mm;0;m3/s;89,92787222222222;bar;2075,8279775;KVa;12,443682353194445;cm;116,56450071666667;%;34,34166603943318;cm
2026-03-15 15:00:00.000;151,31676236976276;moh;50,002461487761785;Hz;1;None;2,587629978577778;m3/s;2075,825889722222;kW;749,8371213888889;rpm;-125,39792527777777;KVar;90,96398804913889;%;0,17343096366666666;Mill.m3;96,78275635552897;l/s;2,4908488464916667;m3/s;624855,8573806076;t;69,5;%;2,1428570750000002;None;92,98333231057511;mKVs;0;None;0;mm;0;m3/s;91,33440611111111;bar;2077,3256861111113;KVa;11,67878468975;cm;115,62064352694445;%;34,34961862625792;cm
2026-03-15 16:00:00.000;151,30998269505105;moh;49,958901910607615;Hz;1;None;2,588869340647223;m3/s;2077,0946930555556;kW;749,4962216666667;rpm;-172,36610472222222;KVar;90,94186541283334;%;0,1721878450438889;Mill.m3;96,5043481815018;l/s;2,4923531670611117;m3/s;624856,8574389582;t;69,5;%;2,1428570750000002;None;92,94999948724178;mKVs;0;None;0;mm;0;m3/s;90,09799277777778;bar;2081,856040277778;KVa;11,00689782;cm;114,79189835694444;%;34,33295905186631;cm
2026-03-15 17:00:00.000;151,3031731771174;moh;50,00291071588127;Hz;0,9983331805381652;None;2,586484015655555;m3/s;2076,393418611111;kW;750,2537580555555;rpm;-198,93990805555555;KVar;90,97837303897222;%;0,17049111959222218;Mill.m3;96,60581851686877;l/s;2,489870621113889;m3/s;624857,8574357639;t;69,5;%;2,1428570750000002;None;92,94091890391711;mKVs;0;None;0;mm;0;m3/s;89,39875555555555;bar;2084,9094261111113;KVa;10,307549370102782;cm;113,66074794027777;%;34,325751755963424;cm
2026-03-15 18:00:00.000;151,2977077056721;moh;50,05405238089714;Hz;1;None;2,5866933942805557;m3/s;2074,8987869444445;kW;750,9999836111111;rpm;-160,21266305555557;KVar;90,97589261688888;%;0,1695127864688889;Mill.m3;96,63436506457151;l/s;2,4900392856083338;m3/s;624858,8574720833;t;69,5;%;2,1428570750000002;None;92,92537944563828;mKVs;0;None;0;mm;0;m3/s;93,73201083333333;bar;2080,334375;KVa;9,76973215671944;cm;113,00852521888889;%;34,3416669839056;cm
2026-03-15 19:00:00.000;151,2966622029754;moh;50,00602659557195;Hz;1;None;2,587853886886111;m3/s;2075,541711111111;kW;750,2462472222222;rpm;-156,1322086111111;KVar;90,96493017369444;%;0,16925719251583335;Mill.m3;97,0933620578473;l/s;2,490784740311112;m3/s;624859,857477361;t;69,5;%;2,1428570750000002;None;92,89836927552912;mKVs;0;None;0;mm;0;m3/s;93,33135638888889;bar;2079,9138675;KVa;9,661377800230554;cm;112,8381282375;%;34,408335808529145;cm
2026-03-15 20:00:00.000;151,29951410419793;moh;50,017388038484725;Hz;1;None;2,586802664769445;m3/s;2075,0067794444444;kW;750,1666452777778;rpm;-190,8886652777778;KVar;90,97807523813889;%;0,16976997098222227;Mill.m3;96,90621775293208;l/s;2,4898908588500004;m3/s;624860,8574865278;t;69,5;%;2,1428570750000002;None;93;mKVs;0;None;0;mm;0;m3/s;94,07212972222223;bar;2085,572183333333;KVa;9,950582715555555;cm;113,17998230194445;%;34,37499647242473;cm
2026-03-15 21:00:00.000;151,3133247275407;moh;50,015326889178276;Hz;0,9991665486022072;None;2,5913011227361107;m3/s;2078,1191166666667;kW;749,9239872222222;rpm;-168,462935;KVar;90,9161203591111;%;0,17253239125499994;Mill.m3;97,2116782999019;l/s;2,494103762088889;m3/s;624861,857521684;t;69,5;%;2,1428570750000002;None;92,94130492582615;mKVs;0;None;0;mm;0;m3/s;93,59428277777778;bar;2084,0991269444444;KVa;11,333457099283335;cm;115,02159410972222;%;34,41666809558229;cm
2026-03-15 22:00:00.000;151,34805561815423;moh;50,03619112415436;Hz;1;None;2,5917501841250004;m3/s;2077,7768769444447;kW;750,6593794444444;rpm;-160,6864197222222;KVar;90,92916679466667;%;0,17960265146027782;Mill.m3;98,52915572304545;l/s;2,4932167053166667;m3/s;624862,8575786977;t;69,5;%;2,1428570750000002;None;92,96702772587216;mKVs;0;None;0;mm;0;m3/s;93,48898611111112;bar;2083,1391758333334;KVa;14,794358149472222;cm;119,7351012113889;%;34,584428213301706;cm
2026-03-15 23:00:00.000;151,3929320235852;moh;49,9800714546622;Hz;1;None;2,5946720527444445;m3/s;2079,122175;kW;749,7499855555556;rpm;-172,71381194444444;KVar;90,90491144344445;%;0,1882202999430556;Mill.m3;99,82171982118234;l/s;2,4948660637388884;m3/s;624863,8575800696;t;69,5;%;2,1428570750000002;None;93,02463531751833;mKVs;0;None;0;mm;0;m3/s;93,09807027777778;bar;2085,249941111111;KVa;19,275381300666666;cm;125,48020025166667;%;34,75036186921491;cm
2026-03-16 00:00:00.000;151,43579677176666;moh;49,97521601365613;Hz;1;None;2,597237124058333;m3/s;2080,771760277778;kW;749,8369583333333;rpm;-182,3610211111111;KVar;90,87594225141666;%;0,19532515969333328;Mill.m3;100,43815867360675;l/s;2,4968359117888888;m3/s;624864,8576100174;t;69,5;%;2,1428570750000002;None;92,99239058864801;mKVs;0;None;0;mm;0;m3/s;93,40218333333333;bar;2089,1594783333335;KVa;23,56287214513889;cm;130,21677737638888;%;34,88406011056395;cm
2026-03-16 01:00:00.000;151,46997974419213;moh;49,99144690296506;Hz;1;None;2,600770331711111;m3/s;2082,913283888889;kW;749,6630188888889;rpm;-184,2774102777778;KVar;90,83705259902777;%;0,20045653135944444;Mill.m3;101,28333302501085;l/s;2,4994803534666663;m3/s;624865,8576085763;t;69,5;%;2,1428570750000002;None;93,075001350383;mKVs;0;None;0;mm;0;m3/s;89,54793;bar;2088,445380277778;KVa;26,98629591186111;cm;133,63769192944446;%;34,98333357335859;cm
2026-03-16 02:00:00.000;151,50453354841147;moh;49,99565323411631;Hz;0,999166351378997;None;2,6006401432944446;m3/s;2082,0417725;kW;750,0797502777777;rpm;-196,909995;KVar;90,84806603230555;%;0,20563641926833334;Mill.m3;101,83716983159972;l/s;2,4987315733583335;m3/s;624866,8576253299;t;69,5;%;2,1428570750000002;None;93,04963746055347;mKVs;0;None;0;mm;0;m3/s;93,73542638888888;bar;2094,116115;KVa;30,44066958875;cm;137,09095085722223;%;35,05868856615962;cm
2026-03-16 03:00:00.000;151,5324172653252;moh;49,98361912344678;Hz;1;None;2,6051734918388894;m3/s;2085,266088888889;kW;749,8369008333333;rpm;-193,19970111111112;KVar;90,79255945286111;%;0,20983018373083331;Mill.m3;102,58921481780419;l/s;2,502505928883333;m3/s;624867,8576454339;t;69,5;%;2,1428570750000002;None;93,06667011439558;mKVs;0;None;0;mm;0;m3/s;88,61961583333333;bar;2092,0391519444443;KVa;33,23207431311111;cm;139,8867933513889;%;35,16667290964614;cm
2026-03-16 04:00:00.000;151,5526246982673;moh;50,014469532828734;Hz;1;None;2,6041908827722224;m3/s;2084,640625277778;kW;750,1746858333333;rpm;-180,30848972222222;KVar;90,809870634;%;0,21287602191777777;Mill.m3;102,83033169452611;l/s;2,5013287736527774;m3/s;624868,8581597048;t;69,5;%;2,1428570750000002;None;93,10976255826839;mKVs;0;None;0;mm;0;m3/s;86,65156555555555;bar;2091,388697222222;KVa;35,25762769847222;cm;141,9173524563889;%;35,192378155274156;cm
2026-03-16 05:00:00.000;151,56535478311486;moh;49,99430420268113;Hz;1;None;2,607290095127777;m3/s;2086,68436;kW;749,8368258333334;rpm;-157,07962583333332;KVar;90,76949361066667;%;0,21479079236111112;Mill.m3;103,30009292071325;l/s;2,5040743544499997;m3/s;624869,8576896356;t;69,5;%;2,1428570750000002;None;93,11666101579713;mKVs;0;None;0;mm;0;m3/s;93,67388111111111;bar;2088,409197777778;KVa;36,532194350055555;cm;143,19386460777778;%;35,25833478997593;cm
2026-03-16 06:00:00.000;151,57405571551774;moh;50,01398924150525;Hz;1;None;2,603740371525;m3/s;2084,1789980555554;kW;750,163131111111;rpm;-145,6248525;KVar;90,82366059619444;%;0,21609788986499998;Mill.m3;103,36315582329343;l/s;2,500391059327778;m3/s;624870,8577406943;t;69,5;%;2,1428570750000002;None;93,1913206049971;mKVs;0;None;0;mm;0;m3/s;93,51413194444444;bar;2088,170197222222;KVa;37,40219963788889;cm;144,06526439055557;%;35,26666995308701;cm
2026-03-16 07:00:00.000;151,58101979028677;moh;49,998297583096466;Hz;1;None;2,607468872558334;m3/s;2086,450706388889;kW;749,9166644444445;rpm;-127,03717527777778;KVar;90,77137989372223;%;0,2171468932563889;Mill.m3;103,51384708830174;l/s;2,5039462281638882;m3/s;624871,8577484027;t;69,5;%;2,1428570750000002;None;93,14201600933701;mKVs;0;None;0;mm;0;m3/s;90,13421527777778;bar;2087,6112022222223;KVa;38,09987386;cm;144,76460012944443;%;35,292017275476724;cm
2026-03-16 08:00:00.000;151,587551641858;moh;50,01958300038109;Hz;1;None;2,603149840555555;m3/s;2084,0829772222223;kW;750,3402902777777;rpm;-103,60374361111111;KVar;90,83382937113889;%;0,21812666730083333;Mill.m3;103,54061394541479;l/s;2,4996995767166665;m3/s;624872,8577501388;t;69,5;%;2,1428570750000002;None;93,2086846138601;mKVs;0;None;0;mm;0;m3/s;91,4585563888889;bar;2086,50366;KVa;38,75111050186111;cm;145,4177822425;%;35,29131543807341;cm
2026-03-16 09:00:00.000;151,59276439751898;moh;50,01534754733127;Hz;1;None;2,605163849063889;m3/s;2084,998796388889;kW;750,0763919444445;rpm;-49,07001694444445;KVar;90,80386842069444;%;0,21891091829083334;Mill.m3;103,36506343367574;l/s;2,5017369197750003;m3/s;624873,8577988369;t;69,5;%;2,1428570750000002;None;93,20000155667645;mKVs;0;None;0;mm;0;m3/s;88,20741416666667;bar;2086,849057222222;KVa;39,27533043672222;cm;145,94061617444444;%;35,24965662916285;cm
2026-03-16 10:00:00.000;151,59514941233326;moh;49,9932632198999;Hz;1;None;2,607081482744444;m3/s;2086,579399722222;kW;749,8333363888889;rpm;-50,38576472222222;KVar;90,77728180386111;%;0,21927130540111106;Mill.m3;103,52572418723997;l/s;2,503544829902778;m3/s;624874,8577995835;t;69,5;%;2,1428570750000002;None;93,20798918213897;mKVs;0;None;0;mm;0;m3/s;93,00680611111112;bar;2086,2648125;KVa;39,51279957925;cm;146,18087481;%;35,28368115084203;cm
2026-03-16 11:00:00.000;151,59611414288347;moh;49,96058534367068;Hz;1;None;2,5801552605005558;m3/s;2086,7118075;kW;749,5267477777778;rpm;-57,60353083333333;KVar;90,50407740302778;%;0,21878272610472224;Mill.m3;103,55421641828401;l/s;2,4701541649527785;m3/s;624875,8577760938;t;69,5;%;2,1369046942361116;None;93,21911680464244;mKVs;0;None;0;mm;0;m3/s;92,4976136111111;bar;2089,1933530555557;KVa;39,49759250280555;cm;145,85515483666666;%;35,291665128602176;cm
2026-03-16 12:00:00.000;149,02304009197357;moh;49,15694604968015;Hz;0,9830341666666667;None;2,6082171290292604;m3/s;2087,7587005555556;kW;737,3910969444445;rpm;-36,31877611111111;KVar;90,75011300375115;%;0,21924697753588987;Mill.m3;103,54703063997052;l/s;2,505331997555023;m3/s;621493,153388802;t;68,32087458333334;%;2,1428421940480904;None;91,61676708684148;mKVs;0;None;0;mm;0;m3/s;90,00672194444445;bar;2085,2028375;KVa;39,49011292175272;cm;146,16465612019041;%;34,6822937786021;cm
2026-03-16 13:00:00.000;151,59232819618018;moh;49,98664444908319;Hz;0,9999972222222222;None;2,6087535767951024;m3/s;2086,8635425;kW;749,7954744444445;rpm;-20,210724166666665;KVar;90,74957469005324;%;0,2189309090890186;Mill.m3;103,39377515290627;l/s;2,505404830584061;m3/s;624876,1225951737;t;69,49980694444444;%;2,142851122619236;None;93,20332222188425;mKVs;0;None;0;mm;0;m3/s;89,81544666666667;bar;2087,3037383333335;KVa;39,27700528503315;cm;145,95394320627832;%;35,253476859711306;cm
2026-03-16 14:00:00.000;151,58762822789396;moh;50,002497549718846;Hz;1;None;2,607564618236111;m3/s;2086,1840605555553;kW;749,9999716666666;rpm;-35,3067875;KVar;90,76210307944444;%;0,21813462095611108;Mill.m3;102,99819832624232;l/s;2,504576971083333;m3/s;624878,8584078471;t;69,5;%;2,1428570750000002;None;93,20000458;mKVs;0;None;0;mm;0;m3/s;87,07079805555556;bar;2085,6605180555557;KVa;38,76142713833333;cm;145,42308466444445;%;35,22857936532988;cm
2026-03-16 15:00:00.000;151,58148400495207;moh;49,96987432636477;Hz;1;None;2,605025811355556;m3/s;2085,7473827777776;kW;749,4999875;rpm;-47,9293325;KVar;90,7981648763889;%;0,2172354640669444;Mill.m3;102,95834022219806;l/s;2,502124791055555;m3/s;624879,8584230382;t;69,5;%;2,1428570750000002;None;93,19642144690118;mKVs;0;None;0;mm;0;m3/s;88,90066583333333;bar;2085,6518477777777;KVa;38,15113491522222;cm;144,82364740861112;%;35,20833477220998;cm
2026-03-16 16:00:00.000;151,5733715974053;moh;49,9971479310708;Hz;1;None;2,60633790898889;m3/s;2086,115212222222;kW;749,9524969444444;rpm;-62,43890722222222;KVar;90,77599175705555;%;0,2160294036111111;Mill.m3;102,67600111107026;l/s;2,503632559397222;m3/s;624880,8584637326;t;69,5;%;2,1428570750000002;None;93,17858519206258;mKVs;0;None;0;mm;0;m3/s;90,63266805555556;bar;2087,4831769444445;KVa;37,340443929555555;cm;144,0196066952778;%;35,17499978140972;cm
2026-03-16 17:00:00.000;151,56481714639608;moh;49,977265405489554;Hz;1;None;2,6042479383249995;m3/s;2084,805571388889;kW;749,4999727777778;rpm;-60,23464944444444;KVar;90,79960212630556;%;0,21474415686805556;Mill.m3;102,26869999446637;l/s;2,502026996863889;m3/s;624881,8584850348;t;69,5;%;2,1428570750000002;None;93,17500169130575;mKVs;0;None;0;mm;0;m3/s;92,76341166666667;bar;2088,232916666667;KVa;36,483607821;cm;143,16277484694444;%;35,103584611238595;cm
2026-03-16 18:00:00.000;151,55573795754083;moh;49,99688748037861;Hz;1;None;2,6045953783888884;m3/s;2086,2547041666667;kW;749,8808108333334;rpm;-36,57935777777778;KVar;90,78581290766667;%;0,21339095665555555;Mill.m3;101,7809437870475;l/s;2,5029646787805557;m3/s;624882,8585150348;t;69,5;%;2,1428570750000002;None;93,22500439409448;mKVs;0;None;0;mm;0;m3/s;90,25092527777778;bar;2082,760445;KVa;35,57757907408333;cm;142,2606413175;%;35,06191927903013;cm
2026-03-16 19:00:00.000;151,545644894711;moh;50,010241303179015;Hz;1;None;2,6031435714166666;m3/s;2084,195850833333;kW;750,1666588888888;rpm;-27,709823055555557;KVar;90,80471115036111;%;0,2118572899916667;Mill.m3;101,53656823051405;l/s;2,501679584088889;m3/s;624883,8585197397;t;69,5;%;2,1428570750000002;None;93,20833684140335;mKVs;0;None;0;mm;0;m3/s;83,50925333333333;bar;2084,8468747222223;KVa;34,56679450227778;cm;141,23819648388888;%;35,01666875559372;cm
2026-03-16 20:00:00.000;151,5360181839902;moh;50,022701808711176;Hz;1;None;2,5995065125749997;m3/s;2082,4329769444444;kW;750,2906333333333;rpm;-47,69489222222222;KVar;90,85679516144444;%;0,21042653024972224;Mill.m3;101,34201145030674;l/s;2,4981379224555558;m3/s;624884,8585509376;t;69,5;%;2,1428570750000002;None;93,23807969188631;mKVs;0;None;0;mm;0;m3/s;85,35287833333334;bar;2083,965281111111;KVa;33,60492282422222;cm;140,28435687027778;%;34,99166747367562;cm
2026-03-16 21:00:00.000;151,52499842926952;moh;49,98453914160942;Hz;1;None;2,600075001275;m3/s;2082,54108;kW;749,6192311111112;rpm;-55,44571;KVar;90,84186520005555;%;0,20877449921472224;Mill.m3;100,9000367635595;l/s;2,4991531556166664;m3/s;624885,8585650001;t;69,5;%;2,1428570750000002;None;93,24494168463697;mKVs;0;None;0;mm;0;m3/s;90,35136777777778;bar;2086,2698780555556;KVa;32,503831653333336;cm;139,1830028863889;%;34,92859142590123;cm
2026-03-16 22:00:00.000;151,51329797939175;moh;50,013200521329345;Hz;1;None;2,5987857812027775;m3/s;2082,4950519444446;kW;750,2973808333334;rpm;-86,43143722222223;KVar;90,85838241672222;%;0,2070329557094445;Mill.m3;100,81815620604664;l/s;2,4980299280583336;m3/s;624886,8585826389;t;69,5;%;2,1428570750000002;None;93,24166963695932;mKVs;0;None;0;mm;0;m3/s;93,76138333333333;bar;2084,609972777778;KVa;31,33585188025;cm;138,0219743486111;%;34,89166708914567;cm
2026-03-16 23:00:00.000;151,50246761129975;moh;50,01132273225932;Hz;1;None;2,6004918184500005;m3/s;2082,5850694444443;kW;750,0719036111111;rpm;-97,77951916666666;KVar;90,83184506972222;%;0,2053840134113889;Mill.m3;100,61987315289397;l/s;2,499834536188889;m3/s;624887,8586174652;t;69,5;%;2,1428570750000002;None;93,1916745176977;mKVs;0;None;0;mm;0;m3/s;89,82403666666667;bar;2086,3010658333333;KVa;30,24851481011111;cm;136,92268033472223;%;34,87859673428585;cm
2026-03-17 00:00:00.000;151,4926081442738;moh;50,00272788471899;Hz;1;None;2,5983953773527775;m3/s;2083,0175205555556;kW;750,1307247222222;rpm;-86,93907416666667;KVar;90,85575385488889;%;0,20390571273333333;Mill.m3;100,08350663342686;l/s;2,498208727452778;m3/s;624888,8586640798;t;69,5;%;2,1428570750000002;None;93,21666385723125;mKVs;0;None;0;mm;0;m3/s;89,66767333333334;bar;2084,1543694444445;KVa;29,263530307555556;cm;135,93714481194445;%;34,811929082587575;cm
2026-03-17 01:00:00.000;151,48126879220123;moh;49,98999855995628;Hz;1;None;2,5972788843527783;m3/s;2081,2937319444445;kW;749,8333341666666;rpm;-84,79327138888888;KVar;90,86765840238888;%;0,20222142703888887;Mill.m3;99,80947380828944;l/s;2,4973992142361117;m3/s;624889,8586900175;t;69,5;%;2,1428570750000002;None;93,20000458;mKVs;0;None;0;mm;0;m3/s;93,72546611111112;bar;2082,4896855555558;KVa;28,131781683555555;cm;134,81428866888888;%;34,77500234218084;cm
2026-03-17 02:00:00.000;151,47031651178526;moh;50,03641882419497;Hz;1;None;2,597326616444445;m3/s;2081,000144722222;kW;750,3333272222222;rpm;-94,20562138888889;KVar;90,86443481330555;%;0,20056748338472222;Mill.m3;99,52217839377528;l/s;2,4976184485972217;m3/s;624890,8586870487;t;69,5;%;2,1428570750000002;None;93,18806965810373;mKVs;0;None;0;mm;0;m3/s;89,84586694444444;bar;2081,375671111111;KVa;27,03554365261111;cm;133,71165891166666;%;34,72973319694898;cm
2026-03-17 03:00:00.000;151,46126263348665;moh;49,98085500281125;Hz;1;None;2,596513163308333;m3/s;2079,24603;kW;749,4166719444445;rpm;-100,81650888888889;KVar;90,87460333466667;%;0,19920456654305557;Mill.m3;99,35977565810956;l/s;2,496926997180557;m3/s;624891,8587071875;t;69,5;%;2,1428570750000002;None;93,17026884928423;mKVs;0;None;0;mm;0;m3/s;90,77585444444445;bar;2080,2760036111113;KVa;26,131104363666665;cm;132,8030488686111;%;34,728601769702486;cm
2026-03-17 04:00:00.000;151,45100930142334;moh;49,95058073540545;Hz;1;None;2,596666369161112;m3/s;2081,4184330555554;kW;749,1665997222223;rpm;-83,66479833333334;KVar;90,86135974430556;%;0,19767432125749998;Mill.m3;98,84196065081967;l/s;2,497827547702777;m3/s;624892,8587404513;t;69,5;%;2,1428570750000002;None;93,1833363394105;mKVs;0;None;0;mm;0;m3/s;91,31435055555555;bar;2081,8568441666666;KVa;25,104827879916666;cm;131,78288438777778;%;34,65360563652292;cm
2026-03-17 05:00:00.000;151,44213591433214;moh;50,021238686866965;Hz;1;None;2,5993259885944453;m3/s;2083,6121694444446;kW;750,2500091666667;rpm;-70,71285166666667;KVar;90,81889834938889;%;0,19632380298611113;Mill.m3;98,60889268401202;l/s;2,5007148849250003;m3/s;624893,8587060763;t;69,5;%;2,1428570750000002;None;93,1867668845751;mKVs;0;None;0;mm;0;m3/s;87,26601694444444;bar;2082,1792666666665;KVa;24,214193555666668;cm;130,8825395513889;%;34,613238269136545;cm
2026-03-17 06:00:00.000;151,4349203656244;moh;50,01549547912519;Hz;1;None;2,592942225261112;m3/s;2079,9337266666666;kW;750,2860636111111;rpm;-48,568689722222224;KVar;90,90972162783333;%;0,19525722433194448;Mill.m3;98,4041137259645;l/s;2,4945388866972222;m3/s;624894,8587544445;t;69,5;%;2,1428570750000002;None;93,20000569342116;mKVs;0;None;0;mm;0;m3/s;89,0764425;bar;2081,115023611111;KVa;23,493999903777777;cm;130,17148844638888;%;34,58694428372749;cm
2026-03-17 07:00:00.000;151,42799546389304;moh;50,008193692207236;Hz;1;None;2,5930606167194448;m3/s;2079,050095;kW;750,1305972222223;rpm;-24,70057111111111;KVar;90,90029748241666;%;0,19420244365000003;Mill.m3;98,1100811828338;l/s;2,4951797682972217;m3/s;624895,858807205;t;69,5;%;2,1428570750000002;None;93,17500158018782;mKVs;0;None;0;mm;0;m3/s;93,76384305555555;bar;2081,9615669444443;KVa;22,800776163555554;cm;129,46829986583333;%;34,55000179664353;cm
2026-03-17 08:00:00.000;151,42564458713224;moh;50,008219833319984;Hz;1;None;2,5937969573027777;m3/s;2080,415238888889;kW;750,0832944444444;rpm;27,747874166666666;KVar;90,88819431594445;%;0,19385502212833336;Mill.m3;97,80774374915357;l/s;2,4960027740388893;m3/s;624896,8588274132;t;69,5;%;2,1428570750000002;None;93,1423711393899;mKVs;0;None;0;mm;0;m3/s;93,45266222222222;bar;2079,2515769444444;KVa;22,565570408;cm;129,236684165;%;34,508329064731655;cm
2026-03-17 09:00:00.000;151,4258907036675;moh;50,00594219663072;Hz;1;None;2,5969799055222222;m3/s;2081,0207594444446;kW;750,1666608333334;rpm;-19,643484722222222;KVar;90,84231156216667;%;0,19387612970916668;Mill.m3;97,82013416474267;l/s;2,4991228256194447;m3/s;624897,8588272049;t;69,5;%;2,1428570750000002;None;93,16667273574055;mKVs;0;None;0;mm;0;m3/s;92,94635277777778;bar;2079,6173605555555;KVa;22,587407430833334;cm;129,25075615361112;%;34,52500301700042;cm
2026-03-17 10:00:00.000;151,43045786528072;moh;50,00035967704956;Hz;1;None;2,594283691352777;m3/s;2080,729711388889;kW;750,0833144444445;rpm;-19,901732777777777;KVar;90,88244062977778;%;0,19455773026416667;Mill.m3;97,95384527358023;l/s;2,4963940329194445;m3/s;624898,858866302;t;69,5;%;2,1428570750000002;None;93,10833030573835;mKVs;0;None;0;mm;0;m3/s;91,46245805555556;bar;2081,216250833333;KVa;23,043768141305556;cm;129,7051586461111;%;34,49166684972137;cm
2026-03-17 11:00:00.000;151,43759161171718;moh;50,010107736993014;Hz;1;None;2,593971939125;m3/s;2079,2970144444444;kW;750,1304830555556;rpm;-33,551762777777775;KVar;90,89131813161111;%;0,19561754220305555;Mill.m3;98,21609270451911;l/s;2,4957902623750003;m3/s;624899,8588728472;t;69,5;%;2,1428570750000002;None;93,15833378406992;mKVs;0;None;0;mm;0;m3/s;93,8114525;bar;2080,3571991666668;KVa;23,756696912666666;cm;130,4116999325;%;34,55943254196249;cm
2026-03-17 12:00:00.000;151,44879969652706;moh;50,02873535189077;Hz;1;None;2,525814890398611;m3/s;2081,4062741666667;kW;750,4331575;rpm;-9,012782777777778;KVar;87,83464209230556;%;0,19729297728388892;Mill.m3;98,42691604405502;l/s;2,414404016094444;m3/s;624900,8623868232;t;69,5;%;2,1428570750000002;None;93,17591648497321;mKVs;0;None;0;mm;0;m3/s;89,46431777777778;bar;2081,6669313888888;KVa;24,87141079352778;cm;131,5286560063889;%;34,587853360783825;cm
2026-03-17 13:00:00.000;151,4622298784441;moh;49,98507979164124;Hz;1;None;2,4074317980504167;m3/s;2080,0959913888887;kW;749,6534444444444;rpm;20,9611125;KVar;82,80483116547222;%;0,19932990289111108;Mill.m3;98,94645072947388;l/s;2,274435914152778;m3/s;624901,863608038;t;69,5;%;2,142857075;None;93,15018634569;mKVs;0;None;0;mm;0;m3/s;92,86648083333333;bar;2079,952584722222;KVa;26,21682908788889;cm;132,88660768777777;%;34,657116471562574;cm
2026-03-17 14:00:00.000;151,47182645406102;moh;49,9751780718155;Hz;1;None;2,595145285813889;m3/s;2080,0441569444442;kW;749,4869013888889;rpm;-30,891650277777778;KVar;90,88953399516667;%;0,20075831497944446;Mill.m3;99,31051869615351;l/s;2,4959117358194445;m3/s;624902,8647444445;t;69,5;%;2,1428570750000002;None;93,15000943991247;mKVs;0;None;0;mm;0;m3/s;91,27738305555556;bar;2083,318621111111;KVa;27,178883021472224;cm;133,8388790777778;%;34,69035971306583;cm
2026-03-17 15:00:00.000;151,476455384081;moh;49,989555917808154;Hz;1;None;2,5989549479111114;m3/s;2082,3011730555554;kW;749,66666;rpm;-49,89196166666667;KVar;90,83536635427778;%;0,20147120665194443;Mill.m3;99,34465056693008;l/s;2,499595049322222;m3/s;624903,8647268751;t;69,5;%;2,1428570750000002;None;93,20000591860524;mKVs;0;None;0;mm;0;m3/s;89,63703694444445;bar;2080,871902222222;KVa;27,646636963333332;cm;134,31414369;%;34,7249988800228;cm
2026-03-17 16:00:00.000;151,4756685284617;moh;49,952239176070734;Hz;1;None;2,600290805722222;m3/s;2083,2278333333334;kW;749,3333661111111;rpm;-31,000649444444445;KVar;90,816467645;%;0,20134861694166667;Mill.m3;99,36904467793288;l/s;2,500880159916667;m3/s;624904,8647697222;t;69,5;%;2,1428570750000002;None;93,19869933795525;mKVs;0;None;0;mm;0;m3/s;89,60775166666667;bar;2081,835703888889;KVa;27,566858926666665;cm;134,23241592722223;%;34,70702948816146;cm
2026-03-17 17:00:00.000;151,47322449488775;moh;50,004998991412194;Hz;1;None;2,594345127847222;m3/s;2079,0252469444445;kW;749,9166558333334;rpm;-38,51685111111111;KVar;90,904266145;%;0,2009738422113889;Mill.m3;99,3981574727906;l/s;2,494909913708333;m3/s;624905,8647913195;t;69,5;%;2,1428570750000002;None;93,19167268430965;mKVs;0;None;0;mm;0;m3/s;93,87750361111111;bar;2080,052888611111;KVa;27,324795193333333;cm;133,98256600444444;%;34,71797812646217;cm
2026-03-17 18:00:00.000;151,4703148003175;moh;50,008071311994215;Hz;1;None;2,5964875903361104;m3/s;2080,412231388889;kW;750,0000183333333;rpm;-24,603111944444443;KVar;90,86785640672223;%;0,20055323125833333;Mill.m3;99,10945774229099;l/s;2,497385723016667;m3/s;624906,8648186631;t;69,5;%;2,1428570750000002;None;93,20000458;mKVs;0;None;0;mm;0;m3/s;93,13581555555555;bar;2080,7347808333334;KVa;27,03381432338889;cm;133,70215607;%;34,641665402544625;cm
2026-03-17 19:00:00.000;151,46612415245298;moh;50,01517630250219;Hz;1;None;2,5987752351555558;m3/s;2083,3490405555553;kW;750,2237477777778;rpm;-37,801945;KVar;90,8331848343611;%;0,19992268710055558;Mill.m3;98,97146843907241;l/s;2,4997434464361112;m3/s;624907,8648295313;t;69,5;%;2,1428570750000002;None;93,1903520674676;mKVs;0;None;0;mm;0;m3/s;88,137135;bar;2078,215164722222;KVa;26,61457061836111;cm;133,28179760944445;%;34,6916668050115;cm
2026-03-17 20:00:00.000;151,4628252145195;moh;49,98179711290381;Hz;1;None;2,5958140001833327;m3/s;2079,9000991666667;kW;749,9166786111111;rpm;-32,668888611111115;KVar;90,87018782280556;%;0,19942660971055556;Mill.m3;98,69062402637998;l/s;2,497227191291667;m3/s;624908,8648431945;t;69,5;%;2,1428570750000002;None;93,20131992324947;mKVs;0;None;0;mm;0;m3/s;93,61407194444445;bar;2079,7872930555554;KVa;26,28329382961111;cm;132,95107607527777;%;34,60964847792186;cm
2026-03-17 21:00:00.000;151,45841498769917;moh;50,00122468837766;Hz;1;None;2,594101983908333;m3/s;2080,527307222222;kW;750,0131313888888;rpm;-58,02164916666667;KVar;90,89355167794444;%;0,19876749806805558;Mill.m3;98,45001581804624;l/s;2,4956384870027786;m3/s;624909,8648484028;t;69,5;%;2,1428570750000002;None;93,20000561004241;mKVs;0;None;0;mm;0;m3/s;89,07977444444444;bar;2082,9249275;KVa;25,843327840361113;cm;132,51166956694445;%;34,59167047529132;cm
2026-03-17 22:00:00.000;151,45700220043378;moh;49,9907056148801;Hz;1;None;2,5917369644500003;m3/s;2078,7000444444443;kW;749,8333313888888;rpm;-87,35103333333333;KVar;90,92827345505556;%;0,19854694452305557;Mill.m3;98,49859783110766;l/s;2,4932773960805554;m3/s;624910,8652737328;t;69,5;%;2,1428570750000002;None;93,19299485045859;mKVs;0;None;0;mm;0;m3/s;89,84178305555555;bar;2081,0649994444443;KVa;25,699632431444446;cm;132,36463420277778;%;34,600003554946056;cm
2026-03-17 23:00:00.000;151,45594377337522;moh;50,002326127158526;Hz;1;None;2,5964186257666677;m3/s;2081,3641894444445;kW;750,0000027777778;rpm;-104,65629388888888;KVar;90,86438441819445;%;0,19839343663916667;Mill.m3;98,78409410844007;l/s;2,4976218316083334;m3/s;624911,8649140451;t;69,5;%;2,1428570750000002;None;93,21535566328178;mKVs;0;None;0;mm;0;m3/s;88,45765;bar;2081,9018841666666;KVa;25,595067343;cm;132,26229436861112;%;34,63333657271769;cm
2026-03-18 00:00:00.000;151,45429106081076;moh;50,00323970604846;Hz;1;None;2,5972952658305553;m3/s;2082,2821019444445;kW;749,9999655555556;rpm;-132,67879222222223;KVar;90,85009947847222;%;0,1981214347097222;Mill.m3;98,64973487204881;l/s;2,498593247508333;m3/s;624912,8649251041;t;69,5;%;2,1428570750000002;None;93,19166796414504;mKVs;0;None;0;mm;0;m3/s;94,12706;bar;2083,506430277778;KVa;25,427636041472223;cm;132,08096060472224;%;34,62500035196824;cm
2026-03-18 01:00:00.000;151,4521766176172;moh;49,99206288252587;Hz;1;None;2,5931966066555554;m3/s;2079,8194905555556;kW;749,6666786111111;rpm;-152,5094525;KVar;90,90813558305555;%;0,1978306540725;Mill.m3;98,54166416236188;l/s;2,494646802208334;m3/s;624913,8649440624;t;69,5;%;2,1428570750000002;None;93,23333723886256;mKVs;0;None;0;mm;0;m3/s;91,54907888888889;bar;2083,8538036111113;KVa;25,218493144;cm;131,88710616055556;%;34,60132716867859;cm
2026-03-18 02:00:00.000;151,45034367940374;moh;49,98933573976321;Hz;0,9999851444143619;None;2,596313793822222;m3/s;2081,7791944444443;kW;749,8853261111111;rpm;-141,05514916666667;KVar;90,85877999013888;%;0,19755169859250002;Mill.m3;98,49947330062922;l/s;2,498003035180556;m3/s;624914,8521996354;t;69,5;%;2,1428570750000002;None;93,22819317648565;mKVs;0;None;0;mm;0;m3/s;92,67017083333333;bar;2085,259301388889;KVa;25,03501892;cm;131,70113541972222;%;34,59872807922796;cm
2026-03-18 03:00:00.000;151,44883181006824;moh;49,98723357029803;Hz;0,9974999735860416;None;2,5964706446833334;m3/s;2082,2142530555557;kW;749,8333733333334;rpm;-194,60108722222222;KVar;90,85773762561111;%;0,19733030493666665;Mill.m3;98,38332275838162;l/s;2,498073805758333;m3/s;624915,864990677;t;69,5;%;2,1428570750000002;None;93,20833875804068;mKVs;0;None;0;mm;0;m3/s;89,21745194444445;bar;2089,965690833333;KVa;24,885203044333334;cm;131,5535405327778;%;34,58333365829707;cm
2026-03-18 04:00:00.000;151,44625224299955;moh;50,006233180464264;Hz;1;None;2,5916201823611114;m3/s;2080,0038086111113;kW;750,0833147222222;rpm;-142,1790063888889;KVar;90,92792638069444;%;0,19693783173333332;Mill.m3;98,32175931418051;l/s;2,493301001530557;m3/s;624916,8650108334;t;69,5;%;2,1428570750000002;None;93,20833817923453;mKVs;0;None;0;mm;0;m3/s;90,22871388888889;bar;2085,249373888889;KVa;24,625218709166667;cm;131,29189046666667;%;34,56666666552057;cm
2026-03-18 05:00:00.000;151,4430407949222;moh;50,01279894050873;Hz;1;None;2,5941812170527783;m3/s;2080,7655630555555;kW;750,4166616666666;rpm;-123,39413916666666;KVar;90,88556497319445;%;0,19645763277055556;Mill.m3;98,14801488629823;l/s;2,496181558927778;m3/s;624917,8650213367;t;69,5;%;2,1428570750000002;None;93,20000427670614;mKVs;0;None;0;mm;0;m3/s;93,34331083333333;bar;2083,1082558333333;KVa;24,30452982675;cm;130,97175683166665;%;34,55966800525491;cm
2026-03-18 06:00:00.000;151,44072291706698;moh;49,967807632650356;Hz;1;None;2,5938956021472217;m3/s;2079,23698;kW;749,5833244444444;rpm;-77,69801861111111;KVar;90,88204362580555;%;0,1961309720394445;Mill.m3;97,87688051197776;l/s;2,496421022536111;m3/s;624918,8650301216;t;69,5;%;2,1428570750000002;None;93,2039442608806;mKVs;0;None;0;mm;0;m3/s;90,54295777777777;bar;2083,6919083333332;KVa;24,07480875788889;cm;130,75398421611112;%;34,51132167083208;cm
2026-03-18 07:00:00.000;151,43753899794334;moh;50,014700125136585;Hz;1;None;2,594746172580556;m3/s;2080,4878202777777;kW;750,1666775;rpm;-63,53046944444444;KVar;90,87485129033334;%;0,1956327379205556;Mill.m3;97,68028703083277;l/s;2,496910123533333;m3/s;624919,8650692188;t;69,5;%;2,1428570750000002;None;93,22500347528883;mKVs;0;None;0;mm;0;m3/s;93,10996583333333;bar;2079,927458611111;KVa;23,754603068722222;cm;130,4218300588889;%;34,49166682194402;cm
2026-03-18 08:00:00.000;151,43444854291633;moh;50,018138126220286;Hz;1;None;2,5943364642939226;m3/s;2079,970891111111;kW;750,3723775;rpm;-40,51638805555555;KVar;90,87410436901668;%;0,1951695651075839;Mill.m3;97,65708345215353;l/s;2,4969608426189356;m3/s;624920,8503841494;t;69,5;%;2,1428570750000002;None;93,18706162554744;mKVs;0;None;0;mm;0;m3/s;93,23051666666667;bar;2080,443866111111;KVa;23,445822279057065;cm;130,1130506212056;%;34,475000076949115;cm
2026-03-18 09:00:00.000;151,4295518965865;moh;50,01346149967657;Hz;1;None;2,5925965223000005;m3/s;2080,1624594444443;kW;750,4627836111111;rpm;-145,61288166666668;KVar;90,90357051294444;%;0,19444655125777777;Mill.m3;97,40097676610348;l/s;2,495011103780556;m3/s;624921,8677811285;t;69,5;%;2,1428570750000002;None;93,2370082935256;mKVs;0;None;0;mm;0;m3/s;93,09051833333334;bar;2086,8207733333334;KVa;22,960751852666668;cm;129,6310390736111;%;34,44415129894264;cm
2026-03-18 10:00:00.000;151,4251214033727;moh;50,009238845721036;Hz;1;None;2,552431065231944;m3/s;2080,984278888889;kW;750,1135561111112;rpm;-161,93537527777778;KVar;89,35834257327778;%;0,19378405535333335;Mill.m3;97,19550870387323;l/s;2,455425967038889;m3/s;624922,8654468057;t;69,5;%;2,1428570750000002;None;93,20834017699998;mKVs;0;None;0;mm;0;m3/s;94,02363194444445;bar;2082,10617;KVa;22,51410166536111;cm;129,18937343388887;%;34,41364514175884;cm
2026-03-18 11:00:00.000;151,42060244128905;moh;49,996133574038225;Hz;0,9980313012479797;None;2,5954277528583334;m3/s;2081,475894166667;kW;750,1666641666667;rpm;-194,61402194444443;KVar;90,85317442138889;%;0,19310134851027774;Mill.m3;97,04169169489417;l/s;2,4983841222222223;m3/s;624923,8654673956;t;69,5;%;2,1428570750000002;None;93,20833337353817;mKVs;0;None;0;mm;0;m3/s;93,93471138888889;bar;2089,6797311111113;KVa;22,061725193083333;cm;128,73423767555556;%;34,39167135424745;cm
2026-03-18 12:00:00.000;151,41590522238965;moh;50,0044666554599;Hz;0,9969685070345186;None;2,592987650083332;m3/s;2080,598538888889;kW;749,9999805555556;rpm;-193,38842888888888;KVar;90,88586160863889;%;0,19238881365944444;Mill.m3;96,88217478305396;l/s;2,4961613204416655;m3/s;624924,8654783333;t;69,5;%;2,1428570750000002;None;93,20000286002293;mKVs;0;None;0;mm;0;m3/s;86,22120583333333;bar;2086,9034016666665;KVa;21,591445073916667;cm;128,25921037527777;%;34,36666732221967;cm
2026-03-18 13:00:00.000;151,41184743425498;moh;50,01191420206247;Hz;1;None;2,5911829956;m3/s;2078,5921391666666;kW;750,1666986111111;rpm;-169,55015305555557;KVar;90,91016845572223;%;0,19178919513611112;Mill.m3;96,65589513245958;l/s;2,494508529288889;m3/s;624925,8655068749;t;69,5;%;2,1428570750000002;None;93,21666802147956;mKVs;0;None;0;mm;0;m3/s;93,26940527777778;bar;2084,103563611111;KVa;21,187235514666668;cm;127,85946177638888;%;34,33333303110411;cm
2026-03-18 14:00:00.000;151,40608383179818;moh;49,98033015351066;Hz;0,9974188204086467;None;2,549227669059923;m3/s;2078,8599233333334;kW;749,76837;rpm;-192,4678875;KVar;89,39563395937869;%;0,1909484393509215;Mill.m3;96,61134896432743;l/s;2,452918649499855;m3/s;624925,9906461806;t;69,49990347222223;%;2,1428540988096185;None;93,20989945662215;mKVs;0;None;0;mm;0;m3/s;93,04144666666667;bar;2086,0656291666664;KVa;20,630784393825614;cm;127,29895452248408;%;34,33221897797592;cm
2026-03-18 15:00:00.000;151,400835227642;moh;49,95690623474895;Hz;0,9928725448209985;None;2,5934910793444432;m3/s;2080,837465;kW;749,5000327777777;rpm;-219,64214083333334;KVar;90,870535658;%;0,1901102802927778;Mill.m3;96,31185032835445;l/s;2,497203596386111;m3/s;624927,8601935069;t;69,5;%;2,1428570750000002;None;93,22500558852914;mKVs;0;None;0;mm;0;m3/s;93,19044416666667;bar;2090,8983002777777;KVa;20,08374108286111;cm;126,7401864775;%;34,30833409753053;cm
2026-03-18 16:00:00.000;151,39505801396598;moh;50,0082521169877;Hz;0,9920033323682993;None;2,588408753605555;m3/s;2076,821157777778;kW;750,0912894444444;rpm;-268,22976805555555;KVar;90,94647871577777;%;0,18902025922444443;Mill.m3;96,24534770266642;l/s;2,4920394843194447;m3/s;624928,8602282467;t;69,5;%;2,1428570750000002;None;93,19920642980675;mKVs;0;None;0;mm;0;m3/s;91,14752777777778;bar;2093,7608980555556;KVa;19,506793553111113;cm;126,01350593555556;%;34,27500040974467;cm
2026-03-18 17:00:00.000;151,38993969871999;moh;50,03718006856661;Hz;0,9912088795921853;None;2,591995596888889;m3/s;2079,5413938888887;kW;750,4920347222222;rpm;-272,8189175;KVar;90,88596218838889;%;0,18799952752416668;Mill.m3;95,89558484183155;l/s;2,496154580458333;m3/s;624929,8602298611;t;69,5;%;2,1428570750000002;None;93,19166898974133;mKVs;0;None;0;mm;0;m3/s;90,13889222222222;bar;2095,4413669444443;KVa;18,998099432638888;cm;125,33302153972222;%;34,22500285301799;cm
2026-03-18 18:00:00.000;151,38395714128123;moh;49,994998264112176;Hz;0,9890854501199234;None;2,5914705508388884;m3/s;2079,6964625;kW;750;rpm;-291,4477225;KVar;90,89320354422222;%;0,18680679266861114;Mill.m3;95,75275824204304;l/s;2,495662113097222;m3/s;624930,8602341666;t;69,5;%;2,1428570750000002;None;93,17579540362404;mKVs;0;None;0;mm;0;m3/s;93,8747675;bar;2099,402198611111;KVa;18,3986790975;cm;124,537863185;%;34,20753700739182;cm
2026-03-18 19:00:00.000;151,3801474203477;moh;45,824219498056436;Hz;0,8141054204652942;None;2,387653870889139;m3/s;1736,9172625;kW;706,1358038888889;rpm;-398,28554694444443;KVar;83,59865417452778;%;0,18600842662555556;Mill.m3;95,59080922838616;l/s;2,2920391241527778;m3/s;624931,8602685243;t;69,5;%;2,1428570750000002;None;94,07682638175757;mKVs;0;None;0;mm;0;m3/s;90,12282166666667;bar;1782,73864;KVa;18,010885449944446;cm;124,00561880194445;%;34,18333284835628;cm
2026-03-18 20:00:00.000;151,38310649727376;moh;45,669207842015425;Hz;0,772052992820402;None;1,9443390475192495;m3/s;1584,3059683333333;kW;704,4899827777778;rpm;-396,0185672222222;KVar;70,22502490080555;%;0,18659793447888887;Mill.m3;95,51764853563311;l/s;1,8488256943144445;m3/s;624932,8602893576;t;67,00027095214256;%;2,1428570750000002;None;94,24168228839258;mKVs;0;None;0;mm;0;m3/s;93,44128583333334;bar;1641,9601211111112;KVa;18,31311543625;cm;124,39862282805555;%;34,17579099160534;cm
2026-03-18 21:00:00.000;151,38028060242027;moh;49,99666440630846;Hz;0,9735764906053653;None;2,6545657103972222;m3/s;2138,4874508333332;kW;749,7579166666667;rpm;-498,59914638888887;KVar;89,96373918211111;%;0,18609235146111108;Mill.m3;95,69445797130997;l/s;2,5588656850500002;m3/s;624933,8603047744;t;72,86826835031759;%;2,1428570750000002;None;92,7937453713287;mKVs;0;None;0;mm;0;m3/s;93,64318166666666;bar;2198,211598611111;KVa;18,034222920027776;cm;124,061566975;%;34,199208579263676;cm
2026-03-18 22:00:00.000;151,37749021172576;moh;45,033702080077376;Hz;0,7846055569453214;None;2,067099326945889;m3/s;1665,8887266666666;kW;695,8667144444445;rpm;-326,4528994444444;KVar;71,56659420969444;%;0,18552138515944444;Mill.m3;95,36038700866222;l/s;1,9717395835472218;m3/s;624934,8603539235;t;70,09961669135669;%;2,1428570750000002;None;94,08413632345224;mKVs;0;None;0;mm;0;m3/s;94,1432813888889;bar;1705,092191111111;KVa;17,753164501472224;cm;123,68092352277777;%;34,14166823583461;cm
2026-03-18 23:00:00.000;151,36928495883976;moh;49,99656503948962;Hz;0,9808822392085662;None;2,652707792516667;m3/s;2140,6839475;kW;750,1449963888889;rpm;-388,19353333333333;KVar;89,98050602694444;%;0,1838841168838889;Mill.m3;95,26028081216009;l/s;2,5577256222777778;m3/s;624935,8603660417;t;72,51509193575652;%;2,1428570750000002;None;92,78195730208114;mKVs;0;None;0;mm;0;m3/s;94,1496575;bar;2175,5079825;KVa;16,93205091688889;cm;122,5894114663889;%;34,13313208866189;cm
2026-03-19 00:00:00.000;151,3598449446245;moh;49,998629719822866;Hz;0,9799999595;None;2,656934591938889;m3/s;2139,1169102777776;kW;750,08333;rpm;-436,7029219444444;KVar;89,91755930383333;%;0,18198752548638888;Mill.m3;95,19795207810165;l/s;2,562005952816666;m3/s;624936,8602920832;t;72,5680719584831;%;2,1428570750000002;None;92,80818048293106;mKVs;0;None;0;mm;0;m3/s;94,40905222222223;bar;2184,0712413888887;KVa;15,988761055361111;cm;121,32501651166666;%;34,115962588471554;cm
2026-03-19 01:00:00.000;151,35083910451075;moh;50,00051959410106;Hz;0,980971328011399;None;2,6562703590333334;m3/s;2139,3230561111113;kW;750,0833402777778;rpm;-435,0674822222222;KVar;89,92504925066666;%;0,18018472302277777;Mill.m3;94,74658027250531;l/s;2,561496638511112;m3/s;624937,8604040103;t;72,59999847;%;2,1428570750000002;None;92,80755690831305;mKVs;0;None;0;mm;0;m3/s;94,00788333333334;bar;2183,009233333333;KVa;15,086530049944445;cm;120,12314930722222;%;34,050003395051526;cm
2026-03-19 02:00:00.000;151,342110891901;moh;50,00007780301274;Hz;0,978110894621027;None;2,6528932059777777;m3/s;2139,6386363888887;kW;750,0833386111111;rpm;-468,8603816666667;KVar;89,97207395605555;%;0,17843621313583333;Mill.m3;94,59764668242941;l/s;2,5582990486805555;m3/s;624938,8604409026;t;72,448438900008;%;2,1428570750000002;None;92,76744980118391;mKVs;0;None;0;mm;0;m3/s;94,50091805555556;bar;2190,617385277778;KVa;14,215609232083333;cm;118,9574739775;%;34,05755444410091;cm
2026-03-19 03:00:00.000;151,3345696936762;moh;49,99666604720135;Hz;0,9781980500995753;None;2,652936337230555;m3/s;2138,027023611111;kW;749,8333497222222;rpm;-444,5254213888889;KVar;89,9672118918889;%;0,1769274143113889;Mill.m3;94,2999950252273;l/s;2,5586497982388887;m3/s;624939,8604334028;t;72,40000153;%;2,1428570750000002;None;92,750003456092;mKVs;0;None;0;mm;0;m3/s;94,28704277777778;bar;2185,411796388889;KVa;13,461210461166667;cm;117,9516099325;%;33,99999926279499;cm
2026-03-19 04:00:00.000;151,327702072638;moh;50,00242098233;Hz;0,9808331503668026;None;2,6502286190055555;m3/s;2139,5798097222223;kW;749,833325;rpm;-415,3169027777778;KVar;90,00634848347222;%;0,17555249523000002;Mill.m3;94,23209779687804;l/s;2,5559682295861115;m3/s;624940,8604623785;t;72,40000153;%;2,1428570750000002;None;92,74011571560843;mKVs;0;None;0;mm;0;m3/s;94,07331777777777;bar;2177,5325741666666;KVa;12,773195901361111;cm;117,03499645888888;%;33,991668044147545;cm
2026-03-19 05:00:00.000;151,32132971801187;moh;50,01592991282036;Hz;0,9845835745439031;None;2,6522676831194447;m3/s;2139,2936980555555;kW;750,3410963888889;rpm;-365,9814377777778;KVar;89,97435444658333;%;0,17428712498055557;Mill.m3;94,15044640430824;l/s;2,5581438415583335;m3/s;624941,8605032639;t;72,36667237161075;%;2,1428570750000002;None;92,66822252791705;mKVs;0;None;0;mm;0;m3/s;94,0419836111111;bar;2167,9473183333334;KVa;12,137171429027777;cm;116,19141779;%;33,97499629922913;cm
2026-03-19 06:00:00.000;151,31273636648245;moh;50,01346686079329;Hz;0,9899999499000001;None;2,653008216552778;m3/s;2139,5264769444443;kW;750,1588958333333;rpm;-250,61978611111113;KVar;89,9605649723889;%;0,1725506578058333;Mill.m3;93,92620650201233;l/s;2,5590815167027774;m3/s;624942,8605194793;t;72,40000153;%;2,1428570750000002;None;92,72499837074473;mKVs;0;None;0;mm;0;m3/s;94,43553722222222;bar;2152,804111388889;KVa;11,275045606472222;cm;115,03377193472222;%;33,94089493209915;cm
2026-03-19 07:00:00.000;151,3076735335222;moh;49,99454026387204;Hz;0,9967437253528124;None;2,651061477330555;m3/s;2139,1493769444446;kW;749,719985;rpm;-202,12255166666668;KVar;89,97847071802778;%;0,1715512502755556;Mill.m3;93,44743872497966;l/s;2,557867274730556;m3/s;624943,8605212673;t;72,40000153;%;2,1428570750000002;None;92,71636389777807;mKVs;0;None;0;mm;0;m3/s;94,45656833333334;bar;2145,658771111111;KVa;10,772844951555555;cm;114,36749994333333;%;33,871469774583765;cm
2026-03-19 08:00:00.000;151,30020238271265;moh;50,00294815189974;Hz;0,9974234593138179;None;2,653739248472222;m3/s;2139,076904722222;kW;750,3333025;rpm;-200,38809111111112;KVar;89,94097084544444;%;0,1699343265177778;Mill.m3;93,32152128698498;l/s;2,5604138950638893;m3/s;624944,8605349478;t;72,40000153;%;2,1428570750000002;None;92,65910238580776;mKVs;0;None;0;mm;0;m3/s;94,32471333333334;bar;2145,9343572222224;KVa;9,962717691211113;cm;113,28955232722222;%;33,85833682590012;cm
2026-03-19 09:00:00.000;151,29729212347635;moh;31,4420337614276;Hz;0,5936565645083929;None;1,639293187426167;m3/s;1270,2311580555556;kW;512,9144833333334;rpm;-135,02582194444443;KVar;55,129599675444446;%;0,16947516284333333;Mill.m3;93,08002325755061;l/s;1,5453051786374998;m3/s;624945,8605418577;t;72,38333989520491;%;2,1428570750000002;None;95,04550492075523;mKVs;0;None;0;mm;0;m3/s;94,46520361111111;bar;1278,7123958333334;KVa;9,717877706425;cm;112,98344335611111;%;33,81743415120654;cm
2026-03-19 10:00:00.000;151,31119620606876;moh;44,21994347588608;Hz;0,8310709684307709;None;2,1493948051522223;m3/s;1746,2717005555555;kW;672,3233486111111;rpm;-223,61059805555556;KVar;75,46863309930555;%;0,1722735049422222;Mill.m3;94,03829124053242;l/s;2,055351445453889;m3/s;624946,7833655556;t;69,58258825377465;%;2,1428570750000002;None;93,70554374090139;mKVs;0;None;0;mm;0;m3/s;86,79498777777778;bar;1771,580916388889;KVa;11,118392944055556;cm;114,84900503944445;%;33,94166612971482;cm
2026-03-19 11:00:00.000;151,30425121385557;moh;49,99765187627537;Hz;0,9888062038237749;None;2,656464070741667;m3/s;2145,4289583333334;kW;750,1590002777777;rpm;-346,4692972222222;KVar;89,90242866938888;%;0,17086892619138888;Mill.m3;93,41274965006264;l/s;2,563034749725;m3/s;624947,7737264235;t;72,51973041885951;%;2,1428570750000002;None;92,63333255995505;mKVs;0;None;0;mm;0;m3/s;91,95199;bar;2171,326888888889;KVa;10,429462856991668;cm;113,91261978027778;%;33,89923390357503;cm
2026-03-19 12:00:00.000;151,29362269907335;moh;50,00037545899614;Hz;0,9910494218244946;None;2,6548275547805553;m3/s;2144,5166805555555;kW;750,0757161111111;rpm;-275,08082333333334;KVar;89,92817359202778;%;0,16868949991055554;Mill.m3;93,52807136400877;l/s;2,5612672826638887;m3/s;624948,773778507;t;72,88180786136846;%;2,1428570750000002;None;92,65000424949487;mKVs;0;None;0;mm;0;m3/s;93,2195161111111;bar;2161,0834052777777;KVa;9,360855950072223;cm;112,45966747777777;%;33,874235150688996;cm
2026-03-19 13:00:00.000;151,28485699472154;moh;50,01151782421268;Hz;0,9967428114593451;None;2,657152361997223;m3/s;2140,0109183333334;kW;749,8485916666667;rpm;-208,89402527777779;KVar;89,888790299;%;0,16703701598083334;Mill.m3;93,18933124173073;l/s;2,5639623338138886;m3/s;624949,7738010068;t;72,41514557607033;%;2,1428570750000002;None;92,61590036101695;mKVs;0;None;0;mm;0;m3/s;91,03746555555556;bar;2150,723016944444;KVa;8,486862182647222;cm;111,35800985638889;%;33,84242808342348;cm
2026-03-19 14:00:00.000;151,27541249322624;moh;50,000525679822715;Hz;0,999090623221823;None;2,655097313783333;m3/s;2142,0614605555556;kW;750,0756975;rpm;-197,0058647222222;KVar;89,91592059877777;%;0,16511024489833334;Mill.m3;92,97760974190938;l/s;2,562117284447223;m3/s;624950,773797309;t;72,31515004622707;%;2,1428570750000002;None;92,6015234724783;mKVs;0;None;0;mm;0;m3/s;92,75620722222222;bar;2150,146581111111;KVa;7,545115153083334;cm;110,07349654222222;%;33,825002394993376;cm
2026-03-19 15:00:00.000;151,2668099578237;moh;49,99666669137701;Hz;0,9908334374090847;None;2,6551864962416665;m3/s;2143,6604755555554;kW;750,0833605555556;rpm;-232,68780916666665;KVar;89,9125997763611;%;0,1633833206133333;Mill.m3;92,85382223421158;l/s;2,5623433007444443;m3/s;624951,7738292363;t;72,20000458;%;2,1428570750000002;None;92,64166907147374;mKVs;0;None;0;mm;0;m3/s;89,21246444444445;bar;2152,6603430555556;KVa;6,687215169336111;cm;108,92221407638888;%;33,79091427892638;cm
2026-03-19 16:00:00.000;151,25878599467774;moh;49,98357776476;Hz;0,9899999499000001;None;2,652505209783333;m3/s;2142,6376122222223;kW;749,811845;rpm;-343,9916758333333;KVar;89,94642840447223;%;0,16175211128055555;Mill.m3;92,44760454045637;l/s;2,560042889255556;m3/s;624952,7738832986;t;72,10105587705483;%;2,1428570750000002;None;92,65555216967923;mKVs;0;None;0;mm;0;m3/s;89,38051861111111;bar;2171,5568794444443;KVa;5,881907145308333;cm;107,83474493138888;%;33,72424641931354;cm
2026-03-19 17:00:00.000;151,25006380119626;moh;50,01158387467841;Hz;0,9899999499000001;None;2,6547994303;m3/s;2143,8150041666668;kW;750,1741944444444;rpm;-328,4603086111111;KVar;89,91086428097222;%;0,1600318038636111;Mill.m3;92,36359748553998;l/s;2,562430985997222;m3/s;624953,7738868924;t;71,886346457322;%;2,1428570750000002;None;92,61666748620236;mKVs;0;None;0;mm;0;m3/s;93,4622625;bar;2167,6818075;KVa;5,010617573994445;cm;106,68787005416667;%;33,70908445685057;cm
2026-03-19 18:00:00.000;151,24230946834678;moh;50,032804392574576;Hz;0,9899999499000001;None;2,6571171431472225;m3/s;2141,9132811111112;kW;750,4091722222222;rpm;-320,63867;KVar;89,87296487866666;%;0,15848842349972225;Mill.m3;92,07794297073953;l/s;2,5650382956;m3/s;624954,7738966842;t;72,41967586239434;%;2,1428570750000002;None;92,641662904651;mKVs;0;None;0;mm;0;m3/s;90,45819777777778;bar;2163,931026111111;KVa;4,234491984111111;cm;105,6589481925;%;33,65833970297948;cm
2026-03-19 19:00:00.000;151,2348088373575;moh;49,995225678679674;Hz;0,9899999499000001;None;2,653976255705556;m3/s;2137,7574808333334;kW;749,9241705555555;rpm;-314,82332055555554;KVar;89,91641818091666;%;0,15696796034583335;Mill.m3;91,88629742255573;l/s;2,562083535022222;m3/s;624955,7739228124;t;72,76817137662692;%;2,1428570750000002;None;92,653243523187;mKVs;0;None;0;mm;0;m3/s;90,02490055555556;bar;2165,3931125;KVa;3,481199476425;cm;104,64530574888889;%;33,6409161362308;cm
2026-03-19 20:00:00.000;151,22771572538622;moh;49,99083146747957;Hz;0,9899999499000001;None;2,655086675791667;m3/s;2138,2782769444443;kW;749,9091658333333;rpm;-313,9233805555556;KVar;89,89647759291667;%;0,15556303328194443;Mill.m3;91,59999847;l/s;2,5634395128611107;m3/s;624956,7739677951;t;72,80000305;%;2,1428570750000002;None;92,60000263230111;mKVs;0;None;0;mm;0;m3/s;88,37123777777778;bar;2161,352805;KVa;2,7740181816500002;cm;103,70868873555555;%;33,60000229;cm
2026-03-19 21:00:00.000;151,220190497154;moh;49,98901597187135;Hz;0,9899999499000001;None;2,651068135963889;m3/s;2140,7463066666664;kW;749,7499941666666;rpm;-331,28516666666667;KVar;89,95168709069445;%;0,15403178872388887;Mill.m3;91,40716867302561;l/s;2,5596853360250003;m3/s;624957,7739594964;t;73,01966499196946;%;2,1428570750000002;None;92,61816063370966;mKVs;0;None;0;mm;0;m3/s;90,50608333333334;bar;2167,5561683333335;KVa;2,0170042251722227;cm;102,68785762888889;%;33,567411196904104;cm
2026-03-19 22:00:00.000;151,2111864274491;moh;50,00318259598822;Hz;0,9881234600347653;None;2,6530777084916664;m3/s;2138,8466527777778;kW;749,9999844444444;rpm;-367,0528908333333;KVar;89,91904797025;%;0,15225267724805555;Mill.m3;91,19625053574411;l/s;2,561904789313889;m3/s;624958,7739978646;t;73,20000458;%;2,1428570750000002;None;92,61591533293583;mKVs;0;None;0;mm;0;m3/s;90,38825111111112;bar;2170,357018888889;KVa;1,1249627008669445;cm;101,50178702333334;%;33,54850434871487;cm
2026-03-19 23:00:00.000;151,2036908782021;moh;49,978108615793126;Hz;0,9865923642823963;None;2,646289611438889;m3/s;2140,9493208333333;kW;749,5833372222222;rpm;-374,8833808333333;KVar;90,0118547656111;%;0,15075568271416667;Mill.m3;90,6974951320683;l/s;2,5555938331444445;m3/s;624959,7739944098;t;73,0122043548427;%;2,1428570750000002;None;92,62776198131557;mKVs;0;None;0,004032558864711111;mm;0;m3/s;90,25739555555556;bar;2172,7763766666667;KVa;0,3714413113368039;cm;100,50378871827778;%;33,46666578779902;cm
2026-03-20 00:00:00.000;151,19472902783397;moh;49,98885018913753;Hz;0,9799999595;None;2,651389546261111;m3/s;2138,756263333333;kW;749,6666186111111;rpm;-412,49441805555557;KVar;89,93665583158334;%;0,14897041082416668;Mill.m3;90,68311739060638;l/s;2,5607073791055552;m3/s;624960,7739910418;t;72,77111092450872;%;2,1428570750000002;None;92,5999980788855;mKVs;0;None;0,2573966980114128;mm;0;m3/s;89,24477222222222;bar;2175,2555055555554;KVa;-0,5236858791865492;cm;99,31361020447223;%;33,47499966028882;cm
2026-03-20 01:00:00.000;151,18575162176504;moh;50,039925473503104;Hz;0,9799999595;None;2,648747770708334;m3/s;2138,171906111111;kW;750,5907122222222;rpm;-424,1234983333333;KVar;89,97356092638888;%;0,14719059254972222;Mill.m3;90,55001724938259;l/s;2,5581978247583335;m3/s;624961,7744987673;t;73,20951427798789;%;2,1428570750000002;None;92,63333242100887;mKVs;0;None;0,7023514641702777;mm;0;m3/s;93,22250305555555;bar;2180,9169522222223;KVa;-1,4199701945583334;cm;98,12706209769445;%;33,45000279274675;cm
2026-03-20 02:00:00.000;151,1763980076007;moh;49,96257372705175;Hz;0,9799999595;None;2,655989889872222;m3/s;2142,9267880555553;kW;749,5759272222223;rpm;-427,4087;KVar;89,8618542986111;%;0,14528941711111112;Mill.m3;90,18966668288753;l/s;2,5657938317444446;m3/s;624962,7532393229;t;72,59999847;%;2,1428570750000002;None;92,64165918228836;mKVs;0;None;1,177645789133611;mm;0;m3/s;86,88745361111111;bar;2183,7893775;KVa;-2,3575125800555554;cm;96,8596110663889;%;33,39852445606403;cm
2026-03-20 03:00:00.000;151,16716075451146;moh;50,00318416380566;Hz;0,9799999595;None;2,6526817042944444;m3/s;2141,037335277778;kW;749,9999811111111;rpm;-443,0108963888889;KVar;89,90476186527778;%;0,1434573970022222;Mill.m3;89,80514217905504;l/s;2,5628660779666665;m3/s;624963,7532936631;t;72,59999847;%;2,1428570750000002;None;92,59999721322049;mKVs;0;None;1,635651058686111;mm;0;m3/s;93,0147525;bar;2187,9417716666667;KVa;-3,2793638440222224;cm;95,63826359661111;%;33,34166357023836;cm
2026-03-20 04:00:00.000;151,15594962348425;moh;50,01325786739296;Hz;0,9799999595;None;2,6546416399944444;m3/s;2141,1793333333335;kW;750,2500052777777;rpm;-429,44698416666665;KVar;89,87053483155556;%;0,1412090378141667;Mill.m3;89,44480239305877;l/s;2,565203583347222;m3/s;624964,7532929688;t;72,41372698325708;%;2,1428570750000002;None;92,58333008614129;mKVs;0;None;2,1977403428972226;mm;0;m3/s;93,17388194444445;bar;2184,1221272222224;KVa;-4,402143690352779;cm;94,13935822408334;%;33,29166657313367;cm
2026-03-20 05:00:00.000;151,14467430743903;moh;49,975831019145765;Hz;0,980906486407511;None;2,6536640638777773;m3/s;2143,627308611111;kW;749,9166686111112;rpm;-393,5817177777778;KVar;89,87832395605555;%;0,13895609557666666;Mill.m3;88,98727044066017;l/s;2,5646740085277777;m3/s;624965,7741551736;t;72,04853700036074;%;2,1428570750000002;None;92,54166091813376;mKVs;0;None;2,7609761557916666;mm;0;m3/s;89,85346361111111;bar;2179,358944722222;KVa;-5,526665581566667;cm;92,6373959651389;%;33,215934268640346;cm
2026-03-20 06:00:00.000;151,13229582553475;moh;49,998332565843185;Hz;0,9891664090335333;None;2,646246421972223;m3/s;2140,3384116666666;kW;749,9166791666667;rpm;-360,54583583333334;KVar;89,98129990708334;%;0,1364889695058333;Mill.m3;88,56895372722616;l/s;2,5576716151694443;m3/s;624966,774168802;t;72,06959548235565;%;2,1428570750000002;None;92,58333466498595;mKVs;0;None;3,377757602441667;mm;0;m3/s;93,18115555555555;bar;2168,42137;KVa;-6,765797932869444;cm;90,99264532769445;%;33,157608103895505;cm
2026-03-20 07:00:00.000;151,11961176575474;moh;49,95742486579791;Hz;0,9899999499000001;None;2,6444258443166664;m3/s;2142,7951733333334;kW;749,3333344444444;rpm;-292,04708222222223;KVar;89,99969959486111;%;0,13395503545527776;Mill.m3;88,00265916152807;l/s;2,5564201957916666;m3/s;624967,774193316;t;72,75583803996216;%;2,1428570750000002;None;92,58299655921888;mKVs;0;None;4,011241065219444;mm;0;m3/s;93,67398805555555;bar;2157,8296580555557;KVa;-8,032760620102776;cm;89,30335625577777;%;33,08260619719415;cm
2026-03-20 08:00:00.000;151,10609150004854;moh;50,00612476937045;Hz;0,9899999499000001;None;2,6430074162749997;m3/s;2140,6815877777776;kW;749,9166702777778;rpm;-292,3597427777778;KVar;90,01830255505556;%;0,13125310137111112;Mill.m3;87,85002504014886;l/s;2,555155377958333;m3/s;624968,7741909202;t;72,87898992613644;%;2,1428570750000002;None;92,54094023471595;mKVs;0;None;4,686724344761112;mm;0;m3/s;82,75261527777778;bar;2158,3063844444446;KVa;-9,384278192102776;cm;87,50206938852777;%;33,050004395074424;cm
2026-03-20 09:00:00.000;151,09172942847383;moh;50,05757187142603;Hz;0,9899999499000001;None;2,6475967943111116;m3/s;2138,7514497222223;kW;750,8405866666667;rpm;-321,0099475;KVar;89,94613005244445;%;0,12837865853722222;Mill.m3;87,50833195359117;l/s;2,560063095261112;m3/s;624969,7741956423;t;72,86956985300559;%;2,1428570750000002;None;92,55833096644456;mKVs;0;None;5,405334896483332;mm;0;m3/s;92,20117916666666;bar;2162,6048663888887;KVa;-10,822058783694445;cm;85,58577387097222;%;33,00000006832231;cm
2026-03-20 10:00:00.000;151,07729882043267;moh;50,003852883392305;Hz;0,9899999499000001;None;2,650560861036112;m3/s;2140,7921725;kW;749,9927469444444;rpm;-306,2261761111111;KVar;89,90287530716667;%;0,12549756396555556;Mill.m3;87,55834363173156;l/s;2,563054972144444;m3/s;624970,774252882;t;73,02226303532342;%;2,1428570750000002;None;92,50064918451177;mKVs;0;None;6,125609079958334;mm;0;m3/s;90,96480972222223;bar;2163,2177441666668;KVa;-12,262323167388889;cm;83,6650419228611;%;33,00833494086578;cm
2026-03-20 11:00:00.000;151,06254754950893;moh;50,006231662127014;Hz;0,9899999499000001;None;2,643743209611111;m3/s;2140,591275;kW;750,1594372222222;rpm;-326,86140222222224;KVar;89,99885914991667;%;0,12253886766194447;Mill.m3;87,21459123582265;l/s;2,556477599852778;m3/s;624971,774264184;t;72,80289043212349;%;2,1428570750000002;None;92,48260359783549;mKVs;0;None;6,8652831183;mm;0;m3/s;89,66816416666667;bar;2164,844785;KVa;-13,737788729083332;cm;81,69257814541666;%;32,94927810939013;cm
2026-03-20 12:00:00.000;151,0466659479088;moh;49,9897440665389;Hz;0,9899999499000001;None;2,6440181665888884;m3/s;2138,2099047222223;kW;749,7572261111111;rpm;-320,34251861111113;KVar;89,98859096111111;%;0,119356137795;Mill.m3;86,90878257547092;l/s;2,557175798625;m3/s;624972,7742965973;t;72,79277472451191;%;2,1428570750000002;None;92,48405643838467;mKVs;0;None;7,660965389680555;mm;0;m3/s;90,79207444444444;bar;2165,598809166667;KVa;-15,32998403025;cm;79,57075962555555;%;32,92572351253903;cm
2026-03-20 13:00:00.000;151,04307980299797;moh;41,10061236179554;Hz;0,6958496032029116;None;1,842861493114722;m3/s;1453,4124663888888;kW;640,7361755555555;rpm;-281,35341611111113;KVar;65,06678697691666;%;0,11861304263027775;Mill.m3;86,36801150852818;l/s;1,7564058499055555;m3/s;624973,7743339932;t;69,71953804323282;%;2,1428570750000002;None;94,39640950255641;mKVs;0;None;7,846739027213889;mm;0;m3/s;94,73924;bar;1490,0021797222223;KVa;-15,703489516833333;cm;79,07536309677778;%;32,842212475746834;cm
2026-03-20 14:00:00.000;151,03205735279795;moh;50,00575965997215;Hz;0,9791665491806293;None;2,6298227541333326;m3/s;2119,909470833333;kW;749,9927727777778;rpm;-470,10755416666666;KVar;90,18065442005556;%;0,11645500934194446;Mill.m3;85,76262672144713;l/s;2,544115470458333;m3/s;624974,7743722395;t;72,59999847;%;2,1428570750000002;None;92,53261172325521;mKVs;0;None;8,386247423052776;mm;0;m3/s;95,01303694444445;bar;2173,308414722222;KVa;-16,79055955677778;cm;77,63667415986112;%;32,73261115403673;cm
2026-03-20 15:00:00.000;151,01512912670523;moh;49,97014311251717;Hz;0,9722605446302289;None;2,629101029363889;m3/s;2120,3375716666665;kW;749,6739166666666;rpm;-503,07494555555553;KVar;90,18343259972222;%;0,1130683050813889;Mill.m3;85,16087221356852;l/s;2,543926601925;m3/s;624975,7743802082;t;72,59999847;%;2,1428570750000002;None;92,5409435957756;mKVs;0;None;9,232923719705557;mm;0;m3/s;94,6499375;bar;2178,6908022222224;KVa;-18,480847677944446;cm;75,37887009316667;%;32,64094416357975;cm
2026-03-20 16:00:00.000;151,00030746387827;moh;49,989093153236134;Hz;0,969999969;None;2,629089616997222;m3/s;2119,2126680555557;kW;749,5833158333334;rpm;-544,4412961111111;KVar;90,17475176816667;%;0,1100881619566667;Mill.m3;84,57252822738607;l/s;2,5445168753361114;m3/s;624976,7743884375;t;72,59999847;%;2,1428570750000002;None;92,48405588200433;mKVs;0;None;9,987321218169443;mm;0;m3/s;94,772485;bar;2187,835826111111;KVa;-19,961747062972222;cm;73,39210851527778;%;32,54928082294945;cm
2026-03-20 17:00:00.000;150,98328262152228;moh;49,99145047795333;Hz;0,969999969;None;2,628430091066667;m3/s;2119,775938611111;kW;749,9166713888889;rpm;-537,2476311111111;KVar;90,17906752588888;%;0,10668088217444442;Mill.m3;84,12788683688599;l/s;2,5442234217527773;m3/s;624977,7744013369;t;72,59999847;%;2,1428570750000002;None;92,49238364430981;mKVs;0;None;10,912757240194445;mm;0;m3/s;94,55374;bar;2182,2197258333335;KVa;-21,664555867083333;cm;71,12058876930556;%;32,47428272683061;cm
2026-03-20 18:00:00.000;150,96530991891282;moh;49,99757037832809;Hz;0,969999969;None;2,6259989526166674;m3/s;2119,0522830555556;kW;749,9928519444444;rpm;-535,4756711111111;KVar;90,19960257238888;%;0,10309579556638887;Mill.m3;83,16905284010767;l/s;2,5428270094638887;m3/s;624978,7744366145;t;72,59999847;%;2,1428570750000002;None;92,47428008713148;mKVs;0;None;11,898655997138889;mm;0;m3/s;94,66924166666666;bar;2185,6819708333333;KVa;-23,46154530875;cm;68,73053044255556;%;32,349284035262635;cm
2026-03-20 19:00:00.000;150,94818900776283;moh;49,986506387717576;Hz;0,969999969;None;2,6200408127444454;m3/s;2114,7112666666667;kW;749,8395425;rpm;-527,6078788888889;KVar;90,27891796875;%;0,09968684593183331;Mill.m3;82,55062261765546;l/s;2,5374335526972223;m3/s;624979,7744522742;t;72,59999847;%;2,1428570750000002;None;92,47925934511466;mKVs;0;None;12,836117003277778;mm;0;m3/s;94,71706972222222;bar;2179,423149722222;KVa;-25,17324659475;cm;66,45789858586112;%;32,23461276250066;cm
2026-03-20 20:00:00.000;150,93045589091247;moh;49,9984031635264;Hz;0,969999969;None;2,623946745513889;m3/s;2117,017171388889;kW;749,9166697222222;rpm;-539,7083455555555;KVar;90,21190448258334;%;0,09612240145633334;Mill.m3;81,92058287313836;l/s;2,5419904622083327;m3/s;624980,7744890798;t;72,59999847;%;2,1428570750000002;None;92,45833530331291;mKVs;0;None;13,816339280083334;mm;0;m3/s;94,55843472222222;bar;2182,6148444444443;KVa;-26,94630093;cm;64,08160120655556;%;32,14024834158622;cm
2026-03-20 21:00:00.000;150,91118990467174;moh;49,99485562663425;Hz;0,969929249622739;None;2,6203999981972226;m3/s;2115,9365722222224;kW;749,74998;rpm;-543,9304672222222;KVar;90,24955344716666;%;0,09227436389836112;Mill.m3;81,00410021441925;l/s;2,5394303547416657;m3/s;624981,7744789409;t;72,59999847;%;2,1428570750000002;None;92,49167473765634;mKVs;0;None;14,874549653361111;mm;0;m3/s;94,89626083333333;bar;2184,5289405555554;KVa;-28,876427544305557;cm;61,516242918138886;%;31,999294517600063;cm
2026-03-20 22:00:00.000;150,89323920728722;moh;50,00312022109602;Hz;0,9633332031112114;None;2,619021260072222;m3/s;2115,1807236111113;kW;750,0833377777777;rpm;-579,1394619444444;KVar;90,2607639728889;%;0,08868680290055554;Mill.m3;80,36442528450455;l/s;2,5386680615638886;m3/s;624982,7744994443;t;72,59999847;%;2,1428570750000002;None;92,43263322350522;mKVs;0;None;15,86112912313889;mm;0;m3/s;94,55042888888889;bar;2191,5093163888887;KVa;-30,66909789977778;cm;59,124535623722224;%;31,900004917200054;cm
2026-03-20 23:00:00.000;150,8742944964577;moh;50,000832966899665;Hz;0,9599999785;None;2,6160621749722233;m3/s;2112,608465;kW;750,2500266666667;rpm;-590,0268897222222;KVar;90,29692395577777;%;0,08490986238444445;Mill.m3;79,86854092155833;l/s;2,536209132244445;m3/s;624983,7745556249;t;72,59999847;%;2,1428570750000002;None;92,39237736637364;mKVs;0;None;16,899787690388887;mm;0;m3/s;94,88540861111112;bar;2195,666111388889;KVa;-32,56340874522222;cm;56,60657493805556;%;31,80253441867328;cm
2026-03-21 00:00:00.000;150,85613639044752;moh;49,97437731694313;Hz;0,9608333027083412;None;2,5338811555222223;m3/s;2045,1688475;kW;749,5833533333333;rpm;-579,0949686111111;KVar;91,48983122363889;%;0,08125581555186111;Mill.m3;78,8307855192294;l/s;2,455091453497222;m3/s;624984,7745762673;t;68,99737261412268;%;2,0410995162388885;None;92,77783322506131;mKVs;0;None;17,904650795777776;mm;0;m3/s;94,56191111111112;bar;2123,615118888889;KVa;-34,380154079777775;cm;54,170544052694446;%;31,6576252656404;cm
2026-03-21 01:00:00.000;150,83772867388032;moh;49,99569215953184;Hz;0,9599999785;None;2,5222996175499994;m3/s;2037,3403633333332;kW;749,9166544444445;rpm;-593,2117477777778;KVar;91,65054433694445;%;0,07758800749544444;Mill.m3;78,12978010845669;l/s;2,444162925813889;m3/s;624985,7746033334;t;68,80141397792754;%;2,040816069;None;92,83403481041675;mKVs;0;None;18,913297441916665;mm;0;m3/s;95,01287444444445;bar;2126,1840716666666;KVa;-36,21988084355556;cm;51,72534024086111;%;31,549294659541218;cm
2026-03-21 02:00:00.000;150,82431142233517;moh;50,0075686115229;Hz;0,9599999785;None;2,1778404798472226;m3/s;1746,6307605555555;kW;750,1666358333333;rpm;-509,5478272222222;KVar;93,27012013261111;%;0,07488735444572223;Mill.m3;77,6007229553551;l/s;2,1002238625333334;m3/s;624986,774596684;t;58,88833482837723;%;1,7355443430694446;None;94,21538020506767;mKVs;0;None;19,655977037444444;mm;0;m3/s;94,603095;bar;1818,828275;KVa;-37,56493462397222;cm;49,92490414522222;%;31,465963306805875;cm
2026-03-21 03:00:00.000;150,8077366574152;moh;49,99861113913049;Hz;0,9599999785;None;2,5901233905111107;m3/s;2097,7991708333334;kW;749,8333144444445;rpm;-613,3664805555555;KVar;90,53581218525;%;0,07160083546269445;Mill.m3;76,81121682646972;l/s;2,513313343697222;m3/s;624987,7746135937;t;71,98974692576142;%;2,141723288691667;None;92,3915581579833;mKVs;0;None;20,558765242222222;mm;0;m3/s;94,86049305555555;bar;2185,3504880555556;KVa;-39,21998341655556;cm;47,73389024722222;%;31,324295612375806;cm
2026-03-21 04:00:00.000;150,8063205843876;moh;50,001810634301656;Hz;0,9779817561079671;None;0,8704940481205555;m3/s;642,7049077777777;kW;749,9242202777777;rpm;103,12868388888889;KVar;79,04725566572222;%;0,07127303038327777;Mill.m3;76,98661401581073;l/s;0,7913453883686111;m3/s;624988,775113229;t;28,1954498998238;%;0,6164967234436111;None;97,18303363348195;mKVs;0;None;20,64837044561111;mm;0;m3/s;94,4310625;bar;658,6456416666666;KVa;-39,37551286622222;cm;47,515354220527776;%;31,34236452384456;cm
2026-03-21 05:00:00.000;150,79781313556137;moh;50,01208023033263;Hz;0,9862107627895081;None;2,564602484413055;m3/s;2089,2141030555554;kW;750,3263516666667;rpm;-367,45516555555554;KVar;90,10667773094444;%;0,069790447691;Mill.m3;76,51552793733397;l/s;2,48814480429;m3/s;624989,7746514584;t;71,48593325332006;%;2,1386053748563896;None;92,32240986705831;mKVs;0;None;21,036215463583332;mm;0;m3/s;94,7289325;bar;2118,2018572222223;KVa;-40,20542568538889;cm;46,526966084583336;%;31,282634603936177;cm
2026-03-21 06:00:00.000;150,77794275848325;moh;49,98111040946806;Hz;0,9899999499000001;None;2,534014959483334;m3/s;2048,105503333333;kW;749,8333402777778;rpm;-341,78539472222224;KVar;91,44518907394445;%;0,06672241269588887;Mill.m3;75,79490049801197;l/s;2,458127218536111;m3/s;624990,7746941666;t;69,21541737895974;%;2,0410995162388885;None;92,77626649832347;mKVs;0;None;21,764770508222224;mm;0;m3/s;94,49508305555555;bar;2071,661991111111;KVa;-42,19700283447222;cm;44,48160934388889;%;31,14721530941605;cm
2026-03-21 07:00:00.000;150,75969254248375;moh;50,002360252783625;Hz;0,9899999499000001;None;2,520216662908333;m3/s;2038,3126211111112;kW;749,9166638888889;rpm;-321,3187336111111;KVar;91,63095198727778;%;0,06398022392030556;Mill.m3;74,73795310636979;l/s;2,4454952259444442;m3/s;624991,7746976217;t;69;%;2,040816069;None;92,67499647118697;mKVs;0;None;22,404614554722222;mm;0;m3/s;94,53779555555556;bar;2065,587546111111;KVa;-44,02458190902778;cm;42,65348349780555;%;30,97500012722307;cm
2026-03-21 08:00:00.000;150,73986523964726;moh;49,99937410233443;Hz;0,9899999499000001;None;2,5148518793388885;m3/s;2034,562321111111;kW;749,8402658333333;rpm;-317,2645641666667;KVar;91,70129061680555;%;0,061008904657027775;Mill.m3;74,16160107201985;l/s;2,440712266438889;m3/s;624992,7747335242;t;69,18610835702951;%;2,040816069;None;92,61597644162339;mKVs;0;None;23,097922217944443;mm;0;m3/s;94,55355055555556;bar;2059,207406388889;KVa;-46,003506977444445;cm;40,672604454416664;%;30,89930591943917;cm
2026-03-21 09:00:00.000;150,741361268852;moh;49,98374955356835;Hz;0,9815957988409373;None;0,8712368733261111;m3/s;645,4930002777778;kW;749,8264080555556;rpm;121,26245277777778;KVar;79,20256146547223;%;0,06117551137411111;Mill.m3;74,8782287494715;l/s;0,7963870010508332;m3/s;624993,7747418403;t;28,14502191990799;%;0,6162132762047222;None;97,14066340961928;mKVs;0;None;23,05904727477778;mm;0;m3/s;94,81391222222223;bar;655,6306375;KVa;-45,87188720875;cm;40,78367572366667;%;30,985405728648907;cm
2026-03-21 10:00:00.000;150,74417159670176;moh;49,99610688518593;Hz;0,9998990386844427;None;1,5175270915349999;m3/s;1205,7839683333334;kW;749,9999822222222;rpm;-99,49263944444445;KVar;89,02699479002777;%;0,06162596341647224;Mill.m3;75,26823092434599;l/s;1,4422277268669443;m3/s;624994,7747677084;t;43,59278959320744;%;1,2142859632716667;None;95,87919086063404;mKVs;0;None;22,953941770305555;mm;0;m3/s;94,660945;bar;1207,2335713888888;KVa;-45,58324178136111;cm;41,08397716963889;%;31,05833152721452;cm
2026-03-21 11:00:00.000;150,75275778023297;moh;50,01076362153743;Hz;0,9702619208620409;None;0,823964588506389;m3/s;616,3245727777778;kW;750,0833288888889;rpm;145,63733527777777;KVar;78,68353000205556;%;0,06290405829358334;Mill.m3;75,90593546486193;l/s;0,748044633215;m3/s;624995,7748015624;t;27,249717525168666;%;0,6122450233;None;97,10342955599029;mKVs;0;None;22,65571954563889;mm;0;m3/s;94,50503555555555;bar;632,2915277777778;KVa;-44,73036024288889;cm;41,936040667444445;%;31,150686183716438;cm
2026-03-21 12:00:00.000;150,76411686583901;moh;50,00867758313124;Hz;0,9807647920824267;None;0,807621875411111;m3/s;607,4997552777778;kW;750,09021;rpm;128,9388986111111;KVar;78,36506326694445;%;0,06460513468502777;Mill.m3;76,37068562618666;l/s;0,7312568677894445;m3/s;624996,7747868923;t;27,118037726319436;%;0,6122450233;None;97,12500118956304;mKVs;0;None;22,25880199013889;mm;0;m3/s;95,00524194444445;bar;621,4097075;KVa;-43,59324985027778;cm;43,070090824527774;%;31,242355309835563;cm
2026-03-21 13:00:00.000;150,774880520039;moh;49,99999984665868;Hz;0,9336204506206679;None;0,8096128059769445;m3/s;608,7920255555556;kW;749,8333366666667;rpm;229,570115;KVar;78,39803695863888;%;0,0662167619081389;Mill.m3;76,76964835016894;l/s;0,7328294782274999;m3/s;624997,774803316;t;27,20000076;%;0,6122450233;None;97,1201873767004;mKVs;0;None;21,882755704138887;mm;0;m3/s;94,35562694444444;bar;652,3694708333334;KVa;-42,51660664775;cm;44,144508785111114;%;31,304814305510668;cm
2026-03-21 14:00:00.000;150,783955366791;moh;50,005900730710636;Hz;0,9207887077672395;None;0,8089418858224999;m3/s;607,9931761111111;kW;750,2499813888888;rpm;255,73133805555557;KVar;78,37844827505556;%;0,06757904731744445;Mill.m3;77,0421719648158;l/s;0,731895224915;m3/s;624998,7748349999;t;27,20000076;%;0,6122450233;None;97,11666659715304;mKVs;0;None;21,564889058583333;mm;0;m3/s;94,97116;bar;661,6215441666667;KVa;-41,608695983833336;cm;45,05269919519444;%;31,342347060181762;cm
2026-03-21 15:00:00.000;150,79362296340003;moh;49,96098308090102;Hz;0,9278563088435308;None;0,8117615626919443;m3/s;610,2702669444444;kW;749,2363494444445;rpm;246,12061166666666;KVar;78,43463647647222;%;0,0690323448631111;Mill.m3;77,15000709915732;l/s;0,7345749732497222;m3/s;624999,7748631596;t;27,20000076;%;0,6122450233;None;97,13333631237326;mKVs;0;None;21,22578621011111;mm;0;m3/s;94,39299722222222;bar;655,7320741666666;KVa;-40,6406572125;cm;46,02156448419444;%;31,37500061110182;cm
2026-03-21 16:00:00.000;150,78362412489577;moh;50,01353671339188;Hz;0,98153729553727;None;2,352961287540001;m3/s;1910,1143625;kW;750,1666919444444;rpm;-363,0807813888889;KVar;92,52027083397222;%;0,06756722188141666;Mill.m3;76,61470277628577;l/s;2,276339584060277;m3/s;625000,7748794967;t;63,98541787698235;%;1,9350912076869446;None;93,0455445292277;mKVs;0;None;21,567648357416665;mm;0;m3/s;94,8414261111111;bar;1945,2485027777777;KVa;-41,63157145183333;cm;45,04481548747222;%;31,29030759663181;cm
2026-03-21 17:00:00.000;150,7699326631482;moh;46,286477489244085;Hz;0,826714454994241;None;2,1423420116520275;m3/s;1729,7617619444445;kW;710,5051311111112;rpm;-326,81148972222223;KVar;75,94110686075;%;0,06549503449341665;Mill.m3;75,8353124685494;l/s;2,066621732913889;m3/s;625001,7749032812;t;69,92269918032827;%;2,142290183169445;None;93,15493896708753;mKVs;0;None;22,05115890638889;mm;0;m3/s;94,91321944444445;bar;1766,0216566666666;KVa;-43,00166236125;cm;43,66335678005556;%;31,14864684263363;cm
2026-03-21 18:00:00.000;150,745699872009;moh;50,00319784077374;Hz;0,9875675050129271;None;2,6296257489027783;m3/s;2141,5787994444445;kW;750,0766158333333;rpm;-279,1112338888889;KVar;90,02217288302778;%;0,061889667083222216;Mill.m3;74,72126681603012;l/s;2,5548923021083336;m3/s;625002,774941736;t;73,98332891472809;%;2,1428570750000002;None;91,88660613380527;mKVs;0;None;22,892410913555555;mm;0;m3/s;94,1757825;bar;2159,8077733333334;KVa;-45,422443813444445;cm;41,25977961261111;%;30,97432868022713;cm
2026-03-21 19:00:00.000;150,7222279839151;moh;50,00693519334129;Hz;0,9899999499000001;None;2,628903906141666;m3/s;2145,5698483333335;kW;750,0067441666666;rpm;-307,0343652777778;KVar;90,01795527336111;%;0,058368683347777776;Mill.m3;73,73057729709704;l/s;2,555135136833333;m3/s;625003,774960191;t;74,0833549886948;%;2,1428570750000002;None;91,69428818614948;mKVs;0;None;23,713973999527777;mm;0;m3/s;93,7357325;bar;2166,2351475;KVa;-47,767545912416665;cm;38,91245651244444;%;30,807663687419204;cm
2026-03-21 20:00:00.000;150,69967989336365;moh;50,00493132446982;Hz;0,9799330317698065;None;2,6286291571222224;m3/s;2143,9866116666667;kW;750,0833130555555;rpm;-450,1654297222222;KVar;90,00942503402777;%;0,05498714526622222;Mill.m3;72,86089871206012;l/s;2,5557591630083336;m3/s;625004,7749629166;t;74,11713719451431;%;2,1428570750000002;None;91,84573298149226;mKVs;0;None;24,50299962325;mm;0;m3/s;94,1507613888889;bar;2188,916219722222;KVa;-50,02217610705556;cm;36,658097585027775;%;30,6605626101356;cm
2026-03-21 21:00:00.000;150,67685188483884;moh;49,9899316879137;Hz;0,9791664936251268;None;2,628594184441667;m3/s;2143,1692422222222;kW;749,7499855555556;rpm;-462,0022286111111;KVar;89,99474196941667;%;0,05155635868247222;Mill.m3;71,8320025320044;l/s;2,556737288591666;m3/s;625005,7749986458;t;74,04866908342393;%;2,1428570750000002;None;91,80444809159765;mKVs;0;None;25,30351638852778;mm;0;m3/s;94,10472472222222;bar;2191,69901;KVa;-52,30548858672222;cm;34,37090683030556;%;30,498663328254;cm
2026-03-21 22:00:00.000;150,65259751172673;moh;49,99369548488176;Hz;0,9719385143806023;None;2,630432965408334;m3/s;2139,713059722222;kW;749,8901227777778;rpm;-511,20731166666667;KVar;89,95257803686111;%;0,04793191298505555;Mill.m3;70,80984570670815;l/s;2,5596246077083333;m3/s;625006,7789712673;t;74,2206796611574;%;2,1428570750000002;None;91,79093743953925;mKVs;0;None;26,14922036063889;mm;0;m3/s;94,63074388888889;bar;2199,0537786111113;KVa;-54,72983466202778;cm;31,954608880833334;%;30,31599672736632;cm
2026-03-21 23:00:00.000;150,6351571988565;moh;49,96973343935658;Hz;0,9750666836310607;None;2,408192368436111;m3/s;1945,4632091666667;kW;749,4233733333333;rpm;-440,8054411111111;KVar;92,66411092525;%;0,045285307751194444;Mill.m3;70,10186575046282;l/s;2,338041463186111;m3/s;625007,7750138193;t;65,4868597522172;%;1,9393429078305557;None;92,93091971923036;mKVs;0;None;26,766761566805556;mm;0;m3/s;94,39001611111111;bar;1993,7137583333333;KVa;-56,480632358722225;cm;30,190204408472223;%;30,214666204617362;cm
2026-03-22 00:00:00.000;150,63836199620923;moh;49,99359914987218;Hz;0,9932465361284177;None;1,1922736525638893;m3/s;921,0168466666667;kW;749,9999944444445;rpm;-100,73723527777778;KVar;85,37632880666666;%;0,045741406031694444;Mill.m3;70,43975262242806;l/s;1,121724246513889;m3/s;625008,7750690451;t;35,76498222467526;%;0,9028854651994445;None;96,55613520737559;mKVs;0;None;26,660338719722223;mm;0;m3/s;94,44288277777778;bar;922,6300797222223;KVa;-56,169891357472224;cm;30,4942696895;%;30,243667092598102;cm
2026-03-22 01:00:00.000;150,647685644391;moh;50,00999885669196;Hz;0,996733047521539;None;0,8002751908400001;m3/s;602,0540338888889;kW;750,1666527777778;rpm;48,709941944444445;KVar;78,30374264247222;%;0,04713054032280555;Mill.m3;71,05334317905056;l/s;0,7289781615263888;m3/s;625009,7750867534;t;26,927681767448913;%;0,6008333570011111;None;97,0372774687835;mKVs;0;None;26,336207284666667;mm;0;m3/s;94,47319583333334;bar;605,5645994444444;KVa;-55,23685879086111;cm;31,42035953825;%;30,35132709464935;cm
2026-03-22 02:00:00.000;150,6599024618764;moh;50,025966260268405;Hz;0,9899336406534971;None;0,7866490748180555;m3/s;593,8138980555556;kW;750,5000672222222;rpm;94,31303944444444;KVar;78,02305410136111;%;0,04897075013977777;Mill.m3;71,74668025130649;l/s;0,7149456146666666;m3/s;625010,7750847047;t;26,717986717235263;%;0,6000000238;None;97,07623946753806;mKVs;0;None;25,906824958722222;mm;0;m3/s;94,39283277777778;bar;601,9296444444444;KVa;-54,01477813738889;cm;32,64716805427778;%;30,474996043874217;cm
2026-03-22 03:00:00.000;150,67159949416657;moh;49,98756531186513;Hz;0,9899999499000001;None;0,7855317067955555;m3/s;592,4561513888889;kW;749,6666663888889;rpm;90,37326055555556;KVar;77,98659292822222;%;0,05072230608777778;Mill.m3;72,30394916659758;l/s;0,7132067698383333;m3/s;625011,7751193576;t;26,80000114;%;0,6000000238;None;97,04166658471374;mKVs;0;None;25,49812846602778;mm;0;m3/s;94,43489138888889;bar;599,4605325;KVa;-52,84567515091667;cm;33,81487231788889;%;30,567325033611933;cm
2026-03-22 04:00:00.000;150,6833616241845;moh;50,01173214280286;Hz;0,9992324183766574;None;0,7885069166675;m3/s;594,4671725;kW;750,4166713888889;rpm;13,831637777777777;KVar;78,03950523866666;%;0,05248973904466667;Mill.m3;72,77630921202352;l/s;0,71573026792;m3/s;625012,7751436458;t;26,867978530304445;%;0,6000000238;None;97,06600721229641;mKVs;0;None;25,085727691861113;mm;0;m3/s;94,53335972222222;bar;595,9980466666667;KVa;-51,66795094891667;cm;34,993160247944445;%;30,650657544718715;cm
2026-03-22 05:00:00.000;150,689006952438;moh;50,00506427042599;Hz;1;None;0,7857626956313888;m3/s;592,0965844444445;kW;750,0899038888889;rpm;-28,042752222222223;KVar;77,97850742261112;%;0,05334881490263889;Mill.m3;72,91892220030118;l/s;0,7128211003091666;m3/s;625013,7751737153;t;27,101313273877867;%;0,6000000238;None;97,04232113025458;mKVs;0;None;24,885276581527776;mm;0;m3/s;94,19893305555556;bar;594,2191375;KVa;-51,099679737416665;cm;35,565877701805555;%;30,675001637225918;cm
2026-03-22 06:00:00.000;150,69249819676355;moh;50,02486806480083;Hz;1;None;0,7929417669830556;m3/s;597,0201569444445;kW;750,4934680555556;rpm;-8,634912777777778;KVar;78,12197585691666;%;0,05386480383936111;Mill.m3;73,2793038611455;l/s;0,7196634464836111;m3/s;625014,7752092187;t;26,77940376586059;%;0,6000000238;None;97,05576806234075;mKVs;0;None;24,76487922638889;mm;0;m3/s;94,43135277777778;bar;596,7514944444445;KVa;-50,75346204830556;cm;35,909870149027775;%;30,733335997784533;cm
2026-03-22 07:00:00.000;150,70706398494093;moh;1,648585965693828;Hz;0,005774574947893889;None;0,08731502894927777;m3/s;2,449082777777778;kW;41,33338888888889;rpm;0,45309055555555555;KVar;1,5202595181666667;%;0,05600535767158333;Mill.m3;73,26566382339242;l/s;0,014051694836388889;m3/s;625015,5662234549;t;26,60000038;%;0,0016666667327777777;None;97,66105462237435;mKVs;0;None;24,265416674055555;mm;0;m3/s;95,28436083333334;bar;2,642176111111111;KVa;-49,29893069875;cm;37,336906007972225;%;30,72565407970447;cm
2026-03-22 08:00:00.000;150,72843328678175;moh;0;Hz;0;None;0,07401000462166667;m3/s;0;kW;0;rpm;0;KVar;0;%;0,05922880162422223;Mill.m3;74,01547110908427;l/s;0;m3/s;625015,625;t;26,60000038;%;0;None;97,70768502251252;mKVs;0;None;23,513279597055554;mm;0;m3/s;95,11248805555556;bar;0;KVa;-47,16662936791667;cm;39,48586909102778;%;30,851301733677783;cm
2026-03-22 09:00:00.000;150,753529582023;moh;0;Hz;0;None;0,07545499942436112;m3/s;0;kW;0;rpm;0;KVar;0;%;0,06297960280166666;Mill.m3;75,45091445850179;l/s;0;m3/s;625015,625;t;26,60000038;%;0;None;97,75000184498006;mKVs;0;None;22,638092676583334;mm;0;m3/s;94,94008722222222;bar;0;KVa;-44,65635935402778;cm;41,98640314611111;%;31,084632793825616;cm
2026-03-22 10:00:00.000;150,78045233567175;moh;0;Hz;0;None;0,07658666811252778;m3/s;0;kW;0;rpm;0;KVar;0;%;0,0670268640533889;Mill.m3;76,59115322376513;l/s;0;m3/s;625015,625;t;26,60000038;%;0;None;97,79232003032983;mKVs;0;None;21,693731943;mm;0;m3/s;95,05267083333334;bar;0;KVa;-41,964314778777776;cm;44,68457666947222;%;31,276296026519105;cm
2026-03-22 11:00:00.000;150,8075996606248;moh;0;Hz;0;None;0,0776750014495;m3/s;0;kW;0;rpm;0;KVar;0;%;0,07153053782513889;Mill.m3;77,67801192603179;l/s;0;m3/s;625015,625;t;26,60000038;%;0;None;97,7750034919361;mKVs;0;None;20,573316531083332;mm;0;m3/s;94,84800638888889;bar;0;KVa;-39,25037807952778;cm;47,68702593947222;%;31,46208256980207;cm
2026-03-22 12:00:00.000;150,83401124020614;moh;0;Hz;0;None;0,07870778112283333;m3/s;0;kW;0;rpm;0;KVar;0;%;0,07674314663197222;Mill.m3;78,71708403647418;l/s;0;m3/s;625015,625;t;26,60000038;%;0;None;97,80000324527484;mKVs;0;None;19,145634546333334;mm;0;m3/s;95,03133138888889;bar;0;KVa;-36,61008199097222;cm;51,162098514861114;%;31,61794953153985;cm
2026-03-22 13:00:00.000;150,85581233420476;moh;0;Hz;0;None;0,07967305990599999;m3/s;0;kW;0;rpm;0;KVar;0;%;0,08113576151008334;Mill.m3;79,67931526937434;l/s;0;m3/s;625015,625;t;26,60000038;%;0;None;97,84167016665016;mKVs;0;None;17,9376653055;mm;0;m3/s;95,20448;bar;0;KVa;-34,42488352502778;cm;54,09050801522222;%;31,767951189343016;cm
2026-03-22 14:00:00.000;150,8762136615795;moh;0;Hz;0;None;0,08075333531533334;m3/s;0;kW;0;rpm;0;KVar;0;%;0,08523488388194442;Mill.m3;80,75668012020313;l/s;0;m3/s;625015,625;t;26,60000038;%;0;None;97,80833647888552;mKVs;0;None;16,810407003444446;mm;0;m3/s;95,18683416666667;bar;0;KVa;-32,38785637572222;cm;56,823255994;%;31,950640312433897;cm
2026-03-22 15:00:00.000;150,89924247098025;moh;0;Hz;0;None;0,08161805700569445;m3/s;0;kW;0;rpm;0;KVar;0;%;0,08985847272033336;Mill.m3;81,61535462147411;l/s;0;m3/s;625015,625;t;26,60000038;%;0;None;97,816669435556;mKVs;0;None;15,538919447055555;mm;0;m3/s;94,97692416666666;bar;0;KVa;-30,07772233847222;cm;59,90564955547222;%;32,07987198799446;cm
2026-03-22 16:00:00.000;150,92627160788024;moh;4,418881862790147;Hz;0,025501785600778835;None;0,08924071602380558;m3/s;14,894995555555555;kW;76,70955888888889;rpm;7,368056388888889;KVar;1,59055714075;%;0,09521316480416668;Mill.m3;82,73832809208241;l/s;0,0065051619375;m3/s;625015,6253983333;t;26,333598476006323;%;0;None;97,80527996999533;mKVs;0;None;14,066379547416666;mm;0;m3/s;95,35922083333334;bar;19,248403888888888;KVa;-27,376191881472224;cm;63,47544335180555;%;32,25896966921451;cm
2026-03-22 17:00:00.000;150,92732274116636;moh;50,003650454086014;Hz;0,9753017009722836;None;2,3562533333988895;m3/s;1904,7752686111112;kW;750,0063547222222;rpm;-418,7219388888889;KVar;92,80605396655555;%;0,09547720116888889;Mill.m3;82,83180786947868;l/s;2,2735792192175;m3/s;625016,2044357117;t;63,786427072690806;%;1,9196527299111112;None;93,60042317755816;mKVs;0;None;13,993769538833334;mm;0;m3/s;94,47490777777777;bar;1951,6936852777778;KVa;-27,25721995111111;cm;63,651467523638885;%;32,266030101665805;cm
2026-03-22 18:00:00.000;150,9091065713225;moh;50,00051540797505;Hz;0,9858963927283075;None;2,4800023099805553;m3/s;1999,2903363888888;kW;750,0833402777778;rpm;-341,08859194444443;KVar;92,2515910471111;%;0,09186775164899999;Mill.m3;81,93462264325636;l/s;2,398105311411111;m3/s;625017,2148609549;t;66,71526385966634;%;1,9997916665333333;None;93,04239229388766;mKVs;0;None;14,986368178083334;mm;0;m3/s;95,00599555555556;bar;2028,6961147222223;KVa;-29,08029344311111;cm;61,24516835763889;%;32,14936872912637;cm
2026-03-22 19:00:00.000;150,8852242083995;moh;49,99441717580677;Hz;0,9899999499000001;None;2,482271565291667;m3/s;2002,5623375;kW;749,9166527777778;rpm;-290,9245213888889;KVar;92,23120954372222;%;0,08709976180558333;Mill.m3;80,92947150938494;l/s;2,4014638344611114;m3/s;625018,214878125;t;66,88334772379181;%;2;None;93,08645767896715;mKVs;0;None;16,29756545972222;mm;0;m3/s;94,82219916666666;bar;2021,9023102777778;KVa;-31,469573975305554;cm;58,066508082;%;31,990402916189645;cm
2026-03-22 20:00:00.000;150,85684401492577;moh;49,97179001680897;Hz;0,9899999499000001;None;2,4814497397416666;m3/s;2001,9616969444444;kW;749,5833061111111;rpm;-274,38216944444446;KVar;92,24299286652777;%;0,08140787747302777;Mill.m3;80,02920130393704;l/s;2,4014615919611106;m3/s;625019,2253366319;t;67,00125882518648;%;2;None;92,9926189441958;mKVs;0;None;17,862833660416666;mm;0;m3/s;94,63503555555556;bar;2020,4743891666667;KVa;-34,304669697916665;cm;54,27191828675;%;31,848738598318658;cm
2026-03-22 21:00:00.000;150,82484729177602;moh;50,0073741915296;Hz;0,9899999499000001;None;2,4803793384027784;m3/s;2002,8120738888888;kW;750,3333494444445;rpm;-298,93302805555555;KVar;92,24053957113888;%;0,07502895657766669;Mill.m3;78,545622784117;l/s;2,4018254497805556;m3/s;625020,225340677;t;66,90126899983122;%;2;None;92,96980138172084;mKVs;0;None;19,61703660875;mm;0;m3/s;95,15450944444444;bar;2021,1888430555555;KVa;-37,5032933545;cm;50,01930545222222;%;31,60708242634971;cm
2026-03-22 22:00:00.000;150,7930307853687;moh;50,02820694259788;Hz;0,9899999499000001;None;2,4498740090444437;m3/s;1977,959655;kW;750,4999933333334;rpm;-313,7621447222222;KVar;92,47934684769444;%;0,06906760043066668;Mill.m3;76,92400602733598;l/s;2,373097886605555;m3/s;625021,2254092535;t;66,17832134950793;%;1,9750694683777779;None;93,0818558552868;mKVs;0;None;21,20570309863889;mm;0;m3/s;94,90599916666666;bar;2001,6125358333334;KVa;-40,68485260086111;cm;46,04506826511111;%;31,339792761372436;cm
2026-03-22 23:00:00.000;150,75969005496927;moh;50,03101940266278;Hz;0,9883338931660826;None;2,3574717773305554;m3/s;1899,9392588888888;kW;750,4999775;rpm;-324,4056636111111;KVar;93,08758672122222;%;0,0639917056576111;Mill.m3;75,4994103342778;l/s;2,281861882669445;m3/s;625022,2253986807;t;63,94524368099982;%;1,9002083094666666;None;93,35050482793585;mKVs;0;None;22,401935364361112;mm;0;m3/s;94,79232027777778;bar;1926,0934272222223;KVa;-44,01884714705555;cm;42,66113832366667;%;31,115418244143214;cm
2026-03-23 00:00:00.000;150,759458776188;moh;2,0765656910774357;Hz;0,013562144112764149;None;0,11955157116355557;m3/s;14,505161388888888;kW;48,00244611111111;rpm;0,6384316666666666;KVar;1,8128339768055555;%;0,06387687684608333;Mill.m3;75,60212507291374;l/s;0,0439499067;m3/s;625023,0498054688;t;64,09999847;%;0,005277777711111111;None;97,8242082325713;mKVs;0;None;22,428728739416666;mm;0;m3/s;95,13396055555556;bar;15,370542222222221;KVa;-44,057354398638886;cm;42,58458582397222;%;31,0941945246045;cm
2026-03-23 01:00:00.000;150,772019260406;moh;0;Hz;0;None;0,07615333282422222;m3/s;0;kW;0;rpm;0;KVar;0;%;0,06578369753019445;Mill.m3;76,15747594777945;l/s;0;m3/s;625023,125;t;64,09999847;%;0;None;97,7846004554324;mKVs;0;None;21,983803854833333;mm;0;m3/s;93,57044194444444;bar;0;KVa;-42,801988390388885;cm;43,85579978038889;%;31,209580074179037;cm
2026-03-23 02:00:00.000;150,78023452042805;moh;0;Hz;0;None;0,07650000105666667;m3/s;0;kW;0;rpm;0;KVar;0;%;0,06702476501908333;Mill.m3;76,49999004320604;l/s;0;m3/s;625023,125;t;64,09999847;%;0;None;97,77500199029224;mKVs;0;None;21,694221496416667;mm;0;m3/s;92,44933;bar;0;KVa;-41,97959899911111;cm;44,683177948027776;%;31,266665596658747;cm
2026-03-23 03:00:00.000;150,78608106956773;moh;0;Hz;0;None;0,0766866685651389;m3/s;0;kW;0;rpm;0;KVar;0;%;0,06789974346766668;Mill.m3;76,68764610069046;l/s;0;m3/s;625023,125;t;64,09999847;%;0;None;97,75772114575211;mKVs;0;None;21,490060171;mm;0;m3/s;94,01954083333334;bar;0;KVa;-41,394877964416665;cm;45,2664960235;%;31,30000114;cm
2026-03-23 04:00:00.000;150,79004145495634;moh;0;Hz;0;None;0,07680000240791666;m3/s;0;kW;0;rpm;0;KVar;0;%;0,0684920627212778;Mill.m3;76,80963257813744;l/s;0;m3/s;625023,125;t;64,09999847;%;0;None;97,75895190259902;mKVs;0;None;21,351851992916668;mm;0;m3/s;84,80753111111112;bar;0;KVa;-41,00028991761111;cm;45,66137652952778;%;31,32500073222264;cm
2026-03-23 05:00:00.000;150,79387002818927;moh;4,26936633883047;Hz;0,011547374823138248;None;0,07881833553269445;m3/s;4,3842413888888885;kW;75,29751833333333;rpm;10,857461388888888;KVar;0,6944444444444444;%;0,06911387818183334;Mill.m3;76,73296099314578;l/s;0,0020833334166666666;m3/s;625023,1253835242;t;62,36739285296654;%;0;None;97,7587908386556;mKVs;0;None;21,206761889444444;mm;0;m3/s;90,63201722222222;bar;11,680776666666667;KVa;-40,61213599311111;cm;46,075919681555554;%;31,308335624425023;cm
2026-03-23 06:00:00.000;150,7872055163775;moh;49,96089312863975;Hz;0,9793283949564915;None;0,7821494814419445;m3/s;590,5799919444445;kW;749,4166594444445;rpm;112,41116805555555;KVar;77,5493645145;%;0,06808998837163888;Mill.m3;76,75564918956401;l/s;0,7053928006727778;m3/s;625023,6861923959;t;26,66806527600457;%;0,5983333570672221;None;97,16084132451375;mKVs;0;None;21,44566959822222;mm;0;m3/s;89,73502972222222;bar;599,4171575;KVa;-41,27777947283333;cm;45,39332622933333;%;31,316668219989868;cm
2026-03-23 07:00:00.000;150,76029542216256;moh;50,01617766543748;Hz;0,9924414517347918;None;2,3367321305566673;m3/s;1897,0772280555555;kW;750,3272494444444;rpm;-223,2574263888889;KVar;92,57055617491666;%;0,06410394107158333;Mill.m3;75,45021433851485;l/s;2,2612870000613885;m3/s;625024,6862132987;t;63,62868776815881;%;1,9213888710216667;None;93,29149998861809;mKVs;0;None;22,3757472575;mm;0;m3/s;93,7501186111111;bar;1912,2058433333334;KVa;-43,955154418583334;cm;42,73596149038889;%;31,11482882523677;cm
2026-03-23 08:00:00.000;150,7342232211605;moh;49,97156246069752;Hz;1;None;2,296278109152778;m3/s;1849,578773888889;kW;749,4288463888889;rpm;-158,28203055555556;KVar;93,32272370672223;%;0,06016503006347223;Mill.m3;74,2652603088503;l/s;2,2218042102749997;m3/s;625025,6862035763;t;62,28296663462919;%;1,849999964;None;93,69505512885723;mKVs;0;None;23,294826296361112;mm;0;m3/s;93,26218972222222;bar;1856,0831472222221;KVa;-46,57192230305556;cm;40,110021378666666;%;30,89044669251505;cm
2026-03-23 09:00:00.000;150,71476022036612;moh;50,029132251498105;Hz;0,9983335888735443;None;2,2314975089000004;m3/s;1797,0305980555556;kW;750,243945;rpm;-168,7037463888889;KVar;93,58415084538889;%;0,05723984352216667;Mill.m3;73,39787834093637;l/s;2,157909939611111;m3/s;625026,6862333507;t;60,64474861702558;%;1,799999952;None;93,85582338235898;mKVs;0;None;23,977369732222222;mm;0;m3/s;92,93097305555555;bar;1805,808756111111;KVa;-48,51844787733334;cm;38,15989727480556;%;30,733522942939373;cm
2026-03-23 10:00:00.000;150,71574736700498;moh;50,01280079841416;Hz;0,8895929827140854;None;0,8438150530158334;m3/s;628,4124983333334;kW;750,1666677777778;rpm;305,4301897222222;KVar;78,83668867783334;%;0,05728198370711113;Mill.m3;73,85725492199539;l/s;0,7699534086719445;m3/s;625027,6862814758;t;27,594593655492886;%;0,6033333569338889;None;97,14382033579115;mKVs;0;None;23,967537138055555;mm;0;m3/s;93,95775888888889;bar;701,8597483333333;KVa;-48,434473674694445;cm;38,18799040111111;%;30,82620915037146;cm
2026-03-23 11:00:00.000;150,72827507942702;moh;1,6620429350720634;Hz;0,0045315304111284566;None;0,08833543410119445;m3/s;2,5417211111111113;kW;41,90427583333334;rpm;2,3423533333333335;KVar;1,516983053472222;%;0,05920381517141668;Mill.m3;74,44106502864996;l/s;0,013895431325833332;m3/s;625028,4508567014;t;26,70000076;%;0,0016666667327777777;None;97,7551549225844;mKVs;0;None;23,519109726055557;mm;0;m3/s;86,27879333333334;bar;3,7723577777777777;KVa;-47,18132443002778;cm;39,46921157819445;%;30,916668638890055;cm
2026-03-23 12:00:00.000;150,74330324469426;moh;0;Hz;0;None;0,07510833305611112;m3/s;0;kW;0;rpm;0;KVar;0;%;0,061457398625944445;Mill.m3;75,11484998136162;l/s;0;m3/s;625028,5;t;26,70000076;%;0;None;97,72500095197462;mKVs;0;None;22,993273629944444;mm;0;m3/s;88,83146777777777;bar;0;KVa;-45,66868676033334;cm;40,971600424083334;%;31,034531936776414;cm
2026-03-23 13:00:00.000;150,7626550449345;moh;0;Hz;0;None;0,07589666607583334;m3/s;0;kW;0;rpm;0;KVar;0;%;0,06435909302294444;Mill.m3;75,89950742119305;l/s;0;m3/s;625028,5;t;26,70000076;%;0;None;97,71607278539798;mKVs;0;None;22,316211699083333;mm;0;m3/s;88,68116944444445;bar;0;KVa;-43,743387858666665;cm;42,90606308061111;%;31,167264857826268;cm
2026-03-23 14:00:00.000;150,78537463988414;moh;0;Hz;0;None;0,07688000276861112;m3/s;0;kW;0;rpm;0;KVar;0;%;0,0677733469966389;Mill.m3;76,88046189993624;l/s;0;m3/s;625028,5;t;26,70000076;%;0;None;97,70833815143385;mKVs;0;None;21,518486361166666;mm;0;m3/s;85,00082916666666;bar;0;KVa;-41,475088331222224;cm;45,18223295386111;%;31,326194483758307;cm
2026-03-23 15:00:00.000;150,8094390156607;moh;4,752214324724742;Hz;0,03272316837424072;None;0,09016771347522223;m3/s;16,03183138888889;kW;79,71840138888889;rpm;24,930839722222224;KVar;2,7461663987777776;%;0,07185830281566666;Mill.m3;77,61105692770472;l/s;0,012559377153333332;m3/s;625028,510300625;t;25,880412849402546;%;0,008333333663888888;None;97,73566700591175;mKVs;0;None;20,48875736636111;mm;0;m3/s;91,46585666666667;bar;30,514918333333334;KVa;-39,063356186861114;cm;47,905535232472225;%;31,4505973122705;cm
2026-03-23 16:00:00.000;150,81906834783646;moh;50,00696231830482;Hz;0,8835248974561175;None;0,8016626762069443;m3/s;608,4715563888889;kW;750,0833605555556;rpm;316,54210166666667;KVar;78,18406020430555;%;0,07382861506302778;Mill.m3;78,10121035024954;l/s;0,7239663963408332;m3/s;625029,1362265104;t;26,518784282590584;%;0,6180555786916666;None;97,16768798301665;mKVs;0;None;19,947130416194444;mm;0;m3/s;94,38116138888888;bar;684,7141416666667;KVa;-38,089302911805554;cm;49,21907687563889;%;31,533336765568116;cm
2026-03-23 17:00:00.000;150,80378991691083;moh;50,031488762724656;Hz;0,9900401439597134;None;2,333400136628055;m3/s;1888,8425475;kW;750,5833575;rpm;-244,42101444444444;KVar;93,0464496616111;%;0,07085556599194444;Mill.m3;77,19043260354013;l/s;2,256236194362778;m3/s;625030,1362562673;t;62,90562732789262;%;1,899999976;None;93,42127963994686;mKVs;0;None;20,757241398694443;mm;0;m3/s;94,68786555555556;bar;1903,8135311111112;KVa;-39,613511827555556;cm;47,23704514994444;%;31,382157177250097;cm
2026-03-23 18:00:00.000;150,7812663495117;moh;49,94974652972576;Hz;0,9899999499000001;None;2,4714425854916664;m3/s;1997,5185327777779;kW;749,1666908333333;rpm;-244,51363944444444;KVar;92,30412141977777;%;0,06722616135147222;Mill.m3;76,43260153911018;l/s;2,3948790709444454;m3/s;625031,1362726736;t;66,38921358686781;%;1,9997222221555557;None;92,89905257503081;mKVs;0;None;21,647228875611113;mm;0;m3/s;94,48315083333334;bar;2011,2273413888888;KVa;-41,86534457738889;cm;44,81744257580556;%;31,266666688311172;cm
2026-03-23 19:00:00.000;150,759718147703;moh;50,00798033893887;Hz;0,9899999499000001;None;2,470252610580555;m3/s;1996,3488297222223;kW;750,1608013888889;rpm;-236,08827694444443;KVar;92,31884490144445;%;0,06399395679144443;Mill.m3;75,57451456860697;l/s;2,3946393542138886;m3/s;625032,136267066;t;67,08216515236013;%;2;None;92,91427982082314;mKVs;0;None;22,40141020836111;mm;0;m3/s;94,9741311111111;bar;2010,5130352777778;KVa;-44,019584657083335;cm;42,66263877066667;%;31,115495411103115;cm
2026-03-23 20:00:00.000;150,74185087658776;moh;49,984634374578114;Hz;0,9971591274339663;None;2,355842009613889;m3/s;1899,0324366666666;kW;749,5950313888889;rpm;-190,03947916666667;KVar;93,09420687366666;%;0,06129398382066667;Mill.m3;74,8678652775579;l/s;2,2808689329722225;m3/s;625033,136343611;t;63,50126533350738;%;1,9002777538444442;None;93,37178808891117;mKVs;0;None;23,031403860305556;mm;0;m3/s;94,92366722222222;bar;1909,8718108333333;KVa;-45,81123352;cm;40,86265691013889;%;30,999999888888468;cm
2026-03-23 21:00:00.000;150,72986572203024;moh;49,98393261562836;Hz;0,9992252238961691;None;1,8998712337805557;m3/s;1514,3166811111112;kW;749,8274688888889;rpm;-108,52676555555556;KVar;92,07740832383334;%;0,059487705689416664;Mill.m3;75,14647423482633;l/s;1,8246500746888887;m3/s;625034,1363244271;t;51,44751789912752;%;1,5011111110444444;None;94,93377396644327;mKVs;0;None;23,4528687785;mm;0;m3/s;94,57380694444444;bar;1517,3881825;KVa;-47,00903150875;cm;39,658471426;%;31,041079044988667;cm
2026-03-23 22:00:00.000;150,70640590173198;moh;50,00042402543855;Hz;0,9907747843374566;None;2,2610650880722223;m3/s;1824,2323325;kW;750,1608588888889;rpm;-265,1651602777778;KVar;93,55689139922222;%;0,05599696470488889;Mill.m3;73,96886711676478;l/s;2,187099705725;m3/s;625035,1363656076;t;60,951738734770316;%;1,8357996349722223;None;93,58366231661319;mKVs;0;None;24,26737488725;mm;0;m3/s;94,46355305555555;bar;1841,3013758333334;KVa;-49,34702555238889;cm;37,331311119527776;%;30,857163704419758;cm
2026-03-23 23:00:00.000;150,69368277947262;moh;49,978389331832425;Hz;0,966014328350839;None;0,8615060734788889;m3/s;641,0596441666667;kW;749,4999997222222;rpm;158,38891583333333;KVar;79,14702281880555;%;0,054061915188277784;Mill.m3;73,60002392520961;l/s;0,7879060775041666;m3/s;625036,1363808856;t;27,619931801898296;%;0,6156463843741666;None;96,94350804024134;mKVs;0;None;24,718886482305557;mm;0;m3/s;94,91764805555556;bar;662,1665311111111;KVa;-50,62428368422222;cm;36,041277991722225;%;30,783337751678914;cm
2026-03-24 00:00:00.000;150,65736619601552;moh;49,98945671804306;Hz;0,9724266009274828;None;2,5626557304322213;m3/s;2095,8002994444446;kW;749,6724916666667;rpm;-500,5212597222222;KVar;90,03837818497222;%;0,04867171666825;Mill.m3;72,4406507018583;l/s;2,4902175721844446;m3/s;625037,136405434;t;71,90472794291608;%;2,1386053748563896;None;91,97523916474562;mKVs;0;None;25,976599587666666;mm;0;m3/s;94,83573888888888;bar;2156,6174908333332;KVa;-54,24581739608333;cm;32,44781137627778;%;30,592323073048572;cm
2026-03-24 01:00:00.000;150,64674298365858;moh;50,006724219169705;Hz;0,9977148450443255;None;0,8757762680547224;m3/s;652,0488080555556;kW;750,1666855555555;rpm;-46,77231277777778;KVar;79,15154457183333;%;0,04700794222958334;Mill.m3;71,89204754663389;l/s;0,8039577439394444;m3/s;625038,1364404687;t;28,209919697682253;%;0,6122450233;None;96,90249176650313;mKVs;0;None;26,364813487416665;mm;0;m3/s;94,87327694444444;bar;655,2906605555555;KVa;-55,322477552;cm;31,33862797463889;%;30,458909760524346;cm
2026-03-24 02:00:00.000;150,65337758945927;moh;50,01910785526731;Hz;0,9949011018988531;None;0,8023017972711112;m3/s;606,6714522222222;kW;750,3333386111111;rpm;-64,6284525;KVar;78,33892040305555;%;0,047980620316333336;Mill.m3;72,31188428187993;l/s;0,7300100900986111;m3/s;625039,1364859722;t;27,285643957823762;%;0,6122450233;None;96,93390676124201;mKVs;0;None;26,1378553175;mm;0;m3/s;94,90999472222222;bar;611,5458113888889;KVa;-54,67290242538889;cm;31,98708044802778;%;30,559486614937168;cm
2026-03-24 03:00:00.000;150,66893388017357;moh;49,99136530934196;Hz;0,9859838437547995;None;0,8076883877305556;m3/s;609,9612763888889;kW;749,8090483333333;rpm;104,53555583333333;KVar;78,43386965877778;%;0,05031247427613889;Mill.m3;73,1510218445703;l/s;0,7345383960330554;m3/s;625040,13646125;t;27,39999962;%;0,6122450233;None;96,93994402992415;mKVs;0;None;25,593755932944443;mm;0;m3/s;94,8350175;bar;618,2001058333333;KVa;-53,10666402166667;cm;33,541650985083336;%;30,70519805752744;cm
2026-03-24 04:00:00.000;150,68832792369474;moh;50,00195187508229;Hz;0,973110154934761;None;0,8047864102663889;m3/s;608,7821280555555;kW;750,0114655555556;rpm;146,08785;KVar;78,35732523705556;%;0,05322397876908333;Mill.m3;73,99680582373112;l/s;0,7308878234636111;m3/s;625041,136511198;t;27,346554755394003;%;0,6122450233;None;96,97969095166381;mKVs;0;None;24,914404975527777;mm;0;m3/s;94,52844444444445;bar;627,6920769444445;KVa;-51,17428249775;cm;35,482653723805555;%;30,842240775725553;cm
2026-03-24 05:00:00.000;150,71060022865035;moh;50,030660377510024;Hz;0,9535244165252761;None;0,7889637723616666;m3/s;593,1823313888889;kW;750,57762;rpm;185,94262444444445;KVar;77,99983916841667;%;0,056513239070333336;Mill.m3;75,23470650905735;l/s;0,7138384824002778;m3/s;625042,1365081597;t;26,4477149429729;%;0,6000340376875;None;97,00053611674235;mKVs;0;None;24,146910773138888;mm;0;m3/s;94,56370333333334;bar;625,6584369444445;KVa;-48,95114898577778;cm;37,67549429955555;%;31,051715502073716;cm
2026-03-24 06:00:00.000;150,73584279655626;moh;50,003332878843565;Hz;0,9999428886027623;None;0,793722843303889;m3/s;595,8106713888889;kW;749,9166608333334;rpm;23,07754472222222;KVar;78,07206149508333;%;0,06036538449680555;Mill.m3;76,41065260253906;l/s;0,7172829109658332;m3/s;625043,1365510243;t;26,7189564986982;%;0,6000000238;None;96,99280736004908;mKVs;0;None;23,248076969444444;mm;0;m3/s;94,58914;bar;593,7673841666667;KVa;-46,42446305972222;cm;40,243590885222225;%;31,242240531621636;cm
2026-03-24 07:00:00.000;150,76080672706425;moh;49,98350145086584;Hz;0,9992235433321938;None;1,1666898615188888;m3/s;908,1105963888889;kW;749,5056491666667;rpm;-10,106991944444445;KVar;85,07279279511111;%;0,06409335499602778;Mill.m3;77,19409309156508;l/s;1,0896664133166667;m3/s;625044,1365766667;t;35,33407799169248;%;0,9130609114600001;None;96,57439573393609;mKVs;0;None;22,378217273944443;mm;0;m3/s;94,76175333333333;bar;911,4633080555556;KVa;-43,92581939569445;cm;42,72890430086111;%;31,37613851294127;cm
2026-03-24 08:00:00.000;150,7922211740015;moh;50,01821919324457;Hz;0,9026638376406502;None;0,8145548024275;m3/s;609,1510219444444;kW;750,5271630555555;rpm;289,01878805555555;KVar;78,45244676855556;%;0,06884784112811111;Mill.m3;78,25049834790022;l/s;0,7355562721691666;m3/s;625045,1366063196;t;26,59768387441533;%;0,6000000238;None;97,02710899764726;mKVs;0;None;21,258429972277778;mm;0;m3/s;87,56805944444444;bar;673,3712944444444;KVa;-40,78834109769444;cm;45,89856228311111;%;31,55831124935968;cm
2026-03-24 09:00:00.000;150,83310716000867;moh;1,6681311803166328;Hz;0,004974102669504624;None;0,09460814942961111;m3/s;3,097881111111111;kW;42,064908611111115;rpm;2,931183611111111;KVar;1,7163037405888888;%;0,07647348124983332;Mill.m3;79,8361443240818;l/s;0,014783146107755557;m3/s;625045,9329345833;t;26,30000114;%;0,0016666667327777777;None;97,64846217237938;mKVs;0;None;19,219792471555557;mm;0;m3/s;91,45758388888889;bar;4,077582222222222;KVa;-36,70157962494444;cm;50,98232130458333;%;31,80169308571898;cm
2026-03-24 10:00:00.000;150,88208486548373;moh;0;Hz;0;None;0,0814072239313889;m3/s;0;kW;0;rpm;0;KVar;0;%;0,08638608281838887;Mill.m3;81,40864663903373;l/s;0;m3/s;625046;t;26,30000114;%;0;None;97,70946101274981;mKVs;0;None;16,493827183666667;mm;0;m3/s;91,38061333333333;bar;0;KVa;-31,813358730388888;cm;57,59072165933333;%;32,06778811649041;cm
2026-03-24 11:00:00.000;150,92809143337578;moh;0;Hz;0;None;0,08323027690297222;m3/s;0;kW;0;rpm;0;KVar;0;%;0,0954797941568889;Mill.m3;83,23933508248098;l/s;0;m3/s;625046;t;26,30000114;%;0;None;97,72500892197067;mKVs;0;None;13,99305619088889;mm;0;m3/s;87,5219;bar;0;KVa;-27,20982021872222;cm;63,65319699230555;%;32,35168197822326;cm
2026-03-24 12:00:00.000;150,97173839809773;moh;0;Hz;0;None;0,08491277727861112;m3/s;0;kW;0;rpm;0;KVar;0;%;0,10436344517702778;Mill.m3;84,91862992106908;l/s;0;m3/s;625046;t;26,30000114;%;0;None;97,75469636491852;mKVs;0;None;11,55005243261111;mm;0;m3/s;91,38318333333333;bar;0;KVa;-22,823562622055555;cm;69,57563025091666;%;32,60451708774495;cm
2026-03-24 13:00:00.000;151,01220974767926;moh;6,007168060959992;Hz;0,03222723832549707;None;0,10251924674597224;m3/s;15,989240833333334;kW;105,82899416666666;rpm;23,812041666666666;KVar;3,3230820060194444;%;0,11227754417138891;Mill.m3;86,3172305115389;l/s;0,016206466687611113;m3/s;625046,0148407986;t;25,19185185038158;%;0;None;97,76807693030355;mKVs;0;None;9,434876336116666;mm;0;m3/s;94,78658444444444;bar;28,911649722222222;KVa;-18,794839646694445;cm;74,85169662875;%;32,83445057510647;cm
2026-03-24 14:00:00.000;151,04991215384607;moh;0;Hz;0;None;0,08774104637766668;m3/s;0;kW;9,0629675;rpm;0;KVar;0,01377410491388889;%;0,11990463161944442;Mill.m3;87,7040211816075;l/s;0,000041322314388888887;m3/s;625046,4039879515;t;22;%;0;None;97,82834191623884;mKVs;0;None;7,523841857911112;mm;0;m3/s;94,71842666666667;bar;0;KVa;-15,01824696863889;cm;79,9364216288889;%;33,01833647128305;cm
2026-03-24 15:00:00.000;151,08634721854153;moh;0;Hz;0;None;0,08893944505291666;m3/s;0;kW;0;rpm;0;KVar;0;%;0,1271783788;Mill.m3;88,9475376310632;l/s;0;m3/s;625046,4375;t;22;%;0;None;97,88332844926842;mKVs;0;None;5,7054053412888885;mm;0;m3/s;93,99789333333334;bar;0;KVa;-11,381102667833332;cm;84,78558616680556;%;33,20943679313555;cm
2026-03-24 16:00:00.000;151,123103094616;moh;0;Hz;0;None;0,09021556089569442;m3/s;0;kW;0;rpm;0;KVar;0;%;0,13453854855527778;Mill.m3;90,21592071793482;l/s;0;m3/s;625046,4375;t;22;%;0;None;97,9333297692367;mKVs;0;None;3,865362803013889;mm;0;m3/s;94,29843555555556;bar;0;KVa;-7,7015601264416675;cm;89,69236691633333;%;33,40055227379871;cm
2026-03-24 17:00:00.000;151,14018239038998;moh;42,750118230698874;Hz;0,785033359234128;None;2,0384068929550834;m3/s;1652,4035436111112;kW;651,9368369444444;rpm;-315,1996883333333;KVar;71,19406536927778;%;0,13806496386277778;Mill.m3;91,16585891022231;l/s;1,9472723306483333;m3/s;625046,7740852082;t;60,23597456503427;%;1,6011904254861113;None;93,58390943504828;mKVs;0;None;2,9837587145527773;mm;0;m3/s;94,5735313888889;bar;1692,9310083333332;KVa;-5,969450208775;cm;92,0433100601389;%;33,550003700614084;cm
2026-03-24 18:00:00.000;151,12675756762698;moh;49,97538087720308;Hz;0,98749982730012;None;2,649169476161111;m3/s;2143,628020277778;kW;749,6666836111111;rpm;-363,9897625;KVar;89,9696429558611;%;0,13539627790166664;Mill.m3;90,73032402024408;l/s;2,5584642537083337;m3/s;625047,7627810938;t;72,59890349611162;%;2,1428570750000002;None;92,19112521393163;mKVs;0;None;3,6509301928361113;mm;0;m3/s;94,35515916666667;bar;2176,3034783333333;KVa;-7,3224343194138894;cm;90,26418567380556;%;33,4666653561502;cm
2026-03-24 19:00:00.000;151,11184580177476;moh;50,050163653867195;Hz;0,9899999499000001;None;2,6547448157388884;m3/s;2142,0201919444444;kW;750,9221613888889;rpm;-345,4335688888889;KVar;89,88665588972222;%;0,13240629197861112;Mill.m3;90,64236279376274;l/s;2,564107370530556;m3/s;625048,7628114235;t;72,7344255483096;%;2,1428570750000002;None;92,1833391827211;mKVs;0;None;4,3984264797;mm;0;m3/s;95,04476944444444;bar;2170,2055091666666;KVa;-8,807686699827778;cm;88,27086257769444;%;33,46666595446314;cm
2026-03-24 20:00:00.000;151,09985642255498;moh;49,98994335313025;Hz;0,9983876224775846;None;2,3114907662027773;m3/s;1846,4901502777777;kW;749,7499563888889;rpm;-170,01971944444443;KVar;93,42803743152778;%;0,1299857902013889;Mill.m3;90,44885644419283;l/s;2,2210982183361105;m3/s;625049,7628444097;t;61,45410030445353;%;1,8375853490694445;None;93,70348999272733;mKVs;0;None;5,003551906952778;mm;0;m3/s;94,89427277777777;bar;1851,8027288888889;KVa;-10,009596083894444;cm;86,65719559975;%;33,43279198773577;cm
2026-03-24 21:00:00.000;151,10696912569477;moh;50,008588688094164;Hz;0,8786621496782336;None;0,8737870088941667;m3/s;636,1046880555556;kW;750,2232838888889;rpm;331,63520694444446;KVar;79,09183381397222;%;0,1313640503252778;Mill.m3;90,3952949853393;l/s;0,7836550356455556;m3/s;625050,7628241492;t;27,645999710049004;%;0,6156463843741666;None;97,12384971880289;mKVs;0;None;4,658987257152778;mm;0;m3/s;94,48122916666667;bar;723,5811730555556;KVa;-9,309090508744445;cm;87,57603492644445;%;33,4250012030547;cm
2026-03-24 22:00:00.000;151,1114519429205;moh;49,998381834945626;Hz;0,9982349482727055;None;2,5781581916425003;m3/s;2100,7659408333334;kW;749,9165775;rpm;-184,08797916666666;KVar;89,92012899091667;%;0,1323052618111111;Mill.m3;90,93757022984866;l/s;2,4872030087786112;m3/s;625051,7628883333;t;71,03559910533296;%;2,1386053748563896;None;92,27837707598881;mKVs;0;None;4,423684014155556;mm;0;m3/s;94,59298722222222;bar;2107,6055283333335;KVa;-8,846533033647223;cm;88,20350935072223;%;33,50887915267204;cm
2026-03-24 23:00:00.000;151,09941666309976;moh;50,020671767089894;Hz;1;None;2,644104503163889;m3/s;2136,9787166666665;kW;750,4166155555556;rpm;-175,02009555555554;KVar;90,04459205369444;%;0,12990846256333333;Mill.m3;90,76481427376739;l/s;2,5533676531722227;m3/s;625052,7629065972;t;72,7365474313838;%;2,1428570750000002;None;92,1328005017385;mKVs;0;None;5,022883945091667;mm;0;m3/s;94,34730222222223;bar;2143,2077430555555;KVa;-10,053541396622222;cm;86,60564132408334;%;33,48333222724305;cm
2026-03-25 00:00:00.000;151,0916343343838;moh;49,99599325795532;Hz;0,9983334138726675;None;2,648161445619444;m3/s;2141,2448202777778;kW;750,0000463888889;rpm;-192,93298944444444;KVar;89,9755947528889;%;0,12832971890277778;Mill.m3;90,11653200203875;l/s;2,5580595136166666;m3/s;625053,7629383507;t;72,5822752016597;%;2,1428570750000002;None;92,11612227510662;mKVs;0;None;5,417569478419445;mm;0;m3/s;94,54583305555556;bar;2147,934495277778;KVa;-10,837915207055556;cm;85,55314763269445;%;33,407801577324115;cm
2026-03-25 01:00:00.000;151,09440297964323;moh;50,008118262255564;Hz;0,9997803606663425;None;1,7190852026583334;m3/s;1340,5251094444445;kW;750,1613477777778;rpm;51,46362333333333;KVar;90,66092412683334;%;0,12886574437527779;Mill.m3;90,45993989127686;l/s;1,6285258392000004;m3/s;625054,7629525521;t;46,37298136513817;%;1,3166104136986112;None;95,61876765024722;mKVs;0;None;5,283563402055556;mm;0;m3/s;94,3566325;bar;1340,9582788888888;KVa;-10,559917026097223;cm;85,91049747555556;%;33,42553791706508;cm
2026-03-25 02:00:00.000;151,11338531535623;moh;49,976505645668546;Hz;0,9016996136652159;None;0,8410710059894445;m3/s;619,1799463888889;kW;749,5833297222222;rpm;296,46911666666665;KVar;78,73654545797223;%;0,13265947877638892;Mill.m3;91,08001995075045;l/s;0,7497425064422222;m3/s;625055,7629857466;t;26,87639085151679;%;0,6122450233;None;97,13080428207864;mKVs;0;None;4,33513005565;mm;0;m3/s;94,47297166666667;bar;683,5643586111111;KVa;-8,66803063308889;cm;88,43965356730556;%;33,52606512993404;cm
2026-03-25 03:00:00.000;151,12210178829753;moh;50,009165064962815;Hz;0,9914064795973199;None;2,5660860969024997;m3/s;2086,1667330555556;kW;750,1613686111111;rpm;-245,8416825;KVar;89,82164399733334;%;0,13441826506833335;Mill.m3;91,46531631892698;l/s;2,4745928195730555;m3/s;625056,7630031423;t;70,49104051254852;%;2,1386053748563896;None;92,26664972206908;mKVs;0;None;3,895433213994444;mm;0;m3/s;94,33951083333334;bar;2102,5673358333333;KVa;-7,787242465488888;cm;89,61217786955555;%;33,58280370924411;cm
2026-03-25 04:00:00.000;151,11605723535075;moh;49,99760599468115;Hz;1;None;2,653123114477778;m3/s;2142,6019283333335;kW;750,0886397222222;rpm;-192,48483583333334;KVar;89,92390853052778;%;0,13322064710805556;Mill.m3;91,4934165077652;l/s;2,5615742049000003;m3/s;625057,7630209374;t;72,51666863385489;%;2,1428570750000002;None;92,1411370944978;mKVs;0;None;4,194838205947223;mm;0;m3/s;94,63602833333333;bar;2151,58581;KVa;-8,391066657202778;cm;88,8137645725;%;33,599472459572944;cm
2026-03-25 05:00:00.000;151,10931895610472;moh;49,9908855117102;Hz;1;None;2,652565318366667;m3/s;2142,5248144444445;kW;749,9166658333334;rpm;-164,5428125;KVar;89,92614065725;%;0,1318111075458333;Mill.m3;91,12992583025787;l/s;2,561365097105556;m3/s;625058,76305566;t;72,16454598128074;%;2,1428570750000002;None;92,06613843029426;mKVs;0;None;4,547222985125001;mm;0;m3/s;94,59604361111111;bar;2149,8750277777776;KVa;-9,067772759302777;cm;87,87407167130556;%;33,55000113223134;cm
2026-03-25 06:00:00.000;151,10240204457426;moh;49,99111963474282;Hz;1;None;2,6518895420583335;m3/s;2141,5058008333335;kW;749,9348033333333;rpm;-165,85209666666665;KVar;89,92906758933333;%;0,13054251132000003;Mill.m3;90,66483783550235;l/s;2,5612234460555556;m3/s;625059,7630877604;t;72,36983500223457;%;2,1428570750000002;None;92,02561130258553;mKVs;0;None;4,864372677158333;mm;0;m3/s;94,48726388888889;bar;2147,6956766666667;KVa;-9,754325019033335;cm;87,0283400438611;%;33,46614074027682;cm
2026-03-25 07:00:00.000;151,09302702707902;moh;50,01233961779947;Hz;1;None;2,6540718428555556;m3/s;2139,5047436111113;kW;750,1666380555556;rpm;-138,1969136111111;KVar;89,89216211127778;%;0,1286292513122222;Mill.m3;90,32781642160461;l/s;2,5637329282277777;m3/s;625060,7631137676;t;72,60104710512431;%;2,1428570750000002;None;92,03333182334863;mKVs;0;None;5,342686971127776;mm;0;m3/s;94,54868055555555;bar;2143,9681972222224;KVa;-10,693147447522222;cm;85,75283406575;%;33,41667077495664;cm
2026-03-25 08:00:00.000;151,08196424926146;moh;50,001198418896635;Hz;1;None;2,655643087105555;m3/s;2140,6757119444446;kW;750,0885558333333;rpm;-113,48942638888889;KVar;89,86309343833334;%;0,12644398048500002;Mill.m3;89,94098864683826;l/s;2,565709527183333;m3/s;625061,7631318748;t;72,95104974650275;%;2,1428570750000002;None;92,06666953344065;mKVs;0;None;5,889004601438889;mm;0;m3/s;94,80472416666667;bar;2142,5884133333334;KVa;-11,798536512666667;cm;84,29598713080556;%;33,3833345650019;cm
2026-03-25 09:00:00.000;151,07093128073916;moh;49,99860230742544;Hz;1;None;2,6431191981166666;m3/s;2140,8148358333333;kW;750,1736230555556;rpm;-151,39454805555556;KVar;89,68364003522223;%;0,12396692378722222;Mill.m3;89,78246890683708;l/s;2,553811311730555;m3/s;625062,7612111979;t;73;%;2,1369046942361116;None;92,08452355262344;mKVs;0;None;6,404102749391668;mm;0;m3/s;94,67464333333334;bar;2145,1645694444446;KVa;-12,867155285222223;cm;82,644614326;%;33,33897863260765;cm
2026-03-25 10:00:00.000;151,06003921353144;moh;49,99866274262169;Hz;1;None;2,6535409000750003;m3/s;2137,2436375;kW;750,0732794444444;rpm;-139,73920194444443;KVar;89,88253887966667;%;0,12209675219972221;Mill.m3;89,1579424227414;l/s;2,5643872790277777;m3/s;625063,7593490279;t;73,04800198810923;%;2,1428570750000002;None;92,0176606186773;mKVs;0;None;6,975811852330556;mm;0;m3/s;94,53618222222222;bar;2143,3390236111113;KVa;-13,985299005222222;cm;81,39783422722222;%;33,25200516469888;cm
2026-03-25 11:00:00.000;151,06471465663253;moh;49,98686185543651;Hz;0,832580693859684;None;0,9017716767144446;m3/s;654,4567830555555;kW;749,7599202777777;rpm;403,5578722222222;KVar;79,26080676230555;%;0,12282720621555557;Mill.m3;89,01742153694104;l/s;0,8112598816727777;m3/s;625064,759348264;t;28,114858424947727;%;0,6164967234436111;None;96,88273882433553;mKVs;0;None;6,793198055686109;mm;0;m3/s;94,64840222222222;bar;776,0733633333333;KVa;-13,534160190972223;cm;81,88480529761111;%;33,19899877783032;cm
2026-03-25 12:00:00.000;151,06535967601786;moh;50,02259860581898;Hz;0,99799188842217;None;2,5774596085180557;m3/s;2102,492441111111;kW;750,2599761111111;rpm;-117,28764638888889;KVar;89,90604394005555;%;0,12326154912833336;Mill.m3;89,18036916194607;l/s;2,488289605301111;m3/s;625065,7594050176;t;71,18156917754388;%;2,1386053748563896;None;92,10302308600926;mKVs;0;None;6,684612698016667;mm;0;m3/s;94,67821694444444;bar;2109,307009166667;KVa;-13,453110588222222;cm;82,17436593269444;%;33,265663373024225;cm
2026-03-25 13:00:00.000;151,06915549004876;moh;50,00499866000859;Hz;0,8044565229495031;None;0,8953340724158334;m3/s;652,6593958333333;kW;749,9166441666666;rpm;457,39639222222223;KVar;79,23682043338889;%;0,12381457735666669;Mill.m3;89,0243886042233;l/s;0,8062597223266669;m3/s;625066,7594025347;t;28,050536692387364;%;0,6164967234436111;None;97,01668002537473;mKVs;0;None;6,546355353483337;mm;0;m3/s;94,62374638888889;bar;801,797745;KVa;-13,089879354416667;cm;82,54305218605556;%;33,22499188096254;cm
2026-03-25 14:00:00.000;151,09327504134166;moh;49,98855474417741;Hz;0,8002562569448528;None;0,7943338680543058;m3/s;605,6957541666667;kW;749,7933994444444;rpm;456,4280111111111;KVar;76,58065827780555;%;0,1279229780494444;Mill.m3;89,93474588706431;l/s;0,7028259355172222;m3/s;625067,7650470139;t;26,460594234088155;%;0,5967007042219444;None;97,09790930060876;mKVs;0;None;5,310922410722222;mm;0;m3/s;94,48354472222222;bar;757,4770975;KVa;-10,622934130594444;cm;85,28198454130556;%;33,34751517268079;cm
2026-03-25 15:00:00.000;151,12371502527355;moh;50,0014912395051;Hz;0,819108040607232;None;0,8224287945275001;m3/s;613,0687086111111;kW;749,8158708333333;rpm;425,4423013888889;KVar;78,37747226313888;%;0,13455328788166665;Mill.m3;90,52238484352436;l/s;0,7318486741916665;m3/s;625068,7663267882;t;26,954558507517525;%;0,6334695101305555;None;97,0596331860413;mKVs;0;None;3,8616773817194443;mm;0;m3/s;94,53626722222222;bar;747,4908477777777;KVa;-7,634671529166663;cm;89,70219364130556;%;33,43682242218063;cm
2026-03-25 16:00:00.000;151,13942378451173;moh;49,99086943486701;Hz;0,999972683305106;None;2,6186142272863893;m3/s;2124,6251147222224;kW;749,9341033333334;rpm;-104,16776694444444;KVar;90,06298236777778;%;0,1379999614433333;Mill.m3;91,01597554978555;l/s;2,5276013859699997;m3/s;625069,7663510415;t;72,06028897011315;%;2,1428570750000002;None;92,2244768794512;mKVs;0;None;3,0000093248805553;mm;0;m3/s;94,62541027777777;bar;2127,383101388889;KVa;-6,068678961922224;cm;91,99997526788889;%;33,52325937874307;cm
2026-03-25 17:00:00.000;151,1412752334251;moh;50,00347275370776;Hz;1;None;2,654414453916666;m3/s;2142,5469583333334;kW;749,9826572222222;rpm;-126,23828027777778;KVar;89,89747026291667;%;0,13801083117777785;Mill.m3;91,04307864821625;l/s;2,563372049666667;m3/s;625070,7663569098;t;72,27640554546652;%;2,1428570750000002;None;92,14800946463224;mKVs;0;None;2,9972924127055554;mm;0;m3/s;94,64115833333334;bar;2148,616361111111;KVa;-5,864830017158333;cm;92,00722016286112;%;33,51840279530232;cm
2026-03-25 18:00:00.000;151,13979894146811;moh;49,99319213818002;Hz;0,995833098568373;None;2,6406883524249998;m3/s;2126,6372872222223;kW;749,8506908333334;rpm;-213,19806111111112;KVar;90,094244619;%;0,1379047878972222;Mill.m3;90,67182556539272;l/s;2,5499912638416657;m3/s;625071,7662737499;t;72,4069300884534;%;2,1428570750000002;None;92,26347283582128;mKVs;0;None;3,023802439486112;mm;0;m3/s;94,65388527777777;bar;2136,1096019444444;KVa;-6,007554796061113;cm;91,93652653127778;%;33,45486783151896;cm
2026-03-25 19:00:00.000;151,1417748757137;moh;49,973787220022416;Hz;0,9983332555385409;None;2,640108724519444;m3/s;2124,9800766666667;kW;749,6493066666667;rpm;-206,48008166666668;KVar;90,09568428405555;%;0,1386211977622222;Mill.m3;90,3069553331286;l/s;2,5498934209194446;m3/s;625072,7663088368;t;72,5;%;2,1428570750000002;None;92,31666276982398;mKVs;0;None;2,8447002835916657;mm;0;m3/s;94,80163277777778;bar;2135,9266877777777;KVa;-5,82414415144167;cm;92,41413211863889;%;33,38505372229042;cm
2026-03-25 20:00:00.000;151,14561046440963;moh;50,00287653182845;Hz;0,9931600935100178;None;2,639231968052778;m3/s;2123,6425594444445;kW;750,0172861111112;rpm;-224,96378027777777;KVar;90,10664558336111;%;0,13899907407611112;Mill.m3;90,05491954443768;l/s;2,549148012472222;m3/s;625073,766333698;t;72,5;%;2,1428570750000002;None;92,30000438414623;mKVs;0;None;2,750231424988889;mm;0;m3/s;94,5085325;bar;2137,687451388889;KVa;-5,447731018066666;cm;92,66604906738888;%;33,404872224824615;cm
2026-03-25 21:00:00.000;151,14584754867505;moh;49,987153377085555;Hz;0,9983334138726675;None;2,6354249352250005;m3/s;2121,6144402777777;kW;749,7500022222222;rpm;-206,6198613888889;KVar;90,15684621502778;%;0,13923282064972228;Mill.m3;89,679787730397;l/s;2,545734529983333;m3/s;625074,7663744098;t;72,5;%;2,1428570750000002;None;92,31666935305729;mKVs;0;None;2,6917945014416675;mm;0;m3/s;94,47461777777778;bar;2134,415273611111;KVa;-5,413831075091667;cm;92,82188129483333;%;33,32987846882423;cm
2026-03-25 22:00:00.000;151,1452614535965;moh;50,00451180550687;Hz;0,9908332596304165;None;2,536936835366666;m3/s;2037,2221272222223;kW;750,0833411111112;rpm;-228,9389747222222;KVar;91,6074897545;%;0,1390340249888889;Mill.m3;89,90939568577076;l/s;2,4470906965249997;m3/s;625075,7663863542;t;68,17589018748437;%;2,0212582517152775;None;92,8309266538722;mKVs;0;None;2,7414936489444437;mm;0;m3/s;94,73160361111111;bar;2050,944723611111;KVa;-5,481554667125001;cm;92,68935059519444;%;33,34685051123852;cm
2026-03-25 23:00:00.000;151,16292213210403;moh;49,979287742618496;Hz;0,8575806336247277;None;0,8617244781513888;m3/s;627,2195622222222;kW;749,9161386111111;rpm;367,11447888888887;KVar;78,96973578183334;%;0,14269741484111106;Mill.m3;90,05887670606995;l/s;0,7701326121930555;m3/s;625076,7663911458;t;27,332348828338766;%;0,6122450233;None;97,31123019913984;mKVs;0;None;1,8284225463538883;mm;0;m3/s;94,7092875;bar;726,7199761111111;KVa;-3,7079832289044425;cm;95,131610405;%;33,35899707823952;cm
2026-03-26 00:00:00.000;151,18274657281304;moh;49,98821793343554;Hz;0,9983019250746966;None;1,7656495401188885;m3/s;1408,1859186111112;kW;749,7672025;rpm;46,61411611111111;KVar;90,9752820135;%;0,14634953674388884;Mill.m3;90,55227573087876;l/s;1,6750913748622223;m3/s;625077,7664221353;t;48,901790757465726;%;1,426303413881389;None;95,48840713215994;mKVs;0;None;0,9167912800318886;mm;0;m3/s;94,50821833333333;bar;1407,904655;KVa;-1,7432869806039155;cm;97,56635831247222;%;33,44166936469459;cm
2026-03-26 01:00:00.000;151,186158099989;moh;49,96861968371975;Hz;0,9906608615444841;None;2,618769973363889;m3/s;2124,555369722222;kW;749,3994433333334;rpm;-309,95650472222223;KVar;90,16551185130555;%;0,14728773993;Mill.m3;90,49228478916281;l/s;2,5283323295416666;m3/s;625078,766450486;t;71,62246473278542;%;2,1408729469750005;None;92,38566608771805;mKVs;0;None;0,6839061313186111;mm;0;m3/s;94,43062722222223;bar;2146,5610161111113;KVa;-1,3880878024458334;cm;98,19182828258333;%;33,43333535331803;cm
2026-03-26 02:00:00.000;151,1823877743623;moh;49,99166559383442;Hz;0,9899999499000001;None;2,6505409650388887;m3/s;2141,2873641666665;kW;749,91666;rpm;-251,72389388888888;KVar;89,94870870316667;%;0,14648712901166663;Mill.m3;90,6343074006953;l/s;2,559887686022222;m3/s;625079,7664840104;t;72,40000153;%;2,1428570750000002;None;92,34167049997846;mKVs;0;None;0,8782174852277777;mm;0;m3/s;94,63351833333333;bar;2154,975215277778;KVa;-1,770057678294416;cm;97,65808662908333;%;33,45172243310252;cm
2026-03-26 03:00:00.000;151,1884662294462;moh;49,984654027262145;Hz;0,9993391633558918;None;2,1988255070972222;m3/s;1751,3376816666666;kW;749,7499783333334;rpm;-97,1789375;KVar;93,21421866922222;%;0,14791540966555555;Mill.m3;90,55707333294563;l/s;2,108337334858334;m3/s;625080,7665105903;t;58,52255226284969;%;1,7358277903083335;None;94,31621755225822;mKVs;0;None;0,5340660942874998;mm;0;m3/s;94,53494555555555;bar;1753,1813877777777;KVa;-1,1632113986400003;cm;98,61027590416667;%;33,47327535333779;cm
2026-03-26 04:00:00.000;151,19253049085805;moh;50,00155068650624;Hz;0,9906608032108585;None;2,617226007258333;m3/s;2110,2190158333333;kW;750,0172169444445;rpm;-310,00865416666664;KVar;90,33092475416667;%;0,14841382209305548;Mill.m3;90,85960904224446;l/s;2,5263707849222223;m3/s;625081,7665220485;t;71,74066370618239;%;2,141723288691667;None;92,4400136389321;mKVs;0;None;0,4086290995250401;mm;0;m3/s;94,47753222222222;bar;2134,3910716666664;KVa;-0,7441753811807356;cm;98,94254940838889;%;33,49167058257867;cm
2026-03-26 05:00:00.000;151,1966004796956;moh;50,023475482835835;Hz;0,9908332207413326;None;2,316708664005556;m3/s;1848,7945352777779;kW;750,3333425;rpm;-210,64768555555557;KVar;93,41840506747222;%;0,14939196114277772;Mill.m3;90,46942158063437;l/s;2,226219388575;m3/s;625082,7665649307;t;61,08671383523835;%;1,8375853490694445;None;93,92313296128192;mKVs;0;None;0,2068701850137223;mm;0;m3/s;94,65012333333334;bar;1858,628113888889;KVa;-0,3492609659953685;cm;99,59464257827777;%;33,43333274224687;cm
2026-03-26 06:00:00.000;151,1994708512904;moh;50,05330690494798;Hz;0,9899999499000001;None;2,6351817665694446;m3/s;2126,4054069444446;kW;750,8822361111111;rpm;-303,09527638888886;KVar;90,13150670722223;%;0,14996048059888883;Mill.m3;91,01512289568146;l/s;2,5442596005111113;m3/s;625083,7665626736;t;71,74288428563989;%;2,142006735930556;None;92,47496509419135;mKVs;0;None;0,0873688591890089;mm;0;m3/s;94,8237563888889;bar;2147,5821463888888;KVa;-0,05642784965060417;cm;99,97365330855555;%;33,51839179756474;cm
2026-03-26 07:00:00.000;151,1997410728155;moh;49,983306066456464;Hz;0,9935053507953038;None;2,648249527477778;m3/s;2137,52661;kW;749,7500075;rpm;-222,24660805555555;KVar;89,9849208396111;%;0,1499779345011111;Mill.m3;90,82681593485668;l/s;2,5573984317055554;m3/s;625084,7665967535;t;72,48677742386958;%;2,1428570750000002;None;92,42672592600488;mKVs;0;None;0,09973737929328226;mm;0;m3/s;94,44978;bar;2152,069074722222;KVa;-0,02966986761500918;cm;99,98528931916667;%;33,50000159388017;cm
2026-03-26 08:00:00.000;151,19883487311392;moh;50,01537715099153;Hz;0,9973282199477823;None;2,650911653711111;m3/s;2139,209785833333;kW;750,1668577777778;rpm;-200,41531916666668;KVar;89,94231230333334;%;0,14976114110000002;Mill.m3;90,59666778275042;l/s;2,560322819188889;m3/s;625085,7687542535;t;72,5;%;2,1428570750000002;None;92,45514074107933;mKVs;0;None;0,1637526618206317;mm;0;m3/s;94,65844666666666;bar;2146,8190475;KVa;-0,11443244082758527;cm;99,84076031555556;%;33,458332150296705;cm
2026-03-26 09:00:00.000;151,19757823230304;moh;50,02531519225473;Hz;0,9993383383517583;None;2,6512223158138895;m3/s;2136,2494819444446;kW;750,3994891666666;rpm;-153,71931722222223;KVar;89,94295590755556;%;0,14954277129194438;Mill.m3;90,96969245731668;l/s;2,5602789587805552;m3/s;625086,7666553125;t;72,48333008755337;%;2,1428570750000002;None;92,47328718649007;mKVs;0;None;0,16488011678331224;mm;0;m3/s;94,82339027777778;bar;2144,3628427777776;KVa;-0,2544615003628642;cm;99,69518048527777;%;33,50171139814189;cm
2026-03-26 10:00:00.000;151,19556087766466;moh;50,01061492222481;Hz;1;None;2,646426096786111;m3/s;2139,5217408333333;kW;750,2157411111111;rpm;-104,31563111111112;KVar;90,01120974247222;%;0,14910944692138892;Mill.m3;90,75674877982024;l/s;2,555637739758333;m3/s;625087,7666553471;t;72,46666667500762;%;2,1428570750000002;None;92,3732932415277;mKVs;0;None;0,26112535263444886;mm;0;m3/s;94,59853;bar;2141,9185905555555;KVa;-0,4328028360839875;cm;99,40629736441667;%;33,47328457829295;cm
2026-03-26 11:00:00.000;151,19532476764945;moh;50,00239459454496;Hz;1;None;2,6510975181416665;m3/s;2140,880669166667;kW;749,9680247222223;rpm;-132,623205;KVar;89,94027637930556;%;0,14912338295;Mill.m3;90,62033054238238;l/s;2,5604611046249994;m3/s;625088,7667083853;t;72,5;%;2,1428570750000002;None;92,37670877211109;mKVs;0;None;0,2675022549151411;mm;0;m3/s;94,7326925;bar;2141,6657530555553;KVa;-0,45747545029544295;cm;99,41558869844444;%;33,439954128139554;cm
2026-03-26 12:00:00.000;151,19502395153765;moh;49,98632254049479;Hz;1;None;2,653036865841667;m3/s;2141,5485280555554;kW;749,9166825;rpm;-140,73525805555556;KVar;89,9090259125;%;0,14892152440583334;Mill.m3;90,449254515953;l/s;2,562586086241667;m3/s;625089,7667432466;t;72,5;%;2,1428570750000002;None;92,40000163860941;mKVs;0;None;0,31559032864712117;mm;0;m3/s;94,71713444444444;bar;2143,2863383333333;KVa;-0,5128521389396797;cm;99,28101758047222;%;33,424999579205945;cm
2026-03-26 13:00:00.000;151,1939012041143;moh;50,000530000025876;Hz;1;None;2,4977767020446944;m3/s;2140,626076111111;kW;749,8246938888889;rpm;-123,36819055555556;KVar;88,49559605852778;%;0,14884354517305556;Mill.m3;90,20779508461304;l/s;2,4010039733694444;m3/s;625090,7645131423;t;72,5;%;2,1428570750000002;None;92,39940034225859;mKVs;0;None;0,3319104512512524;mm;0;m3/s;94,40429388888889;bar;2142,6793916666666;KVa;-0,5929692586340299;cm;99,23310451361111;%;33,384722746158225;cm
2026-03-26 14:00:00.000;151,19148341380983;moh;50,01085771516713;Hz;1;None;2,652487225702778;m3/s;2137,698756111111;kW;750,2499861111111;rpm;-126,34943277777778;KVar;89,91488193866667;%;0,14840097335583333;Mill.m3;90,26880639167722;l/s;2,5621881120888883;m3/s;625091,7623519098;t;72,5;%;2,1428570750000002;None;92,45004798649971;mKVs;0;None;0,4056061638595756;mm;0;m3/s;94,38585444444445;bar;2142,1023672222223;KVa;-0,8579126993752244;cm;98,93398068744445;%;33,3999483215836;cm
2026-03-26 15:00:00.000;151,18859154888642;moh;49,98498890647541;Hz;1;None;2,6523007028583336;m3/s;2140,086586666667;kW;749,9166436111111;rpm;-168,18959444444445;KVar;89,9143341686111;%;0,14767109315916668;Mill.m3;90,07197537620492;l/s;2,5622251995361114;m3/s;625092,762368993;t;72,5;%;2,1428570750000002;None;92,39166368368187;mKVs;0;None;0,582226647293111;mm;0;m3/s;94,54546222222223;bar;2148,4862558333334;KVa;-1,141671074828455;cm;98,44739596008333;%;33,399947242367006;cm
2026-03-26 16:00:00.000;151,18755093457432;moh;49,994992923762716;Hz;1;None;2,6517846781861114;m3/s;2140,8285858333334;kW;750,0000477777778;rpm;-196,64201888888888;KVar;89,92078501202778;%;0,14747354026083337;Mill.m3;89,97431062315897;l/s;2,5617866743055555;m3/s;625093,7624015104;t;72,5;%;2,1428570750000002;None;92,41662507954497;mKVs;0;None;0,6316142612219442;mm;0;m3/s;95,39469583333333;bar;2145,341503888889;KVa;-1,24215443953;cm;98,31569506433334;%;33,400050531408624;cm
2026-03-26 17:00:00.000;151,18625065260406;moh;49,97754677333694;Hz;0,9908385652125528;None;2,6478654496333327;m3/s;2137,5091683333335;kW;749,6672063888889;rpm;-327,3948066666667;KVar;89,97748020991666;%;0,14717577398333337;Mill.m3;89,93992540476965;l/s;2,5579313611055547;m3/s;625094,7624082811;t;72,48333247640583;%;2,1428570750000002;None;92,42505120145631;mKVs;0;None;0,7060559590944445;mm;0;m3/s;94,88325222222223;bar;2165,3413380555558;KVa;-1,3787502714219446;cm;98,11718506155556;%;33,35005013223681;cm
2026-03-26 18:00:00.000;151,1830973049951;moh;49,95748301605775;Hz;0,9899999499000001;None;2,6487131231777776;m3/s;2139,3318194444446;kW;749,4167144444444;rpm;-327,69994972222224;KVar;89,96210282561111;%;0,1466633084222222;Mill.m3;89,7082635811099;l/s;2,5589769700888887;m3/s;625095,7624453474;t;72,5;%;2,1428570750000002;None;92,4500497911996;mKVs;0;None;0,834172566631111;mm;0;m3/s;94,70027027777778;bar;2161,506607222222;KVa;-1,6938739353324996;cm;97,77554011980556;%;33,32494640660045;cm
2026-03-26 19:00:00.000;151,1809667589509;moh;50,037444713864886;Hz;0,9899999499000001;None;2,6526042402499996;m3/s;2140,297165277778;kW;750,7494844444444;rpm;-316,3761011111111;KVar;89,90441567958334;%;0,1463686086525;Mill.m3;89,70731750718384;l/s;2,562899835008333;m3/s;625096,7624742014;t;72,5;%;2,1428570750000002;None;92,44983998801008;mKVs;0;None;0,9078470865975;mm;0;m3/s;94,75836611111112;bar;2159,4968875;KVa;-1,9029490153472217;cm;97,5790741816111;%;33,32499732440135;cm
2026-03-26 20:00:00.000;151,1764148659697;moh;50,00919956302251;Hz;0,9899999499000001;None;2,649367503975;m3/s;2139,2829861111113;kW;750,1666877777777;rpm;-319,89897916666666;KVar;89,95163641725;%;0,14535213649194448;Mill.m3;89,6753672862845;l/s;2,5596886654666666;m3/s;625097,7624976907;t;72,5;%;2,1428570750000002;None;92,45833563580804;mKVs;0;None;1,161965263990278;mm;0;m3/s;94,56024111111111;bar;2163,3612033333334;KVa;-2,356448703372222;cm;96,90142546727778;%;33,32505211925335;cm
2026-03-26 21:00:00.000;151,1734098473103;moh;49,95171725653267;Hz;0,9899999499000001;None;2,654149119725;m3/s;2139,4106888888887;kW;749,2511705555555;rpm;-320,65410194444445;KVar;89,87812444625;%;0,14475890389333332;Mill.m3;89,45868930244845;l/s;2,564687480266667;m3/s;625098,7625057987;t;72,5;%;2,1428570750000002;None;92,45838788667507;mKVs;0;None;1,3102743359647224;mm;0;m3/s;94,72634333333333;bar;2162,2907805555556;KVa;-2,670567830441667;cm;96,50593405972222;%;33,29172551661336;cm
2026-03-26 22:00:00.000;151,1676860900039;moh;49,980231139464195;Hz;0,9899999499000001;None;2,653455498502778;m3/s;2137,015912777778;kW;749,5865161111111;rpm;-345,5201861111111;KVar;89,88243914702778;%;0,14360707527500002;Mill.m3;89,32171782732615;l/s;2,5643940336722224;m3/s;625099,7625548785;t;72,48333114309283;%;2,1428570750000002;None;92,4999985278003;mKVs;0;None;1,5982309975833333;mm;0;m3/s;94,90348444444444;bar;2165,8582847222224;KVa;-3,228696187255555;cm;95,73805071433334;%;33,2666686197041;cm
2026-03-26 23:00:00.000;151,16544666711508;moh;50,01582077857241;Hz;0,9899999499000001;None;2,426630297125;m3/s;1946,0799916666667;kW;750,2499888888889;rpm;-276,57817805555555;KVar;92,6605290731111;%;0,14307060848194442;Mill.m3;89,19394837177953;l/s;2,337435897808333;m3/s;625100,7625855033;t;64,83841292919293;%;1,9393429078305557;None;93,58470117237354;mKVs;0;None;1,7323472764555554;mm;0;m3/s;94,72111333333334;bar;1965,322753611111;KVa;-3,456662495966667;cm;95,38040610444445;%;33,25827542976711;cm
2026-03-27 00:00:00.000;151,16134870237423;moh;50,017524059710084;Hz;0,9866728419829155;None;2,634458635180556;m3/s;2123,0002252777776;kW;750,2506075;rpm;-367,3931308333333;KVar;90,15407477441667;%;0,14225525770944447;Mill.m3;89,13984832509858;l/s;2,545295854419444;m3/s;625101,7625671874;t;72,05160985389907;%;2,142290183169445;None;92,51425129336407;mKVs;0;None;1,9361856246749996;mm;0;m3/s;94,85310527777777;bar;2152,063898888889;KVa;-3,86321597625;cm;94,83683802241667;%;33,23333233668567;cm
2026-03-27 01:00:00.000;151,1571658540607;moh;49,99664663946937;Hz;0,9858267594618223;None;2,641006215499999;m3/s;2126,695525;kW;749,9993519444445;rpm;-371,49914222222225;KVar;90,06140865691667;%;0,14145897548972222;Mill.m3;88,77911096141034;l/s;2,5522242253861114;m3/s;625102,7625909202;t;72,5;%;2,1428570750000002;None;92,54166575139314;mKVs;0;None;2,1352556015833333;mm;0;m3/s;94,95733027777777;bar;2160,855592222222;KVa;-4,278284708688888;cm;94,30598595991667;%;33,208398800681245;cm
2026-03-27 02:00:00.000;151,14979186096673;moh;49,9733648895286;Hz;0,9825064515382097;None;2,6432964543833335;m3/s;2128,9503066666666;kW;749,5839727777778;rpm;-382,33812472222223;KVar;90,02286779494445;%;0,13997976565527775;Mill.m3;88,43311004488821;l/s;2,5548450549583333;m3/s;625103,7626029687;t;72,5;%;2,1428570750000002;None;92,51673024235663;mKVs;0;None;2,505058712525;mm;0;m3/s;94,72296972222222;bar;2163,448370277778;KVa;-5,019573635555555;cm;93,31984259263889;%;33,13340102899148;cm
2026-03-27 03:00:00.000;151,14309338011603;moh;49,995778523798144;Hz;0,9799999595;None;2,637976500005555;m3/s;2124,4441502777777;kW;749,7493236111111;rpm;-385,5773061111111;KVar;90,09652705494445;%;0,1386548097227778;Mill.m3;88,2583419369258;l/s;2,5498361297222223;m3/s;625104,7626283506;t;72,5;%;2,1428570750000002;None;92,53340004452706;mKVs;0;None;2,8362973531666666;mm;0;m3/s;94,70478416666667;bar;2155,350551388889;KVa;-5,686755710211111;cm;92,43654020227778;%;33,10833610693509;cm
2026-03-27 04:00:00.000;151,135605591602;moh;50,03337382179495;Hz;0,9841598888397973;None;2,638869737863889;m3/s;2124,886963888889;kW;750,5014047222222;rpm;-370,253675;KVar;90,08194319422222;%;0,13714307836944445;Mill.m3;88,02500149054282;l/s;2,550827779333334;m3/s;625105,7626586109;t;72,5;%;2,1428570750000002;None;92,5416024169543;mKVs;0;None;3,2142300076722226;mm;0;m3/s;95,15384611111111;bar;2158,720528611111;KVa;-6,437636481458334;cm;91,42871996530556;%;33,07500143971586;cm
2026-03-27 05:00:00.000;151,12809130201248;moh;50,0474720610194;Hz;0,9899999499000001;None;2,6361724688111106;m3/s;2124,3915861111113;kW;750,665995;rpm;-348,64156638888886;KVar;90,11775701230556;%;0,1356517018191667;Mill.m3;87,8107895036308;l/s;2,5483924567444447;m3/s;625106,7626949652;t;72,5;%;2,1428570750000002;None;92,54993123604041;mKVs;0;None;3,587074279877778;mm;0;m3/s;94,8397311111111;bar;2153,9831125;KVa;-7,187211778269445;cm;90,43446769611111;%;33,033475498917724;cm
2026-03-27 06:00:00.000;151,1194249482715;moh;50,00920764127525;Hz;0,9899999499000001;None;2,641030167816667;m3/s;2126,7957177777776;kW;750,0840436111112;rpm;-328,1843275;KVar;90,04325408858334;%;0,13392629574666665;Mill.m3;87,49860218830192;l/s;2,5534587608583332;m3/s;625107,7627243575;t;72,5;%;2,1428570750000002;None;92,5000023055203;mKVs;0;None;4,018425411669445;mm;0;m3/s;94,92574833333333;bar;2151,9847566666667;KVa;-8,052410549583334;cm;89,28419871863889;%;33,00826278793928;cm
2026-03-27 07:00:00.000;151,1104242933745;moh;49,99376304460397;Hz;0,9899999498999998;None;2,637200980630555;m3/s;2124,5856905555556;kW;749,9647152777778;rpm;-309,8683586111111;KVar;90,09092263077778;%;0,13209660042500002;Mill.m3;87,22075337874737;l/s;2,5502172808499997;m3/s;625108,7627346354;t;72,5;%;2,142857075;None;92,49999888890588;mKVs;0;None;4,475849999408334;mm;0;m3/s;94,70637611111111;bar;2146,886228611111;KVa;-8,957807752758335;cm;88,06439878602778;%;32,953528516580135;cm
2026-03-27 08:00:00.000;151,09999866565775;moh;50,00829488473654;Hz;0,9899999499000001;None;2,6385135908333335;m3/s;2125,749203611111;kW;750,2500008333334;rpm;-309,38312388888886;KVar;90,07187484941667;%;0,13004190755305556;Mill.m3;87,05000764748343;l/s;2,551512498461111;m3/s;625109,7627418749;t;72,5;%;2,1428570750000002;None;92,4834049197418;mKVs;0;None;4,9895222981777785;mm;0;m3/s;94,5347025;bar;2148,077136388889;KVa;-9,994337295633333;cm;86,69460669758334;%;32,92500223081676;cm
2026-03-27 09:00:00.000;151,0892207525285;moh;50,020834564153155;Hz;0,9858333122333094;None;2,635014209372222;m3/s;2122,242263888889;kW;750,2500358333333;rpm;-371,8433905555556;KVar;90,12470154186111;%;0,12786454853805554;Mill.m3;87,04167474639718;l/s;2,547920251655555;m3/s;625110,7627838715;t;72,5;%;2,1428570750000002;None;92,48332864396453;mKVs;0;None;5,533862643691666;mm;0;m3/s;95,04444972222223;bar;2153,6868219444445;KVa;-11,073544819416666;cm;85,2430333246111;%;32,9250023012889;cm
2026-03-27 10:00:00.000;151,07772778698921;moh;50,01584782281796;Hz;0,9899999499000001;None;2,637862788858334;m3/s;2125,3527575;kW;750,2499861111111;rpm;-332,3165633333333;KVar;90,08085320777778;%;0,12561737116500002;Mill.m3;86,96155179068064;l/s;2,5509019514666664;m3/s;625111,7628021529;t;72,5;%;2,1428570750000002;None;92,48333214307766;mKVs;0;None;6,095657348777777;mm;0;m3/s;95,00826083333334;bar;2150,0701569444445;KVa;-12,217708163194445;cm;83,74491371536111;%;32,90833573581803;cm
2026-03-27 11:00:00.000;151,06844996189628;moh;50,01666653611681;Hz;0,9899999499000001;None;2,6324803246055555;m3/s;2122,2201275;kW;750,2500133333333;rpm;-322,0478275;KVar;90,16269827791666;%;0,12367040826083332;Mill.m3;87,1497191367334;l/s;2,545336482325;m3/s;625112,7628224478;t;72,5;%;2,1428570750000002;None;92,54166694581932;mKVs;0;None;6,582397884861111;mm;0;m3/s;94,76126027777778;bar;2146,363671388889;KVa;-13,151431612972223;cm;82,44693927716666;%;32,93333138115659;cm
2026-03-27 12:00:00.000;151,05827599365122;moh;50,00976290629753;Hz;0,9921524023573577;None;2,5857817963503678;m3/s;2123,951454722222;kW;750,2110877777778;rpm;-225,19218583333333;KVar;88,35421057069078;%;0,12105386807676169;Mill.m3;87,1189196633058;l/s;2,499590503116335;m3/s;625112,8926432291;t;72,49989930555556;%;2,134451613081299;None;92,49633518994706;mKVs;0;None;7,0281470582858185;mm;0;m3/s;94,84257027777778;bar;2134,6722402777777;KVa;-14,076855334621639;cm;80,70257993168394;%;32,94244024108763;cm
2026-03-27 13:00:00.000;151,0479225593441;moh;50,008999975728024;Hz;0,9958333291250835;None;2,637089933238889;m3/s;2123,9360619444446;kW;750,1666825;rpm;-215,1283772222222;KVar;90,09166668705555;%;0,11962670040444445;Mill.m3;86,9533164505985;l/s;2,550166667255555;m3/s;625114,7589077605;t;72,5;%;2,1428570750000002;None;92,46833251229776;mKVs;0;None;7,5933244492861105;mm;0;m3/s;94,67689833333333;bar;2130,9425097222224;KVa;-15,201627941916668;cm;79,75113362366666;%;32,90999801128149;cm
2026-03-27 14:00:00.000;151,04230946401276;moh;49,98533128832883;Hz;0,9901666090682916;None;2,635463368211111;m3/s;2122,639778888889;kW;750,0166658333334;rpm;-353,8392430555555;KVar;90,113144874;%;0,11848926012777777;Mill.m3;86,75511341322849;l/s;2,548706148613889;m3/s;625115,7589238021;t;72,5;%;2,1428570750000002;None;92,45000148721117;mKVs;0;None;7,877684699052779;mm;0;m3/s;94,68792083333334;bar;2148,4865130555554;KVa;-15,764812892;cm;78,99283998322223;%;32,87333278041073;cm
2026-03-27 15:00:00.000;151,04063834728433;moh;50,023666611772924;Hz;0,9899999499000001;None;2,6315238696;m3/s;2120,136271388889;kW;750,1834152777777;rpm;-340,2777561111111;KVar;90,17460265694444;%;0,11814046160749998;Mill.m3;87,00195947002572;l/s;2,5445270168222223;m3/s;625116,7589446354;t;72,5;%;2,1428570750000002;None;92,48333511608774;mKVs;0;None;7,964884440255558;mm;0;m3/s;94,81914444444445;bar;2148,56238;KVa;-15,938606261055556;cm;78,76030841430556;%;32,91498510825475;cm
2026-03-27 16:00:00.000;151,0464439052066;moh;50,016495017480665;Hz;0,9899999499000001;None;2,6324712805888884;m3/s;2119,9373719444443;kW;750,3166277777777;rpm;-328,6523861111111;KVar;90,16393871225;%;0,1191960049752778;Mill.m3;87,22963577813206;l/s;2,5452521880277774;m3/s;625117,7589678299;t;72,5;%;2,1428570750000002;None;92,40167191877626;mKVs;0;None;7,7009985183305565;mm;0;m3/s;94,87120388888889;bar;2146,149857222222;KVa;-15,360633003166667;cm;79,46400411463888;%;32,95000126499235;cm
2026-03-27 17:00:00.000;151,07392823408406;moh;50,00017363798632;Hz;0,9899999499000001;None;2,6377548330305554;m3/s;2124,9003352777777;kW;749,8500605555555;rpm;-301,6832919444444;KVar;90,09265872047222;%;0,12475640982583334;Mill.m3;87,65244870964922;l/s;2,5500992144861105;m3/s;625118,758992257;t;72,5;%;2,1428570750000002;None;92,46332392209675;mKVs;0;None;6,310897403238889;mm;0;m3/s;94,69923916666667;bar;2143,817905;KVa;-12,617916530444445;cm;83,17093942547223;%;33,0233255875707;cm
2026-03-27 18:00:00.000;151,11364135675998;moh;50,02066007302797;Hz;0,9899999499000001;None;2,636499183097222;m3/s;2123,0255769444443;kW;750,3166066666666;rpm;-305,0431566666667;KVar;90,12663620833334;%;0,13265200343666667;Mill.m3;88,70882897127079;l/s;2,547788686886111;m3/s;625119,7590080729;t;72,5;%;2,1428570750000002;None;92,49999761114766;mKVs;0;None;4,336999257427778;mm;0;m3/s;92,94637277777778;bar;2143,5663622222223;KVa;-8,652343750224999;cm;88,43466856219445;%;33,17998209556712;cm
2026-03-27 19:00:00.000;151,15866593048634;moh;50,01682761734243;Hz;0,9899999499000001;None;2,6403833282027778;m3/s;2124,834590277778;kW;750,1666638888889;rpm;-320,9261036111111;KVar;90,08700328436112;%;0,141667307995;Mill.m3;89,90804474668136;l/s;2,5504837367083337;m3/s;625120,7590366146;t;72,5;%;2,1428570750000002;None;92,5149893539927;mKVs;0;None;2,0831722684277776;mm;0;m3/s;90,7295725;bar;2149,1917969444444;KVa;-4,148843553380555;cm;94,44487393772222;%;33,35665559295633;cm
2026-03-27 20:00:00.000;151,19575929718593;moh;50,018500545051495;Hz;0,9899999499000001;None;2,6409549905472223;m3/s;2124,3104305555557;kW;750,1666575;rpm;-314,17006194444446;KVar;90,099107488;%;0,14909479693388888;Mill.m3;91,30275423342702;l/s;2,54966072245;m3/s;625121,7590394445;t;72,5;%;2,1428570750000002;None;92,52885993882742;mKVs;0;None;0,2826731962443463;mm;0;m3/s;92,33112;bar;2148,9646094444442;KVa;-0,4331419203389985;cm;99,39653286147222;%;33,55497451746203;cm
2026-03-27 21:00:00.000;151,22478961013928;moh;50,00004832371101;Hz;0,9899999499000001;None;2,646049666477778;m3/s;2128,231497777778;kW;749,8998358333333;rpm;-322,7931325;KVar;90,03199346238888;%;0,15490479150611114;Mill.m3;92,03211938678866;l/s;2,554224400991666;m3/s;625122,7590317709;t;72,5;%;2,1428570750000002;None;92,52431521130491;mKVs;0;None;0;mm;0;m3/s;93,40848888888888;bar;2151,7108175;KVa;2,469880845842778;cm;103,26986246111112;%;33,68259672165774;cm
2026-03-27 22:00:00.000;151,2466900715305;moh;50,01000758500546;Hz;0,9874998800778472;None;2,646304003419444;m3/s;2128,578537777778;kW;750,2668194444444;rpm;-369,1246122222222;KVar;90,03873949980556;%;0,1592796504138889;Mill.m3;92,45862775073522;l/s;2,553765665708333;m3/s;625123,7590872743;t;72,5;%;2,1428570750000002;None;92,55000309389264;mKVs;0;None;0;mm;0;m3/s;91,1698975;bar;2157,1829013888887;KVa;4,6595509847444445;cm;106,18643293027777;%;33,72500224108283;cm
2026-03-27 23:00:00.000;151,26153587410525;moh;49,994492030848875;Hz;0,9801683398939101;None;2,6482745945194446;m3/s;2128,4671563888887;kW;749,9166305555556;rpm;-394,92146194444445;KVar;90,01562531680555;%;0,16228847054916667;Mill.m3;92,98155758167343;l/s;2,5553375468555557;m3/s;625124,7590942361;t;72,5;%;2,1428570750000002;None;92,57331487622042;mKVs;0;None;0;mm;0;m3/s;89,45694916666666;bar;2163,6630438888888;KVa;6,150059170122222;cm;108,1923128925;%;33,806649123097024;cm
2026-03-28 00:00:00.000;151,27328124350498;moh;49,95266572440337;Hz;0,9799999595;None;2,6479782323333336;m3/s;2128,5307794444443;kW;749,3501630555555;rpm;-399,79357166666665;KVar;90,02490175091667;%;0,16461616501611112;Mill.m3;93,2748780178517;l/s;2,554706774302778;m3/s;625125,7591285242;t;72,5;%;2,1428570750000002;None;92,58333049832788;mKVs;0;None;0;mm;0;m3/s;90,3280636111111;bar;2163,313451111111;KVa;7,321408589744446;cm;109,74411047416666;%;33,86497850576889;cm
2026-03-28 01:00:00.000;151,28235354387428;moh;49,98515525248581;Hz;0,9785024887003763;None;2,6519978358;m3/s;2131,413145833333;kW;749,5664113888889;rpm;-460,17538138888887;KVar;89,9690472908889;%;0,16644226227666667;Mill.m3;93,49392201907796;l/s;2,5585047451250005;m3/s;625126,7591485592;t;72,5;%;2,1428570750000002;None;92,57499873912083;mKVs;0;None;0;mm;0;m3/s;90,2197675;bar;2177,39133;KVa;8,231697082627779;cm;110,96150707638888;%;33,889974311661106;cm
2026-03-28 02:00:00.000;151,29014588289982;moh;50,00200295699959;Hz;0,9888281538010105;None;2,651886471627778;m3/s;2130,6873419444446;kW;750,0833175;rpm;-341,05447888888887;KVar;89,97951342180555;%;0,16801390767750002;Mill.m3;94,1004077059172;l/s;2,557793066230555;m3/s;625127,7591727084;t;72,5;%;2,1428570750000002;None;92,62330686627823;mKVs;0;None;0;mm;0;m3/s;89,21813333333333;bar;2159,46073;KVa;9,010543823169444;cm;112,0092718225;%;33,966668759975775;cm
2026-03-28 03:00:00.000;151,29794129140507;moh;49,97833129803341;Hz;0,9899999499000001;None;2,649920698625;m3/s;2129,8999380555556;kW;749,58335;rpm;-309,4644005555555;KVar;90,01200391977778;%;0,16953078010388892;Mill.m3;94,33289207430583;l/s;2,555583722816666;m3/s;625128,7591917883;t;72,5;%;2,1428570750000002;None;92,61835931400127;mKVs;0;None;0;mm;0;m3/s;93,4500411111111;bar;2152,7829358333333;KVa;9,784266154005554;cm;113,02052199111111;%;34,0000028461499;cm
2026-03-28 04:00:00.000;151,30593993176555;moh;50,00484432768692;Hz;0,9899999499000001;None;2,6518183707944445;m3/s;2130,994156111111;kW;749,9336177777777;rpm;-328,3572286111111;KVar;89,98740013972223;%;0,17118420933833334;Mill.m3;94,56651521504139;l/s;2,557256753644444;m3/s;625129,7592199479;t;72,5;%;2,1428570750000002;None;92,61496974580017;mKVs;0;None;0;mm;0;m3/s;89,93296694444444;bar;2154,5905747222223;KVa;10,591824849358334;cm;114,12280550111112;%;34,0333371522922;cm
2026-03-28 05:00:00.000;151,3128176552458;moh;49,997329482819495;Hz;0,9899999499000001;None;2,6492420512916657;m3/s;2130,135168611111;kW;749,8163897222222;rpm;-318,0272502777778;KVar;90,02559409580556;%;0,17254625878000002;Mill.m3;94,58712030847423;l/s;2,554659560761111;m3/s;625130,7592376911;t;72,5;%;2,1428570750000002;None;92,61836361750133;mKVs;0;None;0;mm;0;m3/s;89,29648;bar;2154,3397044444446;KVa;11,278411017444444;cm;115,03083939805556;%;34,041666787480914;cm
2026-03-28 06:00:00.000;151,31868344875096;moh;49,99326822293828;Hz;0,9899999499000001;None;2,6504517408;m3/s;2129,1708533333335;kW;750,1666641666667;rpm;-324,44736694444447;KVar;90,00982076844444;%;0,1737216348375;Mill.m3;94,78436691157277;l/s;2,5557321482694437;m3/s;625131,7614199652;t;72,5;%;2,1428570750000002;None;92,63990769308631;mKVs;0;None;0;mm;0;m3/s;90,80330083333334;bar;2150,754691388889;KVa;11,865255569138888;cm;115,81442477916667;%;34,06497398787025;cm
2026-03-28 07:00:00.000;151,32404896414124;moh;49,96351840300744;Hz;0,9899999499000001;None;2,6519854141333328;m3/s;2132,2339969444442;kW;749,4506866666667;rpm;-303,100205;KVar;89,98938556086111;%;0,17479613854083334;Mill.m3;94,82498734589178;l/s;2,557121852925;m3/s;625132,759289184;t;72,5;%;2,1428570750000002;None;92,57499965572042;mKVs;0;None;0;mm;0;m3/s;88,10211472222223;bar;2151,201015;KVa;12,402504815444445;cm;116,53076257083333;%;34,07499980078944;cm
2026-03-28 08:00:00.000;151,32801503874435;moh;49,99011479874083;Hz;0,9908332596304165;None;2,6513106200055563;m3/s;2131,348596111111;kW;749,6989266666667;rpm;-238,05934861111112;KVar;90,00143807661111;%;0,17558995734138885;Mill.m3;95,02880557024159;l/s;2,5563021792444447;m3/s;625133,7592986979;t;72,5;%;2,1428570750000002;None;92,62329801907114;mKVs;0;None;0;mm;0;m3/s;88,66921416666666;bar;2142,8541086111113;KVa;12,799695333861111;cm;117,05997031527778;%;34,09829326264309;cm
2026-03-28 09:00:00.000;151,3316991126497;moh;50,02535931184924;Hz;0,9908332957417083;None;2,6497523611583333;m3/s;2129,2958733333335;kW;750,0340825;rpm;-225,59199194444443;KVar;90,02817467597222;%;0,17631774982944445;Mill.m3;95,30394958815944;l/s;2,5544841594694443;m3/s;625134,7593174479;t;72,5;%;2,1428570750000002;None;92,62500218982362;mKVs;0;None;0;mm;0;m3/s;93,435515;bar;2140,6108241666666;KVa;13,167783949055556;cm;117,54516701805555;%;34,15833473166686;cm
2026-03-28 10:00:00.000;151,3333519033495;moh;49,98852217291536;Hz;0,9899999499000001;None;2,651643159166666;m3/s;2131,335971111111;kW;749,7500175;rpm;-241,2831938888889;KVar;89,99935442558333;%;0,17666741277694442;Mill.m3;95,1377153298917;l/s;2,5564438455277774;m3/s;625135,7593583855;t;72,48333286528879;%;2,1428570750000002;None;92,63504483952244;mKVs;0;None;0;mm;0;m3/s;91,07178527777778;bar;2143,0115461111113;KVa;13,332595825166667;cm;117,77827583416666;%;34,116666146150216;cm
2026-03-28 11:00:00.000;151,33405252922324;moh;49,97566279391922;Hz;0,9899999499000001;None;2,6519206530166666;m3/s;2131,7378480555553;kW;749,6666883333334;rpm;-304,0169036111111;KVar;89,99191438797222;%;0,17686991493083334;Mill.m3;94,9671480498222;l/s;2,5569497909777783;m3/s;625136,7593743751;t;72,5;%;2,1428570750000002;None;92,56495445062615;mKVs;0;None;0;mm;0;m3/s;89,72593944444445;bar;2151,7218352777777;KVa;13,409678142277778;cm;117,91327586388888;%;34,0950844327703;cm
2026-03-28 12:00:00.000;151,33449759011077;moh;49,97147486595625;Hz;0,9914957185048744;None;2,6506930794805554;m3/s;2131,4349225;kW;749,3995972222223;rpm;-236,54260527777777;KVar;90,01205342463889;%;0,17691707358222225;Mill.m3;95,09517326147979;l/s;2,5555803928305556;m3/s;625137,7593730382;t;72,5;%;2,1428570750000002;None;92,68162743176337;mKVs;0;None;0;mm;0;m3/s;90,70672722222223;bar;2142,1199338888887;KVa;13,452148438472221;cm;117,94471498916667;%;34,10662516611729;cm
2026-03-28 13:00:00.000;151,33342443557018;moh;49,97833258127941;Hz;0,9958331819021238;None;2,6491120993083332;m3/s;2130,9851444444444;kW;749,6666558333334;rpm;-216,74884055555555;KVar;90,03105142341667;%;0,17665018612333336;Mill.m3;94,82502648159763;l/s;2,5542884986527774;m3/s;625138,7594194099;t;72,5;%;2,1428570750000002;None;92,67329116421264;mKVs;0;None;0;mm;0;m3/s;90,61169027777778;bar;2140,2351675;KVa;13,339275784805556;cm;117,76679192666667;%;34,07500498256189;cm
2026-03-28 14:00:00.000;151,3321431894934;moh;49,99999922443576;Hz;0,9960044688713782;None;2,643967462838889;m3/s;2127,8746997222224;kW;750,0833627777778;rpm;-228,40347083333333;KVar;90,10689523344445;%;0,17637737045805557;Mill.m3;94,8433767906693;l/s;2,549131163622222;m3/s;625139,7594294966;t;72,5;%;2,1428570750000002;None;92,65150166643457;mKVs;0;None;0;mm;0;m3/s;90,73636583333334;bar;2142,1802547222223;KVa;13,219841851305555;cm;117,58491342944444;%;34,09999407390365;cm
2026-03-28 15:00:00.000;151,33004805023106;moh;49,96713007698555;Hz;0,9899999499000001;None;2,6540472447694445;m3/s;2132,7246325;kW;749,5203294444444;rpm;-260,35851305555553;KVar;89,95778766083333;%;0,17599943665111112;Mill.m3;94,77198845430077;l/s;2,559270428822222;m3/s;625140,758044566;t;72,5;%;2,1428570750000002;None;92,74542529837862;mKVs;0;None;0;mm;0;m3/s;86,32732;bar;2144,899574722222;KVa;13,005540635472222;cm;117,33295695194444;%;34,066665693276086;cm
2026-03-28 16:00:00.000;151,3297327257794;moh;50,02430940667455;Hz;0,9899999499000001;None;2,6495542440305555;m3/s;2130,470273611111;kW;750,2499872222222;rpm;-307,26510472222225;KVar;90,02346161716666;%;0,17594385142861113;Mill.m3;94,80506576506819;l/s;2,554804572725001;m3/s;625141,7594280208;t;72,5;%;2,1428570750000002;None;92,68161418321718;mKVs;0;None;0;mm;0;m3/s;92,30361888888889;bar;2151,4461677777776;KVa;12,974433900388888;cm;117,29590023333333;%;34,07499839910857;cm
2026-03-28 17:00:00.000;151,3263551518175;moh;50,00985310451256;Hz;0,9818385882904701;None;2,6499000099027787;m3/s;2131,724098333333;kW;750,0833641666667;rpm;-383,5748233333333;KVar;90,01438405905556;%;0,1752831858502778;Mill.m3;94,43267607330203;l/s;2,5554218437444445;m3/s;625142,7594938715;t;72,5;%;2,1428570750000002;None;92,61666368051614;mKVs;0;None;0;mm;0;m3/s;84,6313325;bar;2163,695802222222;KVa;12,638253105944445;cm;116,85545689388888;%;34,01006029863051;cm
2026-03-28 18:00:00.000;151,3241263156091;moh;50,02063239235263;Hz;0,9864944449319547;None;2,652353221;m3/s;2131,744926111111;kW;750,4166558333334;rpm;-373,27918;KVar;89,97237105775;%;0,17480893906638884;Mill.m3;94,07760556039483;l/s;2,5582787441222226;m3/s;625143,7595022743;t;72,5;%;2,1428570750000002;None;92,68333292487911;mKVs;0;None;0;mm;0;m3/s;90,15396583333333;bar;2162,2882666666665;KVa;12,4091890115;cm;116,5392956463889;%;33,97672399501721;cm
2026-03-28 19:00:00.000;151,31931666605416;moh;50,00735456141165;Hz;0,9899999499000001;None;2,6482707857472216;m3/s;2129,349023888889;kW;750,2500019444444;rpm;-352,94503833333334;KVar;90,02946330288889;%;0,17388891458388891;Mill.m3;93,84246562810941;l/s;2,5543964266611106;m3/s;625144,7595000347;t;72,5;%;2,1428570750000002;None;92,67328244441272;mKVs;0;None;0;mm;0;m3/s;90,14649333333334;bar;2161,025745;KVa;11,93723466788889;cm;115,92594326666666;%;33,939944585528565;cm
2026-03-28 20:00:00.000;151,31555105000302;moh;49,9974713964196;Hz;0,9899999499000001;None;2,6498213906861112;m3/s;2129,583882777778;kW;749,9166569444444;rpm;-358,5385538888889;KVar;90,00238085791666;%;0,1731148411622222;Mill.m3;93,61205946103334;l/s;2,5562381008888884;m3/s;625145,7595624307;t;72,5;%;2,1428570750000002;None;92,67672308616784;mKVs;0;None;0;mm;0;m3/s;93,63225333333334;bar;2158,775341388889;KVa;11,556053160888888;cm;115,40989656527778;%;33,90172367257665;cm
2026-03-28 21:00:00.000;151,31146089432474;moh;49,96870562585744;Hz;0,9860053759570169;None;2,648488863891667;m3/s;2129,418869722222;kW;749,6839244444444;rpm;-376,6544519444444;KVar;90,02018801341667;%;0,1722902436722222;Mill.m3;93,48332939667941;l/s;2,555027162922223;m3/s;625146,7595610069;t;72,5;%;2,1428570750000002;None;92,66666926555897;mKVs;0;None;0;mm;0;m3/s;86,29867305555555;bar;2161,626639166667;KVa;11,1456765075;cm;114,86016145361111;%;33,88333406499046;cm
2026-03-28 22:00:00.000;151,3073717802793;moh;49,99431252217737;Hz;0,9799999595;None;2,6512988222444442;m3/s;2131,599295277778;kW;749,8161644444444;rpm;-414,5249936111111;KVar;89,97891845547223;%;0,17149467369333332;Mill.m3;93,37347252311201;l/s;2,557833549594444;m3/s;625147,7596019098;t;72,5;%;2,1428570750000002;None;92,68505797689403;mKVs;0;None;0;mm;0;m3/s;90,97881222222222;bar;2168,7376458333333;KVa;10,740381875416666;cm;114,32978238861111;%;33,86666847620806;cm
2026-03-28 23:00:00.000;151,30120934895044;moh;49,97468347907183;Hz;0,9791665491806293;None;2,647328837097222;m3/s;2128,4934480555557;kW;749,51722;rpm;-438,48550083333333;KVar;90,03253928238888;%;0,17027270038972223;Mill.m3;93,2431561845816;l/s;2,5541872970916666;m3/s;625148,7596428472;t;72,5;%;2,1428570750000002;None;92,65000049726342;mKVs;0;None;0;mm;0;m3/s;92,50138861111111;bar;2175,5225419444446;KVa;10,124977958352778;cm;113,51513372527778;%;33,84339087253451;cm
2026-03-29 00:00:00.000;151,29671853111637;moh;50,01359013956256;Hz;0,9751723085307172;None;2,6493867971777783;m3/s;2129,356097222222;kW;750,2333166666666;rpm;-488,1751747222222;KVar;90,00486066433334;%;0,16935969644444446;Mill.m3;93,38844049733964;l/s;2,556069461638889;m3/s;625149,7595674478;t;72,5;%;2,1428570750000002;None;92,67155078143453;mKVs;0;None;0;mm;0;m3/s;92,44135388888888;bar;2183,5163975;KVa;9,674008687219443;cm;112,90646625694444;%;33,866667488890165;cm
2026-03-29 01:00:00.000;151,29261937549435;moh;49,968710634746905;Hz;0,9773271814835858;None;2,6507086548083336;m3/s;2131,724022222222;kW;749,6006319444444;rpm;-467,11049833333334;KVar;89,97921648969445;%;0,16852472262250004;Mill.m3;92,89274222284955;l/s;2,557813313194444;m3/s;625150,759625868;t;72,5;%;2,1428570750000002;None;92,62672382970526;mKVs;0;None;0;mm;0;m3/s;80,81826583333333;bar;2177,51383;KVa;9,262084961083334;cm;112,349814735;%;33,79999924;cm
2026-03-29 02:00:00.000;;moh;;Hz;;None;;m3/s;;kW;;rpm;;KVar;;%;;Mill.m3;;l/s;;m3/s;;t;;%;;None;;mKVs;;None;;mm;;m3/s;;bar;;KVa;;cm;;%;;cm
2026-03-29 03:00:00.000;151,28804547913748;moh;49,98579964290844;Hz;0,975000022583278;None;2,648458309294444;m3/s;2129,3208291666665;kW;749,8160058333333;rpm;-482,84145861111114;KVar;90,01324335763888;%;0,16762812899777776;Mill.m3;92,93514400417203;l/s;2,5554994072861117;m3/s;625151,759666823;t;72,5;%;2,1428570750000002;None;92,65833292301231;mKVs;0;None;0;mm;0;m3/s;90,51524833333333;bar;2182,5959016666666;KVa;8,807678222722222;cm;111,75208762222222;%;33,80833165303011;cm
2026-03-29 04:00:00.000;151,28225227084448;moh;50,01597295968926;Hz;0,9735064406688487;None;2,6484321011083334;m3/s;2129,541115277778;kW;750,166665;rpm;-506,44756944444447;KVar;90,01383923438888;%;0,16646592175861114;Mill.m3;92,91233036360369;l/s;2,555458924472222;m3/s;625152,7596355729;t;72,5;%;2,1428570750000002;None;92,65000005268784;mKVs;0;None;0;mm;0;m3/s;93,86317;bar;2187,067426388889;KVa;8,225453694702779;cm;110,97728030944444;%;33,80173225341448;cm
2026-03-29 05:00:00.000;151,2778813177305;moh;49,98885212551577;Hz;0,9781601029145321;None;2,647656218930556;m3/s;2128,945997222222;kW;749,7500094444445;rpm;-469,3494386111111;KVar;90,02157613997223;%;0,16558830838611113;Mill.m3;92,71092792752644;l/s;2,5549327279888887;m3/s;625153,759504809;t;72,5;%;2,1428570750000002;None;92,66180130798888;mKVs;0;None;0;mm;0;m3/s;90,93248027777778;bar;2178,500816388889;KVa;7,789993286149999;cm;110,39220824861111;%;33,78333407664766;cm
2026-03-29 06:00:00.000;151,274400661415;moh;49,99829875206872;Hz;0,9775002146525377;None;2,64602051453611;m3/s;2127,462725;kW;749,9826597222223;rpm;-469,95848861111114;KVar;90,04548598141666;%;0,1648984870286111;Mill.m3;92,7694475131502;l/s;2,55330694513889;m3/s;625154,759578264;t;72,5;%;2,1428570750000002;None;92,62153305487764;mKVs;0;None;0;mm;0;m3/s;86,94142333333333;bar;2179,7670469444442;KVa;7,4425803291138894;cm;109,93232451138888;%;33,79826513945086;cm
2026-03-29 07:00:00.000;151,26833933906502;moh;50,04697967346855;Hz;0,9799999595;None;2,643534041138889;m3/s;2125,7955555555554;kW;750,8333469444444;rpm;-431,68680166666667;KVar;90,07802479955555;%;0,16368896219555554;Mill.m3;92,4520825242518;l/s;2,5510942259277773;m3/s;625155,759592934;t;72,5;%;2,1428570750000002;None;92,6600663922018;mKVs;0;None;0;mm;0;m3/s;84,31400444444445;bar;2170,537293611111;KVa;6,835611131330555;cm;109,1259761625;%;33,72673577112154;cm
2026-03-29 08:00:00.000;151,26503650839527;moh;50,041041047813124;Hz;0,9799999595;None;2,6461435648499996;m3/s;2129,2678775;kW;750,5173647222222;rpm;-415,9691883333333;KVar;90,03868963430556;%;0,16301704572444445;Mill.m3;92,36329862538555;l/s;2,5537690441361116;m3/s;625156,7596177604;t;72,5;%;2,1428570750000002;None;92,63507111910847;mKVs;0;None;0;mm;0;m3/s;93,34442916666667;bar;2167,970983888889;KVa;6,504359775213889;cm;108,67802870333334;%;33,71666875747602;cm
2026-03-29 09:00:00.000;151,26098349321376;moh;50,01617892408558;Hz;0,9889930619777245;None;2,6468971371166665;m3/s;2128,484139722222;kW;750,3993244444445;rpm;-332,55086555555556;KVar;90,028720538;%;0,1622106327238889;Mill.m3;92,51719378832607;l/s;2,554447045625;m3/s;625157,759643264;t;72,5;%;2,1428570750000002;None;92,59826293427408;mKVs;0;None;0;mm;0;m3/s;93,65274416666666;bar;2153,0773244444445;KVa;6,100302802238888;cm;108,14042196166666;%;33,750001011936;cm
2026-03-29 10:00:00.000;151,25740485565424;moh;49,97811356665177;Hz;0,9899999499000001;None;2,646183295433333;m3/s;2127,772803888889;kW;749,4199236111111;rpm;-288,9363833333333;KVar;90,03988107030555;%;0,16148989303000003;Mill.m3;92,6193312774573;l/s;2,5536881082555554;m3/s;625158,7596579341;t;72,5;%;2,1428570750000002;None;92,56494020084418;mKVs;0;None;0;mm;0;m3/s;93,32997027777778;bar;2146,456448611111;KVa;5,743819342766667;cm;107,65992902138889;%;33,749999916667925;cm
2026-03-29 11:00:00.000;151,253656658829;moh;50,010794747423766;Hz;0,9899999499000001;None;2,6455539617916664;m3/s;2128,0672916666667;kW;750,0659405555556;rpm;-235,64892527777778;KVar;90,05426605947223;%;0,16074574073472223;Mill.m3;92,84665980632083;l/s;2,552709941072222;m3/s;625159,7596617187;t;72,5;%;2,1428570750000002;None;92,56666506103218;mKVs;0;None;0;mm;0;m3/s;90,54565583333333;bar;2141,5982919444446;KVa;5,367317199902777;cm;107,16382628333334;%;33,81492753698921;cm
2026-03-29 12:00:00.000;151,2496619611777;moh;49,99170249120427;Hz;0,9981591379995499;None;2,6477765520027785;m3/s;2129,3769333333335;kW;749,9341022222222;rpm;-207,55013888888888;KVar;90,02167595694445;%;0,1599671934738889;Mill.m3;92,80344517620912;l/s;2,554925994747222;m3/s;625160,7596875348;t;72,5;%;2,1428570750000002;None;92,58333461384979;mKVs;0;None;0;mm;0;m3/s;89,22407694444445;bar;2138,596665555556;KVa;4,967172410872223;cm;106,64479627083334;%;33,791666755544576;cm
2026-03-29 13:00:00.000;151,2458074087305;moh;49,99215053084468;Hz;0,9893410182401289;None;2,6484872394249996;m3/s;2129,093477777778;kW;749,8992488888889;rpm;-289,1047697222222;KVar;90,0120537013889;%;0,15920039705583333;Mill.m3;92,92389665640371;l/s;2,5555803782944446;m3/s;625161,7597357812;t;72,5;%;2,1428570750000002;None;92,57325562917173;mKVs;0;None;0;mm;0;m3/s;89,51947861111111;bar;2148,082145;KVa;4,583532545341668;cm;106,13359746388889;%;33,80833174831233;cm
2026-03-29 14:00:00.000;151,24304773967455;moh;50,008681520827764;Hz;0,9899999499000001;None;2,647773663852779;m3/s;2127,9108325;kW;750,1841266666667;rpm;-277,6418747222222;KVar;90,02599222263889;%;0,15865015711666672;Mill.m3;93,1354850357002;l/s;2,554632545780556;m3/s;625162,7597181597;t;72,5;%;2,1428570750000002;None;92,57325221353778;mKVs;0;None;0;mm;0;m3/s;90,482285;bar;2143,7004655555556;KVa;4,303970336911111;cm;105,76677055833333;%;33,83992397172486;cm
2026-03-29 15:00:00.000;151,23865872500355;moh;50,003506133999736;Hz;0,9899999499000001;None;2,645417089605556;m3/s;2127,4583208333333;kW;749,8333111111111;rpm;-235,17078527777778;KVar;90,06612129141666;%;0,15777926859722222;Mill.m3;93,53187670248417;l/s;2,5518397172305556;m3/s;625163,759775052;t;72,5;%;2,1428570750000002;None;92,57016089330475;mKVs;0;None;0;mm;0;m3/s;90,11726833333333;bar;2139,564693888889;KVa;3,8682725694305558;cm;105,18617921861112;%;33,893415409191626;cm
2026-03-29 16:00:00.000;151,23825057776807;moh;49,97569850944787;Hz;0,9931585157243356;None;2,647701795230556;m3/s;2127,4850633333335;kW;749,5174694444445;rpm;-219,32873166666667;KVar;90,03263842158333;%;0,1576546310202777;Mill.m3;93,50314416592873;l/s;2,554180571127777;m3/s;625164,7597963541;t;72,5;%;2,1428570750000002;None;92,59824955000222;mKVs;0;None;0;mm;0;m3/s;90,27954444444444;bar;2138,449081111111;KVa;3,8262176513499995;cm;105,10308679583333;%;33,88816830035608;cm
2026-03-29 17:00:00.000;151,23904015147946;moh;49,9957905221341;Hz;0,9926747327450391;None;2,645114284049999;m3/s;2125,644302222222;kW;749,9649819444444;rpm;-237,31144555555557;KVar;90,07445434958333;%;0,15796215532388888;Mill.m3;93,85400475212182;l/s;2,5513371083611114;m3/s;625165,7598048438;t;72,5;%;2,1428570750000002;None;92,54999756835883;mKVs;0;None;0;mm;0;m3/s;89,4080175;bar;2138,0719577777777;KVa;3,910191853719444;cm;105,30810301472222;%;33,93508357656981;cm
2026-03-29 18:00:00.000;151,2477131221482;moh;49,98157654225464;Hz;0,9899999499000001;None;2,644089965663889;m3/s;2124,672019722222;kW;749,6641825;rpm;-258,98842722222224;KVar;90,0942451483889;%;0,15922586384;Mill.m3;94,28557823743733;l/s;2,5499912831416665;m3/s;625166,7586192015;t;72,5;%;2,1428570750000002;None;92,56813106639483;mKVs;0;None;0;mm;0;m3/s;93,84407055555556;bar;2142,0800583333335;KVa;4,753324720580555;cm;106,150574725;%;34,010337784907556;cm
2026-03-29 19:00:00.000;151,26489066014454;moh;50,01631409741674;Hz;0,9843420108871822;None;2,6491257707527778;m3/s;2140,8291977777776;kW;750,1666633333333;rpm;-377,64075972222224;KVar;90,01964062558334;%;0,16291116322500002;Mill.m3;94,13281467896928;l/s;2,555064309186111;m3/s;625167,7598821702;t;72,62368429204317;%;2,1428570750000002;None;92,54166822131415;mKVs;0;None;0;mm;0;m3/s;89,67329833333334;bar;2169,6732697222224;KVa;6,481929355236112;cm;108,60744331083333;%;33,97500682695833;cm
2026-03-29 20:00:00.000;151,28238204075203;moh;49,9988588681528;Hz;0,988991128646247;None;2,651674868136111;m3/s;2141,2957533333333;kW;750,16667;rpm;-262,9693394444445;KVar;89,99295529183334;%;0,16642412009166668;Mill.m3;94,79387603041218;l/s;2,556879004997222;m3/s;625168,7598968402;t;72,49036294158866;%;2,1428570750000002;None;92,49166840525314;mKVs;0;None;0;mm;0;m3/s;90,53110111111111;bar;2160,2093155555553;KVa;8,22928110763611;cm;110,94941417277778;%;34,05482311302206;cm
2026-03-29 21:00:00.000;151,29875803590426;moh;49,994292489429114;Hz;0,9933335166010857;None;2,6581528631499998;m3/s;2142,459800277778;kW;749,9166544444445;rpm;-228,1673927777778;KVar;89,90481192075;%;0,16971161539222224;Mill.m3;95,27645345416057;l/s;2,5628728355527777;m3/s;625169,7598951736;t;72,50000534578334;%;2,1428570750000002;None;92,46009411056946;mKVs;0;None;0;mm;0;m3/s;85,63260083333333;bar;2155,63729;KVa;9,869689941611112;cm;113,14107896916667;%;34,14166754140079;cm
2026-03-29 22:00:00.000;151,3169664620941;moh;50,00206577633165;Hz;0,9899999499000001;None;2,660324633905556;m3/s;2145,9227861111112;kW;749,9342980555556;rpm;-244,05194194444445;KVar;89,87852159875;%;0,173348041925;Mill.m3;95,66678023169169;l/s;2,5646605205277777;m3/s;625170,7598968229;t;72,37629041966993;%;2,1428570750000002;None;92,47147957525807;mKVs;0;None;0;mm;0;m3/s;93,48401416666667;bar;2156,5268847222223;KVa;11,683438619611112;cm;115,5653603475;%;34,18814877616209;cm
2026-03-29 23:00:00.000;151,33281854640327;moh;50,0117929163599;Hz;0,991490693479699;None;2,6519185503166676;m3/s;2133,431666111111;kW;750,3156972222222;rpm;-237,15798166666667;KVar;90,00967220483334;%;0,17653371145277777;Mill.m3;96,17063988876302;l/s;2,555742256316667;m3/s;625171,7599555554;t;72,47019286685396;%;2,1428570750000002;None;92,54167027910162;mKVs;0;None;0;mm;0;m3/s;92,99543888888888;bar;2145,830802777778;KVa;13,27601538825;cm;117,68914042166666;%;34,25000136192372;cm
2026-03-30 00:00:00.000;151,34699516648874;moh;49,99828398086443;Hz;0,9901761174492616;None;2,6516792787472223;m3/s;2129,5850875;kW;749,9166711111111;rpm;-279,9373;KVar;90,01299629113889;%;0,17941057585;Mill.m3;96,2408736444071;l/s;2,5555162793583333;m3/s;625172,7599694271;t;72,5;%;2,1428570750000002;None;92,60000171570364;mKVs;0;None;0;mm;0;m3/s;90,16296722222222;bar;2146,2294480555556;KVa;14,698333740194444;cm;119,60705222583333;%;34,274998981120824;cm
2026-03-30 01:00:00.000;151,35521219825898;moh;49,98939046546548;Hz;0,9899999499000001;None;2,651915096591667;m3/s;2131,7615266666667;kW;749,8333533333333;rpm;-304,77616166666667;KVar;90,01765842430555;%;0,18098178461694445;Mill.m3;96,64582069022593;l/s;2,555199242269444;m3/s;625173,7600092362;t;72,47019728783162;%;2,1428570750000002;None;92,59343381615162;mKVs;0;None;0;mm;0;m3/s;90,48650305555556;bar;2154,4572386111113;KVa;15,515624152416667;cm;120,65452279305556;%;34,33333328110984;cm
2026-03-30 02:00:00.000;151,36003197690448;moh;50,00131201856032;Hz;0,9899999499000001;None;2,659535929255556;m3/s;2142,8601555555556;kW;749,8333013888889;rpm;-301,3617963888889;KVar;89,90069446566666;%;0,18198660882472223;Mill.m3;96,39407012110885;l/s;2,5631527721694445;m3/s;625174,7600101735;t;72,29039681399335;%;2,1428570750000002;None;92,5565666067399;mKVs;0;None;0;mm;0;m3/s;86,93261472222223;bar;2164,4851805555554;KVa;15,99802653036111;cm;121,32440640583333;%;34,30176679262499;cm
2026-03-30 03:00:00.000;151,36120740724047;moh;49,98465063573816;Hz;0,9899999499000001;None;2,6595066294888894;m3/s;2142,2954266666666;kW;749,7349658333334;rpm;-309,57563416666665;KVar;89,89975058227778;%;0,18224571691750002;Mill.m3;96,56505926598521;l/s;2,563156171769444;m3/s;625175,7600107639;t;71,97272791956739;%;2,1428570750000002;None;92,54240171235499;mKVs;0;None;0;mm;0;m3/s;92,3706886111111;bar;2164,0475641666667;KVa;16,121470134555555;cm;121,4971469;%;34,323228894867015;cm
2026-03-30 04:00:00.000;151,36199821742125;moh;50,007725473459125;Hz;0,9899999499000001;None;2,659816886177778;m3/s;2143,4156752777776;kW;750,2499088888889;rpm;-298,1571536111111;KVar;89,89786737225;%;0,18239852522222222;Mill.m3;96,46190798548115;l/s;2,563345039002778;m3/s;625176,7600127085;t;72,22730017344233;%;2,1428570750000002;None;92,55177095789222;mKVs;0;None;0;mm;0;m3/s;89,06132916666667;bar;2162,9486380555554;KVa;16,199824015;cm;121,59902042333333;%;34,306560140241174;cm
2026-03-30 05:00:00.000;151,36284897385923;moh;49,98386199420217;Hz;0,9899999499000001;None;2,659302859169445;m3/s;2144,927101388889;kW;749,8510091666667;rpm;-277,4640186111111;KVar;89,90327315975;%;0,18256793299999996;Mill.m3;96,35407006162008;l/s;2,5629774001472225;m3/s;625177,7600813542;t;72,25958412996815;%;2,1428570750000002;None;92,55000448063274;mKVs;0;None;0;mm;0;m3/s;90,46070777777778;bar;2162,4564219444446;KVa;16,28507402238889;cm;121,71195765583333;%;34,29343837566642;cm
2026-03-30 06:00:00.000;151,36134828883726;moh;50,00118803347188;Hz;0,9811882361054721;None;2,654423399591667;m3/s;2144,240012222222;kW;749,9999977777778;rpm;-432,42078;KVar;89,97341175019444;%;0,18227274195166665;Mill.m3;96,18568393722319;l/s;2,558207939211111;m3/s;625178,7600919445;t;72,27979114991278;%;2,1428570750000002;None;92,56488989375246;mKVs;0;None;0;mm;0;m3/s;90,45213138888889;bar;2187,1636588888887;KVa;16,135270860444443;cm;121,51516443833333;%;34,25833229001393;cm
2026-03-30 07:00:00.000;151,36191065567502;moh;49,9933879285532;Hz;0,9712024984131514;None;2,6548722293861116;m3/s;2144,0733077777777;kW;749,8511161111111;rpm;-518,4228111111111;KVar;89,9674112748611;%;0,18236375331805554;Mill.m3;96,2553767604751;l/s;2,5586160950583325;m3/s;625179,7601144966;t;72,38688733610554;%;2,1428570750000002;None;92,56844078394174;mKVs;0;None;0;mm;0;m3/s;94,90199944444444;bar;2205,3054005555555;KVa;16,189664205583334;cm;121,57583785111112;%;34,27500032642002;cm
2026-03-30 08:00:00.000;151,36136642300673;moh;49,98571855588021;Hz;0,9748223005298917;None;2,6614108303611115;m3/s;2145,7430586111113;kW;749,8155655555555;rpm;-500,9287497222222;KVar;89,87346216672222;%;0,18229555353333332;Mill.m3;96,40000561248212;l/s;2,565004577791667;m3/s;625180,7620165972;t;72,12377209204189;%;2,1428570750000002;None;92,56509136519799;mKVs;0;None;0;mm;0;m3/s;94,20303833333334;bar;2200,5348025;KVa;16,14000108347222;cm;121,53037353916666;%;34,30000014085621;cm
2026-03-30 09:00:00.000;151,36033832036475;moh;50,00785686849598;Hz;0,9799999595;None;2,655915637691667;m3/s;2133,012433888889;kW;750,1206811111111;rpm;-413,79029583333335;KVar;89,9547124853889;%;0,18201661541944442;Mill.m3;96,4361807507134;l/s;2,5594121231250004;m3/s;625181,7583189755;t;72,1595531829592;%;2,1428570750000002;None;92,67232585847371;mKVs;0;None;0;mm;0;m3/s;93,60477944444445;bar;2170,1721341666666;KVa;16,031362745416665;cm;121,34441276777778;%;34,30833315306446;cm
2026-03-30 10:00:00.000;151,360849655838;moh;49,977681116252064;Hz;0,983458181180104;None;2,6520869322805556;m3/s;2129,338893888889;kW;749,5723188888888;rpm;-385,5192186111111;KVar;90,01056548225;%;0,18217690778527776;Mill.m3;96,35076743813198;l/s;2,555681552383334;m3/s;625182,7631484203;t;72,30000305;%;2,142857075;None;92,68483289447333;mKVs;0;None;0;mm;0;m3/s;93,5223375;bar;2160,8679186111112;KVa;16,08623504711111;cm;121,45127499194444;%;34,29296619219608;cm
2026-03-30 11:00:00.000;151,361199308758;moh;50,003576002241076;Hz;0,9895221753586639;None;2,6514183010222228;m3/s;2128,7068222222224;kW;749,9644194444444;rpm;-308,9041125;KVar;90,01770795097222;%;0,18223887567305555;Mill.m3;96,20668579865428;l/s;2,5551958574972224;m3/s;625183,7631744967;t;72,30000305;%;2,1428570750000002;None;92,65833886983928;mKVs;0;None;0;mm;0;m3/s;93,42020555555555;bar;2151,476110277778;KVa;16,119439866444445;cm;121,49258728305556;%;34,27499867166534;cm
2026-03-30 12:00:00.000;151,36079715616475;moh;49,98237725298504;Hz;0,9908332929639168;None;2,649197896975;m3/s;2128,7927125;kW;749,7855247222222;rpm;-264,4913452777778;KVar;90,0499010713611;%;0,18216277033805556;Mill.m3;96,26660265632698;l/s;2,5530067635277773;m3/s;625184,7631982812;t;72,30000305;%;2,1428570750000002;None;92,657113051196;mKVs;0;None;0;mm;0;m3/s;93,47287361111111;bar;2143,2559136111113;KVa;16,078881158916666;cm;121,44184719444445;%;34,28333292195523;cm
2026-03-30 13:00:00.000;151,36127450849224;moh;50,0077334455067;Hz;0,9899999499000001;None;2,646715866213889;m3/s;2126,166766388889;kW;750,2022505555556;rpm;-277,05349416666667;KVar;90,08293666797222;%;0,18223082832249998;Mill.m3;96,10752190975154;l/s;2,550760327374999;m3/s;625185,7632239929;t;72,30000305;%;2,1428570750000002;None;92,71311291165281;mKVs;0;None;0;mm;0;m3/s;93,86881694444445;bar;2144,7052761111113;KVa;16,128184000944444;cm;121,48721762944444;%;34,26666641333333;cm
2026-03-30 14:00:00.000;151,3636897220073;moh;49,99191217337217;Hz;0,9899999499000001;None;2,64684509495;m3/s;2125,889763611111;kW;750,0478069444445;rpm;-293,8178580555556;KVar;90,08313454588888;%;0,1826965862697222;Mill.m3;96,05307906278733;l/s;2,5507468163138887;m3/s;625186,763272014;t;72,30000305;%;2,1428570750000002;None;92,66666723765726;mKVs;0;None;0;mm;0;m3/s;86,96328305555555;bar;2147,6448072222224;KVa;16,373015509888887;cm;121,7977219125;%;34,263109173770395;cm
2026-03-30 15:00:00.000;151,36738620944251;moh;50,007731883464146;Hz;0,9908332346302909;None;2,6496972256444447;m3/s;2128,8628883333336;kW;750,2499813888888;rpm;-248,91399055555556;KVar;90,03675579591666;%;0,18344513737249998;Mill.m3;95,77935318412312;l/s;2,553900613269444;m3/s;625187,7632922049;t;72,30000305;%;2,1428570750000002;None;92,67856308617945;mKVs;0;None;0;mm;0;m3/s;89,87564305555556;bar;2142,350265;KVa;16,72899034488889;cm;122,29675810805556;%;34,216668675810475;cm
2026-03-30 16:00:00.000;151,36906692917773;moh;50,04083123776873;Hz;0,9945220364444289;None;2,650266960575;m3/s;2128,5467033333334;kW;750,7499975;rpm;-215,52808666666667;KVar;90,03224141805556;%;0,18382937945416666;Mill.m3;96,01436132512443;l/s;2,554207571277778;m3/s;625188,7633184028;t;72,30000305;%;2,1428570750000002;None;92,67499930685493;mKVs;0;None;0;mm;0;m3/s;87,13656888888889;bar;2136,359822777778;KVa;16,909701029972222;cm;122,5514390775;%;34,233338504091776;cm
2026-03-30 17:00:00.000;151,37089515318746;moh;50,03821040005346;Hz;0,99297798148653;None;2,6487611029388884;m3/s;2126,999076388889;kW;750,5355783333333;rpm;-250,234645;KVar;90,05431474052777;%;0,18419195081916664;Mill.m3;96,0748807521594;l/s;2,552706554830555;m3/s;625189,7633191841;t;72,30000305;%;2,1428570750000002;None;92,72978021214595;mKVs;0;None;0;mm;0;m3/s;93,4998975;bar;2140,6816222222224;KVa;17,0834647285;cm;122,79463648555556;%;34,253553918201845;cm
2026-03-30 18:00:00.000;151,37405348420276;moh;49,99740390394889;Hz;0,9891003479858409;None;2,645962307877778;m3/s;2125,043059166667;kW;749,7978555555555;rpm;-357,001755;KVar;90,09667578711111;%;0,1848229363838889;Mill.m3;96,17075034923367;l/s;2,5498259749305547;m3/s;625190,763735868;t;72,30000305;%;2,1428570750000002;None;92,70545061884468;mKVs;0;None;0;mm;0;m3/s;94,10184138888889;bar;2156,3090055555554;KVa;17,409553525305554;cm;123,21529214888889;%;34,26600206232052;cm
2026-03-30 19:00:00.000;151,37491656384498;moh;49,99393460459731;Hz;0,9899999499000001;None;2,6498684160666666;m3/s;2127,1849927777776;kW;750,0833480555556;rpm;-354,2270813888889;KVar;90,03968219755555;%;0,18496798777222223;Mill.m3;96,18252736772648;l/s;2,5537016067527776;m3/s;625191,7633543576;t;72,30000305;%;2,1428570750000002;None;92,73209625329231;mKVs;0;None;0;mm;0;m3/s;86,59261694444444;bar;2154,1543291666667;KVa;17,490374245805555;cm;123,31199349277777;%;34,26666785775582;cm
2026-03-30 20:00:00.000;151,37589628006606;moh;50,00081404326991;Hz;0,9899999499000001;None;2,6473293767694446;m3/s;2125,2152658333334;kW;750,1666533333333;rpm;-335,56674694444445;KVar;90,07708329016667;%;0,18520213384027776;Mill.m3;96,11880141108325;l/s;2,551158360652778;m3/s;625192,7633640624;t;72,30000305;%;2,1428570750000002;None;92,74167053111009;mKVs;0;None;0;mm;0;m3/s;91,14314472222222;bar;2152,3344469444446;KVa;17,59221394586111;cm;123,46809129555555;%;34,266664774469355;cm
2026-03-30 21:00:00.000;151,37742993286946;moh;50,00585125480396;Hz;0,9899999499000001;None;2,649377598352778;m3/s;2127,1043033333335;kW;749,9166488888889;rpm;-332,5091511111111;KVar;90,04692380644444;%;0,18544223188388884;Mill.m3;96,19987997723086;l/s;2,5532091226583327;m3/s;625193,7633885418;t;72,30000305;%;2,1428570750000002;None;92,74166608145818;mKVs;0;None;0;mm;0;m3/s;90,00982444444445;bar;2154,0260727777777;KVa;17,74109310413889;cm;123,62815544083334;%;34,263124744945294;cm
2026-03-30 22:00:00.000;151,36321584702662;moh;49,971772243212335;Hz;0,989885001838042;None;2,6506516825945723;m3/s;2139,188102950178;kW;749,9816429742987;rpm;-370,2586661162384;KVar;90,03116978867578;%;0,18264311681434398;Mill.m3;96,37300829761287;l/s;2,5542803970779433;m3/s;625183,5931405571;t;72,30000305;%;2,142857075;None;92,60786123937287;mKVs;0;None;0;mm;0;m3/s;93,95168747963444;bar;2161,357141957105;KVa;16,322291414727605;cm;121,76208248304428;%;34,29686372519662;cm