DateTime;Value (Cluster1.GRODEM_G2_GEN_Q_PV);Unit (Cluster1.GRODEM_G2_GEN_Q_PV);Value (Cluster1.GRODEM_G2_KONTROLL_REG_P_SP_SP_LAST);Unit (Cluster1.GRODEM_G2_KONTROLL_REG_P_SP_SP_LAST);Value (Cluster1.GRODEM_KRST_KONTROLL_KOM_AL);Unit (Cluster1.GRODEM_KRST_KONTROLL_KOM_AL);Value (Cluster1.GRODEM_G2_KONTROLL_REG_P_SP_TM_PV);Unit (Cluster1.GRODEM_G2_KONTROLL_REG_P_SP_TM_PV);Value (Cluster1.GRODEM_G2_RORGATE_VANN_TRYKK_PV);Unit (Cluster1.GRODEM_G2_RORGATE_VANN_TRYKK_PV);Value (Cluster1.GRODEM_G2_GEN_P_PV);Unit (Cluster1.GRODEM_G2_GEN_P_PV);Value (Cluster1.GRODEM_SMIEVT_NIVA_VTA_PV);Unit (Cluster1.GRODEM_SMIEVT_NIVA_VTA_PV);Value (Cluster1.GRODEM_G2_TURB_VF_PV);Unit (Cluster1.GRODEM_G2_TURB_VF_PV);Value (Cluster1.GRODEM_SMIEVT_KONTROLL_TOT_VF_PV);Unit (Cluster1.GRODEM_SMIEVT_KONTROLL_TOT_VF_PV);Value (Cluster1.GRODEM_SMIEVT_NIVA_SENSOR_PRI_KOTE_PV);Unit (Cluster1.GRODEM_SMIEVT_NIVA_SENSOR_PRI_KOTE_PV);Value (Cluster1.GRODEM_SMIEVT_KONTROLL_MAG_VOLUM_PV);Unit (Cluster1.GRODEM_SMIEVT_KONTROLL_MAG_VOLUM_PV);Value (Cluster1.GRODEM_SMIEVT_NIVA_SENSOR_PRI_HRV_PV);Unit (Cluster1.GRODEM_SMIEVT_NIVA_SENSOR_PRI_HRV_PV);Value (Cluster1.GRODEM_SMIEVT_KONTROLL_MAG_NEDBKAP_PV);Unit (Cluster1.GRODEM_SMIEVT_KONTROLL_MAG_NEDBKAP_PV);Value (Cluster1.GRODEM_G2_TURB_VIRKNGRD_PV);Unit (Cluster1.GRODEM_G2_TURB_VIRKNGRD_PV);Value (Cluster1.GRODEM_G2_KONTROLL_AGC_DB_SP);Unit (Cluster1.GRODEM_G2_KONTROLL_AGC_DB_SP);Value (Cluster1.GRODEM_SMIEVT_KONTROLL_MAG_OVLOP_PV);Unit (Cluster1.GRODEM_SMIEVT_KONTROLL_MAG_OVLOP_PV);Value (Cluster1.GRODEM_SMIEVT_KONTROLL_MAG_FYLLGRD_PV);Unit (Cluster1.GRODEM_SMIEVT_KONTROLL_MAG_FYLLGRD_PV)
2025-12-31 23:00:00.000;137,75226305555555;kVAr;2551,02002;kW;0;None;2500;kW;5,599999905;Bar;2617,6894255555558;kW;-61,669444444444444;cm;5,342696625605555;m3/s;5,342743441744445;m3/s;70,3831041152892;moh;1,158955292033333;Mill.m3;-61,68976472222222;cm;46,8743020055;mm;84,78651606241667;%;2,551019907;None;0;m3/s;90,54338412780555;%
2026-01-01 00:00:00.000;140,80771444444446;kVAr;2551,02002;kW;0;None;2500;kW;5,599999905;Bar;2614,88909;kW;-66,45277777777778;cm;5,335307431233335;m3/s;5,335284022505557;m3/s;70,33536243184545;moh;1,1494295147277778;Mill.m3;-66,46305833333334;cm;50,53292374972222;mm;84,82346307963888;%;2,551019907;None;0;m3/s;89,79918149236111;%
2026-01-01 01:00:00.000;141,278895;kVAr;2551,02002;kW;0;None;2500;kW;5,599999905;Bar;2614,090742777778;kW;-71,27222222222223;cm;5,335237215636112;m3/s;5,335323045002778;m3/s;70,28706829557194;moh;1,1399535312861109;Mill.m3;-71,29306611111112;cm;54,17241593627778;mm;84,8238131206111;%;2,551019907;None;0;m3/s;89,05886927691667;%
2026-01-01 02:00:00.000;146,83439361111112;kVAr;2551,02002;kW;0;None;2500;kW;5,599999905;Bar;2608,8927969444444;kW;-74,83333333333333;cm;5,316783686563888;m3/s;5,316783686563888;m3/s;70,25151668957746;moh;1,132891926627778;Mill.m3;-74,84861277777777;cm;56,88460487736111;mm;84,91608142836111;%;2,551019907;None;0;m3/s;88,50718148569445;%
2026-01-01 03:00:00.000;147,5206125;kVAr;2551,02002;kW;0;None;2500;kW;5,599999905;Bar;2605,7464333333332;kW;-77,82222222222222;cm;5,309191619052778;m3/s;5,309168211647224;m3/s;70,22169474050145;moh;1,1269689454722223;Mill.m3;-77,830625;cm;59,15947085325;mm;84,95404173561111;%;2,551019907;None;0;m3/s;88,04444899894445;%
2026-01-01 04:00:00.000;148,89087111111112;kVAr;2551,02002;kW;0;None;2500;kW;5,599999905;Bar;2602,495551388889;kW;-80,75;cm;5,298595558261112;m3/s;5,29859555826389;m3/s;70,19234978971905;moh;1,1212050359138892;Mill.m3;-80,76463472222223;cm;61,373252205;mm;85,00702292016666;%;2,551019907;None;0;m3/s;87,5941424915;%
2026-01-01 05:00:00.000;139,27729888888888;kVAr;2551,02002;kW;0;None;2500;kW;5,599999905;Bar;2611,6754136111113;kW;-83,5;cm;5,326607359783334;m3/s;5,326685386236111;m3/s;70,16491463612451;moh;1,1157934668166667;Mill.m3;-83,50878555555556;cm;63,451700262222225;mm;84,86696338522222;%;2,551019907;None;0;m3/s;87,17136264180556;%
2026-01-01 06:00:00.000;148,52708388888888;kVAr;2551,02002;kW;0;None;2500;kW;5,599999905;Bar;2602,3820838888887;kW;-86,34444444444445;cm;5,301045563566667;m3/s;5,301029959069444;m3/s;70,13649338091122;moh;1,1100844301833332;Mill.m3;-86,35075583333334;cm;65,64439063355556;mm;84,994772508;%;2,551019907;None;0;m3/s;86,72534633433334;%
2026-01-01 07:00:00.000;154,65307555555555;kVAr;2551,02002;kW;0;None;2500;kW;5,599999905;Bar;2600,225302777778;kW;-89,31666666666666;cm;5,290613316130555;m3/s;5,290582104488889;m3/s;70,10670251911968;moh;1,104205279408333;Mill.m3;-89,32958416666666;cm;67,90242222955555;mm;85,04693404194444;%;2,551019907;None;0;m3/s;86,26603730369445;%
2026-01-01 08:00:00.000;159,2473361111111;kVAr;2551,02002;kW;0;None;2500;kW;5,599999905;Bar;2598,5818644444444;kW;-92,16944444444445;cm;5,289903267230555;m3/s;5,289981293688888;m3/s;70,07822986355278;moh;1,0985294825694443;Mill.m3;-92,17677777777777;cm;70,08235356983333;mm;85,0504843171389;%;2,551019907;None;0;m3/s;85,82261734033334;%
2026-01-01 09:00:00.000;159,18929555555556;kVAr;2551,02002;kW;0;None;2500;kW;5,599999905;Bar;2602,7847566666665;kW;-95,05277777777778;cm;5,296395160136111;m3/s;5,296356145583332;m3/s;70,04939670035917;moh;1,0928924206527775;Mill.m3;-95,06019805555556;cm;72,24740216813889;mm;85,01802455061112;%;2,551019907;None;0;m3/s;85,38222172916667;%
2026-01-01 10:00:00.000;172,42414277777777;kVAr;2551,02002;kW;0;None;2500;kW;5,599999905;Bar;2588,8972283333333;kW;-97,96111111111111;cm;5,262117702436112;m3/s;5,261883620425;m3/s;70,02027550964972;moh;1,0870843412638889;Mill.m3;-97,9727175;cm;74,47813608372222;mm;85,18941143991667;%;2,551019907;None;0;m3/s;84,92846751866666;%
2026-01-01 11:00:00.000;154,24727194444444;kVAr;2551,02002;kW;0;None;2500;kW;5,599999905;Bar;2599,0471830555557;kW;-99,2;cm;5,2887796879555555;m3/s;5,288881124463888;m3/s;70,00804549358948;moh;1,0846044886944441;Mill.m3;-99,19561916666666;cm;75,43057675222222;mm;85,05610179852778;%;2,551019907;None;0;m3/s;84,73473251805555;%
2026-01-01 12:00:00.000;156,34448666666665;kVAr;2551,02002;kW;0;None;2500;kW;5,599999905;Bar;2594,6189630555555;kW;-100,02222222222223;cm;5,279455343883334;m3/s;5,279330498644446;m3/s;69,99975321108737;moh;1,082915728597222;Mill.m3;-100,02474305555556;cm;76,07919114794444;mm;85,10272435030555;%;2,551019907;None;0;m3/s;84,60279373352778;%
2026-01-01 13:00:00.000;163,56153305555554;kVAr;2551,02002;kW;0;None;2500;kW;5,599948266160168;Bar;2589,9091875;kW;-100,67222222222222;cm;5,267548369041666;m3/s;5,267618593911111;m3/s;69,99317282527416;moh;1,0817275694472221;Mill.m3;-100,68234416666667;cm;76,53553968927778;mm;85,16225827536111;%;2,551019907;None;0;m3/s;84,50996587402778;%
2026-01-01 14:00:00.000;131,73457305555556;kVAr;2551,02002;kW;0;None;2500;kW;5,581468533715929;Bar;2613,066732222222;kW;-101,53055555555555;cm;5,324851780441667;m3/s;5,324922005308332;m3/s;69,98480634552989;moh;1,0801220256333333;Mill.m3;-101,52065888888889;cm;77,15218346733333;mm;84,87574100511111;%;2,551019907;None;0;m3/s;84,38453362766667;%
2026-01-01 15:00:00.000;137,1543577777778;kVAr;2551,02002;kW;0;None;2500;kW;5,5893848873064975;Bar;2604,762961388889;kW;-102,25277777777778;cm;5,307092667969444;m3/s;5,306975626966667;m3/s;69,97750026204126;moh;1,078565937769445;Mill.m3;-102,25105805555556;cm;77,74983325563889;mm;84,96453649672222;%;2,551019907;None;0;m3/s;84,26296702611111;%
2026-01-01 16:00:00.000;141,30641833333334;kVAr;2551,02002;kW;0;None;2500;kW;5,58202714429636;Bar;2601,798065833333;kW;-103,02222222222223;cm;5,2980727288916665;m3/s;5,298150756669444;m3/s;69,9696771201019;moh;1,077075259911111;Mill.m3;-103,03249694444445;cm;78,32237252244444;mm;85,00963702727778;%;2,551019907;None;0;m3/s;84,14650927936111;%
2026-01-01 17:00:00.000;135,62995833333332;kVAr;2551,02002;kW;0;None;2500;kW;5,575697400309625;Bar;2604,8231133333334;kW;-103,79166666666667;cm;5,302450043669444;m3/s;5,302379818805556;m3/s;69,96198301280411;moh;1,0755185208666667;Mill.m3;-103,8014225;cm;78,92028096666667;mm;84,98774952297222;%;2,551019907;None;0;m3/s;84,02488543616667;%
2026-01-01 18:00:00.000;137,7101625;kVAr;2551,02002;kW;0;None;2500;kW;5,580260895974299;Bar;2606,0896383333334;kW;-104,37222222222222;cm;5,3109394471361115;m3/s;5,3109394471361115;m3/s;69,95628091597744;moh;1,0743248372361112;Mill.m3;-104,37209694444445;cm;79,37875042158333;mm;84,94530281527778;%;2,551019907;None;0;m3/s;83,93162871630555;%
2026-01-01 19:00:00.000;139,95264805555556;kVAr;2551,02002;kW;0;None;2500;kW;5,589052276511369;Bar;2601,0728552777778;kW;-104,075;cm;5,295263743405556;m3/s;5,295451007955556;m3/s;69,95916840310349;moh;1,0749519338194444;Mill.m3;-104,08266888888889;cm;79,13789463208333;mm;85,02368111094444;%;2,551019907;None;0;m3/s;83,98061985847222;%
2026-01-01 20:00:00.000;143,59876111111112;kVAr;2551,02002;kW;0;None;2500;kW;5,593946882972597;Bar;2604,6752;kW;-103,77222222222223;cm;5,3051966403055575;m3/s;5,305227850625002;m3/s;69,96234164231218;moh;1,075557026777778;Mill.m3;-103,76579666666666;cm;78,90549172444445;mm;84,97401724852777;%;2,551019907;None;0;m3/s;84,02789381236111;%
2026-01-01 21:00:00.000;150,44185638888888;kVAr;2551,02002;kW;0;None;2500;kW;5,597848990376704;Bar;2603,374517222222;kW;-103,10277777777777;cm;5,303355221069445;m3/s;5,303331812336112;m3/s;69,96904962195714;moh;1,0768717286;Mill.m3;-103,09610944444445;cm;78,40054474;mm;84,98322497444444;%;2,551019907;None;0;m3/s;84,130608371;%
2026-01-01 22:00:00.000;144,85794416666667;kVAr;2551,02002;kW;0;None;2500;kW;5,598553573040683;Bar;2604,427281388889;kW;-102,74166666666666;cm;5,307693527905555;m3/s;5,307794963088888;m3/s;69,97259157977393;moh;1,0775043259305557;Mill.m3;-102,74061555555555;cm;78,15757694341667;mm;84,96153235958333;%;2,551019907;None;0;m3/s;84,18003001983334;%
2026-01-01 23:00:00.000;148,17728305555556;kVAr;2551,02002;kW;0;None;2500;kW;5,598815739458292;Bar;2602,7999555555557;kW;-102,29444444444445;cm;5,297011613841666;m3/s;5,297113049024998;m3/s;69,97704417409196;moh;1,0784339691111111;Mill.m3;-102,29607527777777;cm;77,80051879933333;mm;85,01494284741666;%;2,551019907;None;0;m3/s;84,25265723466667;%
2026-01-02 00:00:00.000;167,77580194444445;kVAr;2551,02002;kW;0;None;2500;kW;5,599589405389975;Bar;2588,911325833333;kW;-101,85;cm;5,259386712944445;m3/s;5,259371107122223;m3/s;69,98155527264501;moh;1,0794183504638888;Mill.m3;-101,84498416666666;cm;77,42244247786111;mm;85,20306640194444;%;2,551019907;None;0;m3/s;84,3295603013889;%
2026-01-02 01:00:00.000;148,14744166666668;kVAr;2551,02002;kW;0;None;2500;kW;5,5997940996399596;Bar;2606,8257125;kW;-101,33055555555555;cm;5,3099017143888885;m3/s;5,309862699836111;m3/s;69,98677523064376;moh;1,0803638164611113;Mill.m3;-101,33226861111112;cm;77,05932144277777;mm;84,95049152430556;%;2,551019907;None;0;m3/s;84,40342239772222;%
2026-01-02 02:00:00.000;154,90217722222224;kVAr;2551,02002;kW;0;None;2500;kW;5,599999905;Bar;2602,923565833333;kW;-100,95833333333333;cm;5,300944150819444;m3/s;5,3008583227777795;m3/s;69,99044325807257;moh;1,081100449013889;Mill.m3;-100,95552166666667;cm;76,77640513927778;mm;84,99527948155556;%;2,551019907;None;0;m3/s;84,46097028436111;%
2026-01-02 03:00:00.000;147,84106;kVAr;2551,02002;kW;0;None;2500;kW;5,599999905;Bar;2606,4326330555555;kW;-100,39722222222223;cm;5,30858300128611;m3/s;5,308528380913889;m3/s;69,99604493157422;moh;1,0821896167638885;Mill.m3;-100,39607666666667;cm;76,35807666827777;mm;84,95708442333333;%;2,551019907;None;0;m3/s;84,54606435386111;%
2026-01-02 04:00:00.000;162,64115916666665;kVAr;2551,02002;kW;0;None;2500;kW;5,599999905;Bar;2601,283846388889;kW;-100;cm;5,299867406141666;m3/s;5,299992250055555;m3/s;70;moh;1,083009243;Mill.m3;-100;cm;76,04327393;mm;85,00066354458333;%;2,551019907;None;0;m3/s;84,61009979;%
2026-01-02 05:00:00.000;176,45278083333332;kVAr;2551,02002;kW;0;None;2500;kW;5,599999905;Bar;2594,2497038888887;kW;-99,575;cm;5,278893588658333;m3/s;5,278784349236111;m3/s;70,00434601318116;moh;1,0837903633055554;Mill.m3;-99,56580583333333;cm;75,74326358777778;mm;85,10553237072222;%;2,551019907;None;0;m3/s;84,67112684994444;%
2026-01-02 06:00:00.000;165,23209194444445;kVAr;2551,02002;kW;0;None;2500;kW;5,599999905;Bar;2604,4050655555557;kW;-99;cm;5,3047753043277766;m3/s;5,304759698505555;m3/s;70,01000214;moh;1,084989548;Mill.m3;-99;cm;75,28268433;mm;84,97612457202777;%;2,551019907;None;0;m3/s;84,76481628;%
2026-01-02 07:00:00.000;159,83085583333335;kVAr;2551,02002;kW;0;None;2500;kW;5,599999905;Bar;2604,4656772222224;kW;-98,87777777777778;cm;5,3086064259583345;m3/s;5,3085830185527785;m3/s;70,01146201718124;moh;1,0852863790999998;Mill.m3;-98,85378388888888;cm;75,16868172;mm;84,95696767161111;%;2,551019907;None;0;m3/s;84,7880054445;%
2026-01-02 08:00:00.000;156,15929222222223;kVAr;2551,02002;kW;0;None;2500;kW;5,599999905;Bar;2606,246538611111;kW;-98,9;cm;5,313615821527777;m3/s;5,313615821527777;m3/s;70,0110384308375;moh;1,0851874354;Mill.m3;-98,89748722222222;cm;75,20668259;mm;84,9319213653611;%;2,551019907;None;0;m3/s;84,780275723;%
2026-01-02 09:00:00.000;167,46877777777777;kVAr;2551,02002;kW;0;None;2500;kW;5,599999905;Bar;2593,8328472222224;kW;-99;cm;5,273392619027778;m3/s;5,2733848174444455;m3/s;70,01000214;moh;1,084989548;Mill.m3;-99;cm;75,28268433;mm;85,13303722797222;%;2,551019907;None;0;m3/s;84,76481628;%
2026-01-02 10:00:00.000;140,01027472222222;kVAr;2551,02002;kW;0;None;2500;kW;5,599999905;Bar;2619,7733552777777;kW;-99,02222222222223;cm;5,347339293713889;m3/s;5,347339293713889;m3/s;70,00980528677131;moh;1,084989548;Mill.m3;-99,019585;cm;75,28268433;mm;84,76330356594444;%;2,551019907;None;0;m3/s;84,76481628;%
2026-01-02 11:00:00.000;143,68104;kVAr;2551,02002;kW;0;None;2500;kW;5,599999905;Bar;2615,894471388889;kW;-99,06944444444444;cm;5,336914805619445;m3/s;5,33685238498889;m3/s;70,00939574984633;moh;1,0848574561166666;Mill.m3;-99,06030805555555;cm;75,33341891333333;mm;84,81542657177778;%;2,551019907;None;0;m3/s;84,75449574433334;%
2026-01-02 12:00:00.000;154,28667638888888;kVAr;2551,02002;kW;0;None;2500;kW;5,599999905;Bar;2607,419389166667;kW;-99,21944444444445;cm;5,314778354472224;m3/s;5,314731538336112;m3/s;70,00784028857387;moh;1,084593487;Mill.m3;-99,21619166666666;cm;75,43480225;mm;84,92610789466667;%;2,551019907;None;0;m3/s;84,733872982;%
2026-01-02 13:00:00.000;162,47209055555555;kVAr;2551,02002;kW;0;None;2500;kW;5,599999905;Bar;2608,374337222222;kW;-100,00555555555556;cm;5,31658087177222;m3/s;5,316518451136109;m3/s;69,9999018984552;moh;1,0830147438472222;Mill.m3;-100,00982472222222;cm;76,04116118111111;mm;84,91709598883334;%;2,551019907;None;0;m3/s;84,61052955802778;%
2026-01-02 14:00:00.000;170,21984333333333;kVAr;2551,02002;kW;0;None;2500;kW;5,599999905;Bar;2611,6523177777776;kW;-100,66666666666667;cm;5,325319935216665;m3/s;5,325460386277776;m3/s;69,99327651703803;moh;1,0817220447499998;Mill.m3;-100,67221027777778;cm;76,537662123;mm;84,87340106830555;%;2,551019907;None;0;m3/s;84,5095340715;%
2026-01-02 15:00:00.000;176,22300694444445;kVAr;2551,02002;kW;0;None;2500;kW;5,599999905;Bar;2613,1079191666668;kW;-101,24722222222222;cm;5,3253277513972215;m3/s;5,325257526530555;m3/s;69,987581778465;moh;1,080572697605556;Mill.m3;-101,24235916666666;cm;76,97909738388888;mm;84,87336135341667;%;2,551019907;None;0;m3/s;84,41974069761112;%
2026-01-02 16:00:00.000;188,83504861111112;kVAr;2551,02002;kW;0;None;2500;kW;5,599999905;Bar;2610,5005158333333;kW;-101,76388888888889;cm;5,324765945791667;m3/s;5,3247425370583334;m3/s;69,9823160873;moh;1,0795172981388887;Mill.m3;-101,76862083333333;cm;77,38443999722222;mm;84,87617062369445;%;2,551019907;None;0;m3/s;84,33729034027778;%
2026-01-02 17:00:00.000;207,22900694444445;kVAr;2551,02002;kW;0;None;2500;kW;5,599999905;Bar;2604,1810883333333;kW;-102;cm;5,306944398130555;m3/s;5,306960005275;m3/s;69,98000336;moh;1,079050064;Mill.m3;-102;cm;77,56388855;mm;84,96527752291667;%;2,551019907;None;0;m3/s;84,30078888;%
2026-01-02 18:00:00.000;204,226005;kVAr;2551,02002;kW;0;None;2500;kW;5,599999905;Bar;2613,831341111111;kW;-102;cm;5,332631075341667;m3/s;5,332443810791666;m3/s;69,98000336;moh;1,079050064;Mill.m3;-102;cm;77,56388855;mm;84,83684395625;%;2,551019907;None;0;m3/s;84,30078888;%
2026-01-02 19:00:00.000;220,9051975;kVAr;2551,02002;kW;0;None;2500;kW;5,599999905;Bar;2604,1844066666667;kW;-102,06388888888888;cm;5,303097681283334;m3/s;5,303206918052778;m3/s;69,97934321320325;moh;1,0789235445138892;Mill.m3;-102,06603944444444;cm;77,61248226191667;mm;84,98451135438889;%;2,551019907;None;0;m3/s;84,29090470283333;%
2026-01-02 20:00:00.000;237,48330444444446;kVAr;2551,02002;kW;0;None;2500;kW;5,599999905;Bar;2593,6692575;kW;-102,23333333333333;cm;5,273681391602779;m3/s;5,273736010650001;m3/s;69,97763422533586;moh;1,0785824919861118;Mill.m3;-102,23690083333334;cm;77,74347400708334;mm;85,13159336511112;%;2,551019907;None;0;m3/s;84,26426039916667;%
2026-01-02 21:00:00.000;222,0701263888889;kVAr;2551,02002;kW;0;None;2500;kW;5,599999905;Bar;2611,773715;kW;-102,89166666666667;cm;5,327652974941666;m3/s;5,32759055298611;m3/s;69,97107414955781;moh;1,0772292835694444;Mill.m3;-102,89280194444444;cm;78,26321544758333;mm;84,86173636013889;%;2,551019907;None;0;m3/s;84,15854267816667;%
2026-01-02 22:00:00.000;203,5060613888889;kVAr;2551,02002;kW;0;None;2500;kW;5,599999905;Bar;2610,8817383333335;kW;-103;cm;5,326256261952776;m3/s;5,326310879677776;m3/s;69,97000122;moh;1,077069759;Mill.m3;-103;cm;78,32448578;mm;84,86871869811111;%;2,551019907;None;0;m3/s;84,14608002;%
2026-01-02 23:00:00.000;209,1195522222222;kVAr;2551,02002;kW;0;None;2500;kW;5,599999905;Bar;2612,863572222222;kW;-103;cm;5,326646416658333;m3/s;5,326646417980556;m3/s;69,97000122;moh;1,077069759;Mill.m3;-103;cm;78,32448578;mm;84,866768391;%;2,551019907;None;0;m3/s;84,14608002;%
2026-01-03 00:00:00.000;210,6662452777778;kVAr;2551,02002;kW;0;None;2500;kW;5,599999905;Bar;2618,4904722222223;kW;-103,05555555555556;cm;5,342353285644443;m3/s;5,342400103105554;m3/s;69,96940627604256;moh;1,0769707438;Mill.m3;-103,05960722222223;cm;78,36251526;mm;84,78823337480556;%;2,551019907;None;0;m3/s;84,1383441955;%
2026-01-03 01:00:00.000;226,98926916666667;kVAr;2551,02002;kW;0;None;2500;kW;5,599999905;Bar;2608,7445180555555;kW;-103,975;cm;5,316690062208333;m3/s;5,316791497391666;m3/s;69,96026767635621;moh;1,0751279609111113;Mill.m3;-103,97311972222222;cm;79,07028613777777;mm;84,91654866583333;%;2,551019907;None;0;m3/s;83,99437190619444;%
2026-01-03 02:00:00.000;233,65664805555556;kVAr;2551,02002;kW;0;None;2500;kW;5,599999905;Bar;2605,4533102777777;kW;-104;cm;5,309137043752778;m3/s;5,309020001422223;m3/s;69,95999908;moh;1,075089455;Mill.m3;-104;cm;79,08507538;mm;84,95431558747222;%;2,551019907;None;0;m3/s;83,99136353;%
2026-01-03 03:00:00.000;207,69532555555554;kVAr;2551,02002;kW;0;None;2500;kW;5,599999905;Bar;2618,5887269444443;kW;-104;cm;5,348291251388889;m3/s;5,3483692778472225;m3/s;69,95999908;moh;1,075089455;Mill.m3;-104;cm;79,08507538;mm;84,75854386225;%;2,551019907;None;0;m3/s;83,99136353;%
2026-01-03 04:00:00.000;231,7937613888889;kVAr;2551,02002;kW;0;None;2500;kW;5,599999905;Bar;2610,2327825;kW;-104,24166666666666;cm;5,320263743391666;m3/s;5,320255940483333;m3/s;69,95752175521997;moh;1,0746053804444444;Mill.m3;-104,24776138888889;cm;79,27099914733333;mm;84,89868187230556;%;2,551019907;None;0;m3/s;83,95354580622222;%
2026-01-03 05:00:00.000;245,02299861111112;kVAr;2551,02002;kW;0;None;2500;kW;5,599999905;Bar;2606,5618963888887;kW;-104,95833333333333;cm;5,3128823082277785;m3/s;5,312890111138889;m3/s;69,95040218629694;moh;1,0731751601666666;Mill.m3;-104,95945861111112;cm;79,820319369;mm;84,93558837005556;%;2,551019907;None;0;m3/s;83,84181162233334;%
2026-01-03 06:00:00.000;244,9767575;kVAr;2551,02002;kW;0;None;2500;kW;5,599999905;Bar;2601,862035;kW;-105;cm;5,296910128366666;m3/s;5,296933535772222;m3/s;69,94999695;moh;1,07310915;Mill.m3;-105;cm;79,84567261;mm;85,015450011;%;2,551019907;None;0;m3/s;83,83665466;%
2026-01-03 07:00:00.000;233,66742555555555;kVAr;2551,02002;kW;0;None;2500;kW;5,599999905;Bar;2608,8464255555555;kW;-105;cm;5,319054318869445;m3/s;5,319147951144445;m3/s;69,94999695;moh;1,07310915;Mill.m3;-105;cm;79,84567261;mm;84,90472852947222;%;2,551019907;None;0;m3/s;83,83665466;%
2026-01-03 08:00:00.000;233,9076711111111;kVAr;2551,02002;kW;0;None;2500;kW;5,599999905;Bar;2611,969523333333;kW;-105,27222222222223;cm;5,323322460361111;m3/s;5,323322460361111;m3/s;69,94721191593469;moh;1,0726254252444445;Mill.m3;-105,27874;cm;80,03145463866667;mm;84,88338872986111;%;2,551019907;None;0;m3/s;83,79886304777777;%
2026-01-03 09:00:00.000;234,00972222222222;kVAr;2551,02002;kW;0;None;2500;kW;5,599999905;Bar;2610,244255833333;kW;-105,89166666666667;cm;5,320084279122221;m3/s;5,320029658749999;m3/s;69,94107484814674;moh;1,0713281634000003;Mill.m3;-105,88291611111111;cm;80,529688261;mm;84,89957860266667;%;2,551019907;None;0;m3/s;83,697512815;%
2026-01-03 10:00:00.000;221,44519666666667;kVAr;2551,02002;kW;0;None;2500;kW;5,599999905;Bar;2622,806307777778;kW;-105,19722222222222;cm;5,3594334774888885;m3/s;5,359425674580555;m3/s;69,94808131614957;moh;1,072707878327778;Mill.m3;-105,1917975;cm;79,99978724741666;mm;84,70283277211111;%;2,551019907;None;0;m3/s;83,8053047998611;%
2026-01-03 11:00:00.000;236,6801988888889;kVAr;2551,02002;kW;0;None;2500;kW;5,599999905;Bar;2609,3451141666665;kW;-105;cm;5,315519693119443;m3/s;5,315582115074999;m3/s;69,94999695;moh;1,07310915;Mill.m3;-105;cm;79,84567261;mm;84,92240087647222;%;2,551019907;None;0;m3/s;83,83665466;%
2026-01-03 12:00:00.000;228,1984025;kVAr;2551,02002;kW;0;None;2500;kW;5,599999905;Bar;2607,8109980555555;kW;-105;cm;5,3172987037972215;m3/s;5,317314310941665;m3/s;69,94999695;moh;1,07310915;Mill.m3;-105;cm;79,84567261;mm;84,913506063;%;2,551019907;None;0;m3/s;83,83665466;%
2026-01-03 13:00:00.000;206,35874083333334;kVAr;2551,02002;kW;0;None;2500;kW;5,599999905;Bar;2609,2592786111113;kW;-105;cm;5,316471567563889;m3/s;5,316370132375;m3/s;69,94999695;moh;1,07310915;Mill.m3;-105;cm;79,84567261;mm;84,9176414496389;%;2,551019907;None;0;m3/s;83,83665466;%
2026-01-03 14:00:00.000;200,95168666666666;kVAr;2551,02002;kW;0;None;2500;kW;5,599999905;Bar;2608,842939166667;kW;-104,81944444444444;cm;5,319873570172222;m3/s;5,3199203876361105;m3/s;69,95170781433649;moh;1,0734722059166666;Mill.m3;-104,82899527777778;cm;79,70622978449998;mm;84,90063213719445;%;2,551019907;None;0;m3/s;83,86501795283333;%
2026-01-03 15:00:00.000;200,649815;kVAr;2551,02002;kW;0;None;2500;kW;5,599999905;Bar;2607,8771880555555;kW;-104,11111111111111;cm;5,319514653497222;m3/s;5,319600482863889;m3/s;69,958869786734;moh;1,0748914245;Mill.m3;-104,11276555555555;cm;79,161135103;mm;84,90242657094444;%;2,551019907;None;0;m3/s;83,975892643;%
2026-01-03 16:00:00.000;203,03669694444446;kVAr;2551,02002;kW;0;None;2500;kW;5,599999905;Bar;2611,415791666667;kW;-104;cm;5,328004070052778;m3/s;5,327941648094444;m3/s;69,95999908;moh;1,075089455;Mill.m3;-104;cm;79,08507538;mm;84,85997941716667;%;2,551019907;None;0;m3/s;83,99136353;%
2026-01-03 17:00:00.000;212,41466861111113;kVAr;2551,02002;kW;0;None;2500;kW;5,599999905;Bar;2610,0504030555558;kW;-104;cm;5,318258460394444;m3/s;5,318281869124999;m3/s;69,95999908;moh;1,075089455;Mill.m3;-104;cm;79,08507538;mm;84,90870821127778;%;2,551019907;None;0;m3/s;83,99136353;%
2026-01-03 18:00:00.000;217,42030305555556;kVAr;2551,02002;kW;0;None;2500;kW;5,599999905;Bar;2608,5477994444445;kW;-104;cm;5,314723763236111;m3/s;5,314723763238887;m3/s;69,95999908;moh;1,075089455;Mill.m3;-104;cm;79,08507538;mm;84,9263804965;%;2,551019907;None;0;m3/s;83,99136353;%
2026-01-03 19:00:00.000;209,88653888888888;kVAr;2551,02002;kW;0;None;2500;kW;5,599999905;Bar;2613,866606111111;kW;-103,49166666666666;cm;5,327106759236111;m3/s;5,327426671933334;m3/s;69,96507063452493;moh;1,0760466019333332;Mill.m3;-103,49321833333333;cm;78,71745707333334;mm;84,86446628491667;%;2,551019907;None;0;m3/s;84,06614316683333;%
2026-01-03 20:00:00.000;214,33330972222222;kVAr;2551,02002;kW;0;None;2500;kW;5,599999905;Bar;2610,53195;kW;-103,02222222222223;cm;5,325803661322221;m3/s;5,325842674549999;m3/s;69,96974946891457;moh;1,0770367539333332;Mill.m3;-103,02517222222222;cm;78,33716227333333;mm;84,87098085536111;%;2,551019907;None;0;m3/s;84,14350141183333;%
2026-01-03 21:00:00.000;222,97246638888888;kVAr;2551,02002;kW;0;None;2500;kW;5,599999905;Bar;2610,1558630555555;kW;-103;cm;5,324126099316668;m3/s;5,324071480266668;m3/s;69,97000122;moh;1,077069759;Mill.m3;-103;cm;78,32448578;mm;84,87937017983333;%;2,551019907;None;0;m3/s;84,14608002;%
2026-01-03 22:00:00.000;230,95302611111111;kVAr;2551,02002;kW;0;None;2500;kW;5,599999905;Bar;2608,3636166666665;kW;-103;cm;5,314505314863889;m3/s;5,314536525180556;m3/s;69,97000122;moh;1,077069759;Mill.m3;-103;cm;78,32448578;mm;84,92747294066666;%;2,551019907;None;0;m3/s;84,14608002;%
2026-01-03 23:00:00.000;231,33575472222222;kVAr;2551,02002;kW;0;None;2500;kW;5,599999905;Bar;2609,978399722222;kW;-103;cm;5,324055865166666;m3/s;5,324118288449999;m3/s;69,97000122;moh;1,077069759;Mill.m3;-103;cm;78,32448578;mm;84,87972140758333;%;2,551019907;None;0;m3/s;84,14608002;%
2026-01-04 00:00:00.000;231,61745166666665;kVAr;2551,02002;kW;0;None;2500;kW;5,599999905;Bar;2610,4375480555555;kW;-102,73611111111111;cm;5,319787765866667;m3/s;5,31980337168889;m3/s;69,97270733509583;moh;1,0776033411805555;Mill.m3;-102,72956972222222;cm;78,11954708191666;mm;84,90106080333334;%;2,551019907;None;0;m3/s;84,18776546283334;%
2026-01-04 01:00:00.000;230,28552194444444;kVAr;2551,02002;kW;0;None;2500;kW;5,599999905;Bar;2611,5125730555555;kW;-102;cm;5,330243459086112;m3/s;5,330251261997222;m3/s;69,98000336;moh;1,079050064;Mill.m3;-102;cm;77,56388855;mm;84,84878287775;%;2,551019907;None;0;m3/s;84,30078888;%
2026-01-04 02:00:00.000;231,58965944444444;kVAr;2551,02002;kW;0;None;2500;kW;5,599999905;Bar;2610,8396369444445;kW;-102;cm;5,322479734141667;m3/s;5,322425115094443;m3/s;69,98000336;moh;1,079050064;Mill.m3;-102;cm;77,56388855;mm;84,88760208486111;%;2,551019907;None;0;m3/s;84,30078888;%
2026-01-04 03:00:00.000;228,21347694444444;kVAr;2551,02002;kW;0;None;2500;kW;5,599999905;Bar;2619,387820277778;kW;-102;cm;5,342158244686112;m3/s;5,342150441777778;m3/s;69,98000336;moh;1,079050064;Mill.m3;-102;cm;77,56388855;mm;84,78920849683334;%;2,551019907;None;0;m3/s;84,30078888;%
2026-01-04 04:00:00.000;238,1206775;kVAr;2551,02002;kW;0;None;2500;kW;5,599999905;Bar;2617,553211111111;kW;-102,00277777777778;cm;5,342392366480557;m3/s;5,342376761983334;m3/s;69,98000336;moh;1,079050064;Mill.m3;-102;cm;77,56388855;mm;84,78803768144445;%;2,551019907;None;0;m3/s;84,30078888;%
2026-01-04 05:00:00.000;248,98938444444445;kVAr;2551,02002;kW;0;None;2500;kW;5,599999905;Bar;2610,701789722222;kW;-102;cm;5,319499059444445;m3/s;5,319655113677777;m3/s;69,98000336;moh;1,079050064;Mill.m3;-102;cm;77,56388855;mm;84,90250388152778;%;2,551019907;None;0;m3/s;84,30078888;%
2026-01-04 06:00:00.000;251,7608952777778;kVAr;2551,02002;kW;0;None;2500;kW;5,599999905;Bar;2602,7859444444443;kW;-101,20555555555555;cm;5,300522804455556;m3/s;5,300717873238889;m3/s;69,98796433183375;moh;1,0806001819666669;Mill.m3;-101,20310166666667;cm;76,96854158666666;mm;84,99738682669444;%;2,551019907;None;0;m3/s;84,42188784233333;%
2026-01-04 07:00:00.000;257,99281833333333;kVAr;2551,02002;kW;0;None;2500;kW;5,599999905;Bar;2599,7963441666666;kW;-101;cm;5,291307757955555;m3/s;5,2913623783277774;m3/s;69,98999786;moh;1,081028938;Mill.m3;-101;cm;76,80387115;mm;85,04346163041667;%;2,551019907;None;0;m3/s;84,4553833;%
2026-01-04 08:00:00.000;241,81569611111112;kVAr;2551,02002;kW;0;None;2500;kW;5,599999905;Bar;2614,982628888889;kW;-101;cm;5,334503728719446;m3/s;5,334488122900002;m3/s;69,98999786;moh;1,081028938;Mill.m3;-101;cm;76,80387115;mm;84,82748107758333;%;2,551019907;None;0;m3/s;84,4553833;%
2026-01-04 09:00:00.000;245,02862472222222;kVAr;2551,02002;kW;0;None;2500;kW;5,599999905;Bar;2615,7955469444446;kW;-101;cm;5,335541485458334;m3/s;5,335510273816667;m3/s;69,98999786;moh;1,081028938;Mill.m3;-101;cm;76,80387115;mm;84,82229247594445;%;2,551019907;None;0;m3/s;84,4553833;%
2026-01-04 10:00:00.000;244,26881944444443;kVAr;2551,02002;kW;0;None;2500;kW;5,599999905;Bar;2612,4820752777778;kW;-101;cm;5,325670978822221;m3/s;5,325733400777776;m3/s;69,98999786;moh;1,081028938;Mill.m3;-101;cm;76,80387115;mm;84,8716448881111;%;2,551019907;None;0;m3/s;84,4553833;%
2026-01-04 11:00:00.000;234,66398555555554;kVAr;2551,02002;kW;0;None;2500;kW;5,599999905;Bar;2612,1824875;kW;-101;cm;5,326154755208333;m3/s;5,3262639933;m3/s;69,98999786;moh;1,081028938;Mill.m3;-101;cm;76,80387115;mm;84,86922545872223;%;2,551019907;None;0;m3/s;84,4553833;%
2026-01-04 12:00:00.000;219,72644027777778;kVAr;2551,02002;kW;0;None;2500;kW;5,599999905;Bar;2614,8816369444444;kW;-101;cm;5,332880777691667;m3/s;5,332693513144445;m3/s;69,98999786;moh;1,081028938;Mill.m3;-101;cm;76,80387115;mm;84,83559640125;%;2,551019907;None;0;m3/s;84,4553833;%
2026-01-04 13:00:00.000;225,97885166666666;kVAr;2551,02002;kW;0;None;2500;kW;5,599999905;Bar;2611,699131388889;kW;-101;cm;5,325811527819445;m3/s;5,325944175972222;m3/s;69,98999786;moh;1,081028938;Mill.m3;-101;cm;76,80387115;mm;84,87094308972222;%;2,551019907;None;0;m3/s;84,4553833;%
2026-01-04 14:00:00.000;218,06871833333332;kVAr;2551,02002;kW;0;None;2500;kW;5,599999905;Bar;2612,1355591666666;kW;-101;cm;5,3297753479027765;m3/s;5,329767544994444;m3/s;69,98999786;moh;1,081028938;Mill.m3;-101;cm;76,80387115;mm;84,85112406325;%;2,551019907;None;0;m3/s;84,4553833;%
2026-01-04 15:00:00.000;217,78198777777777;kVAr;2551,02002;kW;0;None;2500;kW;5,599999905;Bar;2613,575871388889;kW;-101;cm;5,3259831851750015;m3/s;5,326100226180556;m3/s;69,98999786;moh;1,081028938;Mill.m3;-101;cm;76,80387115;mm;84,87008476130555;%;2,551019907;None;0;m3/s;84,4553833;%
2026-01-04 16:00:00.000;229,00820944444445;kVAr;2551,02002;kW;0;None;2500;kW;5,599999905;Bar;2612,6213494444446;kW;-101;cm;5,3288233504833356;m3/s;5,328628281705557;m3/s;69,98999786;moh;1,081028938;Mill.m3;-101;cm;76,80387115;mm;84,85588325844445;%;2,551019907;None;0;m3/s;84,4553833;%
2026-01-04 17:00:00.000;228,13224222222223;kVAr;2551,02002;kW;0;None;2500;kW;5,599999905;Bar;2609,0602077777776;kW;-101;cm;5,318937269911113;m3/s;5,318789018586114;m3/s;69,98999786;moh;1,081028938;Mill.m3;-101;cm;76,80387115;mm;84,90531499483333;%;2,551019907;None;0;m3/s;84,4553833;%
2026-01-04 18:00:00.000;225,51772944444446;kVAr;2551,02002;kW;0;None;2500;kW;5,599999905;Bar;2609,120103611111;kW;-101;cm;5,317782456369445;m3/s;5,317720034411112;m3/s;69,98999786;moh;1,081028938;Mill.m3;-101;cm;76,80387115;mm;84,91108800997222;%;2,551019907;None;0;m3/s;84,4553833;%
2026-01-04 19:00:00.000;216,96167944444446;kVAr;2551,02002;kW;0;None;2500;kW;5,599999905;Bar;2617,699002777778;kW;-101;cm;5,340418251338887;m3/s;5,340488477533332;m3/s;69,98999786;moh;1,081028938;Mill.m3;-101;cm;76,80387115;mm;84,79790876188889;%;2,551019907;None;0;m3/s;84,4553833;%
2026-01-04 20:00:00.000;209,72800388888888;kVAr;2551,02002;kW;0;None;2500;kW;5,599999905;Bar;2621,0957605555554;kW;-101,04722222222222;cm;5,349204105780556;m3/s;5,349133879588889;m3/s;69,989538368415;moh;1,0809299943000004;Mill.m3;-101,04562138888889;cm;76,84187202;mm;84,75397983055555;%;2,551019907;None;0;m3/s;84,447653579;%
2026-01-04 21:00:00.000;216,71974;kVAr;2551,02002;kW;0;None;2500;kW;5,599999905;Bar;2619,1890616666665;kW;-101,84722222222223;cm;5,346278100522222;m3/s;5,346278099197223;m3/s;69,98151676050499;moh;1,0793798763333333;Mill.m3;-101,84881055555556;cm;77,43721898333334;mm;84,76860917372223;%;2,551019907;None;0;m3/s;84,32655461666667;%
2026-01-04 22:00:00.000;231,1248363888889;kVAr;2551,02002;kW;0;None;2500;kW;5,599999905;Bar;2609,799233333333;kW;-102;cm;5,318320866369445;m3/s;5,318305259225;m3/s;69,98000336;moh;1,079050064;Mill.m3;-102;cm;77,56388855;mm;84,90839559711111;%;2,551019907;None;0;m3/s;84,30078888;%
2026-01-04 23:00:00.000;251,447005;kVAr;2551,02002;kW;0;None;2500;kW;5,599999905;Bar;2598,034543611111;kW;-102;cm;5,283949765883334;m3/s;5,284012187841668;m3/s;69,98000336;moh;1,079050064;Mill.m3;-102;cm;77,56388855;mm;85,08025194858334;%;2,551019907;None;0;m3/s;84,30078888;%
2026-01-05 00:00:00.000;243,04871194444445;kVAr;2551,02002;kW;0;None;2500;kW;5,599999905;Bar;2600,2852738888887;kW;-102;cm;5,294062115255554;m3/s;5,294311801763886;m3/s;69,98000336;moh;1,079050064;Mill.m3;-102;cm;77,56388855;mm;85,02968987397222;%;2,551019907;None;0;m3/s;84,30078888;%
2026-01-05 01:00:00.000;231,58813972222222;kVAr;2551,02002;kW;0;None;2500;kW;5,599999905;Bar;2605,096990277778;kW;-102;cm;5,308239735569445;m3/s;5,308286553030555;m3/s;69,98000336;moh;1,079050064;Mill.m3;-102;cm;77,56388855;mm;84,95880173533334;%;2,551019907;None;0;m3/s;84,30078888;%
2026-01-05 02:00:00.000;219,8624961111111;kVAr;2551,02002;kW;0;None;2500;kW;5,599999905;Bar;2612,127328611111;kW;-102;cm;5,32250312044722;m3/s;5,322510923358331;m3/s;69,98000336;moh;1,079050064;Mill.m3;-102;cm;77,56388855;mm;84,88748410552778;%;2,551019907;None;0;m3/s;84,30078888;%
2026-01-05 03:00:00.000;211,50703222222222;kVAr;2551,02002;kW;0;None;2500;kW;5,599999905;Bar;2612,1117047222224;kW;-102;cm;5,32519509658611;m3/s;5,325226308227777;m3/s;69,98000336;moh;1,079050064;Mill.m3;-102;cm;77,56388855;mm;84,87402572427777;%;2,551019907;None;0;m3/s;84,30078888;%
2026-01-05 04:00:00.000;222,059325;kVAr;2551,02002;kW;0;None;2500;kW;5,599999905;Bar;2611,975776111111;kW;-102;cm;5,325655449858334;m3/s;5,32558522498889;m3/s;69,98000336;moh;1,079050064;Mill.m3;-102;cm;77,56388855;mm;84,87172345;%;2,551019907;None;0;m3/s;84,30078888;%
2026-01-05 05:00:00.000;229,8072925;kVAr;2551,02002;kW;0;None;2500;kW;5,599999905;Bar;2605,5120908333333;kW;-102;cm;5,311033093994446;m3/s;5,311033093994446;m3/s;69,98000336;moh;1,079050064;Mill.m3;-102;cm;77,56388855;mm;84,94483470883333;%;2,551019907;None;0;m3/s;84,30078888;%
2026-01-05 06:00:00.000;229,68975805555556;kVAr;2551,02002;kW;0;None;2500;kW;5,599999905;Bar;2613,8154794444445;kW;-102;cm;5,330789650811111;m3/s;5,330891085994444;m3/s;69,98000336;moh;1,079050064;Mill.m3;-102;cm;77,56388855;mm;84,84605202127777;%;2,551019907;None;0;m3/s;84,30078888;%
2026-01-05 07:00:00.000;228,90677277777777;kVAr;2551,02002;kW;0;None;2500;kW;5,599999905;Bar;2618,470338611111;kW;-102;cm;5,341549596605555;m3/s;5,341448161422222;m3/s;69,98000336;moh;1,079050064;Mill.m3;-102;cm;77,56388855;mm;84,79225173594445;%;2,551019907;None;0;m3/s;84,30078888;%
2026-01-05 08:00:00.000;234,4362325;kVAr;2551,02002;kW;0;None;2500;kW;5,599999905;Bar;2611,267446111111;kW;-102;cm;5,3224016548222215;m3/s;5,322370444505555;m3/s;69,98000336;moh;1,079050064;Mill.m3;-102;cm;77,56388855;mm;84,88799101580555;%;2,551019907;None;0;m3/s;84,30078888;%
2026-01-05 09:00:00.000;230,2991575;kVAr;2551,02002;kW;0;None;2500;kW;5,599999905;Bar;2614,500503611111;kW;-101,43333333333334;cm;5,304353936480555;m3/s;5,304556805522222;m3/s;69,98000336;moh;1,0730553414222224;Mill.m3;-102;cm;77,13297805805556;mm;84,35878581958333;%;2,5368475741833336;None;0;m3/s;83,832451164;%
2026-01-05 10:00:00.000;226,3370972222222;kVAr;2551,02002;kW;0;None;2500;kW;5,599999905;Bar;2615,0416805555556;kW;-102,20277777777778;cm;5,24323504098611;m3/s;5,272776238072222;m3/s;69,97798554216826;moh;1,0788630351944444;Mill.m3;-102,20187916666667;cm;77,63572273283333;mm;83,42549156572223;%;2,551019907;None;0;m3/s;84,28617748766666;%
2026-01-05 11:00:00.000;221,7906311111111;kVAr;2551,02002;kW;0;None;2500;kW;5,599999905;Bar;2612,6812583333335;kW;-102,68888888888888;cm;5,32727841665;m3/s;5,327192588611111;m3/s;69,97303222683003;moh;1,077658349652778;Mill.m3;-102,69637305555555;cm;78,09841938108333;mm;84,86360850683333;%;2,551019907;None;0;m3/s;84,19206293116666;%
2026-01-05 12:00:00.000;221,0110488888889;kVAr;2551,02002;kW;0;None;2500;kW;5,599999905;Bar;2613,3898991666665;kW;-102,83333333333333;cm;5,333231857027779;m3/s;5,333216251208334;m3/s;69,97161392059965;moh;1,0773062954305554;Mill.m3;-102,83896777777778;cm;78,23363666641667;mm;84,83384041102778;%;2,551019907;None;0;m3/s;84,16455913383334;%
2026-01-05 13:00:00.000;226,21074083333335;kVAr;2551,02002;kW;0;None;2500;kW;5,599999905;Bar;2611,223626666667;kW;-102,96388888888889;cm;5,264645777866668;m3/s;5,279369560936113;m3/s;69,97034609378719;moh;1,07716877425;Mill.m3;-102,96551583333333;cm;78,2864559185;mm;84,88229609497222;%;2,551019907;None;0;m3/s;84,153815463;%
2026-01-05 14:00:00.000;233,27870388888888;kVAr;2551,02002;kW;0;None;2500;kW;5,599999905;Bar;2612,3112997222224;kW;-102,9888888888889;cm;5,145341719469445;m3/s;5,1749375369249995;m3/s;69,9701151138125;moh;1,0771027640833333;Mill.m3;-102,98861972222223;cm;78,3118091595;mm;82,0566240298889;%;2,5510199070000006;None;0;m3/s;84,148658501;%
2026-01-05 15:00:00.000;224,64711666666668;kVAr;2551,02002;kW;0;None;2500;kW;5,599999905;Bar;2613,067482777778;kW;-103;cm;5,330329302897221;m3/s;5,330251276441665;m3/s;69,97000122;moh;1,077069759;Mill.m3;-103;cm;78,32448578;mm;84,84835404216666;%;2,551019907;None;0;m3/s;84,14608002;%
2026-01-05 16:00:00.000;226,0157638888889;kVAr;2551,02002;kW;0;None;2500;kW;5,599999905;Bar;2612,2360563888888;kW;-103;cm;5,329681656122222;m3/s;5,329728472258334;m3/s;69,97000122;moh;1,077069759;Mill.m3;-103;cm;78,32448578;mm;84,85159216833334;%;2,551019907;None;0;m3/s;84,14608002;%
2026-01-05 17:00:00.000;228,52543333333332;kVAr;2551,02002;kW;0;None;2500;kW;5,599999905;Bar;2613,63948;kW;-102,9888888888889;cm;5,331452851833333;m3/s;5,331468457652778;m3/s;69,97012340169684;moh;1,0771027640833333;Mill.m3;-102,98779444444445;cm;78,3118091595;mm;84,84273556530556;%;2,551019907;None;0;m3/s;84,148658501;%
2026-01-05 18:00:00.000;227,1506038888889;kVAr;2551,02002;kW;0;None;2500;kW;5,599999905;Bar;2614,6096316666667;kW;-103;cm;5,331312420588889;m3/s;5,331148563447222;m3/s;69,97000122;moh;1,077069759;Mill.m3;-103;cm;78,32448578;mm;84,84343829502778;%;2,551019907;None;0;m3/s;84,14608002;%
2026-01-05 19:00:00.000;208,33371555555556;kVAr;2551,02002;kW;0;None;2500;kW;5,599999905;Bar;2616,0669105555558;kW;-103;cm;5,334932880947221;m3/s;5,3349250780388875;m3/s;69,97000122;moh;1,077069759;Mill.m3;-103;cm;78,32448578;mm;84,82533482502778;%;2,551019907;None;0;m3/s;84,14608002;%
2026-01-05 20:00:00.000;215,54365444444446;kVAr;2551,02002;kW;0;None;2500;kW;5,599999905;Bar;2612,898814166667;kW;-103;cm;5,328011830608333;m3/s;5,328269322672223;m3/s;69,97000122;moh;1,077069759;Mill.m3;-103;cm;78,32448578;mm;84,85994095105555;%;2,551019907;None;0;m3/s;84,14608002;%
2026-01-05 21:00:00.000;220,58188;kVAr;2551,02002;kW;0;None;2500;kW;5,599999905;Bar;2608,998431111111;kW;-103,07777777777778;cm;5,318203776425001;m3/s;5,3181023412416675;m3/s;69,96925827493266;moh;1,0769322378888886;Mill.m3;-103,07432666666666;cm;78,37730450222222;mm;84,90898024258334;%;2,551019907;None;0;m3/s;84,13533581930555;%
2026-01-05 22:00:00.000;215,5548161111111;kVAr;2551,02002;kW;0;None;2500;kW;5,599999905;Bar;2614,1621491666665;kW;-103,13888888888889;cm;5,329307069986111;m3/s;5,329322675808333;m3/s;69,96856589623977;moh;1,0767727133999998;Mill.m3;-103,14327583333333;cm;78,43857422;mm;84,85346399725;%;2,551019907;None;0;m3/s;84,1228725465;%
2026-01-05 23:00:00.000;208,39927972222222;kVAr;2551,02002;kW;0;None;2500;kW;5,599999905;Bar;2618,066477222222;kW;-103,225;cm;5,34180712955;m3/s;5,341877355744445;m3/s;69,96768827235731;moh;1,0766186897555554;Mill.m3;-103,23118777777778;cm;78,49773118888889;mm;84,79096408325;%;2,551019907;None;0;m3/s;84,11083904172222;%
2026-01-06 00:00:00.000;198,49393138888888;kVAr;2551,02002;kW;0;None;2500;kW;5,599999905;Bar;2632,1035205555554;kW;-103,44722222222222;cm;5,381257806880554;m3/s;5,3811797791027765;m3/s;69,96546052627724;moh;1,0762061264222222;Mill.m3;-103,45414666666667;cm;78,65618735555556;mm;84,59371091941667;%;2,551019907;None;0;m3/s;84,07860643963889;%
2026-01-06 01:00:00.000;233,69288805555556;kVAr;2551,02002;kW;0;None;2500;kW;5,599999905;Bar;2611,5542866666665;kW;-103,84166666666667;cm;5,3271067738194455;m3/s;5,3271613941944445;m3/s;69,9616568041215;moh;1,075447009888889;Mill.m3;-103,83478027777778;cm;78,94774670222222;mm;84,86446639116667;%;2,551019907;None;0;m3/s;84,01929845180555;%
2026-01-06 02:00:00.000;225,69234305555557;kVAr;2551,02002;kW;0;None;2500;kW;5,599999905;Bar;2613,197273888889;kW;-103,46111111111111;cm;5,329268078055556;m3/s;5,329548976202777;m3/s;69,96550818925269;moh;1,0761511179777778;Mill.m3;-103,448675;cm;78,67731484444444;mm;84,85365924788888;%;2,551019907;None;0;m3/s;84,07430875936112;%
2026-01-06 03:00:00.000;216,1327225;kVAr;2551,02002;kW;0;None;2500;kW;5,599999905;Bar;2613,6326936111113;kW;-103,33333333333333;cm;5,331031493408334;m3/s;5,330797414047222;m3/s;69,96660530731906;moh;1,076437161888889;Mill.m3;-103,33912444444445;cm;78,56745190222222;mm;84,84484176583334;%;2,551019907;None;0;m3/s;84,09665669680555;%
2026-01-06 04:00:00.000;219,73058444444445;kVAr;2551,02002;kW;0;None;2500;kW;5,599999905;Bar;2612,392926111111;kW;-103,41111111111111;cm;5,328877982797222;m3/s;5,329034038352778;m3/s;69,9659736777348;moh;1,0762501331777778;Mill.m3;-103,40230555555556;cm;78,63928536444445;mm;84,85560955405556;%;2,551019907;None;0;m3/s;84,0820445838611;%
2026-01-06 05:00:00.000;219,58181972222224;kVAr;2551,02002;kW;0;None;2500;kW;5,599999905;Bar;2606,818909166667;kW;-103,28888888888889;cm;5,314747206475;m3/s;5,314755010705556;m3/s;69,96715462484786;moh;1,0764646661111108;Mill.m3;-103,28496083333333;cm;78,55688815777778;mm;84,92626376608334;%;2,551019907;None;0;m3/s;84,09880553694444;%
2026-01-06 06:00:00.000;211,67250916666666;kVAr;2551,02002;kW;0;None;2500;kW;5,599999905;Bar;2612,6079811111113;kW;-103,48611111111111;cm;5,328893624380556;m3/s;5,328987256655556;m3/s;69,96521924131996;moh;1,0761071112222225;Mill.m3;-103,47844111111111;cm;78,69421683555555;mm;84,85553247655555;%;2,551019907;None;0;m3/s;84,07087061513889;%
2026-01-06 07:00:00.000;211,2106347222222;kVAr;2559,18335;kW;0;None;2500;kW;5,599999905;Bar;2617,795845;kW;-103,8638888888889;cm;5,340808300125;m3/s;5,340933144041666;m3/s;69,96125512373587;moh;1,0753589963777779;Mill.m3;-103,87433277777778;cm;78,98155068444444;mm;84,79595775466667;%;2,56312885095;None;0;m3/s;84,01242216336111;%
2026-01-06 08:00:00.000;221,54481583333333;kVAr;2600;kW;0;None;2500;kW;5,599999905;Bar;2607,2376044444445;kW;-103,925;cm;5,3141932554222215;m3/s;5,314208862566666;m3/s;69,96074691778082;moh;1,0752599811777779;Mill.m3;-103,92512277777777;cm;79,01958016444445;mm;84,92903493211111;%;2,599999905;None;0;m3/s;84,0046863388611;%
2026-01-06 09:00:00.000;214,66257861111112;kVAr;2600;kW;0;None;2500;kW;5,599999905;Bar;2611,4633;kW;-103,9888888888889;cm;5,326069056874999;m3/s;5,325944214280555;m3/s;69,96013509799052;moh;1,0751224600666667;Mill.m3;-103,9863736111111;cm;79,07239888666666;mm;84,86965575605555;%;2,599999905;None;0;m3/s;83,99394213816667;%
2026-01-06 10:00:00.000;207,29236916666667;kVAr;2600;kW;0;None;2500;kW;5,599999905;Bar;2617,542875277778;kW;-104;cm;5,345739663966668;m3/s;5,345614820052779;m3/s;69,95999908;moh;1,075089455;Mill.m3;-104;cm;79,08507538;mm;84,77130192544445;%;2,599999905;None;0;m3/s;83,99136353;%
2026-01-06 11:00:00.000;206,70849166666667;kVAr;2600;kW;0;None;2500;kW;5,599999905;Bar;2619,28363;kW;-104;cm;5,346426306816666;m3/s;5,346418505233333;m3/s;69,95999908;moh;1,075089455;Mill.m3;-104;cm;79,08507538;mm;84,76786850736111;%;2,599999905;None;0;m3/s;83,99136353;%
2026-01-06 12:00:00.000;203,06851194444445;kVAr;2600;kW;0;None;2500;kW;5,599999905;Bar;2621,1089686111113;kW;-104;cm;5,351022088516666;m3/s;5,351068904652779;m3/s;69,95999908;moh;1,075089455;Mill.m3;-104;cm;79,08507538;mm;84,74489027619444;%;2,599999905;None;0;m3/s;83,99136353;%
2026-01-06 13:00:00.000;210,50853444444445;kVAr;2600;kW;0;None;2500;kW;5,599999905;Bar;2620,5832302777776;kW;-104;cm;5,349828333261112;m3/s;5,349859543577779;m3/s;69,95999908;moh;1,075089455;Mill.m3;-104;cm;79,08507538;mm;84,75085813697223;%;2,599999905;None;0;m3/s;83,99136353;%
2026-01-06 14:00:00.000;227,6228811111111;kVAr;2600;kW;0;None;2500;kW;5,599999905;Bar;2609,3216533333334;kW;-104;cm;5,319959432527779;m3/s;5,319990642844445;m3/s;69,95999908;moh;1,075089455;Mill.m3;-104;cm;79,08507538;mm;84,90020313197222;%;2,599999905;None;0;m3/s;83,99136353;%
2026-01-06 15:00:00.000;217,4722113888889;kVAr;2600;kW;0;None;2500;kW;5,599999905;Bar;2610,0315230555557;kW;-104,25277777777778;cm;5,320817766019443;m3/s;5,320927004113888;m3/s;69,95743023017371;moh;1,0746383855277777;Mill.m3;-104,25658138888889;cm;79,25832252683334;mm;84,89591176708333;%;2,599999905;None;0;m3/s;83,95612428738889;%
2026-01-06 16:00:00.000;216,2564297222222;kVAr;2600;kW;0;None;2500;kW;5,599999905;Bar;2613,999391111111;kW;-104,88333333333334;cm;5,328027407444444;m3/s;5,328027407444444;m3/s;69,95116180083818;moh;1,0733401855833333;Mill.m3;-104,88362666666667;cm;79,7569362665;mm;84,85986289961112;%;2,599999905;None;0;m3/s;83,85470402816667;%
2026-01-06 17:00:00.000;226,56077583333334;kVAr;2600;kW;0;None;2500;kW;5,599999905;Bar;2597,6008744444443;kW;-104,98333333333333;cm;5,286298407491667;m3/s;5,286423251408333;m3/s;69,95016630550948;moh;1,0731476559305555;Mill.m3;-104,98304666666667;cm;79,83088321941666;mm;85,068507809;%;2,599999905;None;0;m3/s;83,83966288802777;%
2026-01-06 18:00:00.000;214,51687222222222;kVAr;2600;kW;0;None;2500;kW;5,599999905;Bar;2605,168292222222;kW;-105;cm;5,303799919294444;m3/s;5,3038233267;m3/s;69,94999695;moh;1,07310915;Mill.m3;-105;cm;79,84567261;mm;84,98100034958334;%;2,599999905;None;0;m3/s;83,83665466;%
2026-01-06 19:00:00.000;197,68438916666668;kVAr;2600;kW;0;None;2500;kW;5,599999905;Bar;2614,9461769444442;kW;-105;cm;5,332350197097221;m3/s;5,3323736058249995;m3/s;69,94999695;moh;1,07310915;Mill.m3;-105;cm;79,84567261;mm;84,8382490785;%;2,599999905;None;0;m3/s;83,83665466;%
2026-01-06 20:00:00.000;195,24824972222223;kVAr;2600;kW;0;None;2500;kW;5,599999905;Bar;2611,1839627777777;kW;-105;cm;5,322112939172222;m3/s;5,322097334677778;m3/s;69,94999695;moh;1,07310915;Mill.m3;-105;cm;79,84567261;mm;84,889435089;%;2,599999905;None;0;m3/s;83,83665466;%
2026-01-06 21:00:00.000;214,92178916666666;kVAr;2600;kW;0;None;2500;kW;5,599999905;Bar;2600,1007619444445;kW;-105;cm;5,3009519723;m3/s;5,300881747427777;m3/s;69,94999695;moh;1,07310915;Mill.m3;-105;cm;79,84567261;mm;84,99524093158334;%;2,599999905;None;0;m3/s;83,83665466;%
2026-01-06 22:00:00.000;210,68834166666667;kVAr;2600;kW;0;None;2500;kW;5,599999905;Bar;2604,9914955555555;kW;-105;cm;5,30495476064722;m3/s;5,305087407474998;m3/s;69,94999695;moh;1,07310915;Mill.m3;-105;cm;79,84567261;mm;84,97522644416667;%;2,599999905;None;0;m3/s;83,83665466;%
2026-01-06 23:00:00.000;212,67939666666666;kVAr;2600;kW;0;None;2500;kW;5,599999905;Bar;2610,1319752777777;kW;-105;cm;5,32318975006389;m3/s;5,323174144241667;m3/s;69,94999695;moh;1,07310915;Mill.m3;-105;cm;79,84567261;mm;84,88405102591666;%;2,599999905;None;0;m3/s;83,83665466;%
2026-01-07 00:00:00.000;235,41951694444444;kVAr;2600;kW;0;None;2500;kW;5,599999905;Bar;2592,070476388889;kW;-105;cm;5,2673767117277785;m3/s;5,2672596720472225;m3/s;69,94999695;moh;1,07310915;Mill.m3;-105;cm;79,84567261;mm;85,16311681452778;%;2,599999905;None;0;m3/s;83,83665466;%
2026-01-07 01:00:00.000;217,58697805555556;kVAr;2600;kW;0;None;2500;kW;5,599999905;Bar;2610,5079155555554;kW;-105;cm;5,321754078075;m3/s;5,321668248711112;m3/s;69,94999695;moh;1,07310915;Mill.m3;-105;cm;79,84567261;mm;84,89122939611111;%;2,599999905;None;0;m3/s;83,83665466;%
2026-01-07 02:00:00.000;204,92207083333332;kVAr;2600;kW;0;None;2500;kW;5,599999905;Bar;2616,9681369444443;kW;-105,13333333333334;cm;5,339177621683333;m3/s;5,339279056869445;m3/s;69,94870955994315;moh;1,0728782813666666;Mill.m3;-105,12873055555555;cm;79,93434130549998;mm;84,80411129019444;%;2,599999905;None;0;m3/s;83,81861775416665;%
2026-01-07 03:00:00.000;221,24066833333333;kVAr;2600;kW;0;None;2500;kW;5,599999905;Bar;2609,5543561111112;kW;-105,2388888888889;cm;5,314325830675;m3/s;5,314286817447222;m3/s;69,94763784308334;moh;1,0726144314999997;Mill.m3;-105,236225;cm;80,0356769575;mm;84,92836992519445;%;2,599999905;None;0;m3/s;83,7980041475;%
2026-01-07 04:00:00.000;222,2595036111111;kVAr;2600;kW;0;None;2500;kW;5,599999905;Bar;2610,1034947222224;kW;-105,42777777777778;cm;5,316448273875002;m3/s;5,316440469641669;m3/s;69,94581254294582;moh;1,0722076629555557;Mill.m3;-105,4189775;cm;80,19190275433333;mm;84,91776002141667;%;2,599999905;None;0;m3/s;83,76622483722223;%
2026-01-07 05:00:00.000;218,716535;kVAr;2600;kW;0;None;2500;kW;5,599999905;Bar;2612,4017902777778;kW;-105,58888888888889;cm;5,325936339966669;m3/s;5,325858313516668;m3/s;69,94409420627527;moh;1,071993284938889;Mill.m3;-105,5907163888889;cm;80,27423797158333;mm;84,87031834905555;%;2,599999905;None;0;m3/s;83,74947628180556;%
2026-01-07 06:00:00.000;228,98578194444445;kVAr;2600;kW;0;None;2500;kW;5,599999905;Bar;2606,106550277778;kW;-105,79166666666667;cm;5,310455694522221;m3/s;5,310525919391665;m3/s;69,94203058149427;moh;1,0715480382888891;Mill.m3;-105,79712138888888;cm;80,44524188433333;mm;84,94772137508333;%;2,599999905;None;0;m3/s;83,71469082055556;%
2026-01-07 07:00:00.000;219,89368;kVAr;2600;kW;0;None;2500;kW;5,599999905;Bar;2619,7363427777777;kW;-105,96944444444445;cm;5,347440677127779;m3/s;5,347440678455557;m3/s;69,94015621941762;moh;1,071130276;Mill.m3;-105,97063083333333;cm;80,60569;mm;84,76279578736111;%;2,599999905;None;0;m3/s;83,68205261;%
2026-01-07 08:00:00.000;231,2825;kVAr;2600;kW;0;None;2500;kW;5,599999905;Bar;2614,413181666667;kW;-105,98611111111111;cm;5,331975660044445;m3/s;5,332030279091667;m3/s;69,94013910381923;moh;1,0711632572333334;Mill.m3;-105,9864688888889;cm;80,5930230435;mm;84,84012133227777;%;2,599999905;None;0;m3/s;83,68462931083333;%
2026-01-07 09:00:00.000;238,8600602777778;kVAr;2600;kW;0;None;2500;kW;5,599999905;Bar;2604,093894166667;kW;-106;cm;5,305407314888888;m3/s;5,305594582086111;m3/s;69,94000244;moh;1,071130276;Mill.m3;-106;cm;80,60569;mm;84,97296348077778;%;2,599999905;None;0;m3/s;83,68205261;%
2026-01-07 10:00:00.000;227,39779222222222;kVAr;2600;kW;0;None;2500;kW;5,599999905;Bar;2611,7242469444445;kW;-106;cm;5,3214653505388885;m3/s;5,321605798947221;m3/s;69,94000244;moh;1,071130276;Mill.m3;-106;cm;80,60569;mm;84,89267315266666;%;2,599999905;None;0;m3/s;83,68205261;%
2026-01-07 11:00:00.000;221,0843052777778;kVAr;2600;kW;0;None;2500;kW;5,599999905;Bar;2617,4985419444442;kW;-106,10833333333333;cm;5,343687556816666;m3/s;5,343718768458332;m3/s;69,9389927527602;moh;1,0709267446527777;Mill.m3;-106,10065333333333;cm;80,68386170888888;mm;84,78156166033334;%;2,599999905;None;0;m3/s;83,66615197716666;%
2026-01-07 12:00:00.000;230,94963611111112;kVAr;2600;kW;0;None;2500;kW;5,599999905;Bar;2614,2313822222222;kW;-106,14166666666667;cm;5,330680419341667;m3/s;5,330594588652778;m3/s;69,93857381910188;moh;1,0708992404166666;Mill.m3;-106,14277777777778;cm;80,69442545333334;mm;84,84659813711112;%;2,599999905;None;0;m3/s;83,664003243;%
2026-01-07 13:00:00.000;223,64254305555556;kVAr;2600;kW;0;None;2500;kW;5,599999905;Bar;2617,1097625;kW;-106,38888888888889;cm;5,342322115022223;m3/s;5,342322115022223;m3/s;69,93616650089675;moh;1,0702446395972223;Mill.m3;-106,38361472222222;cm;80,94584257111111;mm;84,78838943925;%;2,599999905;None;0;m3/s;83,61286336983333;%
2026-01-07 14:00:00.000;206,41267277777777;kVAr;2600;kW;0;None;2500;kW;5,599999905;Bar;2623,3098219444446;kW;-106,675;cm;5,356554354544444;m3/s;5,3565387500499995;m3/s;69,93323661307465;moh;1,0697550641944444;Mill.m3;-106,6762025;cm;81,13387722222222;mm;84,71722869902777;%;2,599999905;None;0;m3/s;83,57461590166666;%
2026-01-07 15:00:00.000;218,96986388888888;kVAr;2600;kW;0;None;2500;kW;5,599999905;Bar;2612,928809722222;kW;-106,97222222222223;cm;5,330906681227777;m3/s;5,33078183731389;m3/s;69,93029403643929;moh;1,0691829760833333;Mill.m3;-106,97058805555555;cm;81,35360310666667;mm;84,84546657063889;%;2,599999905;None;0;m3/s;83,529922231;%
2026-01-07 16:00:00.000;222,6468272222222;kVAr;2600;kW;0;None;2500;kW;5,599999905;Bar;2609,5435333333335;kW;-106,9888888888889;cm;5,321769673366666;m3/s;5,321816489502778;m3/s;69,93012506712316;moh;1,0691829760833333;Mill.m3;-106,98746388888888;cm;81,35360310666667;mm;84,89115119486111;%;2,599999905;None;0;m3/s;83,529922231;%
2026-01-07 17:00:00.000;235,82124222222222;kVAr;2600;kW;0;None;2500;kW;5,599999905;Bar;2594,877740277778;kW;-107;cm;5,2789169032583345;m3/s;5,27899493103889;m3/s;69,93000031;moh;1,069149971;Mill.m3;-107;cm;81,3662796;mm;85,10541553516667;%;2,599999905;None;0;m3/s;83,52734375;%
2026-01-07 18:00:00.000;236,4162802777778;kVAr;2600;kW;0;None;2500;kW;5,599999905;Bar;2597,0793675;kW;-107;cm;5,281967870438891;m3/s;5,281928855886114;m3/s;69,93000031;moh;1,069149971;Mill.m3;-107;cm;81,3662796;mm;85,09016064563889;%;2,599999905;None;0;m3/s;83,52734375;%
2026-01-07 19:00:00.000;238,39664333333334;kVAr;2600;kW;0;None;2500;kW;5,599999905;Bar;2596,2300491666665;kW;-107;cm;5,283497195830557;m3/s;5,2835284061444465;m3/s;69,93000031;moh;1,069149971;Mill.m3;-107;cm;81,3662796;mm;85,08251525047223;%;2,599999905;None;0;m3/s;83,52734375;%
2026-01-07 20:00:00.000;218,91952083333334;kVAr;2600;kW;0;None;2500;kW;5,599999905;Bar;2612,442198333333;kW;-107;cm;5,323868653452778;m3/s;5,323938878322221;m3/s;69,93000031;moh;1,069149971;Mill.m3;-107;cm;81,3662796;mm;84,88065749255556;%;2,599999905;None;0;m3/s;83,52734375;%
2026-01-07 21:00:00.000;232,22108138888888;kVAr;2600;kW;0;None;2500;kW;5,599999905;Bar;2604,1584547222224;kW;-107;cm;5,302434480222222;m3/s;5,302411072816667;m3/s;69,93000031;moh;1,069149971;Mill.m3;-107;cm;81,3662796;mm;84,98782823369444;%;2,599999905;None;0;m3/s;83,52734375;%
2026-01-07 22:00:00.000;244,08899416666668;kVAr;2600;kW;0;None;2500;kW;5,599999905;Bar;2594,541133333333;kW;-107;cm;5,275132650752779;m3/s;5,275132650752779;m3/s;69,93000031;moh;1,069149971;Mill.m3;-107;cm;81,3662796;mm;85,1243367301389;%;2,599999905;None;0;m3/s;83,52734375;%
2026-01-07 23:00:00.000;245,43033944444446;kVAr;2600;kW;0;None;2500;kW;5,599999905;Bar;2600,351991111111;kW;-107;cm;5,290113926022223;m3/s;5,290098320200001;m3/s;69,93000031;moh;1,069149971;Mill.m3;-107;cm;81,3662796;mm;85,04943108002777;%;2,599999905;None;0;m3/s;83,52734375;%
2026-01-08 00:00:00.000;253,96655583333333;kVAr;2600;kW;0;None;2500;kW;5,599999905;Bar;2594,8925716666668;kW;-107;cm;5,277746570047223;m3/s;5,277762175869445;m3/s;69,93000031;moh;1,069149971;Mill.m3;-107;cm;81,3662796;mm;85,11126791655556;%;2,599999905;None;0;m3/s;83,52734375;%
2026-01-08 01:00:00.000;249,63146166666667;kVAr;2600;kW;0;None;2500;kW;5,599999905;Bar;2605,0768358333335;kW;-107;cm;5,309300862475001;m3/s;5,309308664058334;m3/s;69,93000031;moh;1,069149971;Mill.m3;-107;cm;81,3662796;mm;84,95349614866667;%;2,599999905;None;0;m3/s;83,52734375;%
2026-01-08 02:00:00.000;262,3828886111111;kVAr;2600;kW;0;None;2500;kW;5,599999905;Bar;2597,4331775;kW;-107,03888888888889;cm;5,286017501330557;m3/s;5,286134543661112;m3/s;69,92961053216094;moh;1,0690509557499999;Mill.m3;-107,03895833333333;cm;81,4043094615;mm;85,06991250772222;%;2,599999905;None;0;m3/s;83,5196079255;%
2026-01-08 03:00:00.000;257,08659305555557;kVAr;2600;kW;0;None;2500;kW;5,599999905;Bar;2599,955406388889;kW;-107,19166666666666;cm;5,29233774216111;m3/s;5,292462584755554;m3/s;69,92814591046563;moh;1,0688144193194442;Mill.m3;-107,1850625;cm;81,49515857508334;mm;85,03831206416666;%;2,599999905;None;0;m3/s;83,50112790030556;%
2026-01-08 04:00:00.000;257,48689;kVAr;2600;kW;0;None;2500;kW;5,599999905;Bar;2602,2608866666665;kW;-107,53055555555555;cm;5,302551558472222;m3/s;5,302590573025;m3/s;69,92466334869019;moh;1,0680993091805555;Mill.m3;-107,532755;cm;81,76981868591666;mm;84,98724297405556;%;2,599999905;None;0;m3/s;83,44525805669444;%
2026-01-08 05:00:00.000;270,84202361111113;kVAr;2600;kW;0;None;2500;kW;5,599999905;Bar;2604,793509166667;kW;-107,95555555555555;cm;5,305110824230554;m3/s;5,305204455177777;m3/s;69,92046945694493;moh;1,0673016863333333;Mill.m3;-107,95294;cm;82,076170348;mm;84,97444623313889;%;2,599999905;None;0;m3/s;83,38294169266666;%
2026-01-08 06:00:00.000;263,74452972222224;kVAr;2600;kW;0;None;2500;kW;5,599999905;Bar;2612,3721075;kW;-108;cm;5,32336143923611;m3/s;5,323501888977778;m3/s;69,91999817;moh;1,067169666;Mill.m3;-108;cm;82,12687683;mm;84,88319343891666;%;2,599999905;None;0;m3/s;83,37262726;%
2026-01-08 07:00:00.000;251,01487805555556;kVAr;2600;kW;0;None;2500;kW;5,599999905;Bar;2621,1808425;kW;-108;cm;5,171917916655556;m3/s;5,171925718238889;m3/s;69,91999817;moh;1,067169666;Mill.m3;-108;cm;82,12687683;mm;81,92374379844445;%;2,599999905;None;0;m3/s;83,37262726;%
2026-01-08 08:00:00.000;281,5757747222222;kVAr;2600;kW;0;None;2500;kW;5,599999905;Bar;2607,320353888889;kW;-108;cm;5,314856437941666;m3/s;5,314848635030556;m3/s;69,91999817;moh;1,067169666;Mill.m3;-108;cm;82,12687683;mm;84,9257174603889;%;2,599999905;None;0;m3/s;83,37262726;%
2026-01-08 09:00:00.000;287,70618916666666;kVAr;2600;kW;0;None;2500;kW;5,599999905;Bar;2606,302618888889;kW;-108;cm;5,310549316155555;m3/s;5,3104868955194435;m3/s;69,91999817;moh;1,067169666;Mill.m3;-108;cm;82,12687683;mm;84,94725360808333;%;2,599999905;None;0;m3/s;83,37262726;%
2026-01-08 10:00:00.000;286,9880333333333;kVAr;2600;kW;0;None;2500;kW;5,599999905;Bar;2603,2908333333335;kW;-108;cm;5,3031601561472215;m3/s;5,303167959055554;m3/s;69,91999817;moh;1,067169666;Mill.m3;-108;cm;82,12687683;mm;84,98419984197223;%;2,599999905;None;0;m3/s;83,37262726;%
2026-01-08 11:00:00.000;298,5645163888889;kVAr;2600;kW;0;None;2500;kW;5,599999905;Bar;2612,5984902777777;kW;-108;cm;5,328558096577777;m3/s;5,328573701074999;m3/s;69,91999817;moh;1,067169666;Mill.m3;-108;cm;82,12687683;mm;84,85721013691666;%;2,599999905;None;0;m3/s;83,37262726;%
2026-01-08 12:00:00.000;305,59938222222223;kVAr;2600;kW;0;None;2500;kW;5,599999905;Bar;2605,573824166667;kW;-108;cm;5,308395799027778;m3/s;5,3084348109277775;m3/s;69,91999817;moh;1,067169666;Mill.m3;-108;cm;82,12687683;mm;84,95802071888889;%;2,599999905;None;0;m3/s;83,37262726;%
2026-01-08 13:00:00.000;300,15609666666666;kVAr;2600;kW;0;None;2500;kW;5,599999905;Bar;2605,6965097222223;kW;-107,70555555555555;cm;5,293258467080556;m3/s;5,293297480311112;m3/s;69,9199610320666;moh;1,0642053058166667;Mill.m3;-108,00376444444444;cm;81,89874661658334;mm;84,72398573544444;%;2,5927776830416662;None;0;m3/s;83,14103662872222;%
2026-01-08 14:00:00.000;283,0589083333333;kVAr;2600;kW;0;None;2500;kW;5,599999905;Bar;2607,1471480555556;kW;-108,62222222222222;cm;5,311719772527777;m3/s;5,311829013272221;m3/s;69,9136994771041;moh;1,0659878384722221;Mill.m3;-108,63059944444444;cm;82,58077611055556;mm;84,94140192622223;%;2,599999905;None;0;m3/s;83,28030003694444;%
2026-01-08 15:00:00.000;275,2022288888889;kVAr;2600;kW;0;None;2500;kW;5,599999905;Bar;2608,5168791666665;kW;-109;cm;5,316331157427778;m3/s;5,316338961663889;m3/s;69,91000366;moh;1,065190792;Mill.m3;-109;cm;82,88689423;mm;84,91834409444445;%;2,599999905;None;0;m3/s;83,21803284;%
2026-01-08 16:00:00.000;271,46572888888886;kVAr;2600;kW;0;None;2500;kW;5,599999905;Bar;2608,1875744444446;kW;-109;cm;5,314575525127778;m3/s;5,314544314813889;m3/s;69,91000366;moh;1,065190792;Mill.m3;-109;cm;82,88689423;mm;84,9271222633889;%;2,599999905;None;0;m3/s;83,21803284;%
2026-01-08 17:00:00.000;260,6053283333333;kVAr;2600;kW;0;None;2500;kW;5,599999905;Bar;2612,691408888889;kW;-109;cm;5,325936355955556;m3/s;5,325819314947222;m3/s;69,91000366;moh;1,065190792;Mill.m3;-109;cm;82,88689423;mm;84,87031875147223;%;2,599999905;None;0;m3/s;83,21803284;%
2026-01-08 18:00:00.000;251,26976472222222;kVAr;2600;kW;0;None;2500;kW;5,599999905;Bar;2614,307156111111;kW;-109;cm;5,331054936508334;m3/s;5,331023724866666;m3/s;69,91000366;moh;1,065190792;Mill.m3;-109;cm;82,88689423;mm;84,84499770333333;%;2,599999905;None;0;m3/s;83,21803284;%
2026-01-08 19:00:00.000;249,0973138888889;kVAr;2600;kW;0;None;2500;kW;5,599999905;Bar;2604,58224;kW;-108,9888888888889;cm;5,30545414426389;m3/s;5,30536051331389;m3/s;69,91011606492248;moh;1,065190792;Mill.m3;-108,98891611111111;cm;82,88689423;mm;84,97272940769444;%;2,599999905;None;0;m3/s;83,21803284;%
2026-01-08 20:00:00.000;249,84652333333332;kVAr;2600;kW;0;None;2500;kW;5,599999905;Bar;2599,4288511111113;kW;-109;cm;5,291167348097222;m3/s;5,29105811;m3/s;69,91000366;moh;1,065190792;Mill.m3;-109;cm;82,88689423;mm;85,04416374563888;%;2,599999905;None;0;m3/s;83,21803284;%
2026-01-08 21:00:00.000;240,29711722222223;kVAr;2600;kW;0;None;2500;kW;5,599999905;Bar;2602,2485205555554;kW;-109,00277777777778;cm;5,300046845316667;m3/s;5,300304337386112;m3/s;69,9099791103276;moh;1,0651577869166666;Mill.m3;-109,00248833333333;cm;82,8995708505;mm;84,99976632805556;%;2,599999905;None;0;m3/s;83,21545435883333;%
2026-01-08 22:00:00.000;235,70254694444444;kVAr;2600;kW;0;None;2500;kW;5,599999905;Bar;2602,3014808333332;kW;-109,0111111111111;cm;5,301864881080554;m3/s;5,301896091397221;m3/s;69,90989851538674;moh;1,065190792;Mill.m3;-109,01051444444444;cm;82,88689423;mm;84,99067624408333;%;2,599999905;None;0;m3/s;83,21803284;%
2026-01-08 23:00:00.000;233,8925375;kVAr;2600;kW;0;None;2500;kW;5,599999905;Bar;2599,6641925;kW;-109,0111111111111;cm;5,290449482936111;m3/s;5,290363652247222;m3/s;69,90989087487077;moh;1,065190792;Mill.m3;-109,0112788888889;cm;82,88689423;mm;85,04775301688889;%;2,599999905;None;0;m3/s;83,21803284;%
2026-01-09 00:00:00.000;221,95310777777777;kVAr;2600;kW;0;None;2500;kW;5,599999905;Bar;2606,542768611111;kW;-109;cm;5,310494686594444;m3/s;5,310697559613887;m3/s;69,91000366;moh;1,065190792;Mill.m3;-109;cm;82,88689423;mm;84,94752688925;%;2,599999905;None;0;m3/s;83,21803284;%
2026-01-09 01:00:00.000;217,06783444444446;kVAr;2600;kW;0;None;2500;kW;5,599999905;Bar;2606,409272777778;kW;-109,14166666666667;cm;5,311150138913888;m3/s;5,311306194469444;m3/s;69,90852749286559;moh;1,064888245402778;Mill.m3;-109,14759;cm;83,00309658458333;mm;84,94424891991666;%;2,599999905;None;0;m3/s;83,1943967626389;%
2026-01-09 02:00:00.000;220,86631027777779;kVAr;2600;kW;0;None;2500;kW;5,599999905;Bar;2600,9910619444445;kW;-109,26666666666667;cm;5,295958197094444;m3/s;5,296106449738888;m3/s;69,90731286198208;moh;1,0647507242222223;Mill.m3;-109,26906027777778;cm;83,05591583666667;mm;85,0202099485;%;2,599999905;None;0;m3/s;83,18365309111111;%
2026-01-09 03:00:00.000;214,64660361111112;kVAr;2600;kW;0;None;2500;kW;5,599999905;Bar;2605,4924652777777;kW;-109,33888888888889;cm;5,305735027783332;m3/s;5,3056101838666665;m3/s;69,90656322734391;moh;1,0644646801666668;Mill.m3;-109,34450722222222;cm;83,165779881;mm;84,97132447572223;%;2,599999905;None;0;m3/s;83,16130625433334;%
2026-01-09 04:00:00.000;222,0248086111111;kVAr;2600;kW;0;None;2500;kW;5,599999905;Bar;2600,9267191666668;kW;-109,4;cm;5,293788992083333;m3/s;5,293757781766667;m3/s;69,90611215906459;moh;1,0644261742361112;Mill.m3;-109,3893863888889;cm;83,18056927158334;mm;85,03105472966666;%;2,599999905;None;0;m3/s;83,15829802630556;%
2026-01-09 05:00:00.000;211,97414694444444;kVAr;2600;kW;0;None;2500;kW;5,599999905;Bar;2605,9864841666667;kW;-109,61666666666666;cm;5,307685734258333;m3/s;5,307467258069445;m3/s;69,90377371663799;moh;1,0639696039166664;Mill.m3;-109,62241444444444;cm;83,3559291885;mm;84,96157232833333;%;2,599999905;None;0;m3/s;83,12262903683333;%
2026-01-09 06:00:00.000;197,99481722222222;kVAr;2600;kW;0;None;2500;kW;5,599999905;Bar;2619,30418;kW;-109,60833333333333;cm;5,3449750608388875;m3/s;5,344904835972221;m3/s;69,90394517681138;moh;1,0639255733055557;Mill.m3;-109,60580944444445;cm;83,37284088566666;mm;84,77512406183334;%;2,599999905;None;0;m3/s;83,11918902744445;%
2026-01-09 07:00:00.000;215,6109627777778;kVAr;2600;kW;0;None;2500;kW;5,599999905;Bar;2607,978271111111;kW;-109,8;cm;5,311977207608333;m3/s;5,312070838561111;m3/s;69,90200936580045;moh;1,063634052236111;Mill.m3;-109,79923333333333;cm;83,48480816358334;mm;84,94011406294445;%;2,599999905;None;0;m3/s;83,09641447830556;%
2026-01-09 08:00:00.000;216,26107611111112;kVAr;2600;kW;0;None;2500;kW;5,599999905;Bar;2606,4533347222223;kW;-109,86111111111111;cm;5,306897686647222;m3/s;5,306889882408334;m3/s;69,9013297684101;moh;1,0634800285138888;Mill.m3;-109,8671025;cm;83,54396572591666;mm;84,96551174575;%;2,599999905;None;0;m3/s;83,08438156619444;%
2026-01-09 09:00:00.000;216,05675083333333;kVAr;2600;kW;0;None;2500;kW;5,599999905;Bar;2604,9920163888887;kW;-109,95833333333333;cm;5,309308663991665;m3/s;5,309215031719443;m3/s;69,9003866564589;moh;1,0633150030972225;Mill.m3;-109,96161555555555;cm;83,60734882841666;mm;84,9534563701389;%;2,599999905;None;0;m3/s;83,07148916036111;%
2026-01-09 10:00:00.000;215,8792061111111;kVAr;2600;kW;0;None;2500;kW;5,599999905;Bar;2607,0641180555554;kW;-110,06944444444444;cm;5,309012123047222;m3/s;5,309027728869445;m3/s;69,89929726525006;moh;1,0631059709722221;Mill.m3;-110,07052027777777;cm;83,68763356102778;mm;84,95493831638889;%;2,599999905;None;0;m3/s;83,05515825047222;%
2026-01-09 11:00:00.000;217,89337055555555;kVAr;2600;kW;0;None;2500;kW;5,599999905;Bar;2604,682818333333;kW;-110,05;cm;5,303753119066668;m3/s;5,303768724888891;m3/s;69,89955451972598;moh;1,0631389761027776;Mill.m3;-110,04489777777778;cm;83,67495657975;mm;84,98123435930556;%;2,599999905;None;0;m3/s;83,05773637180556;%
2026-01-09 12:00:00.000;211,40884888888888;kVAr;2600;kW;0;None;2500;kW;5,599999905;Bar;2605,4320933333333;kW;-110,21666666666667;cm;5,3078027938888885;m3/s;5,307849610025;m3/s;69,89783016264903;moh;1,062786921977778;Mill.m3;-110,21644611111111;cm;83,81017312230556;mm;84,96098613722222;%;2,599999905;None;0;m3/s;83,03023183186112;%
2026-01-09 13:00:00.000;212,65610388888888;kVAr;2600;kW;0;None;2500;kW;5,599999905;Bar;2600,3528175;kW;-110,25833333333334;cm;5,295037481513891;m3/s;5,294912636275002;m3/s;69,89729341992177;moh;1,0626439000388892;Mill.m3;-110,27072833333334;cm;83,86510446536111;mm;85,02481301541667;%;2,599999905;None;0;m3/s;83,01905773613889;%
2026-01-09 14:00:00.000;204,76097805555557;kVAr;2600;kW;0;None;2500;kW;5,599999905;Bar;2605,3144680555556;kW;-110,39722222222223;cm;5,305641400927776;m3/s;5,305610189288887;m3/s;69,89597020870463;moh;1,0624678730305555;Mill.m3;-110,40210694444444;cm;83,93271232280556;mm;84,97179304769445;%;2,599999905;None;0;m3/s;83,00530490525;%
2026-01-09 15:00:00.000;201,3883847222222;kVAr;2600;kW;0;None;2500;kW;5,599999905;Bar;2607,1471525;kW;-110,56111111111112;cm;5,306437314816667;m3/s;5,306499736775;m3/s;69,89447123288072;moh;1,0620168037222222;Mill.m3;-110,55317805555555;cm;84,10595821752777;mm;84,96781366069445;%;2,599999905;None;0;m3/s;82,97006430797222;%
2026-01-09 16:00:00.000;205,72568694444445;kVAr;2600;kW;0;None;2500;kW;5,599999905;Bar;2600,7371605555554;kW;-110,62222222222222;cm;5,292173837311109;m3/s;5,292072403452777;m3/s;69,89356548909305;moh;1,062000301222222;Mill.m3;-110,64293805555556;cm;84,11229620944444;mm;85,03913103705555;%;2,599999905;None;0;m3/s;82,9687750038889;%
2026-01-09 17:00:00.000;197,60184027777777;kVAr;2600;kW;0;None;2500;kW;5,599999905;Bar;2606,8925541666667;kW;-110,75555555555556;cm;5,307545260638889;m3/s;5,307537459052779;m3/s;69,89256143538262;moh;1,0618297750111112;Mill.m3;-110,74381444444444;cm;84,17779167880556;mm;84,96227342772222;%;2,599999905;None;0;m3/s;82,95545219502777;%
2026-01-09 18:00:00.000;199,25951027777776;kVAr;2600;kW;0;None;2500;kW;5,599999905;Bar;2606,034561111111;kW;-110,89166666666667;cm;5,304985986894445;m3/s;5,305064013344445;m3/s;69,89115681819219;moh;1,0613952083166667;Mill.m3;-110,8839611111111;cm;84,3446987115;mm;84,9750712073889;%;2,599999905;None;0;m3/s;82,92150052083333;%
2026-01-09 19:00:00.000;195,9604125;kVAr;2600;kW;0;None;2500;kW;5,599999905;Bar;2602,3218758333333;kW;-110,9;cm;5,2979947368861104;m3/s;5,297971329483333;m3/s;69,89088546846912;moh;1,061499724361111;Mill.m3;-110,9111188888889;cm;84,3045564831389;mm;85,01002682619445;%;2,599999905;None;0;m3/s;82,92966611336111;%
2026-01-09 20:00:00.000;185,19037277777778;kVAr;2600;kW;0;None;2500;kW;5,599999905;Bar;2604,153175277778;kW;-111;cm;5,300600854569446;m3/s;5,300515025202778;m3/s;69,8900155323426;moh;1,0611696736138887;Mill.m3;-110,998175;cm;84,43132203025;mm;84,99699590372222;%;2,599999905;None;0;m3/s;82,90388003169444;%
2026-01-09 21:00:00.000;182,68396638888888;kVAr;2600;kW;0;None;2500;kW;5,599999905;Bar;2606,664068611111;kW;-111,14166666666667;cm;5,3090199762250005;m3/s;5,309027779133334;m3/s;69,88860558901267;moh;1,0608451236305552;Mill.m3;-111,1382263888889;cm;84,55597544394445;mm;84,95490029588889;%;2,599999905;None;0;m3/s;82,87852371805556;%
2026-01-09 22:00:00.000;186,60821222222222;kVAr;2600;kW;0;None;2500;kW;5,599999905;Bar;2605,6948630555557;kW;-111,18611111111112;cm;5,306538702452778;m3/s;5,306569914091667;m3/s;69,88811871539953;moh;1,0607681118333334;Mill.m3;-111,18802305555556;cm;84,585553737;mm;84,9673070055;%;2,599999905;None;0;m3/s;82,87250696566667;%
2026-01-09 23:00:00.000;189,4878425;kVAr;2600;kW;0;None;2500;kW;5,599999905;Bar;2603,039457777778;kW;-111,29444444444445;cm;5,304876730208334;m3/s;5,3049157460888905;m3/s;69,88712428041373;moh;1,0605645804861108;Mill.m3;-111,28697305555555;cm;84,66372623008333;mm;84,97561694158334;%;2,599999905;None;0;m3/s;82,85660554863888;%
2026-01-10 00:00:00.000;188,78909583333333;kVAr;2600;kW;0;None;2500;kW;5,599999905;Bar;2605,2405430555555;kW;-111,46944444444445;cm;5,308848337433333;m3/s;5,309004390338889;m3/s;69,88522017612335;moh;1,0603005398027778;Mill.m3;-111,47846888888888;cm;84,76513932141667;mm;84,95575788313889;%;2,599999905;None;0;m3/s;82,83597668330556;%
2026-01-10 01:00:00.000;193,17427805555556;kVAr;2600;kW;0;None;2500;kW;5,599999905;Bar;2604,4330405555556;kW;-111,6;cm;5,302816816238889;m3/s;5,302871433963889;m3/s;69,88397797147063;moh;1,0599430324499999;Mill.m3;-111,60180111111112;cm;84,90244992183334;mm;84,98591575602778;%;2,599999905;None;0;m3/s;82,8080458305;%
2026-01-10 02:00:00.000;192,9136636111111;kVAr;2600;kW;0;None;2500;kW;5,599999905;Bar;2606,273819722222;kW;-111,73055555555555;cm;5,310479054208334;m3/s;5,3105180674333345;m3/s;69,88266431286905;moh;1,0597119968666666;Mill.m3;-111,73342277777778;cm;84,99118626533334;mm;84,94760434872222;%;2,599999905;None;0;m3/s;82,78999557333333;%
2026-01-10 03:00:00.000;214,71655083333334;kVAr;2600;kW;0;None;2500;kW;5,599999905;Bar;2591,352546111111;kW;-111,91944444444445;cm;5,273080515908334;m3/s;5,273220966966666;m3/s;69,88077025382718;moh;1,059475412736111;Mill.m3;-111,92271555555556;cm;85,08205470658334;mm;85,13459712072222;%;2,599999905;None;0;m3/s;82,7715114791389;%
2026-01-10 04:00:00.000;197,33482361111112;kVAr;2600;kW;0;None;2500;kW;5,599999905;Bar;2603,0357880555557;kW;-112;cm;5,303394206391667;m3/s;5,303448825438889;m3/s;69,87997196789773;moh;1,05924990185;Mill.m3;-112,00241833333334;cm;85,16866861616667;mm;84,98302906866667;%;2,599999905;None;0;m3/s;82,7538930245;%
2026-01-10 05:00:00.000;196,25028166666667;kVAr;2600;kW;0;None;2500;kW;5,599999905;Bar;2603,445186111111;kW;-112;cm;5,3039637631888885;m3/s;5,3039247499638895;m3/s;69,87999725;moh;1,059249878;Mill.m3;-112;cm;85,16867828;mm;84,98018033719444;%;2,599999905;None;0;m3/s;82,75389099;%
2026-01-10 06:00:00.000;193,66604555555554;kVAr;2600;kW;0;None;2500;kW;5,599999905;Bar;2603,1656966666665;kW;-112;cm;5,298704775311111;m3/s;5,298735985627778;m3/s;69,87999725;moh;1,059249878;Mill.m3;-112;cm;85,16867828;mm;85,00647661488888;%;2,599999905;None;0;m3/s;82,75389099;%
2026-01-10 07:00:00.000;190,46824027777777;kVAr;2600;kW;0;None;2500;kW;5,599999905;Bar;2610,212506111111;kW;-112,08333333333333;cm;5,318461304344443;m3/s;5,31839888238611;m3/s;69,87928119127125;moh;1,0590519906000002;Mill.m3;-112,08166388888888;cm;85,24468002;mm;84,90769299330556;%;2,599999905;None;0;m3/s;82,738431548;%
2026-01-10 08:00:00.000;201,47895888888888;kVAr;2600;kW;0;None;2500;kW;5,599999905;Bar;2606,2744080555553;kW;-112,26944444444445;cm;5,3120318836500005;m3/s;5,312063093969445;m3/s;69,87725113064126;moh;1,058821121966667;Mill.m3;-112,27468416666666;cm;85,33334871666666;mm;84,93984118569445;%;2,599999905;None;0;m3/s;82,72039553233333;%
2026-01-10 09:00:00.000;200,09110638888887;kVAr;2600;kW;0;None;2500;kW;5,599999905;Bar;2614,0746775;kW;-112,5111111111111;cm;5,325866099152779;m3/s;5,325858296244445;m3/s;69,87486665948875;moh;1,0582384535111111;Mill.m3;-112,51357888888889;cm;85,55713161777778;mm;84,87066910994444;%;2,599999905;None;0;m3/s;82,67487606422222;%
2026-01-10 10:00:00.000;213,69514138888889;kVAr;2600;kW;0;None;2500;kW;5,599999905;Bar;2603,4347397222223;kW;-112,70833333333333;cm;5,304993792375;m3/s;5,305173255336111;m3/s;69,87290539155751;moh;1,0578646662;Mill.m3;-112,70966833333334;cm;85,70069046;mm;84,97503197933334;%;2,599999905;None;0;m3/s;82,645674896;%
2026-01-10 11:00:00.000;219,47734916666667;kVAr;2600;kW;0;None;2500;kW;5,599999905;Bar;2606,6818183333335;kW;-112,90833333333333;cm;5,308044628455558;m3/s;5,30814606496389;m3/s;69,871019268385;moh;1,0573699476999998;Mill.m3;-112,89832861111111;cm;85,89069481;mm;84,95977713177778;%;2,599999905;None;0;m3/s;82,607026291;%
2026-01-10 12:00:00.000;217,28577027777777;kVAr;2600;kW;0;None;2500;kW;5,599999905;Bar;2607,8703341666665;kW;-112,96388888888889;cm;5,3127965396833305;m3/s;5,312796539688887;m3/s;69,87035295727999;moh;1,0573699476999998;Mill.m3;-112,96533555555555;cm;85,89069481;mm;84,93601733202777;%;2,599999905;None;0;m3/s;82,60702629100001;%
2026-01-10 13:00:00.000;216,4387463888889;kVAr;2600;kW;0;None;2500;kW;5,599999905;Bar;2603,847318611111;kW;-113;cm;5,304853302952778;m3/s;5,304884513269446;m3/s;69,87000275;moh;1,057271004;Mill.m3;-113;cm;85,92869568;mm;84,97573335427778;%;2,599999905;None;0;m3/s;82,59929657;%
2026-01-10 14:00:00.000;218,88359166666666;kVAr;2600;kW;0;None;2500;kW;5,599999905;Bar;2597,838836111111;kW;-113;cm;5,2866417090333355;m3/s;5,2866339061222245;m3/s;69,87000275;moh;1,057271004;Mill.m3;-113;cm;85,92869568;mm;85,06679155458333;%;2,599999905;None;0;m3/s;82,59929657;%
2026-01-10 15:00:00.000;218,47787;kVAr;2600;kW;0;None;2500;kW;5,599999905;Bar;2596,9237819444443;kW;-113;cm;5,282841748630556;m3/s;5,282802736730556;m3/s;69,87000275;moh;1,057271004;Mill.m3;-113;cm;85,92869568;mm;85,08579196955556;%;2,599999905;None;0;m3/s;82,59929657;%
2026-01-10 16:00:00.000;217,4779438888889;kVAr;2600;kW;0;None;2500;kW;5,599999905;Bar;2609,6820533333334;kW;-113;cm;5,316534021108334;m3/s;5,31643258725;m3/s;69,87000275;moh;1,057271004;Mill.m3;-113;cm;85,92869568;mm;84,91732930061112;%;2,599999905;None;0;m3/s;82,59929657;%
2026-01-10 17:00:00.000;226,77522444444443;kVAr;2600;kW;0;None;2500;kW;5,599999905;Bar;2604,826863333333;kW;-113,15277777777777;cm;5,311103313555557;m3/s;5,311079904822223;m3/s;69,86843357815798;moh;1,0570729735;Mill.m3;-113,15685027777778;cm;86,00475464;mm;84,94448307911111;%;2,599999905;None;0;m3/s;82,58382568400002;%
2026-01-10 18:00:00.000;228,70678166666667;kVAr;2600;kW;0;None;2500;kW;5,599999905;Bar;2610,1296338888887;kW;-113,49722222222222;cm;5,322175448472223;m3/s;5,322191052966668;m3/s;69,86503440366803;moh;1,0562533472638889;Mill.m3;-113,49665777777778;cm;86,31955422444445;mm;84,88912302605556;%;2,599999905;None;0;m3/s;82,51979340583334;%
2026-01-10 19:00:00.000;243,52984944444444;kVAr;2600;kW;0;None;2500;kW;5,599999905;Bar;2603,304202222222;kW;-113,90555555555555;cm;5,303245993608332;m3/s;5,303222584877777;m3/s;69,86090916827875;moh;1,0554557244166667;Mill.m3;-113,90933472222223;cm;86,62590281333334;mm;84,98377106866667;%;2,599999905;None;0;m3/s;82,457480115;%
2026-01-10 20:00:00.000;244,5758875;kVAr;2600;kW;0;None;2500;kW;5,599999905;Bar;2600,7477908333335;kW;-114;cm;5,292603053025002;m3/s;5,292462604613891;m3/s;69,86000061;moh;1,055290699;Mill.m3;-114;cm;86,68928528000001;mm;85,03698541766667;%;2,599999905;None;0;m3/s;82,44458771;%
2026-01-10 21:00:00.000;243,10905805555555;kVAr;2600;kW;0;None;2500;kW;5,599999905;Bar;2602,9196894444444;kW;-114;cm;5,301872644133334;m3/s;5,301919461594446;m3/s;69,86000061;moh;1,055290699;Mill.m3;-114;cm;86,68928528000001;mm;84,99063693166667;%;2,599999905;None;0;m3/s;82,44458771;%
2026-01-10 22:00:00.000;239,92978166666666;kVAr;2600;kW;0;None;2500;kW;5,599999905;Bar;2604,3319575;kW;-114;cm;5,306679141541665;m3/s;5,306686943125;m3/s;69,86000061;moh;1,055290699;Mill.m3;-114;cm;86,68928528000001;mm;84,96660406358333;%;2,599999905;None;0;m3/s;82,44458771;%
2026-01-10 23:00:00.000;227,94561277777777;kVAr;2600;kW;0;None;2500;kW;5,599999905;Bar;2613,272435;kW;-114;cm;5,324055895591666;m3/s;5,324094910144444;m3/s;69,86000061;moh;1,055290699;Mill.m3;-114;cm;86,68928528000001;mm;84,87972102591667;%;2,599999905;None;0;m3/s;82,44458771;%
2026-01-11 00:00:00.000;221,0321377777778;kVAr;2600;kW;0;None;2500;kW;5,599999905;Bar;2614,7149216666667;kW;-114;cm;5,335471280505557;m3/s;5,33547908473889;m3/s;69,86000061;moh;1,055290699;Mill.m3;-114;cm;86,68928528000001;mm;84,82264440294445;%;2,599999905;None;0;m3/s;82,44458771;%
2026-01-11 01:00:00.000;240,79924;kVAr;2600;kW;0;None;2500;kW;5,599999905;Bar;2599,2886144444446;kW;-114;cm;5,288256857163889;m3/s;5,288139814830555;m3/s;69,86000061;moh;1,055290699;Mill.m3;-114;cm;86,68928528000001;mm;85,05871577769445;%;2,599999905;None;0;m3/s;82,44458771;%
2026-01-11 02:00:00.000;235,27123305555557;kVAr;2600;kW;0;None;2500;kW;5,599999905;Bar;2602,8623483333336;kW;-113,75277777777778;cm;5,303729714291668;m3/s;5,303565857147223;m3/s;69,86252802575125;moh;1,0557802744027778;Mill.m3;-113,74748472222223;cm;86,50125062888888;mm;84,981351852;%;2,599999905;None;0;m3/s;82,48283517816667;%
2026-01-11 03:00:00.000;235,92770166666668;kVAr;2600;kW;0;None;2500;kW;5,599999905;Bar;2602,779373611111;kW;-113;cm;5,298572092730555;m3/s;5,298540882413888;m3/s;69,87000275;moh;1,057271004;Mill.m3;-113;cm;85,92869568;mm;85,00714001086111;%;2,599999905;None;0;m3/s;82,59929657;%
2026-01-11 04:00:00.000;230,48828333333333;kVAr;2600;kW;0;None;2500;kW;5,599999905;Bar;2608,213891388889;kW;-113;cm;5,314895463047224;m3/s;5,314957885002778;m3/s;69,87000275;moh;1,057271004;Mill.m3;-113;cm;85,92869568;mm;84,92552335444445;%;2,599999905;None;0;m3/s;82,59929657;%
2026-01-11 05:00:00.000;236,2502561111111;kVAr;2600;kW;0;None;2500;kW;5,599999905;Bar;2603,4546316666665;kW;-113;cm;5,301841484158333;m3/s;5,30178686511111;m3/s;69,87000275;moh;1,057271004;Mill.m3;-113;cm;85,92869568;mm;84,99079269838889;%;2,599999905;None;0;m3/s;82,59929657;%
2026-01-11 06:00:00.000;236,35814861111112;kVAr;2600;kW;0;None;2500;kW;5,599999905;Bar;2601,8219108333333;kW;-112,87777777777778;cm;5,295396404830555;m3/s;5,295466629694444;m3/s;69,87128293162375;moh;1,0575018726333332;Mill.m3;-112,87208444444444;cm;85,84002698333333;mm;85,02301870897222;%;2,599999905;None;0;m3/s;82,61733258566667;%
2026-01-11 07:00:00.000;236,7946386111111;kVAr;2600;kW;0;None;2500;kW;5,599999905;Bar;2602,884556388889;kW;-112,12222222222222;cm;5,299609916788888;m3/s;5,299508480280555;m3/s;69,87878656901874;moh;1,0590190093666665;Mill.m3;-112,12116083333333;cm;85,25734697666667;mm;85,001951578;%;2,599999905;None;0;m3/s;82,73585497433334;%
2026-01-11 08:00:00.000;238,09187166666666;kVAr;2600;kW;0;None;2500;kW;5,599999905;Bar;2603,70436;kW;-112;cm;5,3004837659222215;m3/s;5,300514976238889;m3/s;69,87999725;moh;1,059249878;Mill.m3;-112;cm;85,16867828;mm;84,99758201141667;%;2,599999905;None;0;m3/s;82,75389099;%
2026-01-11 09:00:00.000;218,48953555555556;kVAr;2600;kW;0;None;2500;kW;5,599999905;Bar;2615,8109430555555;kW;-112;cm;5,3347378188361105;m3/s;5,334722214338887;m3/s;69,87999725;moh;1,059249878;Mill.m3;-112;cm;85,16867828;mm;84,82631058066667;%;2,599999905;None;0;m3/s;82,75389099;%
2026-01-11 10:00:00.000;231,46678833333334;kVAr;2600;kW;0;None;2500;kW;5,599999905;Bar;2613,7356075;kW;-111,86111111111111;cm;5,331538707755554;m3/s;5,331640144263889;m3/s;69,8814084602677;moh;1,0594919152777778;Mill.m3;-111,85855611111111;cm;85,07571639633333;mm;84,84230651819445;%;2,599999905;None;0;m3/s;82,77280078322222;%
2026-01-11 11:00:00.000;238,21552111111112;kVAr;2600;kW;0;None;2500;kW;5,599999905;Bar;2604,956885;kW;-111,38888888888889;cm;5,299726898175001;m3/s;5,299625462994444;m3/s;69,88606007494474;moh;1,0604545635416662;Mill.m3;-111,3946025;cm;84,70598163175;mm;85,00136530197223;%;2,599999905;None;0;m3/s;82,84801018808334;%
2026-01-11 12:00:00.000;232,13566166666666;kVAr;2600;kW;0;None;2500;kW;5,599999905;Bar;2607,752987777778;kW;-111,075;cm;5,315426012016668;m3/s;5,315418209108334;m3/s;69,88926364925183;moh;1,0610926618194445;Mill.m3;-111,0734025;cm;84,46090030208333;mm;84,92287004280556;%;2,599999905;None;0;m3/s;82,89786327930555;%
2026-01-11 13:00:00.000;233,81789305555554;kVAr;2600;kW;0;None;2500;kW;5,599999905;Bar;2603,082142777778;kW;-110,96666666666667;cm;5,216416974863889;m3/s;5,231226587297223;m3/s;69,89032260637573;moh;1,06119720175;Mill.m3;-110,96742388888889;cm;84,420748134;mm;83,55958184097223;%;2,599999905;None;0;m3/s;82,90603090633333;%
2026-01-11 14:00:00.000;232,16700333333333;kVAr;2600;kW;0;None;2500;kW;5,599999905;Bar;2601,105880277778;kW;-110,7388888888889;cm;5,293843653583333;m3/s;5,293796836122222;m3/s;69,89261823364598;moh;1,0618187733388889;Mill.m3;-110,73859555555556;cm;84,18201704919444;mm;85,03078265683334;%;2,599999905;None;0;m3/s;82,95459265897222;%
2026-01-11 15:00:00.000;230,01175972222222;kVAr;2600;kW;0;None;2500;kW;5,599999905;Bar;2603,1672708333335;kW;-110,44444444444444;cm;5,29894658326389;m3/s;5,298735908655557;m3/s;69,89551234451986;moh;1,0622423383777777;Mill.m3;-110,44923694444445;cm;84,01933525955556;mm;85,00526701561111;%;2,599999905;None;0;m3/s;82,98768479711111;%
2026-01-11 16:00:00.000;230,85725027777778;kVAr;2600;kW;0;None;2500;kW;5,599999905;Bar;2604,5468241666667;kW;-110,2;cm;5,302957254033335;m3/s;5,303113309591668;m3/s;69,8981046435976;moh;1,062874935488889;Mill.m3;-110,18943055555556;cm;83,77636914052778;mm;84,98521461408333;%;2,599999905;None;0;m3/s;83,03710812030556;%
2026-01-11 17:00:00.000;235,8246213888889;kVAr;2600;kW;0;None;2500;kW;5,599999905;Bar;2600,484137777778;kW;-109,96944444444445;cm;5,296621435300001;m3/s;5,2967228731333345;m3/s;69,90026466346626;moh;1,0632709963555556;Mill.m3;-109,9734163888889;cm;83,62425071319444;mm;85,01689398052778;%;2,599999905;None;0;m3/s;83,06805091030556;%
2026-01-11 18:00:00.000;229,74083555555555;kVAr;2600;kW;0;None;2500;kW;5,599999905;Bar;2606,611316388889;kW;-109,75555555555556;cm;5,309449183847223;m3/s;5,309488197077776;m3/s;69,90238045004787;moh;1,0636560556444448;Mill.m3;-109,76215111111111;cm;83,47635693469445;mm;84,95275440036112;%;2,599999905;None;0;m3/s;83,09813331758333;%
2026-01-11 19:00:00.000;222,6733461111111;kVAr;2600;kW;0;None;2500;kW;5,599999905;Bar;2609,768241111111;kW;-109,51388888888889;cm;5,320318384927778;m3/s;5,320279371700001;m3/s;69,90480442695659;moh;1,0642611488194444;Mill.m3;-109,52036;cm;83,24395237408334;mm;84,89840831730555;%;2,599999905;None;0;m3/s;83,14540562047222;%
2026-01-11 20:00:00.000;230,4261011111111;kVAr;2600;kW;0;None;2500;kW;5,599999905;Bar;2602,9222638888887;kW;-109,29444444444445;cm;5,303651703741667;m3/s;5,303456636283335;m3/s;69,90712668836154;moh;1,0645526937388892;Mill.m3;-109,28855805555555;cm;83,13197543233333;mm;84,9817417568889;%;2,599999905;None;0;m3/s;83,16818207711111;%
2026-01-11 21:00:00.000;229,3595813888889;kVAr;2600;kW;0;None;2500;kW;5,599999905;Bar;2604,2087347222223;kW;-109,03888888888889;cm;5,3023798479638895;m3/s;5,302387649552777;m3/s;69,90957787263673;moh;1,0651851997277777;Mill.m3;-109,04293638888889;cm;82,88904404477778;mm;84,98810128125;%;2,599999905;None;0;m3/s;83,21759578105555;%
2026-01-11 22:00:00.000;228,04564611111113;kVAr;2600;kW;0;None;2500;kW;5,599999905;Bar;2602,8323802777777;kW;-108,76666666666667;cm;5,302075542449999;m3/s;5,302044330808331;m3/s;69,91238013716732;moh;1,0657349624749999;Mill.m3;-108,7624511111111;cm;82,67789749819444;mm;84,98962268852777;%;2,599999905;None;0;m3/s;83,26054471591667;%
2026-01-11 23:00:00.000;230,22999916666666;kVAr;2600;kW;0;None;2500;kW;5,599999905;Bar;2601,158026388889;kW;-108,44722222222222;cm;5,296410754030554;m3/s;5,296434162763888;m3/s;69,91551997861478;moh;1,0663177223555556;Mill.m3;-108,44836638888889;cm;82,4540775523889;mm;85,01794630666667;%;2,599999905;None;0;m3/s;83,30607187711111;%
2026-01-12 00:00:00.000;229,46265472222223;kVAr;2600;kW;0;None;2500;kW;5,599999905;Bar;2603,700531388889;kW;-108,10555555555555;cm;5,300749106019444;m3/s;5,300710091469444;m3/s;69,91882842903374;moh;1,0669114084055555;Mill.m3;-108,11590472222223;cm;82,22606266855556;mm;84,99625460341667;%;2,599999905;None;0;m3/s;83,35245223761112;%
2026-01-12 01:00:00.000;220,9397813888889;kVAr;2600;kW;0;None;2500;kW;5,599999905;Bar;2608,9615391666666;kW;-107,93888888888888;cm;5,3179306944444455;m3/s;5,3179853134916675;m3/s;69,92072862597772;moh;1,0672852831666666;Mill.m3;-107,94195833333333;cm;82,08246839227778;mm;84,91034567077777;%;2,599999905;None;0;m3/s;83,38166086566666;%
2026-01-12 02:00:00.000;220,39727194444444;kVAr;2600;kW;0;None;2500;kW;5,599999905;Bar;2610,0853572222222;kW;-107,70555555555555;cm;5,321207830702779;m3/s;5,321207830702779;m3/s;69,92316938547442;moh;1,0678960640333333;Mill.m3;-107,6843761111111;cm;81,8478755945;mm;84,89396010427778;%;2,599999905;None;0;m3/s;83,42938067216667;%
2026-01-12 03:00:00.000;227,2602222222222;kVAr;2600;kW;0;None;2500;kW;5,599999905;Bar;2605,75935;kW;-107,33055555555555;cm;5,308333349305556;m3/s;5,308309941897223;m3/s;69,92670767210187;moh;1,0684403617083333;Mill.m3;-107,32975888888889;cm;81,63882694075;mm;84,95833290905556;%;2,599999905;None;0;m3/s;83,47190367441667;%
2026-01-12 04:00:00.000;219,41527;kVAr;2600;kW;0;None;2500;kW;5,599999905;Bar;2610,689305;kW;-107,04166666666667;cm;5,3206460873333326;m3/s;5,3206460873333326;m3/s;69,9296617639777;moh;1,0690234515138888;Mill.m3;-107,03420472222223;cm;81,41487407491667;mm;84,89676933216667;%;2,599999905;None;0;m3/s;83,51745832236111;%
2026-01-12 05:00:00.000;223,48138138888888;kVAr;2600;kW;0;None;2500;kW;5,599999905;Bar;2613,4070775;kW;-106,69444444444444;cm;5,329923571491667;m3/s;5,329892359852778;m3/s;69,93305530460988;moh;1,0697495633472218;Mill.m3;-106,69374222222223;cm;81,13599022544444;mm;84,8503828045;%;2,599999905;None;0;m3/s;83,5741859005;%
2026-01-12 06:00:00.000;232,63141777777778;kVAr;2600;kW;0;None;2500;kW;5,599999905;Bar;2606,279606111111;kW;-106,28333333333333;cm;5,3104478955916665;m3/s;5,310494709077778;m3/s;69,93722503444397;moh;1,0705691418833332;Mill.m3;-106,27876388888889;cm;80,82120946033334;mm;84,94776003125;%;2,599999905;None;0;m3/s;83,63821487266667;%
2026-01-12 07:00:00.000;235,41637222222224;kVAr;2600;kW;0;None;2500;kW;5,599999905;Bar;2609,0121794444444;kW;-105,83888888888889;cm;5,318984104594443;m3/s;5,318999711738887;m3/s;69,94163327912273;moh;1,0713886011694445;Mill.m3;-105,83681361111111;cm;80,50647663372222;mm;84,90508034997222;%;2,599999905;None;0;m3/s;83,70223468966667;%
2026-01-12 08:00:00.000;233,85295583333334;kVAr;2600;kW;0;None;2500;kW;5,599999905;Bar;2608,165414166667;kW;-105,05;cm;5,297331485463888;m3/s;5,297401709008333;m3/s;69,94651103290543;moh;1,0693753191305555;Mill.m3;-105,34896638888888;cm;79,91306764838889;mm;84,70377663430556;%;2,5927776830416667;None;0;m3/s;83,54494781275;%
2026-01-12 09:00:00.000;235,5463538888889;kVAr;2600;kW;0;None;2500;kW;5,599999905;Bar;2610,8556738888888;kW;-105,075;cm;5,325436939136111;m3/s;5,325444740722222;m3/s;69,9492719701934;moh;1,0729059048527776;Mill.m3;-105,07225;cm;79,92372913508333;mm;84,87281472975;%;2,599999905;None;0;m3/s;83,82077539013889;%
2026-01-12 10:00:00.000;212,41153527777777;kVAr;2600;kW;0;None;2500;kW;5,599999905;Bar;2624,226111388889;kW;-104,50833333333334;cm;5,343547128272222;m3/s;5,343851435147223;m3/s;69,95192673612631;moh;1,0704639383305554;Mill.m3;-104,80566416666667;cm;79,49496144388888;mm;84,47043541797223;%;2,5927776830416662;None;0;m3/s;83,62999674358333;%
2026-01-12 11:00:00.000;205,05141305555554;kVAr;2600;kW;0;None;2500;kW;5,599999905;Bar;2625,296896388889;kW;-104,71388888888889;cm;5,365293394177777;m3/s;5,365269985444444;m3/s;69,95292534684214;moh;1,0735987492527777;Mill.m3;-104,70793;cm;79,65762640858334;mm;84,67353271713888;%;2,599999905;None;0;m3/s;83,87490391097222;%
2026-01-12 12:00:00.000;231,37546805555556;kVAr;2600;kW;0;None;2500;kW;5,599999905;Bar;2601,5848416666668;kW;-104,46666666666667;cm;5,298845191766666;m3/s;5,2989778372666665;m3/s;69,95533928211889;moh;1,0741763143611112;Mill.m3;-104,46663222222222;cm;79,43579521383333;mm;85,00577401008333;%;2,599999905;None;0;m3/s;83,92002555105556;%
2026-01-12 13:00:00.000;232,30890472222222;kVAr;2600;kW;0;None;2500;kW;5,599999905;Bar;2599,4864366666666;kW;-104,13333333333334;cm;5,2873361720666665;m3/s;5,2872659471972225;m3/s;69,9589119441086;moh;1,0747649049444445;Mill.m3;-104,10884333333334;cm;79,20972934477778;mm;85,06331969275;%;2,599999905;None;0;m3/s;83,9660089943611;%
2026-01-12 14:00:00.000;227,5713775;kVAr;2600;kW;0;None;2500;kW;5,599999905;Bar;2603,363695277778;kW;-103,76944444444445;cm;5,297908842608333;m3/s;5,297823011919444;m3/s;69,96231492826327;moh;1,0755240217111113;Mill.m3;-103,76888694444445;cm;78,91816821777779;mm;85,01045538519445;%;2,599999905;None;0;m3/s;84,02531520419444;%
2026-01-12 15:00:00.000;216,80325444444443;kVAr;2600;kW;0;None;2500;kW;5,599999905;Bar;2609,6560108333333;kW;-103,375;cm;5,315769341269445;m3/s;5,315792750000001;m3/s;69,96636448079322;moh;1,0764206593555556;Mill.m3;-103,36401277777777;cm;78,57379014888889;mm;84,92115298397222;%;2,599999905;None;0;m3/s;84,09536739272222;%
2026-01-12 16:00:00.000;214,00067833333333;kVAr;2600;kW;0;None;2500;kW;5,599999905;Bar;2608,373035277778;kW;-103,075;cm;5,316534017233333;m3/s;5,316534017233333;m3/s;69,96917305947822;moh;1,0769432395944445;Mill.m3;-103,0822561111111;cm;78,37307887727778;mm;84,91732970302778;%;2,599999905;None;0;m3/s;84,13619522819444;%
2026-01-12 17:00:00.000;211,67061444444445;kVAr;2600;kW;0;None;2500;kW;5,599999905;Bar;2610,491413611111;kW;-102,94444444444444;cm;5,320115503966666;m3/s;5,320185730158334;m3/s;69,97067025480948;moh;1,0771357691833332;Mill.m3;-102,93310611111112;cm;78,29913241183333;mm;84,8994225395;%;2,599999905;None;0;m3/s;84,15123685483333;%
2026-01-12 18:00:00.000;203,91857861111112;kVAr;2600;kW;0;None;2500;kW;5,599999905;Bar;2615,43438;kW;-102,65;cm;5,334456928597222;m3/s;5,334386703730554;m3/s;69,97363384443754;moh;1,0777408623611113;Mill.m3;-102,6359536111111;cm;78,06672782983334;mm;84,82771568277778;%;2,599999905;None;0;m3/s;84,19850913366666;%
2026-01-12 19:00:00.000;215,37165333333334;kVAr;2600;kW;0;None;2500;kW;5,599999905;Bar;2606,496328888889;kW;-102,30555555555556;cm;5,310096785763889;m3/s;5,310299658783333;m3/s;69,97678714004161;moh;1,0785109372472226;Mill.m3;-102,32175305555556;cm;77,77095773519444;mm;84,9495162955;%;2,599999905;None;0;m3/s;84,25867019355556;%
2026-01-12 20:00:00.000;211,2500452777778;kVAr;2600;kW;0;None;2500;kW;5,599999905;Bar;2608,1801769444446;kW;-102,02777777777777;cm;5,315152932516666;m3/s;5,3150358915138884;m3/s;69,97976294814868;moh;1,0790500163;Mill.m3;-102,02413361111111;cm;77,56390787766667;mm;84,92423549183333;%;2,599999905;None;0;m3/s;84,30078506533333;%
2026-01-12 21:00:00.000;213,00259972222221;kVAr;2600;kW;0;None;2500;kW;5,599999905;Bar;2607,502358611111;kW;-101,775;cm;5,310689787136111;m3/s;5,310650772583333;m3/s;69,9821899345;moh;1,079517298138889;Mill.m3;-101,78159972222223;cm;77,38443999722222;mm;84,94655081413889;%;2,599999905;None;0;m3/s;84,33729034027778;%
2026-01-12 22:00:00.000;207,6065988888889;kVAr;2600;kW;0;None;2500;kW;5,599999905;Bar;2608,7636533333334;kW;-101,45833333333333;cm;5,317673258016666;m3/s;5,317712272569444;m3/s;69,98539936337426;moh;1,0801164572111113;Mill.m3;-101,45980027777777;cm;77,15432361794444;mm;84,91163412644444;%;2,599999905;None;0;m3/s;84,38409822238889;%
2026-01-12 23:00:00.000;198,20692583333334;kVAr;2600;kW;0;None;2500;kW;5,599999905;Bar;2612,8613677777776;kW;-101,16666666666667;cm;5,323720359872222;m3/s;5,323899822833332;m3/s;69,98834333886057;moh;1,080660667436111;Mill.m3;-101,16546583333333;cm;76,94531077972222;mm;84,88139866663889;%;2,599999905;None;0;m3/s;84,42661325613889;%
2026-01-13 00:00:00.000;179,4317325;kVAr;2600;kW;0;None;2500;kW;5,599999905;Bar;2629,466193611111;kW;-101,08888888888889;cm;5,374695742069445;m3/s;5,374734756619444;m3/s;69,98906454582752;moh;1,0808310506;Mill.m3;-101,09339444444444;cm;76,87987289;mm;84,62652187327778;%;2,599999905;None;0;m3/s;84,439923858;%
2026-01-13 01:00:00.000;199,13102722222223;kVAr;2600;kW;0;None;2500;kW;5,599999905;Bar;2611,3190833333333;kW;-101,25;cm;5,325522794994443;m3/s;5,325577414041665;m3/s;69,9874944924837;moh;1,0804848708750003;Mill.m3;-101,25030666666666;cm;77,01282600622223;mm;84,87238644463889;%;2,599999905;None;0;m3/s;84,41288047325;%
2026-01-13 02:00:00.000;208,12985111111112;kVAr;2600;kW;0;None;2500;kW;5,599999905;Bar;2602,7965227777777;kW;-101,28611111111111;cm;5,299719116408333;m3/s;5,299641088630555;m3/s;69,9871474675577;moh;1,0803969169444447;Mill.m3;-101,28562055555555;cm;77,04660616808333;mm;85,00140444344444;%;2,599999905;None;0;m3/s;84,40600937702777;%
2026-01-13 03:00:00.000;213,06956861111112;kVAr;2600;kW;0;None;2500;kW;5,599999905;Bar;2601,682981666667;kW;-101,38888888888889;cm;5,298189765916664;m3/s;5,29834582014722;m3/s;69,98600130917002;moh;1,0802868682000004;Mill.m3;-101,40055027777778;cm;77,08887445444445;mm;85,00905130102778;%;2,599999905;None;0;m3/s;84,39741157933334;%
2026-01-13 04:00:00.000;203,54326138888888;kVAr;2600;kW;0;None;2500;kW;5,599999905;Bar;2605,859446666667;kW;-101,39166666666667;cm;5,304962557013891;m3/s;5,304845516008335;m3/s;69,98619928326791;moh;1,0803418766722221;Mill.m3;-101,3806175;cm;77,06774675355555;mm;84,97518764041666;%;2,599999905;None;0;m3/s;84,40170900527778;%
2026-01-13 05:00:00.000;198,80727666666667;kVAr;2600;kW;0;None;2500;kW;5,599999905;Bar;2607,2415975;kW;-101,41388888888889;cm;5,316073660144444;m3/s;5,316104871786111;m3/s;69,985868185437;moh;1,0800395010000001;Mill.m3;-101,4137013888889;cm;77,18387985033333;mm;84,91963189358333;%;2,599999905;None;0;m3/s;84,37808634433334;%
2026-01-13 06:00:00.000;183,85938555555555;kVAr;2600;kW;0;None;2500;kW;5,599999905;Bar;2619,334301388889;kW;-101,48611111111111;cm;5,343305232777779;m3/s;5,343266218227779;m3/s;69,98512956109806;moh;1,080105439616667;Mill.m3;-101,48770083333334;cm;77,1585556005;mm;84,78347331033333;%;2,599999905;None;0;m3/s;84,38323733;%
2026-01-13 07:00:00.000;203,40319833333334;kVAr;2600;kW;0;None;2500;kW;5,599999905;Bar;2610,4654219444446;kW;-101,65833333333333;cm;5,318765588555554;m3/s;5,318734378238887;m3/s;69,98358418955192;moh;1,0797481429222224;Mill.m3;-101,651355;cm;77,29578096438888;mm;84,90617156425;%;2,599999905;None;0;m3/s;84,35532444861111;%
2026-01-13 08:00:00.000;208,48885194444443;kVAr;2600;kW;0;None;2500;kW;5,599999905;Bar;2602,6469119444446;kW;-101,63055555555556;cm;5,296910161502778;m3/s;5,29701159668889;m3/s;69,98351353524387;moh;1,0798470627722225;Mill.m3;-101,65061638888889;cm;77,2577897583889;mm;85,01544990508333;%;2,599999905;None;0;m3/s;84,36305238944445;%
2026-01-13 09:00:00.000;207,21794583333335;kVAr;2600;kW;0;None;2500;kW;5,599999905;Bar;2601,7909647222223;kW;-101,80555555555556;cm;5,299087027674999;m3/s;5,299048014447222;m3/s;69,9819708044023;moh;1,0795117813916664;Mill.m3;-101,80315833333333;cm;77,3865592098611;mm;85,00456354302777;%;2,599999905;None;0;m3/s;84,3368593218889;%
2026-01-13 10:00:00.000;201,44652888888888;kVAr;2600;kW;0;None;2500;kW;5,599999905;Bar;2606,2639975;kW;-101,86944444444444;cm;5,309495990872223;m3/s;5,309511596691667;m3/s;69,98132429824253;moh;1,0793083931444443;Mill.m3;-101,86752027777777;cm;77,46467371994444;mm;84,95252020016666;%;2,599999905;None;0;m3/s;84,32097013305555;%
2026-01-13 11:00:00.000;195,86500166666667;kVAr;2600;kW;0;None;2500;kW;5,599999905;Bar;2610,6394477777776;kW;-101,89722222222223;cm;5,319108931277778;m3/s;5,31924938101389;m3/s;69,98105536966469;moh;1,0792038531972221;Mill.m3;-101,89567472222222;cm;77,50482601536112;mm;84,90445581941667;%;2,599999905;None;0;m3/s;84,31280303588889;%
2026-01-13 12:00:00.000;202,4859325;kVAr;2600;kW;0;None;2500;kW;5,599999905;Bar;2602,8314391666668;kW;-102,04166666666667;cm;5,3022003809194445;m3/s;5,302176973511112;m3/s;69,97960332681546;moh;1,079016772716667;Mill.m3;-102,04071194444444;cm;77,5766811365;mm;84,988997776;%;2,599999905;None;0;m3/s;84,298187511;%
2026-01-13 13:00:00.000;195,5498661111111;kVAr;2600;kW;0;None;2500;kW;5,599999905;Bar;2608,655151388889;kW;-102,1138888888889;cm;5,243976248694445;m3/s;5,258739048963889;m3/s;69,97881648479087;moh;1,0788190045666668;Mill.m3;-102,11869;cm;77,65263455733333;mm;84,91085266552778;%;2,599999905;None;0;m3/s;84,28273760566667;%
2026-01-13 14:00:00.000;187,29601805555555;kVAr;2600;kW;0;None;2500;kW;5,599999905;Bar;2613,5312788888887;kW;-102,15833333333333;cm;5,328932607194444;m3/s;5,328932607194444;m3/s;69,97833229615843;moh;1,078620974066667;Mill.m3;-102,16698666666667;cm;77,72869428033333;mm;84,85533720544444;%;2,599999905;None;0;m3/s;84,26726671966667;%
2026-01-13 15:00:00.000;174,77034972222222;kVAr;2600;kW;0;None;2500;kW;5,599999905;Bar;2622,772230833333;kW;-102,34166666666667;cm;5,35436175398611;m3/s;5,354314939172221;m3/s;69,9766483894121;moh;1,0783624580972224;Mill.m3;-102,33549027777778;cm;77,82798481041667;mm;84,72819040077778;%;2,599999905;None;0;m3/s;84,24707052583334;%
2026-01-13 16:00:00.000;190,4613752777778;kVAr;2600;kW;0;None;2500;kW;5,599999905;Bar;2608,419893888889;kW;-102,31944444444444;cm;5,313467579483335;m3/s;5,313366142972224;m3/s;69,97678565211339;moh;1,0782964479305557;Mill.m3;-102,32203222222222;cm;77,85333805141667;mm;84,93266249808333;%;2,599999905;None;0;m3/s;84,24191356383334;%
2026-01-13 17:00:00.000;189,51421833333333;kVAr;2600;kW;0;None;2500;kW;5,599999905;Bar;2604,5698475;kW;-102,48333333333333;cm;5,3069912963777774;m3/s;5,3070225080222215;m3/s;69,97528657860254;moh;1,078175429291667;Mill.m3;-102,47136861111112;cm;77,89981899325;mm;84,96504395833334;%;2,599999905;None;0;m3/s;84,2324591335;%
2026-01-13 18:00:00.000;182,18853444444446;kVAr;2600;kW;0;None;2500;kW;5,599999905;Bar;2607,5237672222224;kW;-102,41944444444445;cm;5,313077396830556;m3/s;5,313030580694444;m3/s;69,97586866607851;moh;1,0782359147611114;Mill.m3;-102,41412583333333;cm;77,87658818616667;mm;84,93461267647223;%;2,599999905;None;0;m3/s;84,23718444133333;%
2026-01-13 19:00:00.000;183,54697972222223;kVAr;2600;kW;0;None;2500;kW;5,599999905;Bar;2607,3663175;kW;-102,45555555555555;cm;5,311649488108334;m3/s;5,311649488108333;m3/s;69,97540007510781;moh;1,0781424242083337;Mill.m3;-102,45990111111111;cm;77,91249561375;mm;84,94175213630555;%;2,599999905;None;0;m3/s;84,2298806525;%
2026-01-13 20:00:00.000;179,04170083333332;kVAr;2600;kW;0;None;2500;kW;5,599999905;Bar;2610,1830725;kW;-102,49444444444444;cm;5,3213717248166645;m3/s;5,321239079313887;m3/s;69,97505171724185;moh;1,078125921666667;Mill.m3;-102,4945;cm;77,918833924;mm;84,89314140577778;%;2,599999905;None;0;m3/s;84,228591412;%
2026-01-13 21:00:00.000;180,22224305555557;kVAr;2600;kW;0;None;2500;kW;5,599999905;Bar;2606,733004166667;kW;-102,39166666666667;cm;5,312578021283333;m3/s;5,312632641655556;m3/s;69,97597265316885;moh;1,0783789606388892;Mill.m3;-102,40294916666667;cm;77,82164650016666;mm;84,93710933263888;%;2,599999905;None;0;m3/s;84,24835976633334;%
2026-01-13 22:00:00.000;178,03622083333335;kVAr;2600;kW;0;None;2500;kW;5,599999905;Bar;2605,0749102777777;kW;-102,19166666666666;cm;5,310120190641666;m3/s;5,310120189319444;m3/s;69,97806520087825;moh;1,078725514013889;Mill.m3;-102,19339805555556;cm;77,68854198491667;mm;84,94939933397222;%;2,599999905;None;0;m3/s;84,27543381683333;%
2026-01-13 23:00:00.000;168,8901713888889;kVAr;2600;kW;0;None;2500;kW;5,599999905;Bar;2608,0591375;kW;-102,06111111111112;cm;5,316284308261112;m3/s;5,316260900855556;m3/s;69,97937630639478;moh;1,0789840538333335;Mill.m3;-102,06273694444444;cm;77,589241791;mm;84,91857829594444;%;2,599999905;None;0;m3/s;84,295631918;%
2026-01-14 00:00:00.000;165,30102;kVAr;2600;kW;0;None;2500;kW;5,599999905;Bar;2612,2735044444444;kW;-102,00833333333334;cm;5,3237359191888896;m3/s;5,323829555433334;m3/s;69,97989487276244;moh;1,0790500163000003;Mill.m3;-102,01127166666667;cm;77,56390787766667;mm;84,88131995594445;%;2,599999905;None;0;m3/s;84,30078506533333;%
2026-01-14 01:00:00.000;157,02705583333332;kVAr;2600;kW;0;None;2500;kW;5,599999905;Bar;2615,9172908333335;kW;-101,96944444444445;cm;5,3328183757083325;m3/s;5,332888599255556;m3/s;69,98022221456375;moh;1,0790830452333333;Mill.m3;-101,96847722222222;cm;77,55122159333334;mm;84,83590806272223;%;2,599999905;None;0;m3/s;84,30336545366667;%
2026-01-14 02:00:00.000;150,74611305555555;kVAr;2600;kW;0;None;2500;kW;5,599999905;Bar;2621,1470413888887;kW;-102;cm;5,347854245977777;m3/s;5,347854245977777;m3/s;69,98000336;moh;1,079050064;Mill.m3;-102;cm;77,56388855;mm;84,76072811613889;%;2,599999905;None;0;m3/s;84,30078888;%
2026-01-14 03:00:00.000;149,0385938888889;kVAr;2600;kW;0;None;2500;kW;5,599999905;Bar;2616,55688;kW;-102;cm;5,340582092577778;m3/s;5,340597698397222;m3/s;69,98000336;moh;1,079050064;Mill.m3;-102;cm;77,56388855;mm;84,79709014813889;%;2,599999905;None;0;m3/s;84,30078888;%
2026-01-14 04:00:00.000;157,34285166666666;kVAr;2600;kW;0;None;2500;kW;5,599999905;Bar;2610,992811111111;kW;-101,86666666666666;cm;5,319748751302778;m3/s;5,3198189761694445;m3/s;69,98134000221998;moh;1,079368882588889;Mill.m3;-101,86641388888889;cm;77,44144130222222;mm;84,90125596708333;%;2,599999905;None;0;m3/s;84,32569575877778;%
2026-01-14 05:00:00.000;146,2463852777778;kVAr;2600;kW;0;None;2500;kW;5,599999905;Bar;2615,3691155555557;kW;-101,81666666666666;cm;5,335533707650002;m3/s;5,335408863736112;m3/s;69,98188948039625;moh;1,079418354438889;Mill.m3;-101,81152583333333;cm;77,42244086722222;mm;84,82233183013889;%;2,599999905;None;0;m3/s;84,32956061927777;%
2026-01-14 06:00:00.000;146,5232125;kVAr;2600;kW;0;None;2500;kW;5,599999905;Bar;2616,977051111111;kW;-101,72777777777777;cm;5,342829223541668;m3/s;5,343039898147223;m3/s;69,98261631930374;moh;1,0795832606055555;Mill.m3;-101,73759361111111;cm;77,35910608388889;mm;84,785854021;%;2,599999905;None;0;m3/s;84,3424434876111;%
2026-01-14 07:00:00.000;164,478535;kVAr;2600;kW;0;None;2500;kW;5,599999905;Bar;2601,693996388889;kW;-101,65;cm;5,297932277822222;m3/s;5,2976435780888895;m3/s;69,98358975584125;moh;1,0798196261111113;Mill.m3;-101,64058111111112;cm;77,26832622777778;mm;85,01033838061112;%;2,599999905;None;0;m3/s;84,36090893222222;%
2026-01-14 08:00:00.000;157,0362925;kVAr;2600;kW;0;None;2500;kW;5,599999905;Bar;2605,0241708333333;kW;-101,56944444444444;cm;5,307638906175;m3/s;5,30774034136111;m3/s;69,98432559812751;moh;1,0799625447888888;Mill.m3;-101,5673975;cm;77,21343608222222;mm;84,96180612744445;%;2,599999905;None;0;m3/s;84,37207408477778;%
2026-01-14 09:00:00.000;150,8288411111111;kVAr;2600;kW;0;None;2500;kW;5,599999905;Bar;2601,0669083333332;kW;-101,33333333333333;cm;5,294194755297222;m3/s;5,294140137577777;m3/s;69,98660103761374;moh;1,0803693133333334;Mill.m3;-101,33933888888889;cm;77,05721028333333;mm;85,02902675172223;%;2,599999905;None;0;m3/s;84,40385182666667;%
2026-01-14 10:00:00.000;108,63877666666667;kVAr;2599,9963888888888;kW;0;None;2499,996527777778;kW;5,599999905;Bar;2608,362257222222;kW;-100,88874722222222;cm;5,300889919951453;m3/s;5,301264451701455;m3/s;69,98832826695713;moh;1,0777112566931417;Mill.m3;-101,16703916666667;cm;76,71075647976228;mm;84,68352774674074;%;2,5927740719306875;None;0;m3/s;84,19619026407875;%
2026-01-14 11:00:00.000;115,86875944444445;kVAr;2600;kW;0;None;2500;kW;5,599999905;Bar;2600,309651111111;kW;-101,025;cm;5,297003744705556;m3/s;5,296933521163889;m3/s;69,98973059318875;moh;1,0809629755333332;Mill.m3;-101,0266063888889;cm;76,82920506333335;mm;85,01498184183333;%;2,599999905;None;0;m3/s;84,45023015266666;%
2026-01-14 12:00:00.000;131,12476722222223;kVAr;2600;kW;0;None;2500;kW;5,599999905;Bar;2589,985219166667;kW;-101;cm;5,2646925542166665;m3/s;5,264770580669444;m3/s;69,98999786;moh;1,081028938;Mill.m3;-101;cm;76,80387115;mm;85,17653730211111;%;2,599999905;None;0;m3/s;84,4553833;%
2026-01-14 13:00:00.000;113,97474805555555;kVAr;2600;kW;0;None;2500;kW;5,599999905;Bar;2602,9397633333333;kW;-100,94166666666666;cm;5,3013577117777775;m3/s;5,301256276591666;m3/s;69,99055316214258;moh;1,0810949481666667;Mill.m3;-100,94439277777778;cm;76,77851790933335;mm;84,99321227575;%;2,599999905;None;0;m3/s;84,46054051633332;%
2026-01-14 14:00:00.000;117,83093583333333;kVAr;2600;kW;0;None;2500;kW;5,599999905;Bar;2600,741;kW;-100,38333333333334;cm;5,208107078144444;m3/s;5,237531236874999;m3/s;69,99336528880892;moh;1,0786971831999996;Mill.m3;-100,66375833333333;cm;76,33276911669445;mm;83,60113251955555;%;2,5927776830416662;None;0;m3/s;84,27321671244444;%
2026-01-14 15:00:00.000;113,0030625;kVAr;2600;kW;0;None;2500;kW;5,599999905;Bar;2603,940071111111;kW;-100,40277777777777;cm;5,303737563672222;m3/s;5,303760972405556;m3/s;69,99605481702257;moh;1,0821456099861109;Mill.m3;-100,39425583333333;cm;76,37497882872222;mm;84,98131251869444;%;2,599999905;None;0;m3/s;84,54262620963888;%
2026-01-14 16:00:00.000;112,36712555555556;kVAr;2600;kW;0;None;2500;kW;5,599999905;Bar;2605,059078333333;kW;-100,22777777777777;cm;5,305188825463889;m3/s;5,305196628377777;m3/s;69,9978091618165;moh;1,0825141667499998;Mill.m3;-100,21900027777778;cm;76,233423235;mm;84,97405662405555;%;2,599999905;None;0;m3/s;84,5714206675;%
2026-01-14 17:00:00.000;120,41313305555556;kVAr;2600;kW;0;None;2500;kW;5,599999905;Bar;2598,5256219444445;kW;-100;cm;5,286953857261111;m3/s;5,286961660169444;m3/s;70;moh;1,083009243;Mill.m3;-100;cm;76,04327393;mm;85,06523125991667;%;2,599999905;None;0;m3/s;84,61009979;%
2026-01-14 18:00:00.000;105,91530722222222;kVAr;2600;kW;0;None;2500;kW;5,599999905;Bar;2612,5209969444445;kW;-99,97222222222223;cm;5,324180720894446;m3/s;5,324219734119445;m3/s;70,00027596182098;moh;1,083080754013889;Mill.m3;-99,97240805555556;cm;76,01580819444445;mm;84,87909626363889;%;2,599999905;None;0;m3/s;84,61568677436111;%
2026-01-14 19:00:00.000;105,36948194444444;kVAr;2600;kW;0;None;2500;kW;5,599999905;Bar;2614,2747802777776;kW;-99,82222222222222;cm;5,333481537008333;m3/s;5,333481537008333;m3/s;70,00173899706576;moh;1,0833392938333333;Mill.m3;-99,82620944444444;cm;75,91650899666666;mm;84,83259190411111;%;2,599999905;None;0;m3/s;84,63588587166667;%
2026-01-14 20:00:00.000;105,64365222222222;kVAr;2600;kW;0;None;2500;kW;5,599999905;Bar;2613,824831111111;kW;-99,52777777777777;cm;5,333590846563888;m3/s;5,333520620374999;m3/s;70,0047807534179;moh;1,0839608895694444;Mill.m3;-99,52207333333334;cm;75,67776837222222;mm;84,83204606333334;%;2,599999905;None;0;m3/s;84,68444965880556;%
2026-01-14 21:00:00.000;117,48971666666667;kVAr;2600;kW;0;None;2500;kW;5,599999905;Bar;2602,970264722222;kW;-99,1138888888889;cm;5,297339296391667;m3/s;5,297417324172223;m3/s;70,0089287408973;moh;1,0847255073333333;Mill.m3;-99,10697027777778;cm;75,38409627666667;mm;85,01330441388889;%;2,599999905;None;0;m3/s;84,74418741466667;%
2026-01-14 22:00:00.000;102,56298;kVAr;2600;kW;0;None;2500;kW;5,599999905;Bar;2613,2798455555558;kW;-99;cm;5,330063953594445;m3/s;5,3300249390416665;m3/s;70,01000214;moh;1,084989548;Mill.m3;-99;cm;75,28268433;mm;84,84967986066667;%;2,599999905;None;0;m3/s;84,76481628;%
2026-01-14 23:00:00.000;116,40703722222223;kVAr;2600;kW;0;None;2500;kW;5,599999905;Bar;2599,039564722222;kW;-99;cm;5,289879834700001;m3/s;5,289926650836112;m3/s;70,01000214;moh;1,084989548;Mill.m3;-99;cm;75,28268433;mm;85,05060106897223;%;2,599999905;None;0;m3/s;84,76481628;%
2026-01-15 00:00:00.000;112,72597777777777;kVAr;2600;kW;0;None;2500;kW;5,599999905;Bar;2598,862758333333;kW;-98,91111111111111;cm;5,290987845319444;m3/s;5,291026858544444;m3/s;70,01086009564251;moh;1,085115976061111;Mill.m3;-98,91430166666666;cm;75,23412766277778;mm;85,04506130175;%;2,599999905;None;0;m3/s;84,77469314636112;%
2026-01-15 01:00:00.000;102,03228833333333;kVAr;2600;kW;0;None;2500;kW;5,599999905;Bar;2605,6610183333332;kW;-98,39166666666667;cm;5,309558379652778;m3/s;5,309371113780556;m3/s;70,0161591462275;moh;1,0862758161;Mill.m3;-98,38382416666667;cm;74,78867302;mm;84,95220788330556;%;2,599999905;None;0;m3/s;84,8653026595;%
2026-01-15 02:00:00.000;97,59881166666666;kVAr;2600;kW;0;None;2500;kW;5,599999905;Bar;2605,8546269444446;kW;-98;cm;5,307631112638889;m3/s;5,307553084858333;m3/s;70,01999664;moh;1,086968422;Mill.m3;-98;cm;74,52266693;mm;84,96184488966666;%;2,599999905;None;0;m3/s;84,91941071;%
2026-01-15 03:00:00.000;92,35642972222222;kVAr;2600;kW;0;None;2500;kW;5,599999905;Bar;2611,5333380555558;kW;-98;cm;5,321207902147224;m3/s;5,3211844947388895;m3/s;70,01999664;moh;1,086968422;Mill.m3;-98;cm;74,52266693;mm;84,89396082525;%;2,599999905;None;0;m3/s;84,91941071;%
2026-01-15 04:00:00.000;88,185285;kVAr;2600;kW;0;None;2500;kW;5,599999905;Bar;2616,3874455555556;kW;-97,91944444444445;cm;5,335447923252778;m3/s;5,3354401203416675;m3/s;70,02071787764517;moh;1,087133447416667;Mill.m3;-97,92742777777778;cm;74,4592838275;mm;84,82276005183333;%;2,599999905;None;0;m3/s;84,932303115;%
2026-01-15 05:00:00.000;90,54438944444445;kVAr;2600;kW;0;None;2500;kW;5,599999905;Bar;2616,8286730555556;kW;-97,29722222222222;cm;5,337648289750002;m3/s;5,337656091336113;m3/s;70,02696309439116;moh;1,0884866558333335;Mill.m3;-97,30318972222223;cm;73,939542387;mm;84,8117594411111;%;2,599999905;None;0;m3/s;85,038020836;%
2026-01-15 06:00:00.000;103,99312944444445;kVAr;2600;kW;0;None;2500;kW;5,599999905;Bar;2611,2075925;kW;-97,0111111111111;cm;5,324758119005556;m3/s;5,324921977472221;m3/s;70,02990062288775;moh;1,0889157219166667;Mill.m3;-97,00979805555555;cm;73,7747463205;mm;84,87620923847223;%;2,599999905;None;0;m3/s;85,071541089;%
2026-01-15 07:00:00.000;112,79881944444445;kVAr;2600;kW;0;None;2500;kW;5,599999905;Bar;2605,0790444444447;kW;-96,88333333333334;cm;5,306203235572221;m3/s;5,306320277902778;m3/s;70,03113638728476;moh;1,0891467573999998;Mill.m3;-96,88646916666667;cm;73,686009977;mm;84,9689840951389;%;2,599999905;None;0;m3/s;85,089591219;%
2026-01-15 08:00:00.000;100,79371527777778;kVAr;2600;kW;0;None;2500;kW;5,599999905;Bar;2615,39395;kW;-96,33333333333333;cm;5,3347846786222215;m3/s;5,334769072802778;m3/s;70,03667664209006;moh;1,0903624440222224;Mill.m3;-96,33240638888888;cm;73,21908778858334;mm;84,82607621022223;%;2,599999905;None;0;m3/s;85,18456995313889;%
2026-01-15 09:00:00.000;112,29698416666666;kVAr;2600;kW;0;None;2500;kW;5,599999905;Bar;2605,200042777778;kW;-95,46111111111111;cm;5,205149814883333;m3/s;5,219795570175;m3/s;70,04003395459081;moh;1,0848353090944445;Mill.m3;-95,99667472222222;cm;72,60858535455556;mm;84,48690730241667;%;2,585555461083333;None;0;m3/s;84,75276391816666;%
2026-01-15 10:00:00.000;117,37178361111111;kVAr;2600;kW;0;None;2500;kW;5,599999905;Bar;2605,418595277778;kW;-95,68333333333334;cm;5,23238140878611;m3/s;5,247081783127777;m3/s;70,04298160752901;moh;1,0916881935333334;Mill.m3;-95,70198833333333;cm;72,70991312333334;mm;83,78948192613889;%;2,599999905;None;0;m3/s;85,288141123;%
2026-01-15 11:00:00.000;116,45719666666666;kVAr;2600;kW;0;None;2500;kW;5,599999905;Bar;2603,3838847222223;kW;-95,1361111111111;cm;5,303097661358334;m3/s;5,303097661358334;m3/s;70,04867602851573;moh;1,0926343961111111;Mill.m3;-95,13251638888889;cm;72,34652031444445;mm;84,98451120655555;%;2,599999905;None;0;m3/s;85,36205757833334;%
2026-01-15 12:00:00.000;117,7971625;kVAr;2600;kW;0;None;2500;kW;5,599999905;Bar;2607,734678611111;kW;-94,96111111111111;cm;5,317072407411111;m3/s;5,31715043651111;m3/s;70,05044784456254;moh;1,09300839275;Mill.m3;-94,95586972222222;cm;72,2028820005;mm;84,914637967;%;2,599999905;None;0;m3/s;85,3912750225;%
2026-01-15 13:00:00.000;118,83130472222223;kVAr;2600;kW;0;None;2500;kW;5,599999905;Bar;2610,549539722222;kW;-95,15833333333333;cm;5,317571788402778;m3/s;5,317517169355556;m3/s;70,04827562455093;moh;1,0926123357666666;Mill.m3;-95,1719375;cm;72,35499038366666;mm;84,91214131191667;%;2,599999905;None;0;m3/s;85,36033503066666;%
2026-01-15 14:00:00.000;109,98908055555556;kVAr;2600;kW;0;None;2500;kW;5,599999905;Bar;2606,3662986111112;kW;-96,13333333333334;cm;5,314513113724999;m3/s;5,314575535683333;m3/s;70,0386210913228;moh;1,0907310025999999;Mill.m3;-96,13779611111111;cm;73,07753232016667;mm;84,92743453883334;%;2,599999905;None;0;m3/s;85,21336428383333;%
2026-01-15 15:00:00.000;103,48157583333334;kVAr;2600;kW;0;None;2500;kW;5,599999905;Bar;2606,2834530555556;kW;-97,15833333333333;cm;5,309019981547222;m3/s;5,309019981547222;m3/s;70,02833828028466;moh;1,0886571820972222;Mill.m3;-97,16597444444444;cm;73,87404651441666;mm;84,95489917325;%;2,599999905;None;0;m3/s;85,05134298783334;%
2026-01-15 16:00:00.000;92,66233861111111;kVAr;2600;kW;0;None;2500;kW;5,599999905;Bar;2613,799699722222;kW;-98,2;cm;5,331491902163887;m3/s;5,331468494755553;m3/s;70,0179840425108;moh;1,0866111491555555;Mill.m3;-98,20155583333333;cm;74,65988263005555;mm;84,84254120641667;%;2,599999905;None;0;m3/s;84,89149973397222;%
2026-01-15 17:00:00.000;104,86077527777778;kVAr;2600;kW;0;None;2500;kW;5,599999905;Bar;2604,9363344444446;kW;-99,08055555555555;cm;5,3087078796555565;m3/s;5,30862204763889;m3/s;70,00918441782268;moh;1,084863028513889;Mill.m3;-99,08186222222223;cm;75,33127755444444;mm;84,95646059322222;%;2,599999905;None;0;m3/s;84,75493161536112;%
2026-01-15 18:00:00.000;101,33290722222222;kVAr;2600;kW;0;None;2500;kW;5,599999905;Bar;2607,940913888889;kW;-100,03333333333333;cm;5,315917649594444;m3/s;5,315964465730556;m3/s;69,99963324375318;moh;1,082981738763889;Mill.m3;-100,03694555555556;cm;76,05383790727778;mm;84,92041244533333;%;2,599999905;None;0;m3/s;84,6079509498611;%
2026-01-15 19:00:00.000;96,74439166666667;kVAr;2600;kW;0;None;2500;kW;5,599999905;Bar;2612,6363716666665;kW;-100,98055555555555;cm;5,326092377072222;m3/s;5,326123588711111;m3/s;69,99009249534808;moh;1,0811390463694446;Mill.m3;-100,99028416666667;cm;76,76157870483334;mm;84,86953849772222;%;2,599999905;None;0;m3/s;84,46398645947222;%
2026-01-15 20:00:00.000;92,54434305555556;kVAr;2600;kW;0;None;2500;kW;5,599999905;Bar;2615,0048991666667;kW;-101,94166666666666;cm;5,3350499364555555;m3/s;5,335166976136112;m3/s;69,98053827031028;moh;1,0791489838500001;Mill.m3;-101,94654194444445;cm;77,52589734383334;mm;84,82475019988888;%;2,599999905;None;0;m3/s;84,30851669366666;%
2026-01-15 21:00:00.000;114,16651194444445;kVAr;2600;kW;0;None;2500;kW;5,599999905;Bar;2592,5136380555555;kW;-102,93055555555556;cm;5,273252205097221;m3/s;5,273299022558334;m3/s;69,97065178974769;moh;1,077218281888889;Mill.m3;-102,93494111111112;cm;78,26744088177777;mm;85,13373889922222;%;2,599999905;None;0;m3/s;84,15768307852778;%
2026-01-15 22:00:00.000;99,26354888888889;kVAr;2600;kW;0;None;2500;kW;5,599999905;Bar;2602,347165277778;kW;-103,80833333333334;cm;5,301287461730556;m3/s;5,301396701150001;m3/s;69,96189656097404;moh;1,0754085039777777;Mill.m3;-103,81052555555556;cm;78,96253594444444;mm;84,99356365219444;%;2,599999905;None;0;m3/s;84,01629007561111;%
2026-01-15 23:00:00.000;94,51581694444444;kVAr;2600;kW;0;None;2500;kW;5,599999905;Bar;2602,9580147222223;kW;-104,71944444444445;cm;5,302621769897222;m3/s;5,302551545027776;m3/s;69,95272785655922;moh;1,0736372313333333;Mill.m3;-104,72669222222223;cm;79,642846682;mm;84,98689104677777;%;2,599999905;None;0;m3/s;83,87791035866667;%
2026-01-16 00:00:00.000;79,9876736111111;kVAr;2600;kW;0;None;2500;kW;5,599999905;Bar;2613,124585833333;kW;-105,6361111111111;cm;5,326396743425001;m3/s;5,326326519880555;m3/s;69,94367413146745;moh;1,0718613600055558;Mill.m3;-105,6327061111111;cm;80,32490579758333;mm;84,86801740744444;%;2,599999905;None;0;m3/s;83,73916947847222;%
2026-01-16 01:00:00.000;97,53771055555555;kVAr;2600;kW;0;None;2500;kW;5,599999905;Bar;2598,721922222222;kW;-106,45833333333333;cm;5,290777150794444;m3/s;5,2909800238111115;m3/s;69,9354002877281;moh;1,07023913875;Mill.m3;-106,46020027777777;cm;80,94795532;mm;85,0461141795;%;2,599999905;None;0;m3/s;83,612433623;%
2026-01-16 02:00:00.000;92,16277083333334;kVAr;2600;kW;0;None;2500;kW;5,599999905;Bar;2602,663713888889;kW;-107,125;cm;5,3028402421999985;m3/s;5,302918269977778;m3/s;69,92871708822706;moh;1,068957441347222;Mill.m3;-107,12843777777778;cm;81,44022655291667;mm;84,98579928102778;%;2,599999905;None;0;m3/s;83,51230186902778;%
2026-01-16 03:00:00.000;94,15171611111111;kVAr;2600;kW;0;None;2500;kW;5,599999905;Bar;2600,846324166667;kW;-107,91666666666667;cm;5,296254693091668;m3/s;5,296270298908334;m3/s;69,92083406828841;moh;1,0673016863333333;Mill.m3;-107,91652555555555;cm;82,076170348;mm;85,01872655980556;%;2,599999905;None;0;m3/s;83,38294169266666;%
2026-01-16 04:00:00.000;96,76980611111111;kVAr;2600;kW;0;None;2500;kW;5,599999905;Bar;2596,6690058333334;kW;-108,07777777777778;cm;5,284191648186113;m3/s;5,284191648186113;m3/s;69,91919244314259;moh;1,0670047598333334;Mill.m3;-108,08123388888889;cm;82,19021161333333;mm;85,07904207416667;%;2,599999905;None;0;m3/s;83,35974439166667;%
2026-01-16 05:00:00.000;91,87323416666666;kVAr;2600;kW;0;None;2500;kW;5,599999905;Bar;2597,4921466666665;kW;-108,57222222222222;cm;5,287429789672222;m3/s;5,287437593908335;m3/s;69,91418941631304;moh;1,0661417508944446;Mill.m3;-108,5807638888889;cm;82,52166364611111;mm;85,06285086716667;%;2,599999905;None;0;m3/s;83,29232404738889;%
2026-01-16 06:00:00.000;85,01964916666667;kVAr;2600;kW;0;None;2500;kW;5,599999905;Bar;2606,1383369444443;kW;-108,51388888888889;cm;5,311259363841666;m3/s;5,3113295887083325;m3/s;69,91483892620293;moh;1,0661032727888888;Mill.m3;-108,51591222222223;cm;82,53644176222222;mm;84,94370299452778;%;2,599999905;None;0;m3/s;83,28931804477777;%
2026-01-16 07:00:00.000;86,53269694444444;kVAr;2600;kW;0;None;2500;kW;5,599999905;Bar;2608,4044080555555;kW;-108,1;cm;5,3173377116888885;m3/s;5,3173377116888885;m3/s;69,91901921284534;moh;1,0670102805555555;Mill.m3;-108,0976388888889;cm;82,18809079005555;mm;84,91331100452778;%;2,599999905;None;0;m3/s;83,36017585511111;%
2026-01-16 08:00:00.000;101,21463861111111;kVAr;2600;kW;0;None;2500;kW;5,599999905;Bar;2596,967287777778;kW;-107,22777777777777;cm;5,283387990855555;m3/s;5,283505031861111;m3/s;69,92772138020524;moh;1,0686878998333333;Mill.m3;-107,22783055555556;cm;81,5437526685;mm;85,08306039169445;%;2,599999905;None;0;m3/s;83,49124285416667;%
2026-01-16 09:00:00.000;96,4679375;kVAr;2600;kW;0;None;2500;kW;5,599999905;Bar;2599,9052430555557;kW;-105,69722222222222;cm;5,292571788416667;m3/s;5,292587392911111;m3/s;69,94314391566137;moh;1,0716908814416668;Mill.m3;-105,68510972222222;cm;80,39038181230555;mm;85,03714133466667;%;2,599999905;None;0;m3/s;83,72585088713889;%
2026-01-16 10:00:00.000;119,221915;kVAr;2600;kW;0;None;2500;kW;5,599999905;Bar;2580,4051083333334;kW;-103,58055555555555;cm;5,239232179866666;m3/s;5,239310206319445;m3/s;69,96436109490396;moh;1,0757990638444448;Mill.m3;-103,56384111111112;cm;78,81253145155556;mm;85,30383864472222;%;2,599999905;None;0;m3/s;84,04680428244444;%
2026-01-16 11:00:00.000;89,03725916666667;kVAr;2600;kW;0;None;2500;kW;5,599999905;Bar;2604,398275277778;kW;-101,20833333333333;cm;5,301825817494443;m3/s;5,301739988127777;m3/s;69,9880475041806;moh;1,0806004204666666;Mill.m3;-101,194565;cm;76,96844507733333;mm;84,99087041133333;%;2,599999905;None;0;m3/s;84,42190844166667;%
2026-01-16 12:00:00.000;85,58332555555556;kVAr;2600;kW;0;None;2500;kW;5,599999905;Bar;2611,863718611111;kW;-99,04722222222222;cm;5,3264903241055555;m3/s;5,326552746063889;m3/s;70,00954971182063;moh;1,084884721852778;Mill.m3;-99,04575333333334;cm;75,32295068372223;mm;84,867548201;%;2,599999905;None;0;m3/s;84,7566242411389;%
2026-01-16 13:00:00.000;88,8273363888889;kVAr;2599,9963888888888;kW;0;None;2499,996527777778;kW;5,599999904999999;Bar;2602,6436816666665;kW;-97,13318611111112;cm;5,302164769210231;m3/s;5,30197327797727;m3/s;70,02871381755524;moh;1,0886996900177681;Mill.m3;-97,11860416666667;cm;73,85703662450575;mm;84,99036914711664;%;2,5999962938890206;None;0;m3/s;85,05466525605955;%
2026-01-16 14:00:00.000;64,70174194444445;kVAr;2600;kW;0;None;2500;kW;5,599999905;Bar;2619,959138611111;kW;-95,28055555555555;cm;5,255828691891666;m3/s;5,2558364948;m3/s;70,04725223696562;moh;1,0924086021083335;Mill.m3;-95,2751975;cm;72,43322726091667;mm;83,36228995861111;%;2,599999905;None;0;m3/s;85,34442223336112;%
2026-01-16 15:00:00.000;78,04944916666666;kVAr;2600;kW;0;None;2500;kW;5,599999905;Bar;2606,756798888889;kW;-93,60277777777777;cm;5,312445383613889;m3/s;5,312437580705556;m3/s;70,06411065043767;moh;1,095674856986111;Mill.m3;-93,5886475;cm;71,17872969408333;mm;84,93777287747223;%;2,599999905;None;0;m3/s;85,59960254733333;%
2026-01-16 16:00:00.000;68,89212972222222;kVAr;2600;kW;0;None;2500;kW;5,599999905;Bar;2614,272678888889;kW;-92,20833333333333;cm;5,3320458848527785;m3/s;5,332038081944446;m3/s;70,07790866562542;moh;1,098414322775;Mill.m3;-92,20968611111111;cm;70,12659375944445;mm;84,83977080361112;%;2,599999905;None;0;m3/s;85,81361895805556;%
2026-01-16 17:00:00.000;80,46302472222222;kVAr;2600;kW;0;None;2500;kW;5,599999905;Bar;2604,907381388889;kW;-91,11666666666666;cm;5,304065228872224;m3/s;5,304065228872223;m3/s;70,0888972232699;moh;1,1005968909166668;Mill.m3;-91,1096375;cm;69,28831061933333;mm;84,97967374519445;%;2,599999905;None;0;m3/s;85,984134549;%
2026-01-16 18:00:00.000;64,84292555555555;kVAr;2600;kW;0;None;2500;kW;5,599999905;Bar;2618,3921475;kW;-90,21111111111111;cm;5,343703190502778;m3/s;5,3437031905027785;m3/s;70,09794067344936;moh;1,1023074219027778;Mill.m3;-90,20597;cm;68,63132610505555;mm;84,78148386155556;%;2,599999905;None;0;m3/s;86,11776864816666;%
2026-01-16 19:00:00.000;79,20324444444445;kVAr;2600;kW;0;None;2500;kW;5,599999905;Bar;2607,4460108333333;kW;-89,925;cm;5,311875825525001;m3/s;5,311938247483334;m3/s;70,10078526889448;moh;1,102934526088889;Mill.m3;-89,92133972222223;cm;68,39047031808333;mm;84,94062135491667;%;2,599999905;None;0;m3/s;86,16676027463889;%
2026-01-16 20:00:00.000;79,77440694444445;kVAr;2600;kW;0;None;2500;kW;5,599999905;Bar;2608,2636575;kW;-89,41111111111111;cm;5,318133624355555;m3/s;5,318227256630557;m3/s;70,10589141693193;moh;1,1039962534;Mill.m3;-89,41070972222222;cm;67,982705692;mm;84,90933180816667;%;2,599999905;None;0;m3/s;86,249705504;%
2026-01-16 21:00:00.000;70,31885333333334;kVAr;2600;kW;0;None;2500;kW;5,599999905;Bar;2619,083235277778;kW;-89,19166666666666;cm;5,344233802961113;m3/s;5,344280619097224;m3/s;70,10821468344903;moh;1,1044253452666666;Mill.m3;-89,17825361111112;cm;67,8179096255;mm;84,77883127027778;%;2,599999905;None;0;m3/s;86,28322741016666;%
2026-01-16 22:00:00.000;69,83549583333334;kVAr;2600;kW;0;None;2500;kW;5,599999905;Bar;2619,2033497222224;kW;-89,30833333333334;cm;5,343250628233333;m3/s;5,343250629558333;m3/s;70,10692387394157;moh;1,1041942958000002;Mill.m3;-89,30756083333333;cm;67,906645969;mm;84,78374720602778;%;2,599999905;None;0;m3/s;86,265177153;%
2026-01-16 23:00:00.000;86,49392194444444;kVAr;2600;kW;0;None;2500;kW;5,599999905;Bar;2605,870784722222;kW;-89,86111111111111;cm;5,308801529111111;m3/s;5,3088093306972235;m3/s;70,1013630036144;moh;1,103099561422222;Mill.m3;-89,86370777777778;cm;68,32708721558333;mm;84,95599299475;%;2,599999905;None;0;m3/s;86,17965331547222;%
2026-01-17 00:00:00.000;89,04150166666666;kVAr;2600;kW;0;None;2500;kW;5,599999905;Bar;2604,305426111111;kW;-89,29444444444445;cm;5,305945685263889;m3/s;5,305852052988889;m3/s;70,10709386031087;moh;1,1041557875555557;Mill.m3;-89,29058694444444;cm;67,92143535958333;mm;84,97027208502777;%;2,599999905;None;0;m3/s;86,26216877680555;%
2026-01-17 01:00:00.000;91,99828111111111;kVAr;2600;kW;0;None;2500;kW;5,599999905;Bar;2609,2633488888887;kW;-88,32222222222222;cm;5,315129519808334;m3/s;5,315230956313889;m3/s;70,11682251124118;moh;1,106136129888889;Mill.m3;-88,3180263888889;cm;67,16084332222222;mm;84,9243520088611;%;2,599999905;None;0;m3/s;86,41688526680555;%
2026-01-17 02:00:00.000;90,06543083333334;kVAr;2600;kW;0;None;2500;kW;5,599999905;Bar;2612,4563180555556;kW;-87,475;cm;5,3267088174833335;m3/s;5,326724423302777;m3/s;70,12528623415126;moh;1,10779108375;Mill.m3;-87,47144027777777;cm;66,52520154333334;mm;84,86645632841666;%;2,599999905;None;0;m3/s;86,54618237883334;%
2026-01-17 03:00:00.000;97,34676333333333;kVAr;2600;kW;0;None;2500;kW;5,599999905;Bar;2607,305455;kW;-86,675;cm;5,313280227500001;m3/s;5,3132646230027785;m3/s;70,13329262728209;moh;1,1093361080222224;Mill.m3;-86,67030305555555;cm;65,93179340108334;mm;84,93359775530556;%;2,599999905;None;0;m3/s;86,66688593116666;%
2026-01-17 04:00:00.000;95,31037027777778;kVAr;2600;kW;0;None;2500;kW;5,599999905;Bar;2610,8965547222224;kW;-85,97777777777777;cm;5,3211688703638895;m3/s;5,321114249994445;m3/s;70,14023848282159;moh;1,1107609110833332;Mill.m3;-85,97611388888889;cm;65,3845859495;mm;84,89415596733333;%;2,599999905;None;0;m3/s;86,77819048816667;%
2026-01-17 05:00:00.000;104,56201138888889;kVAr;2600;kW;0;None;2500;kW;5,599999905;Bar;2607,3334072222224;kW;-85,06111111111112;cm;5,315020305513888;m3/s;5,315035911333332;m3/s;70,14944813659915;moh;1,112537684736111;Mill.m3;-85,05528027777778;cm;64,70216121258333;mm;84,92489842175;%;2,599999905;None;0;m3/s;86,9170055611389;%
2026-01-17 06:00:00.000;93,90528777777777;kVAr;2600;kW;0;None;2500;kW;5,599999905;Bar;2609,920248888889;kW;-84,51666666666667;cm;5,325171666755555;m3/s;5,325241891622222;m3/s;70,15485626661645;moh;1,1136598575694445;Mill.m3;-84,51460722222222;cm;64,27115978222223;mm;84,8741420103889;%;2,599999905;None;0;m3/s;87,00467457216666;%
2026-01-17 07:00:00.000;93,32706888888889;kVAr;2600;kW;0;None;2500;kW;5,599999905;Bar;2610,6373205555556;kW;-84;cm;5,323111752694446;m3/s;5,323103949786113;m3/s;70,16000366;moh;1,114688516;Mill.m3;-84;cm;63,87607574;mm;84,8844410575;%;2,599999905;None;0;m3/s;87,08503723;%
2026-01-17 08:00:00.000;92,70790444444444;kVAr;2600;kW;0;None;2500;kW;5,599999905;Bar;2613,8759816666666;kW;-83,98611111111111;cm;5,330087334602777;m3/s;5,330219980102777;m3/s;70,16015886918778;moh;1,1147160003611112;Mill.m3;-83,98467055555555;cm;63,86551994291667;mm;84,84956274997222;%;2,599999905;None;0;m3/s;87,08718448069445;%
2026-01-17 09:00:00.000;96,4545088888889;kVAr;2600;kW;0;None;2500;kW;5,599999905;Bar;2614,0050569444443;kW;-84,68611111111112;cm;5,326786834680555;m3/s;5,326786834680555;m3/s;70,15308207490521;moh;1,1133408084305556;Mill.m3;-84,69195027777778;cm;64,39369921777778;mm;84,86606623269445;%;2,599999905;None;0;m3/s;86,97974925583334;%
2026-01-17 10:00:00.000;93,82582027777778;kVAr;2600;kW;0;None;2500;kW;5,599999905;Bar;2617,0294066666665;kW;-85,47777777777777;cm;5,342298675827778;m3/s;5,342361096463889;m3/s;70,14518593301607;moh;1,111767566125;Mill.m3;-85,48155805555555;cm;64,99794902425;mm;84,78850614763888;%;2,599999905;None;0;m3/s;86,85683803725;%
2026-01-17 11:00:00.000;111,61397944444444;kVAr;2600;kW;0;None;2500;kW;5,599999905;Bar;2598,6720088888887;kW;-86,21111111111111;cm;5,288444146883334;m3/s;5,288334908786112;m3/s;70,13783531587612;moh;1,1103318212;Mill.m3;-86,21620166666666;cm;65,549382016;mm;85,05777931172223;%;2,599999905;None;0;m3/s;86,744670108;%
2026-01-17 12:00:00.000;94,71659916666667;kVAr;2600;kW;0;None;2500;kW;5,599999905;Bar;2611,427388888889;kW;-87,1138888888889;cm;5,3265449616861105;m3/s;5,326459130997221;m3/s;70,12883688022124;moh;1,108555103041667;Mill.m3;-87,11625277777777;cm;66,23175038055555;mm;84,86727519494444;%;2,599999905;None;0;m3/s;86,60587300597223;%
2026-01-17 13:00:00.000;99,29077194444444;kVAr;2600;kW;0;None;2500;kW;5,599999905;Bar;2613,200835277778;kW;-87,97222222222223;cm;5,32989235716111;m3/s;5,330103030444444;m3/s;70,12026857593749;moh;1,1068346855;Mill.m3;-87,97370305555556;cm;66,89254328666667;mm;84,85053893105555;%;2,599999905;None;0;m3/s;86,47146173766667;%
2026-01-17 14:00:00.000;91,03307722222222;kVAr;2600;kW;0;None;2500;kW;5,599999905;Bar;2616,9492430555556;kW;-88,86944444444444;cm;5,342275330744443;m3/s;5,342314345297222;m3/s;70,11131125152839;moh;1,1050909694444444;Mill.m3;-88,86893777777777;cm;67,56226561111112;mm;84,78862361844445;%;2,599999905;None;0;m3/s;86,33522934152778;%
2026-01-17 15:00:00.000;95,53829527777778;kVAr;2600;kW;0;None;2500;kW;5,599999905;Bar;2613,981653888889;kW;-89,87222222222222;cm;5,330656957669443;m3/s;5,330664760580554;m3/s;70,10120383066977;moh;1,1030720555333333;Mill.m3;-89,87959083333334;cm;68,337651066;mm;84,84671492977778;%;2,599999905;None;0;m3/s;86,17750447533334;%
2026-01-17 16:00:00.000;101,76318916666666;kVAr;2600;kW;0;None;2500;kW;5,599999905;Bar;2610,307875277778;kW;-90,7388888888889;cm;5,318102392916666;m3/s;5,318133604558333;m3/s;70,09260011393017;moh;1,1013612761805553;Mill.m3;-90,74005055555556;cm;68,99472255461112;mm;84,90948861380555;%;2,599999905;None;0;m3/s;86,04385219283333;%
2026-01-17 17:00:00.000;111,96053694444444;kVAr;2600;kW;0;None;2500;kW;5,599999905;Bar;2602,5932875;kW;-91,65555555555555;cm;5,298946652211112;m3/s;5,298946652211112;m3/s;70,0834219970031;moh;1,0995194892666666;Mill.m3;-91,65806833333333;cm;69,70212673444445;mm;85,00526665563889;%;2,599999905;None;0;m3/s;85,89996062655555;%
2026-01-17 18:00:00.000;104,39468472222222;kVAr;2600;kW;0;None;2500;kW;5,599999905;Bar;2607,033155;kW;-92,5111111111111;cm;5,30871568663611;m3/s;5,308793713091665;m3/s;70,07483336315468;moh;1,097869729355556;Mill.m3;-92,51617916666666;cm;70,33574795222222;mm;84,95642204211111;%;2,599999905;None;0;m3/s;85,77107361611111;%
2026-01-17 19:00:00.000;110,61700694444444;kVAr;2600;kW;0;None;2500;kW;5,599999905;Bar;2602,5550922222224;kW;-93,48055555555555;cm;5,301412285725;m3/s;5,301396679905555;m3/s;70,06516259335636;moh;1,0959498735138888;Mill.m3;-93,48349611111111;cm;71,07310085391667;mm;84,99293992661111;%;2,599999905;None;0;m3/s;85,62108810883333;%
2026-01-17 20:00:00.000;102,83611722222223;kVAr;2600;kW;0;None;2500;kW;5,599999905;Bar;2606,9265825;kW;-94,525;cm;5,309113658794446;m3/s;5,309035631016668;m3/s;70,05467441456769;moh;1,0938713497916666;Mill.m3;-94,53246222222222;cm;71,87142997208333;mm;84,95443208430555;%;2,599999905;None;0;m3/s;85,45869869430555;%
2026-01-17 21:00:00.000;109,7986036111111;kVAr;2600;kW;0;None;2500;kW;5,599999905;Bar;2601,857071666667;kW;-95,43055555555556;cm;5,294803350425;m3/s;5,2949359985777775;m3/s;70,04569774427628;moh;1,0920952806888888;Mill.m3;-95,43039;cm;72,55356970555556;mm;85,02598268636112;%;2,599999905;None;0;m3/s;85,31994238866666;%
2026-01-17 22:00:00.000;116,54704111111111;kVAr;2600;kW;0;None;2500;kW;5,599999905;Bar;2591,086746388889;kW;-96,35833333333333;cm;5,274188522524998;m3/s;5,274250944483332;m3/s;70,03636557553608;moh;1,090246926288889;Mill.m3;-96,36283722222223;cm;73,26345596033333;mm;85,129058392;%;2,599999905;None;0;m3/s;85,17554482455556;%
2026-01-17 23:00:00.000;101,59004833333333;kVAr;2600;kW;0;None;2500;kW;5,599999905;Bar;2605,2479425;kW;-97,36666666666666;cm;5,306850797702777;m3/s;5,307006849283331;m3/s;70,02629194246207;moh;1,0882226151666667;Mill.m3;-97,3703575;cm;74,040955351;mm;84,9657454168889;%;2,599999905;None;0;m3/s;85,017392988;%
2026-01-18 00:00:00.000;109,67901333333333;kVAr;2600;kW;0;None;2500;kW;5,599999905;Bar;2597,886791666667;kW;-98,3;cm;5,286602722266667;m3/s;5,286470074119445;m3/s;70,01691985810845;moh;1,0863857773944443;Mill.m3;-98,30809166666667;cm;74,74644016727778;mm;85,06698646458334;%;2,599999905;None;0;m3/s;84,87389314611112;%
2026-01-18 01:00:00.000;107,11569083333333;kVAr;2600;kW;0;None;2500;kW;5,599999905;Bar;2605,2411197222223;kW;-99,19166666666666;cm;5,30372193265;m3/s;5,30379996175;m3/s;70,00805805183192;moh;1,0846594971666668;Mill.m3;-99,1944338888889;cm;75,40944926333333;mm;84,98139154561112;%;2,599999905;None;0;m3/s;84,73903019833334;%
2026-01-18 02:00:00.000;100,56897416666666;kVAr;2600;kW;0;None;2500;kW;5,599999905;Bar;2603,94948;kW;-100,18055555555556;cm;5,299851755286111;m3/s;5,2997347142805555;m3/s;69,99814390565855;moh;1,0826186828472222;Mill.m3;-100,18565722222222;cm;76,19328060394444;mm;85,0007402421111;%;2,599999905;None;0;m3/s;84,57958626002778;%
2026-01-18 03:00:00.000;106,09948305555555;kVAr;2600;kW;0;None;2500;kW;5,599999905;Bar;2602,3669519444443;kW;-101,2388888888889;cm;5,299968804319445;m3/s;5,300031224952778;m3/s;69,98757765573374;moh;1,0805836913500002;Mill.m3;-101,24216861111111;cm;76,974875065;mm;85,00015646588889;%;2,599999905;None;0;m3/s;84,4205995555;%
2026-01-18 04:00:00.000;102,98860222222223;kVAr;2600;kW;0;None;2500;kW;5,599999905;Bar;2602,3658430555556;kW;-102,2611111111111;cm;5,299009080775001;m3/s;5,298970066225;m3/s;69,97732378042366;moh;1,0784889537333335;Mill.m3;-102,2629563888889;cm;77,77940076233334;mm;85,00495601211111;%;2,599999905;None;0;m3/s;84,25695279566666;%
2026-01-18 05:00:00.000;95,39838916666666;kVAr;2600;kW;0;None;2500;kW;5,599999905;Bar;2607,0014861111113;kW;-103,39444444444445;cm;5,3092540900694445;m3/s;5,309215076841666;m3/s;69,96599277070871;moh;1,0762446323666666;Mill.m3;-103,40043166666666;cm;78,641397859;mm;84,95372935444445;%;2,599999905;None;0;m3/s;84,0816145615;%
2026-01-18 06:00:00.000;95,13265305555555;kVAr;2600;kW;0;None;2500;kW;5,599999905;Bar;2606,364348888889;kW;-104,4888888888889;cm;5,308434783219445;m3/s;5,308348953852778;m3/s;69,95509366592486;moh;1,0741048033472222;Mill.m3;-104,49021611111111;cm;79,46326122491666;mm;84,95782617005555;%;2,599999905;None;0;m3/s;83,91443884186111;%
2026-01-18 07:00:00.000;108,23549361111111;kVAr;2600;kW;0;None;2500;kW;5,599999905;Bar;2593,434675277778;kW;-105,59166666666667;cm;5,274165136261109;m3/s;5,274258769858332;m3/s;69,94407337882693;moh;1,0719328193444444;Mill.m3;-105,59256;cm;80,29746072516667;mm;85,12917431697223;%;2,599999905;None;0;m3/s;83,74475233027778;%
2026-01-18 08:00:00.000;99,20206166666667;kVAr;2600;kW;0;None;2500;kW;5,599999905;Bar;2606,803213333333;kW;-106,6361111111111;cm;5,3085127936305545;m3/s;5,3087000608277775;m3/s;69,93366736035983;moh;1,0699145887638888;Mill.m3;-106,63337805555555;cm;81,07260750444445;mm;84,95743605261111;%;2,599999905;None;0;m3/s;83,58707855983333;%
2026-01-18 09:00:00.000;106,47830638888888;kVAr;2600;kW;0;None;2500;kW;5,599999905;Bar;2599,8028969444445;kW;-107,67777777777778;cm;5,293117988091666;m3/s;5,293203817458333;m3/s;69,92318563479272;moh;1,0677362731388889;Mill.m3;-107,68146527777778;cm;81,90925345822222;mm;85,03440996758333;%;2,599999905;None;0;m3/s;83,41689506227777;%
2026-01-18 10:00:00.000;101,09052277777778;kVAr;2600;kW;0;None;2500;kW;5,599999905;Bar;2603,5866166666665;kW;-108,41666666666667;cm;5,301927263186111;m3/s;5,3019194602777775;m3/s;69,91587411868116;moh;1,0663891101444445;Mill.m3;-108,41231222222223;cm;82,42666147111112;mm;84,99036399052778;%;2,599999905;None;0;m3/s;83,31164834988888;%
2026-01-18 11:00:00.000;115,66618666666666;kVAr;2600;kW;0;None;2500;kW;5,599999905;Bar;2589,987612222222;kW;-108,64444444444445;cm;5,2622503294;m3/s;5,2623205542694445;m3/s;69,91352565869394;moh;1,0658174354333332;Mill.m3;-108,64307;cm;82,64622205333333;mm;85,18874852886111;%;2,599999905;None;0;m3/s;83,26698773966666;%
2026-01-18 12:00:00.000;98,72869083333333;kVAr;2600;kW;0;None;2500;kW;5,599999905;Bar;2603,222555;kW;-108,825;cm;5,299094928655556;m3/s;5,299071519922222;m3/s;69,91170058898537;moh;1,0655480886944442;Mill.m3;-108,82993222222223;cm;82,74966886611111;mm;85,00452579869444;%;2,599999905;None;0;m3/s;83,24594572138889;%
2026-01-18 13:00:00.000;95,05066138888888;kVAr;2600;kW;0;None;2500;kW;5,599999905;Bar;2607,2927380555557;kW;-108,98055555555555;cm;5,312975989488888;m3/s;5,312983791077777;m3/s;69,91020100715245;moh;1,0652677482111113;Mill.m3;-108,98035055555556;cm;82,85733799777778;mm;84,93512062425;%;2,599999905;None;0;m3/s;83,22404484522222;%
2026-01-18 14:00:00.000;104,7505338888889;kVAr;2600;kW;0;None;2500;kW;5,599999905;Bar;2600,552059166667;kW;-109,03611111111111;cm;5,293157030494443;m3/s;5,292993170705555;m3/s;69,90956804223318;moh;1,0651247818333334;Mill.m3;-109,04330888888889;cm;82,912247471;mm;85,03421501583334;%;2,599999905;None;0;m3/s;83,21287587766666;%
2026-01-18 15:00:00.000;93,45771194444444;kVAr;2600;kW;0;None;2500;kW;5,599999905;Bar;2610,040951666667;kW;-109,08055555555555;cm;5,321988115061111;m3/s;5,322034929875;m3/s;69,90920539833982;moh;1,0650257665833336;Mill.m3;-109,07986527777778;cm;82,9502773325;mm;84,89005900394444;%;2,599999905;None;0;m3/s;83,20514043416667;%
2026-01-18 16:00:00.000;112,36810583333333;kVAr;2600;kW;0;None;2500;kW;5,599999905;Bar;2595,117867777778;kW;-108,98333333333333;cm;5,285783395558335;m3/s;5,285681959047224;m3/s;69,91015898553903;moh;1,0652237493833332;Mill.m3;-108,98450055555556;cm;82,87423693716667;mm;85,0710829203611;%;2,599999905;None;0;m3/s;83,22060750616667;%
2026-01-18 17:00:00.000;113,81496222222222;kVAr;2600;kW;0;None;2500;kW;5,599999905;Bar;2597,7419941666667;kW;-108,78611111111111;cm;5,285596149588889;m3/s;5,285432291125;m3/s;69,91219554765932;moh;1,065619548033333;Mill.m3;-108,78058055555556;cm;82,72222379333333;mm;85,07201953483333;%;2,599999905;None;0;m3/s;83,25152829766667;%
2026-01-18 18:00:00.000;108,65420583333334;kVAr;2600;kW;0;None;2500;kW;5,599999905;Bar;2601,9080777777776;kW;-108,4;cm;5,298392609755558;m3/s;5,298337989386113;m3/s;69,91595349174811;moh;1,066301160188889;Mill.m3;-108,40089166666667;cm;82,46044002222222;mm;85,00803727080556;%;2,599999905;None;0;m3/s;83,30477748677778;%
2026-01-18 19:00:00.000;116,3025025;kVAr;2600;kW;0;None;2500;kW;5,599999905;Bar;2596,043403611111;kW;-108,06944444444444;cm;5,280789633605557;m3/s;5,2808832685333345;m3/s;69,91920458129984;moh;1,0669662817277779;Mill.m3;-108,07898777777778;cm;82,20498972944445;mm;85,09605221255555;%;2,599999905;None;0;m3/s;83,35673838905555;%
2026-01-18 20:00:00.000;107,86613611111112;kVAr;2600;kW;0;None;2500;kW;5,599999905;Bar;2604,035458611111;kW;-107,93055555555556;cm;5,306421699858333;m3/s;5,306452911499999;m3/s;69,92064511899956;moh;1,0673071871805555;Mill.m3;-107,9352025;cm;82,07405757791666;mm;84,96789184063888;%;2,599999905;None;0;m3/s;83,38337146069445;%
2026-01-18 21:00:00.000;110,03964222222223;kVAr;2600;kW;0;None;2500;kW;5,599999905;Bar;2601,8046730555557;kW;-107,71944444444445;cm;5,299695774063888;m3/s;5,299695774063889;m3/s;69,92276486472376;moh;1,0677637574999996;Mill.m3;-107,72334388888889;cm;81,898697661;mm;85,0015225078889;%;2,599999905;None;0;m3/s;83,419042207;%
2026-01-18 22:00:00.000;123,27929833333333;kVAr;2600;kW;0;None;2500;kW;5,599999905;Bar;2591,618698333333;kW;-107,21111111111111;cm;5,271356103113886;m3/s;5,271356103113886;m3/s;69,92790500614535;moh;1,0686438930555555;Mill.m3;-107,20958166666667;cm;81,56065444766666;mm;85,1432201593611;%;2,599999905;None;0;m3/s;83,48780509144444;%
2026-01-18 23:00:00.000;121,13719027777778;kVAr;2600;kW;0;None;2500;kW;5,599999905;Bar;2593,5268686111112;kW;-106,96944444444445;cm;5,271613657452778;m3/s;5,271644867769446;m3/s;69,9302927054923;moh;1,0692104803194444;Mill.m3;-106,970435;cm;81,34303948938889;mm;85,14193236033333;%;2,599999905;None;0;m3/s;83,532070838;%
2026-01-19 00:00:00.000;118,63824277777778;kVAr;2600;kW;0;None;2500;kW;5,599999905;Bar;2598,022089722222;kW;-106,70277777777778;cm;5,287336170722224;m3/s;5,287297157494446;m3/s;69,9329838981467;moh;1,0697440624999999;Mill.m3;-106,70128361111111;cm;81,13810272;mm;85,06331967275;%;2,599999905;None;0;m3/s;83,573756408;%
2026-01-19 01:00:00.000;122,1612311111111;kVAr;2600;kW;0;None;2500;kW;5,599999905;Bar;2595,0468855555555;kW;-106,40277777777777;cm;5,281062768599999;m3/s;5,281109584738888;m3/s;69,9360698025266;moh;1,070338154;Mill.m3;-106,39310972222222;cm;80,90992584;mm;85,09468640119445;%;2,599999905;None;0;m3/s;83,620169066;%
2026-01-19 02:00:00.000;120,03113583333334;kVAr;2600;kW;0;None;2500;kW;5,599999905;Bar;2595,809764166667;kW;-106,08333333333333;cm;5,280446333377777;m3/s;5,280446333377777;m3/s;69,93915165048709;moh;1,0709652505833334;Mill.m3;-106,0848961111111;cm;80,66907246666666;mm;85,09776910244445;%;2,599999905;None;0;m3/s;83,669160205;%
2026-01-19 03:00:00.000;105,46352416666667;kVAr;2600;kW;0;None;2500;kW;5,599999905;Bar;2605,4748977777776;kW;-106;cm;5,305672598041666;m3/s;5,305789639047223;m3/s;69,94000244;moh;1,071130276;Mill.m3;-106;cm;80,60569;mm;84,97163672975;%;2,599999905;None;0;m3/s;83,68205261;%
2026-01-19 04:00:00.000;105,7800175;kVAr;2600;kW;0;None;2500;kW;5,599999905;Bar;2603,8902419444444;kW;-105,825;cm;5,303402015930557;m3/s;5,303558070161111;m3/s;69,9417163346661;moh;1,0715260508000002;Mill.m3;-105,82815027777778;cm;80,453686522;mm;84,98298990455555;%;2,599999905;None;0;m3/s;83,71297302;%
2026-01-19 05:00:00.000;110,4379625;kVAr;2600;kW;0;None;2500;kW;5,599999905;Bar;2600,991771388889;kW;-105,43333333333334;cm;5,2966291984583345;m3/s;5,296699424655556;m3/s;69,9456341770336;moh;1,0720867317666667;Mill.m3;-105,43621944444445;cm;80,2383482615;mm;85,01685381866666;%;2,599999905;None;0;m3/s;83,75677693416667;%
2026-01-19 06:00:00.000;105,50093277777778;kVAr;2600;kW;0;None;2500;kW;5,599999905;Bar;2609,17568;kW;-105,175;cm;5,3164169802000005;m3/s;5,316284333372222;m3/s;69,94834481862947;moh;1,0728068220277778;Mill.m3;-105,16502166666666;cm;79,96178637791667;mm;84,9179147925;%;2,599999905;None;0;m3/s;83,81303490236111;%
2026-01-19 07:00:00.000;107,75761777777778;kVAr;2600;kW;0;None;2500;kW;5,599999905;Bar;2608,4442019444446;kW;-105;cm;5,318874857202777;m3/s;5,318703199802777;m3/s;69,94999695;moh;1,07310915;Mill.m3;-105;cm;79,84567261;mm;84,90562657127778;%;2,599999905;None;0;m3/s;83,83665466;%
2026-01-19 08:00:00.000;112,42966416666667;kVAr;2600;kW;0;None;2500;kW;5,599999905;Bar;2605,2439908333336;kW;-104,96388888888889;cm;5,308996555577778;m3/s;5,308996555577778;m3/s;69,95036158598425;moh;1,07320816525;Mill.m3;-104,9636163888889;cm;79,80764274849999;mm;84,955016772;%;2,599999905;None;0;m3/s;83,8443901035;%
2026-01-19 09:00:00.000;119,87119916666667;kVAr;2600;kW;0;None;2500;kW;5,599999905;Bar;2595,5243247222224;kW;-104,75833333333334;cm;5,28014200788611;m3/s;5,280204431169444;m3/s;69,95239592754004;moh;1,0735877237083333;Mill.m3;-104,760185;cm;79,66186161275;mm;85,09929004258333;%;2,599999905;None;0;m3/s;83,87404263691667;%
2026-01-19 10:00:00.000;115,20775694444444;kVAr;2600;kW;0;None;2500;kW;5,599999905;Bar;2601,0296616666665;kW;-104,39444444444445;cm;5,295107706441668;m3/s;5,2950686932138895;m3/s;69,95601735985198;moh;1,0742808304583333;Mill.m3;-104,39879527777778;cm;79,39565258225;mm;85,024462106;%;2,599999905;None;0;m3/s;83,92819074141667;%
2026-01-19 11:00:00.000;109,40268805555556;kVAr;2600;kW;0;None;2500;kW;5,599999905;Bar;2600,5133494444444;kW;-104,1;cm;5,2911126798722234;m3/s;5,291292140186112;m3/s;69,95899834744492;moh;1,0748584194166666;Mill.m3;-104,10003;cm;79,1738117235;mm;85,04443679311112;%;2,599999905;None;0;m3/s;83,97331416183333;%
2026-01-19 12:00:00.000;110,25386333333333;kVAr;2166,6666666666665;kW;0;None;2500;kW;5,599999905;Bar;2606,110240833333;kW;-103,71944444444445;cm;5,297222203675;m3/s;5,29719099071111;m3/s;69,95988141605403;moh;1,0720700903194444;Mill.m3;-104,01179361111112;cm;78,87807123555557;mm;84,70416641194444;%;2,5927776830416667;None;0;m3/s;83,75547570569445;%
2026-01-19 13:00:00.000;115,8008038888889;kVAr;2600;kW;0;None;2500;kW;5,599999905;Bar;2600,48857;kW;-103,96666666666667;cm;5,295825546269443;m3/s;5,295794334630554;m3/s;69,96032118502686;moh;1,0751609659777779;Mill.m3;-103,96771444444444;cm;79,05760964444444;mm;85,02087196783333;%;2,599999905;None;0;m3/s;83,99695051436112;%
2026-01-19 14:00:00.000;104,63810194444444;kVAr;2600;kW;0;None;2500;kW;5,599999905;Bar;2606,9748058333334;kW;-103,78333333333333;cm;5,312141108561111;m3/s;5,312406399566666;m3/s;69,96216903871627;moh;1,0754360082000003;Mill.m3;-103,7821736111111;cm;78,9519722;mm;84,93929458138889;%;2,599999905;None;0;m3/s;84,01843891575;%
2026-01-19 15:00:00.000;106,54252111111111;kVAr;2600;kW;0;None;2500;kW;5,599999905;Bar;2609,141531388889;kW;-103,55277777777778;cm;5,317657635055554;m3/s;5,3175952131;m3/s;69,96448333109109;moh;1,0759750909555557;Mill.m3;-103,55078583333334;cm;78,74492280888889;mm;84,91171177730556;%;2,599999905;None;0;m3/s;84,06055618247223;%
2026-01-19 16:00:00.000;109,5015363888889;kVAr;2600;kW;0;None;2500;kW;5,599999905;Bar;2603,538013888889;kW;-103,36666666666666;cm;5,303292763191667;m3/s;5,303284960283334;m3/s;69,96632435831995;moh;1,0762886390888888;Mill.m3;-103,36754611111111;cm;78,62449612222223;mm;84,983536444;%;2,599999905;None;0;m3/s;84,08505296005555;%
2026-01-19 17:00:00.000;101,94716305555555;kVAr;2600;kW;0;None;2500;kW;5,599999905;Bar;2594,1229569444445;kW;-103,10555555555555;cm;5,276451324036111;m3/s;5,276279663983333;m3/s;69,96890901131734;moh;1,0769322379222224;Mill.m3;-103,10988444444445;cm;78,37730424788889;mm;85,1177437888611;%;2,599999905;None;0;m3/s;84,13533556497222;%
2026-01-19 18:00:00.000;105,66697166666667;kVAr;2600;kW;0;None;2500;kW;5,599999905;Bar;2607,563654722222;kW;-102,89444444444445;cm;5,315074899491666;m3/s;5,315254361130555;m3/s;69,97107008479922;moh;1,0773888082027778;Mill.m3;-102,893425;cm;78,20194462769444;mm;84,92462550183333;%;2,599999905;None;0;m3/s;84,17100484886112;%
2026-01-19 19:00:00.000;113,0421186111111;kVAr;2600;kW;0;None;2500;kW;5,599999905;Bar;2604,2112144444445;kW;-102,82777777777778;cm;5,305407275144446;m3/s;5,305321444455556;m3/s;69,97170720444703;moh;1,0773998098333337;Mill.m3;-102,82986361111111;cm;78,197719575;mm;84,97296352330555;%;2,599999905;None;0;m3/s;84,17186483;%
2026-01-19 20:00:00.000;108,05848027777778;kVAr;2600;kW;0;None;2500;kW;5,599999905;Bar;2607,4564841666665;kW;-102,75;cm;5,313077419308334;m3/s;5,312936969575;m3/s;69,97249667335718;moh;1,0776363462638894;Mill.m3;-102,7500075;cm;78,10687046141666;mm;84,93461286727778;%;2,599999905;None;0;m3/s;84,19034394383333;%
2026-01-19 21:00:00.000;110,03981833333333;kVAr;2600;kW;0;None;2500;kW;5,599999905;Bar;2606,4551647222224;kW;-102,55277777777778;cm;5,309698853230555;m3/s;5,3099173307416665;m3/s;69,97454727320277;moh;1,0779663970972226;Mill.m3;-102,54509555555556;cm;77,98010425641667;mm;84,95150566052777;%;2,599999905;None;0;m3/s;84,21612875383333;%
2026-01-19 22:00:00.000;116,18577916666666;kVAr;2600;kW;0;None;2500;kW;5,599999905;Bar;2605,8050055555555;kW;-102,35;cm;5,306858612430555;m3/s;5,307006863755556;m3/s;69,97641208607625;moh;1,0784339691111113;Mill.m3;-102,35884361111111;cm;77,80051879933333;mm;84,96570693086112;%;2,599999905;None;0;m3/s;84,25265723466667;%
2026-01-19 23:00:00.000;115,96042055555556;kVAr;2600;kW;0;None;2500;kW;5,599999905;Bar;2607,209988611111;kW;-102,09722222222223;cm;5,310323054330556;m3/s;5,310182605922223;m3/s;69,97897553453687;moh;1,0788520335000003;Mill.m3;-102,10295611111111;cm;77,639948273;mm;84,94838483625;%;2,599999905;None;0;m3/s;84,285317994;%
2026-01-20 00:00:00.000;123,20344;kVAr;2600;kW;0;None;2500;kW;5,599999905;Bar;2601,6225411111113;kW;-102,01388888888889;cm;5,296239070125001;m3/s;5,296418535738888;m3/s;69,97982945782569;moh;1,0790225359138887;Mill.m3;-102,01733333333334;cm;77,57446206425;mm;85,0188049951389;%;2,599999905;None;0;m3/s;84,2986382385;%
2026-01-20 01:00:00.000;133,20393472222221;kVAr;2600;kW;0;None;2500;kW;5,599999905;Bar;2595,8489994444444;kW;-102;cm;5,279353945697222;m3/s;5,279510001255555;m3/s;69,98000336;moh;1,079050064;Mill.m3;-102;cm;77,56388855;mm;85,10323102758333;%;2,599999905;None;0;m3/s;84,30078888;%
2026-01-20 02:00:00.000;120,47932972222222;kVAr;2600;kW;0;None;2500;kW;5,599999905;Bar;2608,219065;kW;-101,97222222222223;cm;5,312726333413889;m3/s;5,312726334744444;m3/s;69,98020847212625;moh;1,0791160264666668;Mill.m3;-101,969805;cm;77,53855463666666;mm;84,9363689208889;%;2,599999905;None;0;m3/s;84,30594202733333;%
2026-01-20 03:00:00.000;127,03784916666666;kVAr;2600;kW;0;None;2500;kW;5,599999905;Bar;2604,4458355555557;kW;-101,70277777777778;cm;5,304229153661112;m3/s;5,304408619275001;m3/s;69,98301866455876;moh;1,0796382293277778;Mill.m3;-101,69899416666667;cm;77,33799448944444;mm;84,97885426463888;%;2,599999905;None;0;m3/s;84,34673777705555;%
2026-01-20 04:00:00.000;135,6262088888889;kVAr;2600;kW;0;None;2500;kW;5,599999905;Bar;2601,3133713888888;kW;-101,42222222222222;cm;5,297050586036112;m3/s;5,297105205077777;m3/s;69,98597365508626;moh;1,0802373884;Mill.m3;-101,41149166666666;cm;77,10787811;mm;85,01474749205556;%;2,599999905;None;0;m3/s;84,393545532;%
2026-01-20 05:00:00.000;126,22360388888889;kVAr;2600;kW;0;None;2500;kW;5,599999905;Bar;2605,7975311111113;kW;-101,09444444444445;cm;5,307201945833334;m3/s;5,307248760644446;m3/s;69,98904474283624;moh;1,0808035662388888;Mill.m3;-101,09536388888888;cm;76,89042868722223;mm;84,96399071988888;%;2,599999905;None;0;m3/s;84,43777671327778;%
2026-01-20 06:00:00.000;126,08034277777777;kVAr;2600;kW;0;None;2500;kW;5,599999905;Bar;2612,455195;kW;-101;cm;5,328230366430555;m3/s;5,328323998705555;m3/s;69,98999786;moh;1,081028938;Mill.m3;-101;cm;76,80387115;mm;84,85884850775;%;2,599999905;None;0;m3/s;84,4553833;%
2026-01-20 07:00:00.000;136,27867944444444;kVAr;2600;kW;0;None;2500;kW;5,599999905;Bar;2609,752088333333;kW;-101;cm;5,319319639069445;m3/s;5,319460088805555;m3/s;69,98999786;moh;1,081028938;Mill.m3;-101;cm;76,80387115;mm;84,90340292186112;%;2,599999905;None;0;m3/s;84,4553833;%
2026-01-20 08:00:00.000;156,32763222222223;kVAr;2600;kW;0;None;2500;kW;5,599999905;Bar;2593,0495658333334;kW;-101;cm;5,274352357197222;m3/s;5,274243117780554;m3/s;69,98999786;moh;1,081028938;Mill.m3;-101;cm;76,80387115;mm;85,12823884658333;%;2,599999905;None;0;m3/s;84,4553833;%
2026-01-20 09:00:00.000;132,1146738888889;kVAr;2600;kW;0;None;2500;kW;5,599999905;Bar;2614,4957205555556;kW;-100,96666666666667;cm;5,3323891679972215;m3/s;5,332482802916666;m3/s;69,99038188105183;moh;1,0810949481666667;Mill.m3;-100,96138833333333;cm;76,77851790933333;mm;84,83805387222222;%;2,599999905;None;0;m3/s;84,46054051633334;%
2026-01-20 10:00:00.000;133,85462166666667;kVAr;2600;kW;0;None;2500;kW;5,599999905;Bar;2616,6358119444444;kW;-100,42222222222222;cm;5,320349555452776;m3/s;5,320045247255558;m3/s;69,99299809080091;moh;1,0785486603249994;Mill.m3;-100,69980472222223;cm;76,38981390819444;mm;84,58852981888889;%;2,5927776830416667;None;0;m3/s;84,26161297569445;%
2026-01-20 11:00:00.000;124,82361083333333;kVAr;2600;kW;0;None;2500;kW;5,599999905;Bar;2619,0989780555556;kW;-100,55555555555556;cm;5,3446863252888885;m3/s;5,344413226083335;m3/s;69,99444191082341;moh;1,0820245913472222;Mill.m3;-100,55571277777777;cm;76,42145976994445;mm;84,77656837066667;%;2,599999905;None;0;m3/s;84,53317131302778;%
2026-01-20 12:00:00.000;124,79392555555556;kVAr;2600;kW;0;None;2500;kW;5,599999905;Bar;2617,7141133333334;kW;-100,43888888888888;cm;5,343515973475001;m3/s;5,3435939986027785;m3/s;69,99562630033965;moh;1,0821236065972217;Mill.m3;-100,4374175;cm;76,38342990894445;mm;84,78241873947222;%;2,599999905;None;0;m3/s;84,54090713752778;%
2026-01-20 13:00:00.000;123,47772833333333;kVAr;2600;kW;0;None;2500;kW;5,599999905;Bar;2618,209949166667;kW;-100,28611111111111;cm;5,342493769855557;m3/s;5,342454756627779;m3/s;69,99713616226985;moh;1,0823381396388887;Mill.m3;-100,28618027777777;cm;76,30103187677778;mm;84,78753068655556;%;2,599999905;None;0;m3/s;84,55766809061112;%
2026-01-20 14:00:00.000;127,42077055555555;kVAr;2600;kW;0;None;2500;kW;5,599999905;Bar;2614,6531261111113;kW;-99,6;cm;5,05390918121111;m3/s;5,068999691794444;m3/s;69,99835570652982;moh;1,0765744605944443;Mill.m3;-100,16428666666667;cm;75,78138182127778;mm;80,10997977633333;%;2,599999905;None;0;m3/s;84,10738130994444;%
2026-01-20 15:00:00.000;114,83812194444444;kVAr;2600;kW;0;None;2500;kW;5,599999905;Bar;2616,5996705555553;kW;-100,06111111111112;cm;5,3406289577249995;m3/s;5,340636760633332;m3/s;69,99937416054345;moh;1,0829157285972222;Mill.m3;-100,06289777777778;cm;76,07919102094445;mm;84,79685552375;%;2,599999905;None;0;m3/s;84,60279373352778;%
2026-01-20 16:00:00.000;110,9546736111111;kVAr;2600;kW;0;None;2500;kW;5,599999905;Bar;2617,7600188888887;kW;-100;cm;5,343281835983334;m3/s;5,343281835983334;m3/s;70;moh;1,0830037421527778;Mill.m3;-100;cm;76,04538670005556;mm;84,78359129113889;%;2,599999905;None;0;m3/s;84,60967002197222;%
2026-01-20 17:00:00.000;118,96814805555556;kVAr;2600;kW;0;None;2500;kW;5,599999905;Bar;2615,9770402777776;kW;-100;cm;5,340870800205556;m3/s;5,340839588563889;m3/s;70;moh;1,083009243;Mill.m3;-100;cm;76,04327393;mm;84,79564628561111;%;2,599999905;None;0;m3/s;84,61009979;%
2026-01-20 18:00:00.000;131,76483305555556;kVAr;2600;kW;0;None;2500;kW;5,599999905;Bar;2606,471575555556;kW;-100;cm;5,310135785708333;m3/s;5,31017479893611;m3/s;70;moh;1,083009243;Mill.m3;-100;cm;76,04327393;mm;84,94932151413889;%;2,599999905;None;0;m3/s;84,61009979;%
2026-01-20 19:00:00.000;126,00825472222222;kVAr;2600;kW;0;None;2500;kW;5,599999905;Bar;2616,3472291666667;kW;-100;cm;5,340714736741666;m3/s;5,340753749966667;m3/s;70;moh;1,083009243;Mill.m3;-100;cm;76,04327393;mm;84,79642636983333;%;2,599999905;None;0;m3/s;84,61009979;%
2026-01-20 20:00:00.000;118,42136277777777;kVAr;2600;kW;0;None;2500;kW;5,599999905;Bar;2618,685065;kW;-100;cm;5,344686337280556;m3/s;5,344701941777778;m3/s;70;moh;1,083009243;Mill.m3;-100;cm;76,04327393;mm;84,77656879405555;%;2,599999905;None;0;m3/s;84,61009979;%
2026-01-20 21:00:00.000;116,32197694444444;kVAr;2600;kW;0;None;2500;kW;5,599999905;Bar;2619,23571;kW;-100;cm;5,344834581966667;m3/s;5,3450998756166666;m3/s;70;moh;1,083009243;Mill.m3;-100;cm;76,04327393;mm;84,77582605125;%;2,599999905;None;0;m3/s;84,61009979;%
2026-01-20 22:00:00.000;118,39189416666666;kVAr;2600;kW;0;None;2500;kW;5,599999905;Bar;2619,6360741666667;kW;-100;cm;5,3463873478722235;m3/s;5,34624689813889;m3/s;70;moh;1,083009243;Mill.m3;-100;cm;76,04327393;mm;84,76806324852778;%;2,599999905;None;0;m3/s;84,61009979;%
2026-01-20 23:00:00.000;114,24734638888889;kVAr;2600;kW;0;None;2500;kW;5,599999905;Bar;2618,7362388888887;kW;-99,94722222222222;cm;5,343383269705555;m3/s;5,343344256477778;m3/s;70,00052361758574;moh;1,0831192599444444;Mill.m3;-99,94770861111111;cm;76,00101895222222;mm;84,78308264422222;%;2,599999905;None;0;m3/s;84,61869515055555;%
2026-01-21 00:00:00.000;106,06471027777778;kVAr;2600;kW;0;None;2500;kW;5,599999905;Bar;2623,126264722222;kW;-100,31944444444444;cm;5,357958818702778;m3/s;5,357990029022223;m3/s;69,99675140494939;moh;1,0823876472638887;Mill.m3;-100,32469833333333;cm;76,28201707327777;mm;84,7102056925;%;2,599999905;None;0;m3/s;84,56153600286112;%
2026-01-21 01:00:00.000;111,526545;kVAr;2600;kW;0;None;2500;kW;5,599999905;Bar;2617,9196330555556;kW;-101,6;cm;5,342119171830555;m3/s;5,342072355691666;m3/s;69,98396583221874;moh;1,0798471104722223;Mill.m3;-101,60366777777777;cm;77,25777043055555;mm;84,78940361844444;%;2,599999905;None;0;m3/s;84,36305607694445;%
2026-01-21 02:00:00.000;113,04173361111111;kVAr;2600;kW;0;None;2500;kW;5,599999905;Bar;2615,9932855555558;kW;-103,03055555555555;cm;5,338600167911112;m3/s;5,33862357663889;m3/s;69,96960674393351;moh;1,0770477557583333;Mill.m3;-103,0390736111111;cm;78,33293573702778;mm;84,80699888727777;%;2,599999905;None;0;m3/s;84,14435990936111;%
2026-01-21 03:00:00.000;113,06234555555555;kVAr;2600;kW;0;None;2500;kW;5,599999905;Bar;2615,1123594444443;kW;-104,43055555555556;cm;5,329471026522222;m3/s;5,329525645569444;m3/s;69,9556585556652;moh;1,074269828763889;Mill.m3;-104,43400055555556;cm;79,39987812241667;mm;84,85264593686111;%;2,599999905;None;0;m3/s;83,92733124769444;%
2026-01-21 04:00:00.000;105,35209305555556;kVAr;2600;kW;0;None;2500;kW;5,599999905;Bar;2618,180995;kW;-105,73333333333333;cm;5,3418617209861115;m3/s;5,341830510669444;m3/s;69,94251420776479;moh;1,0716689217777777;Mill.m3;-105,74907333333333;cm;80,39881545083334;mm;84,79069107813889;%;2,599999905;None;0;m3/s;83,72413516327778;%
2026-01-21 05:00:00.000;114,93285888888889;kVAr;2600;kW;0;None;2500;kW;5,599999905;Bar;2611,9738905555555;kW;-107,21388888888889;cm;5,325959750047222;m3/s;5,326092395550001;m3/s;69,92783873334811;moh;1,0687154040694444;Mill.m3;-107,21601638888889;cm;81,53318871211111;mm;84,87020155505556;%;2,599999905;None;0;m3/s;83,49339180027778;%
2026-01-21 06:00:00.000;127,07908944444445;kVAr;2600;kW;0;None;2500;kW;5,599999905;Bar;2609,0878755555555;kW;-108,47777777777777;cm;5,317470343972222;m3/s;5,317470343972222;m3/s;69,91523993578669;moh;1,0662186832555556;Mill.m3;-108,47668166666666;cm;82,49211707772223;mm;84,91264839102777;%;2,599999905;None;0;m3/s;83,29833414511111;%
2026-01-21 07:00:00.000;133,02143972222223;kVAr;2600;kW;0;None;2500;kW;5,599999905;Bar;2620,3412772222223;kW;-109,86666666666666;cm;5,347323660025;m3/s;5,347237829338889;m3/s;69,90127851459798;moh;1,0634415227166667;Mill.m3;-109,87240861111111;cm;83,55875409783333;mm;84,76338206313889;%;2,599999905;None;0;m3/s;83,08137232216667;%
2026-01-21 08:00:00.000;181,63455194444444;kVAr;2600;kW;0,23201856148491878;None;2500;kW;5,599999905;Bar;2603,6674066666665;kW;-111,075;cm;5,297885435275;m3/s;5,297994674694444;m3/s;69,88919924936211;moh;1,0611366685277777;Mill.m3;-111,07973694444445;cm;84,44399867197222;mm;85,01057391705555;%;2,599999905;None;0;m3/s;82,90130142352778;%
2026-01-21 09:00:00.000;186,8785088888889;kVAr;2600;kW;0;None;2500;kW;5,599999905;Bar;2606,893687777778;kW;-112,58333333333333;cm;5,310455642816666;m3/s;5,310603894138887;m3/s;69,87430214484414;moh;1,0580570328777776;Mill.m3;-112,56975388888888;cm;85,62680916177777;mm;84,94772154419445;%;2,599999905;None;0;m3/s;82,66070325605556;%
2026-01-21 10:00:00.000;180,50893166666665;kVAr;2600;kW;0;None;2500;kW;5,599999905;Bar;2605,9333127777777;kW;-113,96944444444445;cm;5,307974433980554;m3/s;5,308013447205556;m3/s;69,86035447459969;moh;1,0554337011527777;Mill.m3;-113,96519777777777;cm;86,63436266747222;mm;84,96012800005556;%;2,599999905;None;0;m3/s;82,45575862686111;%
2026-01-21 11:00:00.000;194,22194611111112;kVAr;2600;kW;0;None;2500;kW;5,599999905;Bar;2607,3577941666667;kW;-114,62777777777778;cm;5,317392374383333;m3/s;5,317423583377777;m3/s;69,85379627422287;moh;1,054014502444445;Mill.m3;-114,62015638888889;cm;87,17944793933333;mm;84,91303829519444;%;2,599999905;None;0;m3/s;82,34488152755556;%
2026-01-21 12:00:00.000;172,73429916666666;kVAr;2600;kW;0;None;2500;kW;5,599999905;Bar;2614,365227222222;kW;-114,6;cm;5,333551866430556;m3/s;5,333590880980555;m3/s;69,85388927467626;moh;1,054223534638889;Mill.m3;-114,61038111111111;cm;87,09916278213889;mm;84,83224129080556;%;2,599999905;None;0;m3/s;82,36121260663889;%
2026-01-21 13:00:00.000;190,8986852777778;kVAr;2600;kW;0;None;2500;kW;5,599999905;Bar;2602,084643888889;kW;-114,48333333333333;cm;5,298423836024999;m3/s;5,298400428619443;m3/s;69,85517097476651;moh;1,0544490694750004;Mill.m3;-114,4846961111111;cm;87,01254016247222;mm;85,0078797875;%;2,599999905;None;0;m3/s;82,37883290402777;%
2026-01-21 14:00:00.000;177,35524305555555;kVAr;2600;kW;0;None;2500;kW;5,599999905;Bar;2612,2628094444444;kW;-114,39722222222223;cm;5,325054624397223;m3/s;5,324968795033334;m3/s;69,85612125306476;moh;1,0545810659083334;Mill.m3;-114,38858277777778;cm;86,96184315355555;mm;84,874726719;%;2,599999905;None;0;m3/s;82,38914511194444;%
2026-01-21 15:00:00.000;194,4875436111111;kVAr;2600;kW;0;None;2500;kW;5,599999905;Bar;2617,226584722222;kW;-114,38333333333334;cm;5,341916346591667;m3/s;5,341916346591667;m3/s;69,85621451145386;moh;1,0544435924611115;Mill.m3;-114,37905444444445;cm;87,01464350169445;mm;84,79041845419444;%;2,599999905;None;0;m3/s;82,37840481019444;%
2026-01-21 16:00:00.000;218,2677788888889;kVAr;2600;kW;0;None;2500;kW;5,599999905;Bar;2606,6552805555557;kW;-114,40833333333333;cm;5,3110721084999994;m3/s;5,310970671988889;m3/s;69,85598068145934;moh;1,0543610559361116;Mill.m3;-114,40078527777777;cm;87,04634431425;mm;84,94463962983333;%;2,599999905;None;0;m3/s;82,37195691213888;%
2026-01-21 17:00:00.000;223,71515027777778;kVAr;2600;kW;0;None;2500;kW;5,599999905;Bar;2611,068099722222;kW;-114,425;cm;5,325046821441666;m3/s;5,3250156098;m3/s;69,85557984598164;moh;1,0543885840055558;Mill.m3;-114,43146083333333;cm;87,03577141413889;mm;84,87476611619445;%;2,599999905;None;0;m3/s;82,37410704463889;%
2026-01-21 18:00:00.000;223,30552305555557;kVAr;2600;kW;0;None;2500;kW;5,599999905;Bar;2601,616535;kW;-114,25555555555556;cm;5,296941340124999;m3/s;5,296902325572221;m3/s;69,85751096663444;moh;1,0547680708972225;Mill.m3;-114,24786722222223;cm;86,89001941858334;mm;85,01529371416666;%;2,599999905;None;0;m3/s;82,40375466002777;%
2026-01-21 19:00:00.000;198,29178416666667;kVAr;2600;kW;0;None;2500;kW;5,599999905;Bar;2606,3255583333334;kW;-114,11944444444444;cm;5,309363332169443;m3/s;5,3092696999;m3/s;69,85894584318574;moh;1,0550981216638893;Mill.m3;-114,10699861111111;cm;86,76325310777777;mm;84,95318397908333;%;2,599999905;None;0;m3/s;82,42954033983334;%
2026-01-21 20:00:00.000;191,11175333333333;kVAr;2600;kW;0;None;2500;kW;5,599999905;Bar;2606,3048425;kW;-114,1361111111111;cm;5,309371117775001;m3/s;5,3093477103666675;m3/s;69,85877299741536;moh;1,0550156566555557;Mill.m3;-114,12526138888889;cm;86,79492437761111;mm;84,95330117505556;%;2,599999905;None;0;m3/s;82,42309884216667;%
2026-01-21 21:00:00.000;194,4349877777778;kVAr;2600;kW;0;None;2500;kW;5,599999905;Bar;2607,7886583333334;kW;-114,1;cm;5,316924140216667;m3/s;5,31684611243889;m3/s;69,85901817771885;moh;1,054982651588889;Mill.m3;-114,09384277777778;cm;86,80760112527778;mm;84,9153797555;%;2,599999905;None;0;m3/s;82,42052023383333;%
2026-01-21 22:00:00.000;188,82694194444446;kVAr;2600;kW;0;None;2500;kW;5,599999905;Bar;2602,8444027777778;kW;-114,09444444444445;cm;5,2986813347111115;m3/s;5,299016853227777;m3/s;69,85919035233309;moh;1,0550651404305558;Mill.m3;-114,08142416666666;cm;86,77591955577778;mm;85,00659402119445;%;2,599999905;None;0;m3/s;82,42696427483334;%
2026-01-21 23:00:00.000;176,8690897222222;kVAr;2600;kW;0;None;2500;kW;5,599999905;Bar;2609,2568419444447;kW;-113,95833333333333;cm;5,318398834652778;m3/s;5,318250584655555;m3/s;69,86021606165234;moh;1,0553237040833334;Mill.m3;-113,97310388888889;cm;86,67660954966667;mm;84,90800522661111;%;2,599999905;None;0;m3/s;82,447165428;%
2026-01-22 00:00:00.000;173,74406416666667;kVAr;2600;kW;0;None;2500;kW;5,599999905;Bar;2606,691996111111;kW;-113,90277777777777;cm;5,310705359772223;m3/s;5,310658542313889;m3/s;69,86103396206349;moh;1,0555822200527782;Mill.m3;-113,89678916666666;cm;86,57732001572222;mm;84,94647290944444;%;2,599999905;None;0;m3/s;82,46736149466666;%
2026-01-22 01:00:00.000;184,00030611111112;kVAr;2600;kW;0;None;2500;kW;5,599999905;Bar;2605,6266497222223;kW;-113,88888888888889;cm;5,3046426561305555;m3/s;5,304314941847223;m3/s;69,86135181472436;moh;1,055543694266667;Mill.m3;-113,86420638888889;cm;86,59211809533333;mm;84,97678735580556;%;2,599999905;None;0;m3/s;82,4643509353889;%
2026-01-22 02:00:00.000;180,0780636111111;kVAr;2600;kW;0;None;2500;kW;5,599999905;Bar;2604,9168669444443;kW;-113,675;cm;5,3031757196000004;m3/s;5,303066482827777;m3/s;69,86320303981934;moh;1,0560607420861112;Mill.m3;-113,68002583333333;cm;86,39353127083334;mm;84,98412166186111;%;2,599999905;None;0;m3/s;82,50474559094444;%
2026-01-22 03:00:00.000;169,37220666666667;kVAr;2600;kW;0;None;2500;kW;5,599999905;Bar;2607,2612202777777;kW;-113,68055555555556;cm;5,308817121844444;m3/s;5,3087625027972205;m3/s;69,86300818874693;moh;1,0558186134333338;Mill.m3;-113,6983861111111;cm;86,48653028397223;mm;84,95591509066666;%;2,599999905;None;0;m3/s;82,48582829502777;%
2026-01-22 04:00:00.000;172,72201583333333;kVAr;2600;kW;0;None;2500;kW;5,599999905;Bar;2598,413739444444;kW;-113,53055555555555;cm;5,286282751366667;m3/s;5,286360779144445;m3/s;69,86441847155321;moh;1,0559451010861114;Mill.m3;-113,54022638888888;cm;86,43795002925;mm;85,06858692113889;%;2,599999905;None;0;m3/s;82,49570942058334;%
2026-01-22 05:00:00.000;160,65187805555556;kVAr;2600;kW;0;None;2500;kW;5,599999905;Bar;2606,856312777778;kW;-113,53055555555555;cm;5,31074438895278;m3/s;5,310783402180557;m3/s;69,86471608726082;moh;1,0560826739250002;Mill.m3;-113,52883388888888;cm;86,38510916080556;mm;84,94627804247222;%;2,599999905;None;0;m3/s;82,50645858075;%
2026-01-22 06:00:00.000;167,43681138888888;kVAr;2600;kW;0;None;2500;kW;5,599999905;Bar;2606,5922113888887;kW;-113,33888888888889;cm;5,3071239088;m3/s;5,307225343986112;m3/s;69,86651106416103;moh;1,0566601237583337;Mill.m3;-113,35621888888889;cm;86,16332598847222;mm;84,96438051775;%;2,599999905;None;0;m3/s;82,55157104169444;%
2026-01-22 07:00:00.000;178,8535672222222;kVAr;2600;kW;0;None;2500;kW;5,599999905;Bar;2604,8617266666665;kW;-113,30277777777778;cm;5,306694768544443;m3/s;5,306757191822222;m3/s;69,86665597661951;moh;1,0566490306722223;Mill.m3;-113,32849333333333;cm;86,16758850975;mm;84,9665263068889;%;2,599999905;None;0;m3/s;82,55070402430556;%
2026-01-22 08:00:00.000;177,15818777777778;kVAr;2600;kW;0;None;2500;kW;5,599999905;Bar;2605,8487744444446;kW;-113,39444444444445;cm;5,307326800291665;m3/s;5,307498461669443;m3/s;69,86605057243679;moh;1,0564567355277779;Mill.m3;-113,39545694444445;cm;86,24144009569444;mm;84,96336599919445;%;2,599999905;None;0;m3/s;82,53568223419444;%
2026-01-22 09:00:00.000;180,32170694444446;kVAr;2600;kW;0;None;2500;kW;5,599999905;Bar;2604,9310180555553;kW;-113,37777777777778;cm;5,3095428242027785;m3/s;5,309503809652778;m3/s;69,86608472435313;moh;1,0563632171333337;Mill.m3;-113,38243111111112;cm;86,27735858597222;mm;84,95228674102778;%;2,599999905;None;0;m3/s;82,52837605075;%
2026-01-22 10:00:00.000;178,51166555555557;kVAr;2600;kW;0;None;2500;kW;5,599999905;Bar;2605,9739105555554;kW;-113,43055555555556;cm;5,312640441838888;m3/s;5,312640441838888;m3/s;69,86565516973448;moh;1,0563962500416668;Mill.m3;-113,44125777777778;cm;86,26467096652777;mm;84,9367978825;%;2,599999905;None;0;m3/s;82,53095675697222;%
2026-01-22 11:00:00.000;186,2702775;kVAr;2600;kW;0;None;2500;kW;5,599999905;Bar;2604,4844036111112;kW;-113,43333333333334;cm;5,304330521188889;m3/s;5,304494380983333;m3/s;69,8657263521094;moh;1,056401770763889;Mill.m3;-113,44390972222222;cm;86,26255052475;mm;84,97834763058333;%;2,599999905;None;0;m3/s;82,53138783891667;%
2026-01-22 12:00:00.000;190,505055;kVAr;2600;kW;0;None;2500;kW;5,599999905;Bar;2601,703941388889;kW;-113,42777777777778;cm;5,297464109808334;m3/s;5,297432899494445;m3/s;69,865550623547;moh;1,0562532518638892;Mill.m3;-113,43519277777777;cm;86,31959285858333;mm;85,01267929038889;%;2,599999905;None;0;m3/s;82,51978528902778;%
2026-01-22 13:00:00.000;165,77051722222222;kVAr;2600;kW;0;None;2500;kW;5,599999905;Bar;2602,725877777778;kW;-113,27777777777777;cm;5,300990970991666;m3/s;5,300975365172222;m3/s;69,86717940777324;moh;1,0568911633166669;Mill.m3;-113,2835186111111;cm;86,07458845822222;mm;84,99504564008333;%;2,599999905;None;0;m3/s;82,56962121405556;%
2026-01-22 14:00:00.000;165,37293944444446;kVAr;2600;kW;0;None;2500;kW;5,599999905;Bar;2605,3716077777776;kW;-113,34166666666667;cm;5,304330543719444;m3/s;5,304392965677778;m3/s;69,86674517203697;moh;1,0565007383138891;Mill.m3;-113,32627611111111;cm;86,22453994852778;mm;84,97834733180555;%;2,599999905;None;0;m3/s;82,53911963680555;%
2026-01-22 15:00:00.000;167,25648083333334;kVAr;2600;kW;0;None;2500;kW;5,599999905;Bar;2605,879607222222;kW;-113,18333333333334;cm;5,307397039783333;m3/s;5,307475067561111;m3/s;69,86814982382809;moh;1,0568032411861115;Mill.m3;-113,18178472222222;cm;86,10835577725;mm;84,96301549219444;%;2,599999905;None;0;m3/s;82,56275268213889;%
2026-01-22 16:00:00.000;177,9387436111111;kVAr;2600;kW;0;None;2500;kW;5,599999905;Bar;2598,7861608333333;kW;-113,03888888888889;cm;5,286314031877778;m3/s;5,286314031877778;m3/s;69,86922973547064;moh;1,0572320488944447;Mill.m3;-113,07552166666666;cm;85,94366452944445;mm;85,06843037097222;%;2,599999905;None;0;m3/s;82,59625242072222;%
2026-01-22 17:00:00.000;178,04192194444445;kVAr;2600;kW;0;None;2500;kW;5,599999905;Bar;2604,099886388889;kW;-113,07777777777778;cm;5,304939123013889;m3/s;5,304946925925;m3/s;69,8689995143733;moh;1,0571275248611112;Mill.m3;-113,10036833333334;cm;85,983810022;mm;84,97530411522222;%;2,599999905;None;0;m3/s;82,58808661616666;%
2026-01-22 18:00:00.000;177,362565;kVAr;2600;kW;0;None;2500;kW;5,599999905;Bar;2605,3646025;kW;-113,08888888888889;cm;5,30668696567222;m3/s;5,30668696567222;m3/s;69,86925554684304;moh;1,0570174840694448;Mill.m3;-113,06470388888889;cm;86,0260750875;mm;84,96656506805556;%;2,599999905;None;0;m3/s;82,57948924227777;%
2026-01-22 19:00:00.000;172,49720861111112;kVAr;2600;kW;0;None;2500;kW;5,599999905;Bar;2607,5071330555556;kW;-113,09722222222223;cm;5,313842080697222;m3/s;5,313834276463888;m3/s;69,86912648240798;moh;1,057144194338889;Mill.m3;-113,08721166666666;cm;85,97740480672222;mm;84,93078935344444;%;2,599999905;None;0;m3/s;82,58938931411112;%
2026-01-22 20:00:00.000;179,3021836111111;kVAr;2600;kW;0;None;2500;kW;5,599999905;Bar;2603,1181686111113;kW;-113,13055555555556;cm;5,300600832041667;m3/s;5,300515001352778;m3/s;69,86867310939289;moh;1,0569572927333333;Mill.m3;-113,13293527777778;cm;86,04918753388888;mm;84,99699611619444;%;2,599999905;None;0;m3/s;82,57478796705556;%
2026-01-22 21:00:00.000;176,6292811111111;kVAr;2600;kW;0;None;2500;kW;5,599999905;Bar;2605,2249880555555;kW;-113,02222222222223;cm;5,30708491406389;m3/s;5,307108322794446;m3/s;69,86990598507171;moh;1,0573036751833333;Mill.m3;-113,01089;cm;85,91615255163889;mm;84,96457521563889;%;2,599999905;None;0;m3/s;82,60184849669444;%
2026-01-22 22:00:00.000;183,83642055555555;kVAr;2600;kW;0;None;2500;kW;5,599999905;Bar;2598,551522777778;kW;-113,03055555555555;cm;5,286782105683333;m3/s;5,286696276319444;m3/s;69,86981193070943;moh;1,0571111216805555;Mill.m3;-113,02130861111111;cm;85,99010870211112;mm;85,06608895141666;%;2,599999905;None;0;m3/s;82,5868050475;%
2026-01-22 23:00:00.000;186,12824055555555;kVAr;2600;kW;0;None;2500;kW;5,599999905;Bar;2598,921766111111;kW;-112,98055555555555;cm;5,289115210566667;m3/s;5,289247857394445;m3/s;69,87009017350485;moh;1,0575235421055555;Mill.m3;-112,98349083333333;cm;85,83170937411111;mm;85,05442460444445;%;2,599999905;None;0;m3/s;82,61902512466666;%
2026-01-23 00:00:00.000;180,78317694444445;kVAr;2600;kW;0;None;2500;kW;5,599999905;Bar;2599,0989772222224;kW;-112,71944444444445;cm;5,289630153455556;m3/s;5,289357058219443;m3/s;69,87262104258393;moh;1,0578203811722222;Mill.m3;-112,71892722222222;cm;85,71770333072222;mm;85,05184815716666;%;2,599999905;None;0;m3/s;82,64221505061111;%
2026-01-23 01:00:00.000;184,22141666666667;kVAr;2600;kW;0;None;2500;kW;5,599999905;Bar;2600,0272275;kW;-112,23611111111111;cm;5,294538097969445;m3/s;5,294600519927779;m3/s;69,8776771664083;moh;1,0587884030833334;Mill.m3;-112,23098722222223;cm;85,345909244;mm;85,02731047705555;%;2,599999905;None;0;m3/s;82,71784146533334;%
2026-01-23 02:00:00.000;188,39565694444445;kVAr;2600;kW;0;None;2500;kW;5,599999905;Bar;2597,4809391666668;kW;-111,79166666666667;cm;5,285900453777778;m3/s;5,286001888963888;m3/s;69,88227328514095;moh;1,0595141571499997;Mill.m3;-111,76861666666667;cm;85,067168805;mm;85,0704987205;%;2,599999905;None;0;m3/s;82,77454020033333;%
2026-01-23 03:00:00.000;189,35618;kVAr;2600;kW;0;None;2500;kW;5,599999905;Bar;2600,4114591666666;kW;-111,175;cm;5,294506862427777;m3/s;5,2943742156;m3/s;69,8882879181844;moh;1,0607957113194444;Mill.m3;-111,17409638888888;cm;84,57495225008333;mm;85,02746658208333;%;2,599999905;None;0;m3/s;82,87466407097222;%
2026-01-23 04:00:00.000;193,30607833333335;kVAr;2600;kW;0;None;2500;kW;5,599999905;Bar;2598,3528341666665;kW;-110,64722222222223;cm;5,291479372986112;m3/s;5,291526187797223;m3/s;69,89358636825423;moh;1,0618077715361112;Mill.m3;-110,64239388888889;cm;84,18624341702778;mm;85,0426031536389;%;2,599999905;None;0;m3/s;82,95373299591667;%
2026-01-23 05:00:00.000;190,10047055555555;kVAr;2600;kW;0;None;2500;kW;5,599999905;Bar;2602,8388844444444;kW;-110,1;cm;5,298806195897222;m3/s;5,298806195897222;m3/s;69,89904698612467;moh;1,0630674413083334;Mill.m3;-110,09605166666667;cm;83,70243172411111;mm;85,00596930202778;%;2,599999905;None;0;m3/s;83,05214707777778;%
2026-01-23 06:00:00.000;183,88753666666668;kVAr;2600;kW;0;None;2500;kW;5,599999905;Bar;2609,6641208333335;kW;-109,75;cm;5,3187188321;m3/s;5,318703227602778;m3/s;69,90260369921121;moh;1,0636340047194444;Mill.m3;-109,7395525;cm;83,48482609058334;mm;84,90640691197223;%;2,599999905;None;0;m3/s;83,09640926630556;%
2026-01-23 07:00:00.000;197,65276083333333;kVAr;2600;kW;0;None;2500;kW;5,599999905;Bar;2602,2853616666666;kW;-109,12777777777778;cm;5,298798402188889;m3/s;5,298759390288887;m3/s;69,90897181030056;moh;1,0649154674277777;Mill.m3;-109,10287027777778;cm;82,99264698341666;mm;85,00600759769445;%;2,599999905;None;0;m3/s;83,19652294602778;%
2026-01-23 08:00:00.000;201,65613805555554;kVAr;2600;kW;0;None;2500;kW;5,599999905;Bar;2597,8715177777776;kW;-108,55833333333334;cm;5,293461322797223;m3/s;5,29339890083889;m3/s;69,91422282242881;moh;1,0663012277638886;Mill.m3;-108,5788113888889;cm;82,46041264136112;mm;85,03269337538889;%;2,599999905;None;0;m3/s;83,30478350519445;%
2026-01-23 09:00:00.000;195,83178;kVAr;2600;kW;0;None;2500;kW;5,599999905;Bar;2600,1062580555554;kW;-108,25;cm;5,2887952579416675;m3/s;5,288787455033335;m3/s;69,91760917667028;moh;1,0667025709861113;Mill.m3;-108,2377975;cm;82,30626911638889;mm;85,05602414808334;%;2,599999905;None;0;m3/s;83,33613768866667;%
2026-01-23 10:00:00.000;197,31237472222222;kVAr;2600;kW;0;None;2500;kW;5,599999905;Bar;2602,9699475;kW;-107,65555555555555;cm;5,300273087288889;m3/s;5,3003042989305555;m3/s;69,92338993750889;moh;1,0677859079638887;Mill.m3;-107,66020527777778;cm;81,89018722016667;mm;84,99863491002777;%;2,599999905;None;0;m3/s;83,42077359205555;%
2026-01-23 11:00:00.000;202,16239027777777;kVAr;2600;kW;0;None;2500;kW;5,599999905;Bar;2601,0106833333334;kW;-107,07222222222222;cm;5,294335220911112;m3/s;5,2942806005388885;m3/s;69,92932831906083;moh;1,0690399500805554;Mill.m3;-107,07704694444445;cm;81,40853830836112;mm;85,02832455058333;%;2,599999905;None;0;m3/s;83,51874673630556;%
2026-01-23 12:00:00.000;199,93547555555554;kVAr;2600;kW;0;None;2500;kW;5,599999905;Bar;2601,9814102777777;kW;-106,58333333333333;cm;5,299609908797222;m3/s;5,2995865013916665;m3/s;69,93412009703624;moh;1,0698540277694444;Mill.m3;-106,59371888888889;cm;81,0958695505;mm;85,00195168433333;%;2,599999905;None;0;m3/s;83,58234683061112;%
2026-01-23 13:00:00.000;198,6409813888889;kVAr;2600;kW;0;None;2500;kW;5,599999905;Bar;2600,7464694444443;kW;-106,09722222222223;cm;5,296777456363889;m3/s;5,296582386252778;m3/s;69,93907294286714;moh;1,070591018072222;Mill.m3;-106,09272888888889;cm;80,8128098153611;mm;85,01611378980556;%;2,599999905;None;0;m3/s;83,63992387830555;%
2026-01-23 14:00:00.000;159,61368833333333;kVAr;2600;kW;0;None;2500;kW;5,599999905;Bar;2599,9338166666666;kW;-105,65277777777777;cm;5,292805898347223;m3/s;5,292930743586111;m3/s;69,94348787422304;moh;1,071899842086111;Mill.m3;-105,65192444444445;cm;80,31012581666667;mm;85,03597191647222;%;2,599999905;None;0;m3/s;83,7421759265;%
2026-01-23 15:00:00.000;163,87161972222222;kVAr;2600;kW;0;None;2500;kW;5,599999905;Bar;2597,445831388889;kW;-105,13055555555556;cm;5,28547125125;m3/s;5,285416632202778;m3/s;69,94854879300493;moh;1,0728290996749996;Mill.m3;-105,12838583333334;cm;79,95322390725;mm;85,07264448866667;%;2,599999905;None;0;m3/s;83,81477449113889;%
2026-01-23 16:00:00.000;163,11759833333332;kVAr;2600;kW;0;None;2500;kW;5,599999905;Bar;2601,0894919444445;kW;-104,68055555555556;cm;5,298299026594444;m3/s;5,298174182677776;m3/s;69,95344827269847;moh;1,0738519074055557;Mill.m3;-104,6644838888889;cm;79,56039119461111;mm;85,00850550277778;%;2,599999905;None;0;m3/s;83,89468169741667;%
2026-01-23 17:00:00.000;147,59786222222223;kVAr;2600;kW;0;None;2500;kW;5,599999905;Bar;2598,4674988888887;kW;-104,12222222222222;cm;5,285962888919443;m3/s;5,2859082685444445;m3/s;69,95888235714195;moh;1,0749576052055556;Mill.m3;-104,09778583333333;cm;79,13571542219445;mm;85,07018576663889;%;2,599999905;None;0;m3/s;83,98106530636112;%
2026-01-23 18:00:00.000;132,09681194444445;kVAr;2600;kW;0;None;2500;kW;5,599999905;Bar;2602,411518611111;kW;-103,62222222222222;cm;5,301381154880555;m3/s;5,301381154880555;m3/s;69,96386701668357;moh;1,075980615566667;Mill.m3;-103,61232777777778;cm;78,74280103183334;mm;84,9930950798611;%;2,599999905;None;0;m3/s;84,06098836433334;%
2026-01-23 19:00:00.000;142,57452138888888;kVAr;2600;kW;0;None;2500;kW;5,599999905;Bar;2599,904633888889;kW;-103,08611111111111;cm;5,287617106050002;m3/s;5,287648316366668;m3/s;69,96911333782346;moh;1,0767726460500002;Mill.m3;-103,08901361111111;cm;78,43859988377778;mm;85,06191541913888;%;2,599999905;None;0;m3/s;84,12286516994445;%
2026-01-23 20:00:00.000;144,05015722222223;kVAr;2600;kW;0;None;2500;kW;5,599999905;Bar;2599,4244744444445;kW;-102,62777777777778;cm;5,293632974866665;m3/s;5,29360956746111;m3/s;69,97386204392882;moh;1,077806801141667;Mill.m3;-102,61438527777777;cm;78,04140232986111;mm;85,03183545019445;%;2,599999905;None;0;m3/s;84,20365912319444;%
2026-01-23 21:00:00.000;139,12949166666667;kVAr;2600;kW;0;None;2500;kW;5,599999905;Bar;2604,4748169444442;kW;-102,04166666666667;cm;5,3065855715333345;m3/s;5,306554359891667;m3/s;69,9793986408685;moh;1,0788022119138894;Mill.m3;-102,0491488888889;cm;77,65908995725;mm;84,96707225333333;%;2,599999905;None;0;m3/s;84,28142505330555;%
2026-01-23 22:00:00.000;143,6479588888889;kVAr;2600;kW;0;None;2500;kW;5,599999905;Bar;2605,115951111111;kW;-101,46666666666667;cm;5,308988792469443;m3/s;5,308988792469443;m3/s;69,9848994684519;moh;1,0801054634833334;Mill.m3;-101,510525;cm;77,15854581119444;mm;84,95505650858334;%;2,599999905;None;0;m3/s;84,38324040302778;%
2026-01-23 23:00:00.000;141,32764305555557;kVAr;2600;kW;0;None;2500;kW;5,599999905;Bar;2605,0560508333333;kW;-101,06944444444444;cm;5,306741549011111;m3/s;5,306905407475;m3/s;69,98948817875441;moh;1,08078183315;Mill.m3;-101,04904027777778;cm;76,89877037338888;mm;84,96629231766667;%;2,599999905;None;0;m3/s;84,43608108033334;%
2026-01-24 00:00:00.000;147,5712922222222;kVAr;2600;kW;0;None;2500;kW;5,599999905;Bar;2600,4662761111113;kW;-100,63333333333334;cm;5,293906102005553;m3/s;5,293835877136108;m3/s;69,99369398906477;moh;1,0817221878499998;Mill.m3;-100,63040194444444;cm;76,537604522;mm;85,0304698733889;%;2,599999905;None;0;m3/s;84,5095462785;%
2026-01-24 01:00:00.000;142,39002055555557;kVAr;2600;kW;0;None;2500;kW;5,599999905;Bar;2608,072620277778;kW;-100,13888888888889;cm;5,314115127038888;m3/s;5,3142867870888875;m3/s;69,99863681468456;moh;1,0827397014861109;Mill.m3;-100,13630611111111;cm;76,14680055172222;mm;84,92942345980556;%;2,599999905;None;0;m3/s;84,58904115663888;%
2026-01-24 02:00:00.000;145,96852083333334;kVAr;2600;kW;0;None;2500;kW;5,599999905;Bar;2602,9469558333335;kW;-99,60277777777777;cm;5,300990977594444;m3/s;5,300959767277777;m3/s;70,00372340186425;moh;1,0836362203333332;Mill.m3;-99,61920111111111;cm;75,802469129;mm;84,99504585227778;%;2,599999905;None;0;m3/s;84,65908317366667;%
2026-01-24 03:00:00.000;140,44092694444444;kVAr;2600;kW;0;None;2500;kW;5,599999905;Bar;2605,6373594444444;kW;-99,09722222222223;cm;5,304634846566667;m3/s;5,304650452386111;m3/s;70,00900241071419;moh;1,084989067025;Mill.m3;-99,10124388888889;cm;75,28287652561112;mm;84,97682539638889;%;2,599999905;None;0;m3/s;84,76477512711111;%
2026-01-24 04:00:00.000;136,50593916666668;kVAr;2600;kW;0;None;2500;kW;5,599999905;Bar;2606,332465833333;kW;-98,68888888888888;cm;5,310884843994446;m3/s;5,3108926469055575;m3/s;70,01305324797873;moh;1,085676537777778;Mill.m3;-98,69427694444444;cm;75,01883682827778;mm;84,94557573525;%;2,599999905;None;0;m3/s;84,81848434836111;%
2026-01-24 05:00:00.000;137,4490575;kVAr;2600;kW;0;None;2500;kW;5,599999905;Bar;2605,032060833333;kW;-98,16666666666667;cm;5,30638266265;m3/s;5,306460689108333;m3/s;70,0182423566793;moh;1,0864903570916669;Mill.m3;-98,17388694444445;cm;74,70627176547222;mm;84,968086666;%;2,599999905;None;0;m3/s;84,88206342172222;%
2026-01-24 06:00:00.000;144,05612888888888;kVAr;2600;kW;0;None;2500;kW;5,599999905;Bar;2598,7450655555554;kW;-97,72222222222223;cm;5,2894507170027785;m3/s;5,2894741257361115;m3/s;70,0229112485362;moh;1,087282248525;Mill.m3;-97,70880416666667;cm;74,40212629052778;mm;85,05274683658334;%;2,599999905;None;0;m3/s;84,94392865694445;%
2026-01-24 07:00:00.000;151,03874027777778;kVAr;2600;kW;0;None;2500;kW;5,599999905;Bar;2593,1037502777776;kW;-97,19444444444444;cm;5,269460043622223;m3/s;5,26939762166389;m3/s;70,02795390344674;moh;1,0885856948499995;Mill.m3;-97,20416305555555;cm;73,90150286166667;mm;85,15270000041667;%;2,599999905;None;0;m3/s;85,045758822;%
2026-01-24 08:00:00.000;136,12040666666667;kVAr;2600;kW;0;None;2500;kW;5,599999905;Bar;2608,1515272222223;kW;-96,70833333333333;cm;5,315816154777778;m3/s;5,315964407422221;m3/s;70,03290692146315;moh;1,0893502924888891;Mill.m3;-96,70966638888889;cm;73,60783773825;mm;84,92091920630556;%;2,599999905;None;0;m3/s;85,10549356858333;%
2026-01-24 09:00:00.000;132,5519025;kVAr;2600;kW;0;None;2500;kW;5,599999905;Bar;2607,5315069444446;kW;-96,18888888888888;cm;5,317041197102779;m3/s;5,317002183875001;m3/s;70,03804895459804;moh;1,0904889674444447;Mill.m3;-96,19566361111112;cm;73,170494331;mm;84,91479403105555;%;2,599999905;None;0;m3/s;85,19445436344445;%
2026-01-24 10:00:00.000;135,3475611111111;kVAr;2600;kW;0;None;2500;kW;5,599999905;Bar;2605,8151125;kW;-95,68333333333334;cm;5,309979705027778;m3/s;5,309987507938889;m3/s;70,04335744758107;moh;1,0915836192194444;Mill.m3;-95,66512666666667;cm;72,75007654522223;mm;84,95010176705556;%;2,599999905;None;0;m3/s;85,27997154627778;%
2026-01-24 11:00:00.000;131,03144416666666;kVAr;2600;kW;0;None;2500;kW;5,599999905;Bar;2605,9984955555556;kW;-95,39166666666667;cm;5,312741833375001;m3/s;5,312741833375001;m3/s;70,0461864452808;moh;1,0921171503166665;Mill.m3;-95,38198888888888;cm;72,5451666485;mm;84,9362895335;%;2,599999905;None;0;m3/s;85,32165222083333;%
2026-01-24 12:00:00.000;140,05998666666667;kVAr;2600;kW;0;None;2500;kW;5,599999905;Bar;2602,4423944444443;kW;-95,55277777777778;cm;5,300959797786111;m3/s;5,300959797786111;m3/s;70,04451760926268;moh;1,0917486786722221;Mill.m3;-95,54950722222222;cm;72,68668242238888;mm;84,99520155511111;%;2,599999905;None;0;m3/s;85,292866558;%
2026-01-24 13:00:00.000;129,15164166666668;kVAr;2600;kW;0;None;2500;kW;5,599999905;Bar;2602,869886666667;kW;-95,99444444444444;cm;5,29903245903889;m3/s;5,29929775268889;m3/s;70,04004515664984;moh;1,0909620460666662;Mill.m3;-95,99552138888889;cm;72,98879648533334;mm;85,00483792613889;%;2,599999905;None;0;m3/s;85,23141403233333;%
2026-01-24 14:00:00.000;124,7133425;kVAr;2600;kW;0;None;2500;kW;5,599999905;Bar;2606,9224791666666;kW;-96,44444444444444;cm;5,311259361183333;m3/s;5,311267165419443;m3/s;70,03558338873945;moh;1,0901094051777778;Mill.m3;-96,44202277777778;cm;73,31627521241667;mm;84,94370286708333;%;2,599999905;None;0;m3/s;85,16480062386111;%
2026-01-24 15:00:00.000;125,64155138888889;kVAr;2600;kW;0;None;2500;kW;5,599999905;Bar;2603,0784236111112;kW;-96,92222222222222;cm;5,300850513322223;m3/s;5,300920736863889;m3/s;70,03077378192603;moh;1,0890807471333335;Mill.m3;-96,92240027777778;cm;73,711363218;mm;84,99574720605555;%;2,599999905;None;0;m3/s;85,08443502;%
2026-01-24 16:00:00.000;132,00284277777777;kVAr;2600;kW;0;None;2500;kW;5,599999905;Bar;2600,0256961111113;kW;-97,34166666666667;cm;5,294740985527779;m3/s;5,294662959069445;m3/s;70,02655489348913;moh;1,0883161533027779;Mill.m3;-97,34685472222222;cm;74,00502859575;mm;85,02629570383333;%;2,599999905;None;0;m3/s;85,0247014815;%
2026-01-24 17:00:00.000;142,11063277777777;kVAr;2600;kW;0;None;2500;kW;5,599999905;Bar;2596,741536111111;kW;-97,8638888888889;cm;5,283668871813888;m3/s;5,283489407527777;m3/s;70,02145181122397;moh;1,0872380112138889;Mill.m3;-97,85412111111111;cm;74,41912186825;mm;85,08165668822222;%;2,599999905;None;0;m3/s;84,94047211916667;%
2026-01-24 18:00:00.000;138,0092011111111;kVAr;2600;kW;0;None;2500;kW;5,599999905;Bar;2598,237884166667;kW;-98,21111111111111;cm;5,284971843719445;m3/s;5,285049871497222;m3/s;70,0178351417946;moh;1,08652322305;Mill.m3;-98,21600527777778;cm;74,69365151733334;mm;85,07513966025;%;2,599999905;None;0;m3/s;84,88463077758334;%
2026-01-24 19:00:00.000;135,1695938888889;kVAr;2600;kW;0;None;2500;kW;5,599999905;Bar;2597,699791111111;kW;-98,73055555555555;cm;5,284199455022223;m3/s;5,284113625658334;m3/s;70,01264536042876;moh;1,0856161914333335;Mill.m3;-98,73577055555556;cm;75,04201215333333;mm;85,0790029533889;%;2,599999905;None;0;m3/s;84,81377118283334;%
2026-01-24 20:00:00.000;125,85400333333334;kVAr;2600;kW;0;None;2500;kW;5,599999905;Bar;2605,4636266666666;kW;-99,0111111111111;cm;5,309870488044447;m3/s;5,309964122966666;m3/s;70,00990589910421;moh;1,0849565190666666;Mill.m3;-99,00966138888889;cm;75,29537036;mm;84,95064754405556;%;2,599999905;None;0;m3/s;84,7622356375;%
2026-01-24 21:00:00.000;122,65922916666666;kVAr;2600;kW;0;None;2500;kW;5,599999905;Bar;2606,736806666667;kW;-99,38888888888889;cm;5,308465998711111;m3/s;5,30852061776111;m3/s;70,00602635880931;moh;1,0841974259999998;Mill.m3;-99,39692722222222;cm;75,58692017;mm;84,95767082547222;%;2,599999905;None;0;m3/s;84,702929684;%
2026-01-24 22:00:00.000;127,39016583333333;kVAr;2600;kW;0;None;2500;kW;5,599999905;Bar;2606,132614166667;kW;-99,90833333333333;cm;5,310978452361111;m3/s;5,310861411352779;m3/s;70,00095579616328;moh;1,0831412633333333;Mill.m3;-99,90470805555556;cm;75,99256808366667;mm;84,94510786247223;%;2,599999905;None;0;m3/s;84,62041422266667;%
2026-01-24 23:00:00.000;121,39101388888889;kVAr;2600;kW;0;None;2500;kW;5,599999905;Bar;2603,040731388889;kW;-100,33611111111111;cm;5,302629558288889;m3/s;5,302660769927779;m3/s;69,99663642479334;moh;1,0822556269305554;Mill.m3;-100,33676083333333;cm;76,33272342761111;mm;84,98685304719444;%;2,599999905;None;0;m3/s;84,55122157019444;%
2026-01-25 00:00:00.000;115,85274055555556;kVAr;2600;kW;0;None;2500;kW;5,599999905;Bar;2610,2373683333335;kW;-100,82222222222222;cm;5,3175952447777775;m3/s;5,317618653508333;m3/s;69,99183358880438;moh;1,0813975663138888;Mill.m3;-100,82627916666667;cm;76,66228656527778;mm;84,91202401011111;%;2,599999905;None;0;m3/s;84,48418386136112;%
2026-01-25 01:00:00.000;133,41966944444445;kVAr;2600;kW;0;None;2500;kW;5,599999905;Bar;2591,7509105555555;kW;-101,25277777777778;cm;5,265472873052777;m3/s;5,265582111149999;m3/s;69,9875173206266;moh;1,0805838145750002;Mill.m3;-101,24829861111111;cm;76,97482513605556;mm;85,17263567216666;%;2,599999905;None;0;m3/s;84,42061006708333;%
2026-01-25 02:00:00.000;112,66570444444444;kVAr;2600;kW;0;None;2500;kW;5,599999905;Bar;2606,1016122222222;kW;-101,71666666666667;cm;5,308793743491667;m3/s;5,308793743491667;m3/s;69,98284252672903;moh;1,079594226525;Mill.m3;-101,71555444444445;cm;77,35489503947223;mm;84,9560323061389;%;2,599999905;None;0;m3/s;84,34330012027777;%
2026-01-25 03:00:00.000;111,74488805555555;kVAr;2600;kW;0;None;2500;kW;5,599999905;Bar;2608,0675844444445;kW;-102,20277777777778;cm;5,312609256747222;m3/s;5,312539031880556;m3/s;69,97804022267314;moh;1,0786099723722224;Mill.m3;-102,19625305555556;cm;77,7329198205;mm;84,93695405252778;%;2,599999905;None;0;m3/s;84,266407226;%
2026-01-25 04:00:00.000;117,21691805555555;kVAr;2600;kW;0;None;2500;kW;5,599999905;Bar;2603,149746111111;kW;-102,60833333333333;cm;5,3019506851500005;m3/s;5,301958488061111;m3/s;69,9740073326503;moh;1,0778563801527778;Mill.m3;-102,59970694444445;cm;78,02235965808333;mm;84,99024721769445;%;2,599999905;None;0;m3/s;84,20753381716666;%
2026-01-25 05:00:00.000;129,87248583333334;kVAr;2600;kW;0;None;2500;kW;5,599999905;Bar;2586,1901572222223;kW;-102,73333333333333;cm;5,255477505216666;m3/s;5,255360464213887;m3/s;69,97267578667925;moh;1,0775703360972222;Mill.m3;-102,73229361111112;cm;78,13222370241667;mm;85,22261318630555;%;2,599999905;None;0;m3/s;84,18518698183334;%
2026-01-25 06:00:00.000;109,80757222222222;kVAr;2600;kW;0;None;2500;kW;5,599999905;Bar;2601,7336661111112;kW;-102,95277777777778;cm;5,299391396891664;m3/s;5,299391396891664;m3/s;69,97043821627499;moh;1,0771962785694444;Mill.m3;-102,95709333333333;cm;78,27589143225;mm;85,00304275127777;%;2,599999905;None;0;m3/s;84,15596356133334;%
2026-01-25 07:00:00.000;143,55304361111112;kVAr;2600;kW;0;None;2500;kW;5,599999905;Bar;2586,9389155555555;kW;-103,16944444444445;cm;5,252894851872221;m3/s;5,253105526474999;m3/s;69,9684148833744;moh;1,0766351923055557;Mill.m3;-103,15952777777778;cm;78,49139281505556;mm;85,23552568216667;%;2,599999905;None;0;m3/s;84,11212821863889;%
2026-01-25 08:00:00.000;141,89008944444444;kVAr;2600;kW;0;None;2500;kW;5,599999905;Bar;2594,0827047222224;kW;-103,29166666666667;cm;5,270552437780555;m3/s;5,270435396777777;m3/s;69,96711443569366;moh;1,0764756678000003;Mill.m3;-103,28848444444445;cm;78,55266266;mm;85,14723777691667;%;2,599999905;None;0;m3/s;84,099665073;%
2026-01-25 09:00:00.000;134,19468388888887;kVAr;2600;kW;0;None;2500;kW;5,599999905;Bar;2610,896733611111;kW;-103,56944444444444;cm;5,323751574091666;m3/s;5,323696955041667;m3/s;69,9642473667166;moh;1,075892578288889;Mill.m3;-103,57501277777777;cm;78,77661404222222;mm;84,88124321694444;%;2,599999905;None;0;m3/s;84,05410966205555;%
2026-01-25 10:00:00.000;182,19276083333332;kVAr;2600;kW;0;None;2500;kW;5,599999905;Bar;2599,7308455555553;kW;-103,88888888888889;cm;5,290722550322222;m3/s;5,290714748736112;m3/s;69,96105310864014;moh;1,0753534955000001;Mill.m3;-103,89523222222222;cm;78,98366368766666;mm;85,04638712125;%;2,599999905;None;0;m3/s;84,01199264933334;%
2026-01-25 11:00:00.000;167,21044;kVAr;2600;kW;0;None;2500;kW;5,599999905;Bar;2609,197471111111;kW;-104,03611111111111;cm;5,315691329375;m3/s;5,315675723555555;m3/s;69,95963929793254;moh;1,0750564499;Mill.m3;-104,03578833333333;cm;79,09775212766667;mm;84,921542951;%;2,599999905;None;0;m3/s;83,98878517583333;%
2026-01-25 12:00:00.000;161,2623311111111;kVAr;2600;kW;0;None;2500;kW;5,599999905;Bar;2602,3556913888888;kW;-104,31666666666666;cm;5,293562756616668;m3/s;5,29356275661389;m3/s;69,95676175196027;moh;1,0743908473861112;Mill.m3;-104,32356277777778;cm;79,35339730775;mm;85,03218595725;%;2,599999905;None;0;m3/s;83,93678580563889;%
2026-01-25 13:00:00.000;154,8790463888889;kVAr;2600;kW;0;None;2500;kW;5,599999905;Bar;2604,2564933333333;kW;-104,57777777777778;cm;5,298345854627777;m3/s;5,29831464298611;m3/s;69,9542527840774;moh;1,0739782838611112;Mill.m3;-104,57418694444445;cm;79,51185493683333;mm;85,00827032683334;%;2,599999905;None;0;m3/s;83,90455466405555;%
2026-01-25 14:00:00.000;140,00966944444446;kVAr;2600;kW;0;None;2500;kW;5,599999905;Bar;2607,0209458333334;kW;-104,90555555555555;cm;5,3113139630055555;m3/s;5,311220328083334;m3/s;69,95086477925271;moh;1,0733511872777777;Mill.m3;-104,91331666666666;cm;79,75271072633333;mm;84,94342922613889;%;2,599999905;None;0;m3/s;83,85556352188888;%
2026-01-25 15:00:00.000;131,82937;kVAr;2600;kW;0;None;2500;kW;5,599999905;Bar;2605,7758341666668;kW;-105;cm;5,308778137741666;m3/s;5,308817150966667;m3/s;69,94999695;moh;1,07310915;Mill.m3;-105;cm;79,84567261;mm;84,95610955619445;%;2,599999905;None;0;m3/s;83,83665466;%
2026-01-25 16:00:00.000;130,05136777777778;kVAr;2600;kW;0;None;2500;kW;5,599999905;Bar;2605,550708333333;kW;-105;cm;5,306694777905556;m3/s;5,30681181758889;m3/s;69,94999695;moh;1,07310915;Mill.m3;-105;cm;79,84567261;mm;84,96652677311111;%;2,599999905;None;0;m3/s;83,83665466;%
2026-01-25 17:00:00.000;122,92811222222223;kVAr;2600;kW;0;None;2500;kW;5,599999905;Bar;2603,776242222222;kW;-105;cm;5,3028089590555565;m3/s;5,3028089590555565;m3/s;69,94999695;moh;1,07310915;Mill.m3;-105;cm;79,84567261;mm;84,98595547213888;%;2,599999905;None;0;m3/s;83,83665466;%
2026-01-25 18:00:00.000;127,95013972222222;kVAr;2600;kW;0;None;2500;kW;5,599999905;Bar;2602,1364655555553;kW;-105;cm;5,292548414055555;m3/s;5,292642047655555;m3/s;69,94999695;moh;1,07310915;Mill.m3;-105;cm;79,84567261;mm;85,03725823311112;%;2,599999905;None;0;m3/s;83,83665466;%
2026-01-25 19:00:00.000;122,33820527777777;kVAr;2600;kW;0;None;2500;kW;5,599999905;Bar;2607,0686880555554;kW;-105;cm;5,3112125860749995;m3/s;5,311306219674999;m3/s;69,94999695;moh;1,07310915;Mill.m3;-105;cm;79,84567261;mm;84,94393742855556;%;2,599999905;None;0;m3/s;83,83665466;%
2026-01-25 20:00:00.000;124,762595;kVAr;2600;kW;0;None;2500;kW;5,599999905;Bar;2606,318823611111;kW;-105;cm;5,310752202533333;m3/s;5,310728795127777;m3/s;69,94999695;moh;1,07310915;Mill.m3;-105;cm;79,84567261;mm;84,94623866666667;%;2,599999905;None;0;m3/s;83,83665466;%
2026-01-25 21:00:00.000;131,55927555555556;kVAr;2600;kW;0;None;2500;kW;5,599999905;Bar;2603,5537875;kW;-105;cm;5,302535916733333;m3/s;5,302465691866666;m3/s;69,94999695;moh;1,07310915;Mill.m3;-105;cm;79,84567261;mm;84,98732064558334;%;2,599999905;None;0;m3/s;83,83665466;%
2026-01-25 22:00:00.000;135,2852511111111;kVAr;2600;kW;0;None;2500;kW;5,599999905;Bar;2599,446053333333;kW;-105;cm;5,291588658772223;m3/s;5,291658883644445;m3/s;69,94999695;moh;1,07310915;Mill.m3;-105;cm;79,84567261;mm;85,04205763041666;%;2,599999905;None;0;m3/s;83,83665466;%
2026-01-25 23:00:00.000;134,5734011111111;kVAr;2600;kW;0;None;2500;kW;5,599999905;Bar;2597,207403888889;kW;-105;cm;5,283887336105555;m3/s;5,283832718383333;m3/s;69,94999695;moh;1,07310915;Mill.m3;-105;cm;79,84567261;mm;85,08056426555555;%;2,599999905;None;0;m3/s;83,83665466;%
2026-01-26 00:00:00.000;129,23638777777776;kVAr;2600;kW;0;None;2500;kW;5,599999905;Bar;2593,7157994444447;kW;-105;cm;5,272066165375;m3/s;5,272128587333334;m3/s;69,94999695;moh;1,07310915;Mill.m3;-105;cm;79,84567261;mm;85,13966863422222;%;2,599999905;None;0;m3/s;83,83665466;%
2026-01-26 01:00:00.000;125,85392833333333;kVAr;2600;kW;0;None;2500;kW;5,599999905;Bar;2597,41098;kW;-105;cm;5,285916014477779;m3/s;5,28589260575;m3/s;69,94999695;moh;1,07310915;Mill.m3;-105;cm;79,84567261;mm;85,07041962911111;%;2,599999905;None;0;m3/s;83,83665466;%
2026-01-26 02:00:00.000;123,02783638888889;kVAr;2600;kW;0;None;2500;kW;5,599999905;Bar;2597,561944722222;kW;-105;cm;5,286782146927779;m3/s;5,286797752747224;m3/s;69,94999695;moh;1,07310915;Mill.m3;-105;cm;79,84567261;mm;85,06608948091667;%;2,599999905;None;0;m3/s;83,83665466;%
2026-01-26 03:00:00.000;133,55134166666667;kVAr;2600;kW;0;None;2500;kW;5,599999905;Bar;2592,1683094444443;kW;-105;cm;5,272198789502777;m3/s;5,272097352997222;m3/s;69,94999695;moh;1,07310915;Mill.m3;-105;cm;79,84567261;mm;85,13900629691666;%;2,599999905;None;0;m3/s;83,83665466;%
2026-01-26 04:00:00.000;117,20672666666667;kVAr;2600;kW;0;None;2500;kW;5,599999905;Bar;2609,903458888889;kW;-105;cm;5,320123261872223;m3/s;5,320131066108335;m3/s;69,94999695;moh;1,07310915;Mill.m3;-105;cm;79,84567261;mm;84,89938309966666;%;2,599999905;None;0;m3/s;83,83665466;%
2026-01-26 05:00:00.000;128,40683055555556;kVAr;2600;kW;0;None;2500;kW;5,599999905;Bar;2609,0561119444446;kW;-105;cm;5,317579595324999;m3/s;5,31754838368611;m3/s;69,94999695;moh;1,07310915;Mill.m3;-105;cm;79,84567261;mm;84,91210265666666;%;2,599999905;None;0;m3/s;83,83665466;%
2026-01-26 06:00:00.000;130,2700111111111;kVAr;2600;kW;0;None;2500;kW;5,599999905;Bar;2607,173005277778;kW;-105;cm;5,3111579577972226;m3/s;5,311196971025;m3/s;69,94999695;moh;1,07310915;Mill.m3;-105;cm;79,84567261;mm;84,94421096308334;%;2,599999905;None;0;m3/s;83,83665466;%
2026-01-26 07:00:00.000;143,69528166666666;kVAr;2600;kW;0;None;2500;kW;5,599999905;Bar;2603,971391111111;kW;-105;cm;5,3057116084416664;m3/s;5,305766227488888;m3/s;69,94999695;moh;1,07310915;Mill.m3;-105;cm;79,84567261;mm;84,97144192516667;%;2,599999905;None;0;m3/s;83,83665466;%
2026-01-26 08:00:00.000;151,17234916666666;kVAr;2600;kW;0;None;2500;kW;5,599999905;Bar;2606,5766586111113;kW;-105;cm;5,305383898158334;m3/s;5,30540730688889;m3/s;69,94999695;moh;1,07310915;Mill.m3;-105;cm;79,84567261;mm;84,97308042358334;%;2,599999905;None;0;m3/s;83,83665466;%
2026-01-26 09:00:00.000;159,51339166666668;kVAr;2600;kW;0;None;2500;kW;5,599999905;Bar;2600,0879841666665;kW;-105;cm;5,289856470969444;m3/s;5,289942302986111;m3/s;69,94999695;moh;1,07310915;Mill.m3;-105;cm;79,84567261;mm;85,05091279355555;%;2,599999905;None;0;m3/s;83,83665466;%
2026-01-26 10:00:00.000;156,17957027777777;kVAr;2600;kW;0;None;2500;kW;5,599999905;Bar;2601,1059622222224;kW;-105;cm;5,295544661577777;m3/s;5,295677308405556;m3/s;69,94999695;moh;1,0731091500000003;Mill.m3;-105;cm;79,84567261;mm;85,02227755613889;%;2,599999905;None;0;m3/s;83,83665466;%
2026-01-26 11:00:00.000;165,02161416666667;kVAr;2600;kW;0;None;2500;kW;5,599999905;Bar;2594,043578611111;kW;-105;cm;5,272128608463889;m3/s;5,272081792325;m3/s;69,94999695;moh;1,07310915;Mill.m3;-105;cm;79,84567261;mm;85,13935705822222;%;2,599999905;None;0;m3/s;83,83665466;%
2026-01-26 12:00:00.000;150,79671916666666;kVAr;2600;kW;0;None;2500;kW;5,599999905;Bar;2605,257490833333;kW;-105;cm;5,304580240827779;m3/s;5,304478804316666;m3/s;69,94999695;moh;1,07310915;Mill.m3;-105;cm;79,84567261;mm;84,97709886777778;%;2,599999905;None;0;m3/s;83,83665466;%
2026-01-26 13:00:00.000;149,07838333333333;kVAr;2600;kW;0;None;2500;kW;5,599999905;Bar;2609,0279880555554;kW;-105,03333333333333;cm;5,316557427225001;m3/s;5,316557427225001;m3/s;69,94965880241168;moh;1,0730102063;Mill.m3;-105,03358861111111;cm;79,8836734795;mm;84,91721273980555;%;2,599999905;None;0;m3/s;83,8289245575;%
2026-01-26 14:00:00.000;147,22257333333334;kVAr;2600;kW;0;None;2500;kW;5,599999905;Bar;2604,647754444444;kW;-105,01388888888889;cm;5,307069291058334;m3/s;5,307092699791668;m3/s;69,94985065258363;moh;1,0730761687666668;Mill.m3;-105,014525;cm;79,8583395665;mm;84,964653544;%;2,599999905;None;0;m3/s;83,83407795916666;%
2026-01-26 15:00:00.000;146,54953138888888;kVAr;2600;kW;0;None;2500;kW;5,599999905;Bar;2598,8059155555557;kW;-105,025;cm;5,288530017388889;m3/s;5,288561227708333;m3/s;69,94977907245826;moh;1,0730431875333333;Mill.m3;-105,02164888888889;cm;79,871006523;mm;85,05735075297223;%;2,599999905;None;0;m3/s;83,83150125833332;%
2026-01-26 16:00:00.000;146,88609055555557;kVAr;2600;kW;0;None;2500;kW;5,599999905;Bar;2599,9107055555555;kW;-105;cm;5,295099904880554;m3/s;5,294873625777776;m3/s;69,94999695;moh;1,07310915;Mill.m3;-105;cm;79,84567261;mm;85,0245011011389;%;2,599999905;None;0;m3/s;83,83665466;%
2026-01-26 17:00:00.000;151,35725916666667;kVAr;2600;kW;0;None;2500;kW;5,599999905;Bar;2603,421206666667;kW;-105;cm;5,301240681447224;m3/s;5,301193865311113;m3/s;69,94999695;moh;1,07310915;Mill.m3;-105;cm;79,84567261;mm;84,9937973445;%;2,599999905;None;0;m3/s;83,83665466;%
2026-01-26 18:00:00.000;157,18998416666668;kVAr;2600;kW;0;None;2500;kW;5,599999905;Bar;2604,541283611111;kW;-105;cm;5,2168539233416675;m3/s;5,2315855093222225;m3/s;69,94999695;moh;1,07310915;Mill.m3;-105;cm;79,84567261;mm;83,55739667680555;%;2,599999905;None;0;m3/s;83,83665466;%
2026-01-26 19:00:00.000;161,22864833333333;kVAr;2600;kW;0;None;2500;kW;5,599999905;Bar;2604,6381161111112;kW;-105;cm;5,304907927272221;m3/s;5,3048845198666665;m3/s;69,94999695;moh;1,07310915;Mill.m3;-105;cm;79,84567261;mm;84,97546066655555;%;2,599999905;None;0;m3/s;83,83665466;%
2026-01-26 20:00:00.000;169,579135;kVAr;2600;kW;0;None;2500;kW;5,599999905;Bar;2603,876026111111;kW;-105;cm;5,301373314880557;m3/s;5,301303088686112;m3/s;69,94999695;moh;1,07310915;Mill.m3;-105;cm;79,84567261;mm;84,99313394741667;%;2,599999905;None;0;m3/s;83,83665466;%
2026-01-26 21:00:00.000;165,91790444444445;kVAr;2600;kW;0;None;2500;kW;5,599999905;Bar;2602,9547780555554;kW;-105;cm;5,302052165538889;m3/s;5,3019975451666665;m3/s;69,94999695;moh;1,07310915;Mill.m3;-105;cm;79,84567261;mm;84,98973996938889;%;2,599999905;None;0;m3/s;83,83665466;%
2026-01-26 22:00:00.000;168,74674222222222;kVAr;2600;kW;0;None;2500;kW;5,599999905;Bar;2598,7955769444443;kW;-105;cm;5,288139826902777;m3/s;5,288139826902777;m3/s;69,94999695;moh;1,07310915;Mill.m3;-105;cm;79,84567261;mm;85,05930182113889;%;2,599999905;None;0;m3/s;83,83665466;%
2026-01-26 23:00:00.000;164,18555722222223;kVAr;2600;kW;0;None;2500;kW;5,599999905;Bar;2603,2974469444443;kW;-105;cm;5,300585211666666;m3/s;5,300483776486111;m3/s;69,94999695;moh;1,07310915;Mill.m3;-105;cm;79,84567261;mm;84,99707465675;%;2,599999905;None;0;m3/s;83,83665466;%
2026-01-27 00:00:00.000;180,5713888888889;kVAr;2600;kW;0;None;2500;kW;5,599999905;Bar;2588,870501111111;kW;-104,9888888888889;cm;5,260814621644444;m3/s;5,260830226138888;m3/s;69,9501024363527;moh;1,0731421550833333;Mill.m3;-104,98930138888889;cm;79,8329959895;mm;85,19592634777777;%;2,599999905;None;0;m3/s;83,83923314116667;%
2026-01-27 01:00:00.000;161,4140297222222;kVAr;2600;kW;0;None;2500;kW;5,599999905;Bar;2599,800888888889;kW;-104,98055555555555;cm;5,292368912722222;m3/s;5,29259519315;m3/s;69,9502138692656;moh;1,07310917385;Mill.m3;-104,97813055555555;cm;79,845662946;mm;85,03815498325;%;2,599999905;None;0;m3/s;83,83665644033333;%
2026-01-27 02:00:00.000;161,2258125;kVAr;2600;kW;0;None;2500;kW;5,599999905;Bar;2603,876741111111;kW;-104,95555555555555;cm;5,3053214510916655;m3/s;5,305266832044443;m3/s;69,95033299157382;moh;1,07310926925;Mill.m3;-104,96644194444444;cm;79,84562429;mm;84,97339254947222;%;2,599999905;None;0;m3/s;83,83666356166667;%
2026-01-27 03:00:00.000;157,40134083333334;kVAr;2600;kW;0;None;2500;kW;5,599999905;Bar;2604,724171111111;kW;-105,01388888888889;cm;5,3038466944583345;m3/s;5,303916919325;m3/s;69,94983807995584;moh;1,0730816894888888;Mill.m3;-105,01560583333334;cm;79,85621874308333;mm;84,98076629625;%;2,599999905;None;0;m3/s;83,8345091896389;%
2026-01-27 04:00:00.000;165,20570527777778;kVAr;2600;kW;0;None;2500;kW;5,599999905;Bar;2605,2618186111113;kW;-104,98333333333333;cm;5,308286551694444;m3/s;5,308075877088888;m3/s;69,95013203710074;moh;1,0731421550833333;Mill.m3;-104,98649166666667;cm;79,83299598949999;mm;84,95856759766667;%;2,599999905;None;0;m3/s;83,83923314116666;%
2026-01-27 05:00:00.000;169,43919861111112;kVAr;2600;kW;0;None;2500;kW;5,599999905;Bar;2603,663453888889;kW;-104,98611111111111;cm;5,303729727641666;m3/s;5,3036595041;m3/s;69,95011495846379;moh;1,0731421550833333;Mill.m3;-104,98822305555555;cm;79,8329959895;mm;84,98135195783334;%;2,599999905;None;0;m3/s;83,83923314116667;%
2026-01-27 06:00:00.000;172,63491194444444;kVAr;2600;kW;0;None;2500;kW;5,599999905;Bar;2603,813136111111;kW;-104,97777777777777;cm;5,298603349402779;m3/s;5,298704785911111;m3/s;69,95023588143712;moh;1,0731751601666666;Mill.m3;-104,97610027777777;cm;79,820319369;mm;85,00698396863889;%;2,599999905;None;0;m3/s;83,84181162233334;%
2026-01-27 07:00:00.000;173,38652083333332;kVAr;2600;kW;0;None;2500;kW;5,599999905;Bar;2606,4323755555556;kW;-105;cm;5,31092389828889;m3/s;5,311001924741667;m3/s;69,94999695;moh;1,07310915;Mill.m3;-105;cm;79,84567261;mm;84,94538173583334;%;2,599999905;None;0;m3/s;83,83665466;%
2026-01-27 08:00:00.000;185,4411786111111;kVAr;2600;kW;0;None;2500;kW;5,599999905;Bar;2592,630580833333;kW;-104,97222222222223;cm;5,270232506711113;m3/s;5,270162281841667;m3/s;69,95024735332454;moh;1,0731751601666666;Mill.m3;-104,97495472222222;cm;79,820319369;mm;85,14883810608333;%;2,599999905;None;0;m3/s;83,84181162233334;%
2026-01-27 09:00:00.000;165,73147722222222;kVAr;2600;kW;0;None;2500;kW;5,599999905;Bar;2606,272612222222;kW;-104,93055555555556;cm;5,312086460391667;m3/s;5,3119304048361125;m3/s;69,950641735078;moh;1,0732467188805555;Mill.m3;-104,93540916666667;cm;79,79283402991666;mm;84,9395677781389;%;2,599999905;None;0;m3/s;83,84740189219444;%
2026-01-27 10:00:00.000;166,8726288888889;kVAr;2600;kW;0;None;2500;kW;5,599999905;Bar;2605,2483194444444;kW;-104,8638888888889;cm;5,3062265648611096;m3/s;5,30628898549722;m3/s;69,951144087521;moh;1,073461347322222;Mill.m3;-104,88447166666667;cm;79,71039734066666;mm;84,96886634825;%;2,599999905;None;0;m3/s;83,8641691411111;%
2026-01-27 11:00:00.000;165,40400527777777;kVAr;2600;kW;0;None;2500;kW;5,599999905;Bar;2605,7265172222224;kW;-104,95555555555555;cm;5,309066780405557;m3/s;5,308941936491668;m3/s;69,95051717905298;moh;1,0733074786083332;Mill.m3;-104,94677777777778;cm;79,76949221416666;mm;84,95466588327778;%;2,599999905;None;0;m3/s;83,85214792816667;%
2026-01-27 12:00:00.000;162,42606166666667;kVAr;2600;kW;0;None;2500;kW;5,599999905;Bar;2605,5461638888887;kW;-104,96944444444445;cm;5,3064607024083355;m3/s;5,306367070136114;m3/s;69,95020483496828;moh;1,0731975451388887;Mill.m3;-104,9772538888889;cm;79,81171379183333;mm;84,96769693058333;%;2,599999905;None;0;m3/s;83,84355922211111;%
2026-01-27 13:00:00.000;162,47846055555556;kVAr;2600;kW;0;None;2500;kW;5,599999905;Bar;2604,1134358333334;kW;-104,92777777777778;cm;5,30212239168611;m3/s;5,3019351244861115;m3/s;69,95067729394167;moh;1,0733459249138888;Mill.m3;-104,93103722222222;cm;79,75472698358334;mm;84,98938819058333;%;2,599999905;None;0;m3/s;83,85515170536111;%
2026-01-27 14:00:00.000;167,54468055555554;kVAr;2600;kW;0;None;2500;kW;5,599999905;Bar;2602,2017333333333;kW;-104,97222222222223;cm;5,2991963307666685;m3/s;5,299235343991668;m3/s;69,95020683444977;moh;1,0732965127055554;Mill.m3;-104,97284694444444;cm;79,77370313116667;mm;85,00401829533334;%;2,599999905;None;0;m3/s;83,85129097794444;%
2026-01-27 15:00:00.000;166,32606055555556;kVAr;2600;kW;0;None;2500;kW;5,599999905;Bar;2600,806688611111;kW;-104,96388888888889;cm;5,293391113825;m3/s;5,293391113825;m3/s;69,95037324056625;moh;1,073186181736111;Mill.m3;-104,96199333333334;cm;79,8160857755;mm;85,03304502652777;%;2,599999905;None;0;m3/s;83,84267259966667;%
2026-01-27 16:00:00.000;160,83036083333334;kVAr;2600;kW;0;None;2500;kW;5,599999905;Bar;2604,853808888889;kW;-104,9;cm;5,305820865091667;m3/s;5,305906695777778;m3/s;69,95109868105224;moh;1,073329207738889;Mill.m3;-104,88978666666667;cm;79,76115214266666;mm;84,97089561941667;%;2,599999905;None;0;m3/s;83,85384631477778;%
2026-01-27 17:00:00.000;165,95333583333334;kVAr;2600;kW;0;None;2500;kW;5,599999905;Bar;2600,4585116666667;kW;-104,97777777777777;cm;5,294920424780558;m3/s;5,294967240916669;m3/s;69,95020519423669;moh;1,073180732563889;Mill.m3;-104,97897027777778;cm;79,81817760691666;mm;85,02539920722222;%;2,599999905;None;0;m3/s;83,84224671019444;%
2026-01-27 18:00:00.000;159,05761305555555;kVAr;2600;kW;0;None;2500;kW;5,599999905;Bar;2602,377263888889;kW;-104,91388888888889;cm;5,298837391608331;m3/s;5,298938828119443;m3/s;69,95091686200313;moh;1,0733512071527778;Mill.m3;-104,90793888888889;cm;79,752702673;mm;85,00581319647222;%;2,599999905;None;0;m3/s;83,8555650055;%
2026-01-27 19:00:00.000;156,40693166666668;kVAr;2600;kW;0;None;2500;kW;5,599999905;Bar;2606,790572222222;kW;-104,89444444444445;cm;5,312078666766666;m3/s;5,312008440574999;m3/s;69,95124207742228;moh;1,0733678806194442;Mill.m3;-104,87514194444445;cm;79,74629510408333;mm;84,93960683597223;%;2,599999905;None;0;m3/s;83,8568670051389;%
2026-01-27 20:00:00.000;153,10374555555555;kVAr;2600;kW;0;None;2500;kW;5,599999905;Bar;2609,6533844444443;kW;-104,96666666666667;cm;5,320333962922221;m3/s;5,320349568741665;m3/s;69,95052183806071;moh;1,0732522435777776;Mill.m3;-104,96484305555556;cm;79,79071159583333;mm;84,89833036927777;%;2,599999905;None;0;m3/s;83,84783341938889;%
2026-01-27 21:00:00.000;159,57651666666666;kVAr;2600;kW;0;None;2500;kW;5,599999905;Bar;2601,355862777778;kW;-104,95;cm;5,296886787222222;m3/s;5,296871181402778;m3/s;69,95050218237371;moh;1,0732742708166665;Mill.m3;-104,95380833333333;cm;79,7822508515;mm;85,01556697422222;%;2,599999905;None;0;m3/s;83,84955418716665;%
2026-01-27 22:00:00.000;157,96554277777778;kVAr;2600;kW;0;None;2500;kW;5,599999905;Bar;2598,7227255555554;kW;-104,97777777777777;cm;5,287523444561113;m3/s;5,287601473669445;m3/s;69,95027330593685;moh;1,073136801311111;Mill.m3;-104,98198055555555;cm;79,83504916491667;mm;85,06238327105555;%;2,599999905;None;0;m3/s;83,83881437302777;%
2026-01-27 23:00:00.000;153,57640333333333;kVAr;2600;kW;0;None;2500;kW;5,599999905;Bar;2604,7172488888887;kW;-104,95;cm;5,3058364365944435;m3/s;5,305883254055555;m3/s;69,9503780570114;moh;1,0732029267527776;Mill.m3;-104,95183555555556;cm;79,80964921458333;mm;84,97081792558333;%;2,599999905;None;0;m3/s;83,84397994030556;%
2026-01-28 00:00:00.000;140,6478502777778;kVAr;2600;kW;0;None;2500;kW;5,599999905;Bar;2609,083476111111;kW;-104,94166666666666;cm;5,316705738158333;m3/s;5,316705738158333;m3/s;69,95044667429741;moh;1,0732853162194445;Mill.m3;-104,955145;cm;79,77800772116667;mm;84,91647245469444;%;2,599999905;None;0;m3/s;83,85041707183333;%
2026-01-28 01:00:00.000;152,44321027777778;kVAr;2600;kW;0;None;2500;kW;5,599999905;Bar;2603,610136388889;kW;-105,01944444444445;cm;5,300312085944444;m3/s;5,300187243352778;m3/s;69,94989848383798;moh;1,0729169025722223;Mill.m3;-105,00741194444444;cm;79,91950520558333;mm;84,99843898316666;%;2,599999905;None;0;m3/s;83,82163458713889;%
2026-01-28 02:00:00.000;142,29390722222223;kVAr;2600;kW;0;None;2500;kW;5,599999905;Bar;2604,5463455555555;kW;-104,94166666666666;cm;5,304853329494444;m3/s;5,304884539808333;m3/s;69,95047318582611;moh;1,0732743940249998;Mill.m3;-104,94824;cm;79,782201048;mm;84,97573354461112;%;2,599999905;None;0;m3/s;83,84956351255556;%
2026-01-28 03:00:00.000;137,84737777777778;kVAr;2600;kW;0;None;2500;kW;5,599999905;Bar;2605,6410044444447;kW;-104,91388888888889;cm;5,304822107252777;m3/s;5,304915740855555;m3/s;69,95091578066123;moh;1,0732138966138889;Mill.m3;-104,90856861111111;cm;79,80543668691666;mm;84,97588990463889;%;2,599999905;None;0;m3/s;83,84483731441667;%
2026-01-28 04:00:00.000;162,66487444444445;kVAr;2600;kW;0;None;2500;kW;5,599999905;Bar;2590,7345083333335;kW;-104,90277777777777;cm;5,268796847930555;m3/s;5,268796847930555;m3/s;69,95086733052115;moh;1,0732632532222222;Mill.m3;-104,9069086111111;cm;79,78648283433333;mm;85,15601603166667;%;2,599999905;None;0;m3/s;83,84869350655555;%
2026-01-28 05:00:00.000;169,63293777777778;kVAr;2600;kW;0;None;2500;kW;5,599999905;Bar;2596,0724844444444;kW;-104,97777777777777;cm;5,281070558236111;m3/s;5,2812578254333316;m3/s;69,95044170767342;moh;1,0732138091805554;Mill.m3;-104,95712333333333;cm;79,80547201561112;mm;85,0946470895;%;2,599999905;None;0;m3/s;83,8448306595;%
2026-01-28 06:00:00.000;169,70581;kVAr;2600;kW;0;None;2500;kW;5,599999905;Bar;2605,3521297222223;kW;-104,91944444444445;cm;5,307599851830555;m3/s;5,307584247333334;m3/s;69,95087063974687;moh;1,073307705183333;Mill.m3;-104,92206083333333;cm;79,769400279;mm;84,96200031680556;%;2,599999905;None;0;m3/s;83,8521648415;%
2026-01-28 07:00:00.000;163,4611338888889;kVAr;2600;kW;0;None;2500;kW;5,599999905;Bar;2606,6378941666667;kW;-104,95833333333333;cm;5,3115246495666675;m3/s;5,311532453802778;m3/s;69,9504375312047;moh;1,073257911375;Mill.m3;-104,95516916666666;cm;79,78853117775;mm;84,94237704763889;%;2,599999905;None;0;m3/s;83,84827562858334;%
2026-01-28 08:00:00.000;175,871485;kVAr;2600;kW;0;None;2500;kW;5,599999904999999;Bar;2595,999961388889;kW;-104,99166666666666;cm;5,279088666761111;m3/s;5,279088666761111;m3/s;69,95014322076864;moh;1,0730819558138887;Mill.m3;-104,98444305555556;cm;79,85611082841666;mm;85,10490809611112;%;2,599999905;None;0;m3/s;83,83452907002778;%
2026-01-28 09:00:00.000;165,21123694444444;kVAr;2600;kW;0;None;2500;kW;5,599999905;Bar;2604,97889;kW;-104,94722222222222;cm;5,303932595283333;m3/s;5,303956002686111;m3/s;69,95039480020766;moh;1,0733733854416667;Mill.m3;-104,94678666666667;cm;79,74418072333333;mm;84,98033739780556;%;2,599999905;None;0;m3/s;83,85729704872222;%
2026-01-28 10:00:00.000;166,93219722222221;kVAr;2600;kW;0;None;2500;kW;5,599999905;Bar;2603,079994166667;kW;-105,0111111111111;cm;5,299765955072222;m3/s;5,299594295019444;m3/s;69,94975974865265;moh;1,0730488513555554;Mill.m3;-105,01688694444445;cm;79,86882771558334;mm;85,00117036997223;%;2,599999905;None;0;m3/s;83,83194317080556;%
2026-01-28 11:00:00.000;168,5788863888889;kVAr;2600;kW;0;None;2500;kW;5,599999905;Bar;2604,751600833333;kW;-105,04166666666667;cm;5,304954743477777;m3/s;5,304954743477777;m3/s;69,94958846630787;moh;1,0730817650138886;Mill.m3;-105,038335;cm;79,85618814041666;mm;84,97522580927777;%;2,599999905;None;0;m3/s;83,8345148273611;%
2026-01-28 12:00:00.000;187,62482555555556;kVAr;2600;kW;0;None;2500;kW;5,599999905;Bar;2596,901911111111;kW;-105;cm;5,283114910102778;m3/s;5,282997871750001;m3/s;69,95000438782488;moh;1,0730653181222223;Mill.m3;-104,99979861111112;cm;79,86250390133333;mm;85,08430875155555;%;2,599999905;None;0;m3/s;83,83322974088888;%
2026-01-28 13:00:00.000;181,6765163888889;kVAr;2600;kW;0;None;2500;kW;5,599999905;Bar;2596,392464722222;kW;-104,91388888888889;cm;5,282966658833334;m3/s;5,282919842694445;m3/s;69,9509594643562;moh;1,0733459964805554;Mill.m3;-104,91251333333334;cm;79,75469786441667;mm;85,08516674097223;%;2,599999905;None;0;m3/s;83,85515691936111;%
2026-01-28 14:00:00.000;172,43869722222223;kVAr;2600;kW;0;None;2500;kW;5,599999905;Bar;2607,9467191666668;kW;-105,06666666666666;cm;5,313077429927778;m3/s;5,313077429927778;m3/s;69,94946966095223;moh;1,0729611359249998;Mill.m3;-105,05275916666666;cm;79,90251123691667;mm;84,93461320608333;%;2,599999905;None;0;m3/s;83,82508947519445;%
2026-01-28 15:00:00.000;175,7980436111111;kVAr;2600;kW;0;None;2500;kW;5,599999905;Bar;2604,6621613888888;kW;-105,025;cm;5,3013420847861115;m3/s;5,301396703833333;m3/s;69,94980361990774;moh;1,0730269155416667;Mill.m3;-105,02002972222222;cm;79,87725141458333;mm;84,99328958680556;%;2,599999905;None;0;m3/s;83,8302292276389;%
2026-01-28 16:00:00.000;169,14632944444443;kVAr;2600;kW;0;None;2500;kW;5,599999905;Bar;2605,779685;kW;-105,00833333333334;cm;5,312414179872223;m3/s;5,312390772463889;m3/s;69,9498548123284;moh;1,073103724677778;Mill.m3;-105,01427472222223;cm;79,84775477741667;mm;84,93792870772222;%;2,599999905;None;0;m3/s;83,83623055086112;%
2026-01-28 17:00:00.000;177,07107638888888;kVAr;2600;kW;0;None;2500;kW;5,599999905;Bar;2599,0961141666667;kW;-105;cm;5,291963160066667;m3/s;5,291963160066667;m3/s;69,94999695;moh;1,07310915;Mill.m3;-105;cm;79,84567261;mm;85,04018457188889;%;2,599999905;None;0;m3/s;83,83665466;%
2026-01-28 18:00:00.000;182,43701694444445;kVAr;2600;kW;0;None;2500;kW;5,599999905;Bar;2587,308308333333;kW;-105;cm;5,260955082041668;m3/s;5,260931673311111;m3/s;69,94999695;moh;1,07310915;Mill.m3;-105;cm;79,84567261;mm;85,19522435963889;%;2,599999905;None;0;m3/s;83,83665466;%
2026-01-28 19:00:00.000;169,5053738888889;kVAr;2600;kW;0;None;2500;kW;5,599999905;Bar;2606,2224258333335;kW;-105,03333333333333;cm;5,3068273863;m3/s;5,306921018575;m3/s;69,94969698143987;moh;1,0730431875333333;Mill.m3;-105,03342111111111;cm;79,871006523;mm;84,96586295238889;%;2,599999905;None;0;m3/s;83,83150125833332;%
2026-01-28 20:00:00.000;169,25218527777778;kVAr;2600;kW;0;None;2500;kW;5,599999905;Bar;2607,5858891666667;kW;-105,14444444444445;cm;5,307045866455557;m3/s;5,306967838677778;m3/s;69,94845556612903;moh;1,0727848345388886;Mill.m3;-105,1545736111111;cm;79,97023101558334;mm;84,96477124855555;%;2,599999905;None;0;m3/s;83,81131710180556;%
2026-01-28 21:00:00.000;165,47401694444446;kVAr;2600;kW;0;None;2500;kW;5,599999905;Bar;2607,046531666667;kW;-105,01388888888889;cm;5,311407571399999;m3/s;5,311501203672222;m3/s;69,94988143012192;moh;1,0730706718944443;Mill.m3;-105,01157444444445;cm;79,86045072591666;mm;84,9429611845;%;2,599999905;None;0;m3/s;83,83364850902778;%
2026-01-28 22:00:00.000;163,65488833333333;kVAr;2600;kW;0;None;2500;kW;5,599999905;Bar;2608,1477944444446;kW;-105,03888888888889;cm;5,312289330630556;m3/s;5,312242513169444;m3/s;69,94960334398618;moh;1,0730431875333333;Mill.m3;-105,03926916666667;cm;79,871006523;mm;84,938552941;%;2,599999905;None;0;m3/s;83,83150125833332;%
2026-01-28 23:00:00.000;160,53364944444445;kVAr;2600;kW;0;None;2500;kW;5,599999905;Bar;2605,973051111111;kW;-105,03333333333333;cm;5,309285297783335;m3/s;5,309339916830557;m3/s;69,94967326391239;moh;1,0730431875333333;Mill.m3;-105,03236527777777;cm;79,871006523;mm;84,95357415933333;%;2,599999905;None;0;m3/s;83,83150125833333;%
2026-01-29 00:00:00.000;151,04175833333332;kVAr;2600;kW;0;None;2500;kW;5,599999905;Bar;2615,0136869444445;kW;-106,34166666666667;cm;5,334698833383334;m3/s;5,334613004019444;m3/s;69,93640164514991;moh;1,0705139426111112;Mill.m3;-106,35952944444445;cm;80,84241349822223;mm;84,82650568169444;%;2,599999905;None;0;m3/s;83,63390290866667;%
2026-01-29 01:00:00.000;163,06726194444445;kVAr;2600;kW;0;None;2500;kW;5,599999905;Bar;2604,6192641666667;kW;-108,9;cm;5,307787162805556;m3/s;5,3076701218;m3/s;69,91080561381168;moh;1,0653993193694444;Mill.m3;-108,90952777777778;cm;82,80681351797222;mm;84,96106419041666;%;2,599999905;None;0;m3/s;83,23432284530556;%
2026-01-29 02:00:00.000;171,8662961111111;kVAr;2600;kW;0;None;2500;kW;5,599999905;Bar;2593,9811991666666;kW;-111,24166666666666;cm;5,275109259277778;m3/s;5,275124865097223;m3/s;69,88745251545659;moh;1,0608231638249999;Mill.m3;-111,25491583333333;cm;84,56440988958333;mm;85,12445426588889;%;2,599999905;None;0;m3/s;82,87680837586112;%
2026-01-29 03:00:00.000;165,87100305555555;kVAr;2600;kW;0;None;2500;kW;5,599999905;Bar;2596,398361388889;kW;-113,74722222222222;cm;5,278394234183334;m3/s;5,278339615136112;m3/s;69,8624171007924;moh;1,055862739411111;Mill.m3;-113,75871166666667;cm;86,4695797193611;mm;85,1080292598889;%;2,599999905;None;0;m3/s;82,48927631552777;%
2026-01-29 04:00:00.000;165,32742888888887;kVAr;2600;kW;0;None;2500;kW;5,599999905;Bar;2597,3920655555557;kW;-116,11666666666666;cm;5,285315215549999;m3/s;5,2854010475666655;m3/s;69,83868100489507;moh;1,0511105524027777;Mill.m3;-116,13204472222222;cm;88,29478921;mm;85,07342304594444;%;2,599999905;None;0;m3/s;82,11800956583333;%
2026-01-29 05:00:00.000;168,61551277777778;kVAr;2600;kW;0;None;2500;kW;5,599999905;Bar;2593,428427777778;kW;-118,48611111111111;cm;5,271949153466666;m3/s;5,271972560872223;m3/s;69,81503627034036;moh;1,0464578855194444;Mill.m3;-118,49685138888889;cm;90,08176074466667;mm;85,1402550385;%;2,599999905;None;0;m3/s;81,75451889063889;%
2026-01-29 06:00:00.000;168,07199472222223;kVAr;2600;kW;0;None;2500;kW;5,599999905;Bar;2596,2501336111113;kW;-120,91388888888889;cm;5,283778144327777;m3/s;5,2836923136388885;m3/s;69,79084641301928;moh;1,0416404353444444;Mill.m3;-120,9157125;cm;91,93202109452778;mm;85,08111012716667;%;2,599999905;None;0;m3/s;81,37815825355555;%
2026-01-29 07:00:00.000;168,34971583333333;kVAr;2600;kW;0;None;2500;kW;5,599999905;Bar;2600,557096666667;kW;-123,41944444444445;cm;5,29108148284722;m3/s;5,291151706388888;m3/s;69,76565913913848;moh;1,0366628623972223;Mill.m3;-123,43398305555556;cm;93,84377382041667;mm;85,04459296327778;%;2,599999905;None;0;m3/s;80,98928396330555;%
2026-01-29 08:00:00.000;168,65919416666668;kVAr;2600;kW;0;None;2500;kW;5,599999905;Bar;2595,019291111111;kW;-122,61944444444444;cm;5,276786843922222;m3/s;5,276677605830556;m3/s;69,77398442386719;moh;1,038224870852778;Mill.m3;-122,60105027777777;cm;93,24385017658334;mm;85,11606600072223;%;2,599999905;None;0;m3/s;81,11131680869444;%
2026-01-29 09:00:00.000;154,9376122222222;kVAr;2600;kW;0;None;2500;kW;5,599999905;Bar;2603,918512777778;kW;-117,38888888888889;cm;5,304252513336111;m3/s;5,304205697200001;m3/s;69,82627696256907;moh;1,048542261202778;Mill.m3;-117,37222833333334;cm;89,28120430855556;mm;84,97873749205556;%;2,599999905;None;0;m3/s;81,91736136516667;%
2026-01-29 10:00:00.000;155,90600777777777;kVAr;2600;kW;0;None;2500;kW;5,599999905;Bar;2605,634539166667;kW;-112,15;cm;5,308981009375001;m3/s;5,309035628422223;m3/s;69,87873894272681;moh;1,058925951908333;Mill.m3;-112,12576833333334;cm;85,29307842252778;mm;84,95509617966667;%;2,599999905;None;0;m3/s;82,72858958697222;%
2026-01-29 11:00:00.000;155,35447888888888;kVAr;2600;kW;0;None;2500;kW;5,599999905;Bar;2606,2074480555557;kW;-106,86111111111111;cm;5,31344411775;m3/s;5,313373892883333;m3/s;69,93164288611419;moh;1,0693479418750003;Mill.m3;-106,83562444444445;cm;81,29024721805555;mm;84,93277973563889;%;2,599999905;None;0;m3/s;83,54280868105556;%
2026-01-29 12:00:00.000;160,0088947222222;kVAr;2600;kW;0;None;2500;kW;5,599999905;Bar;2602,588922222222;kW;-104,16388888888889;cm;5,303534662802778;m3/s;5,303534662802778;m3/s;69,95836660789823;moh;1,0747318998805555;Mill.m3;-104,16278777777778;cm;79,22240581691668;mm;84,98232631661111;%;2,599999905;None;0;m3/s;83,96343036502778;%
2026-01-29 13:00:00.000;165,2652713888889;kVAr;2600;kW;0;None;2500;kW;5,599999905;Bar;2601,1274602777776;kW;-105,05277777777778;cm;5,294881387688891;m3/s;5,294889190600002;m3/s;69,94933496687524;moh;1,0729828650388884;Mill.m3;-105,0666261111111;cm;79,89417129258334;mm;85,02559466841667;%;2,599999905;None;0;m3/s;83,82678798880555;%
2026-01-29 14:00:00.000;152,81099777777777;kVAr;2600;kW;0;None;2500;kW;5,599999905;Bar;2608,8654244444447;kW;-106;cm;5,316323337297222;m3/s;5,3162062962972225;m3/s;69,94007571454635;moh;1,0711905984944443;Mill.m3;-105,99239111111112;cm;80,58252446741666;mm;84,91838300369444;%;2,599999905;None;0;m3/s;83,68676588052777;%
2026-01-29 15:00:00.000;162,80368388888888;kVAr;2600;kW;0;None;2500;kW;5,599999905;Bar;2601,797778611111;kW;-107,04166666666667;cm;5,222924489516668;m3/s;5,237866750102779;m3/s;69,92955676659287;moh;1,069111465069444;Mill.m3;-107,04464;cm;81,38107009269444;mm;85,01767431808334;%;2,599999905;None;0;m3/s;83,52433427169444;%
2026-01-29 16:00:00.000;147,51962777777777;kVAr;2600;kW;0;None;2500;kW;5,599999905;Bar;2611,6847594444444;kW;-108,02222222222223;cm;5,325772456280555;m3/s;5,325889498605555;m3/s;69,91977622212548;moh;1,0671533502833337;Mill.m3;-108,02631666666667;cm;82,13313944022222;mm;84,87113776688889;%;2,599999905;None;0;m3/s;83,37135389283333;%
2026-01-29 17:00:00.000;162,36426166666666;kVAr;2600;kW;0;None;2500;kW;5,599999905;Bar;2599,1894205555554;kW;-106,31666666666666;cm;5,286704125777779;m3/s;5,286555875780556;m3/s;69,9369280390937;moh;1,0703873277250002;Mill.m3;-106,30715916666666;cm;80,89104567625;mm;85,06647917361111;%;2,599999905;None;0;m3/s;83,62401034063889;%
2026-01-29 18:00:00.000;159,53242722222222;kVAr;2600;kW;0;None;2500;kW;5,599999905;Bar;2602,840094166667;kW;-100,99444444444444;cm;5,300382387841666;m3/s;5,300296558474999;m3/s;69,99030412547158;moh;1,0809029949250002;Mill.m3;-100,96914472222223;cm;76,85223255252778;mm;84,99808913272223;%;2,599999905;None;0;m3/s;84,44554947694445;%
2026-01-29 19:00:00.000;153,3666175;kVAr;2600;kW;0;None;2500;kW;5,599999905;Bar;2604,600255;kW;-95,7;cm;5,306967879758333;m3/s;5,306967879758333;m3/s;70,04317859797251;moh;1,091528269875;Mill.m3;-95,68173166666666;cm;72,77133708372222;mm;84,96516085722222;%;2,599999905;None;0;m3/s;85,27564758716667;%
2026-01-29 20:00:00.000;149,75464833333334;kVAr;2600;kW;0;None;2500;kW;5,599999905;Bar;2611,364380277778;kW;-93,45833333333333;cm;5,323931021158334;m3/s;5,323899809516668;m3/s;70,06532293094762;moh;1,0958949425333333;Mill.m3;-93,46778861111112;cm;71,09420144894445;mm;84,88034464391667;%;2,599999905;None;0;m3/s;85,61679596019444;%
2026-01-29 21:00:00.000;145,6728113888889;kVAr;2600;kW;0;None;2500;kW;5,599999905;Bar;2611,779918611111;kW;-95,81111111111112;cm;5,328347365075001;m3/s;5,328347365075001;m3/s;70,04185689743571;moh;1,0913031069388888;Mill.m3;-95,81475694444444;cm;72,85781658719445;mm;84,85826324816666;%;2,599999905;None;0;m3/s;85,25805555969444;%
2026-01-29 22:00:00.000;156,14399;kVAr;2600;kW;0;None;2500;kW;5,599999905;Bar;2603,0129833333335;kW;-98,13333333333334;cm;5,303183554333334;m3/s;5,302988484225001;m3/s;70,01857712780992;moh;1,0867104307305557;Mill.m3;-98,14279166666667;cm;74,62174485575;mm;84,98408294266666;%;2,599999905;None;0;m3/s;84,89925647366667;%
2026-01-29 23:00:00.000;153,58937333333333;kVAr;2600;kW;0;None;2500;kW;5,599999905;Bar;2605,320561111111;kW;-100,49444444444444;cm;5,305204403455556;m3/s;5,305204403455556;m3/s;69,9950307390395;moh;1,0820687134;Mill.m3;-100,49694333333333;cm;76,40451168494444;mm;84,97397766069444;%;2,599999905;None;0;m3/s;84,53661929066666;%
2026-01-30 00:00:00.000;158,2248;kVAr;2600;kW;0;None;2500;kW;5,599999905;Bar;2604,1538025;kW;-102,975;cm;5,308622062297222;m3/s;5,308801526583334;m3/s;69,97012224033725;moh;1,0771797762083333;Mill.m3;-102,9880825;cm;78,28222836486111;mm;84,95689038077778;%;2,599999905;None;0;m3/s;84,15467294319444;%
2026-01-30 01:00:00.000;158,97135583333332;kVAr;2600;kW;0;None;2500;kW;5,599999905;Bar;2601,118036388889;kW;-105,38888888888889;cm;5,2968164775444455;m3/s;5,296800871725;m3/s;69,94606159756408;moh;1,0723286696694445;Mill.m3;-105,39336166666666;cm;80,14542613583333;mm;85,01591807472222;%;2,599999905;None;0;m3/s;83,77567837866667;%
2026-01-30 02:00:00.000;158,18843333333334;kVAr;2600;kW;0;None;2500;kW;5,599999905;Bar;2599,6550208333333;kW;-107,80555555555556;cm;5,2904260596;m3/s;5,290363636316665;m3/s;69,92188413854646;moh;1,0676045390055557;Mill.m3;-107,81213305555555;cm;81,95984422855555;mm;85,04787008458334;%;2,599999905;None;0;m3/s;83,40660478927778;%
2026-01-30 03:00:00.000;161,61203083333334;kVAr;2600;kW;0;None;2500;kW;5,599999905;Bar;2598,034905;kW;-110,17777777777778;cm;5,285323095433333;m3/s;5,285447938022223;m3/s;69,89812326218889;moh;1,0628859373638888;Mill.m3;-110,18788472222222;cm;83,77214222091666;mm;85,07338502736111;%;2,599999905;None;0;m3/s;83,03796611119445;%
2026-01-30 04:00:00.000;160,7560061111111;kVAr;2600;kW;0;None;2500;kW;5,599999905;Bar;2597,221436388889;kW;-112,61666666666666;cm;5,2826233109055565;m3/s;5,282732551652777;m3/s;69,87367693229594;moh;1,0580734797694444;Mill.m3;-112,6320275;cm;85,620492913;mm;85,08633704783334;%;2,599999905;None;0;m3/s;82,66198830044445;%
2026-01-30 05:00:00.000;165,58532527777777;kVAr;2600;kW;0;None;2500;kW;5,599999905;Bar;2591,883711388889;kW;-115,02222222222223;cm;5,270700721072221;m3/s;5,270708525308335;m3/s;69,84973470747094;moh;1,0532169513805556;Mill.m3;-115,02679416666666;cm;87,48577060941666;mm;85,14649702811111;%;2,599999905;None;0;m3/s;82,28257304452778;%
2026-01-30 06:00:00.000;165,14403583333333;kVAr;2600;kW;0;None;2500;kW;5,599999905;Bar;2592,8214241666665;kW;-117,41666666666667;cm;5,268141394230555;m3/s;5,268102379677778;m3/s;69,82575312260275;moh;1,0485699084305553;Mill.m3;-117,42535527777778;cm;89,27058289802778;mm;85,15929302688889;%;2,599999905;None;0;m3/s;81,91952158441667;%
2026-01-30 07:00:00.000;160,73485722222222;kVAr;2600;kW;0;None;2500;kW;5,599999905;Bar;2599,0023405555557;kW;-119,8638888888889;cm;5,2910424392166675;m3/s;5,291065846622223;m3/s;69,80128358936723;moh;1,0437522558527779;Mill.m3;-119,87317416666667;cm;91,1209238235;mm;85,04478759702778;%;2,599999905;None;0;m3/s;81,54314306311112;%
2026-01-30 08:00:00.000;174,89455694444445;kVAr;2600;kW;0;None;2500;kW;5,599999905;Bar;2583,178065833333;kW;-119,04722222222222;cm;5,2440465224472215;m3/s;5,2439841004888885;m3/s;69,80972210028052;moh;1,0453636342111112;Mill.m3;-119,02734722222222;cm;90,50203350708334;mm;85,27976775730555;%;2,599999905;None;0;m3/s;81,66903180102777;%
2026-01-30 09:00:00.000;142,66414722222223;kVAr;2600;kW;0;None;2500;kW;5,599999905;Bar;2612,6321216666665;kW;-113,79444444444445;cm;5,325967554180557;m3/s;5,325920738044446;m3/s;69,86228553767845;moh;1,0555654394444443;Mill.m3;-113,77163305555555;cm;86,58377234216667;mm;84,87016224338889;%;2,599999905;None;0;m3/s;82,46604857988889;%
2026-01-30 10:00:00.000;156,25276083333333;kVAr;2600;kW;0;None;2500;kW;5,599999905;Bar;2610,142556111111;kW;-108,41944444444445;cm;5,319686346641666;m3/s;5,319709754047221;m3/s;69,915950089663;moh;1,0662792046166665;Mill.m3;-108,40478305555555;cm;82,46887187983333;mm;84,90156894219444;%;2,599999905;None;0;m3/s;83,30306390066667;%
2026-01-30 11:00:00.000;158,72595166666667;kVAr;2600;kW;0;None;2500;kW;5,599999905;Bar;2609,7595322222223;kW;-103,05555555555556;cm;5,3202949629916665;m3/s;5,320271555586112;m3/s;69,96946997201094;moh;1,0770750495583337;Mill.m3;-103,052375;cm;78,32245555491667;mm;84,89852555555555;%;2,599999905;None;0;m3/s;84,14649009763889;%
2026-01-30 12:00:00.000;169,36913916666666;kVAr;2600;kW;0;None;2500;kW;5,599999905;Bar;2604,209495277778;kW;-100,48611111111111;cm;5,304197846527779;m3/s;5,304252465575001;m3/s;69,99530684546228;moh;1,0820191620499997;Mill.m3;-100,47706027777778;cm;76,423544311;mm;84,97901019988889;%;2,599999905;None;0;m3/s;84,5327476485;%
2026-01-30 13:00:00.000;172,34823194444445;kVAr;2600;kW;0;None;2500;kW;5,599999905;Bar;2603,922539722222;kW;-101,40277777777777;cm;5,301997526527778;m3/s;5,301966316211112;m3/s;69,98600295722872;moh;1,080330878952778;Mill.m3;-101,40014083333334;cm;77,07197068358333;mm;84,9900128253611;%;2,599999905;None;0;m3/s;84,400850211;%
2026-01-30 14:00:00.000;163,20923527777776;kVAr;2600;kW;0;None;2500;kW;5,599999905;Bar;2611,81547;kW;-102,25;cm;5,324079260577778;m3/s;5,32421971031389;m3/s;69,97748203700272;moh;1,0785383699500004;Mill.m3;-102,25239833333333;cm;77,76042274911111;mm;84,87960332155555;%;2,599999905;None;0;m3/s;84,26081307855556;%
2026-01-30 15:00:00.000;157,54818833333334;kVAr;2600;kW;0;None;2500;kW;5,599999905;Bar;2613,273242777778;kW;-103,22222222222223;cm;5,32651377653611;m3/s;5,326662029183334;m3/s;69,96785477495098;moh;1,0766516948583333;Mill.m3;-103,21467166666666;cm;78,48505442002778;mm;84,86743221175;%;2,599999905;None;0;m3/s;84,1134173738889;%
2026-01-30 16:00:00.000;154,63886166666666;kVAr;2600;kW;0;None;2500;kW;5,599999905;Bar;2612,8825877777776;kW;-104,15;cm;5,327879248719445;m3/s;5,327801220941668;m3/s;69,95818953653428;moh;1,0746549117333333;Mill.m3;-104,18086916666667;cm;79,2519759726111;mm;84,86060445469444;%;2,599999905;None;0;m3/s;83,95741672630555;%
2026-01-30 17:00:00.000;158,9947772222222;kVAr;2600;kW;0;None;2500;kW;5,599999905;Bar;2607,6044483333335;kW;-102,46666666666667;cm;5,3125312183138895;m3/s;5,31239857148889;m3/s;69,97556539945221;moh;1,0780814660000004;Mill.m3;-102,44373916666666;cm;77,93591603233334;mm;84,93734435911111;%;2,599999905;None;0;m3/s;84,22511647602778;%
2026-01-30 18:00:00.000;154,61726472222222;kVAr;2600;kW;0;None;2500;kW;5,599999905;Bar;2614,3486169444445;kW;-97,03055555555555;cm;5,331078347916668;m3/s;5,331039333363889;m3/s;70,0298038498369;moh;1,088745479775;Mill.m3;-97,01047361111111;cm;73,84013517094445;mm;84,84460805280555;%;2,599999905;None;0;m3/s;85,05824288266666;%
2026-01-30 19:00:00.000;155,55616333333333;kVAr;2600;kW;0;None;2500;kW;5,599999905;Bar;2611,938097222222;kW;-91,74722222222222;cm;5,32205835976389;m3/s;5,321699431191667;m3/s;70,08286060428962;moh;1,099205893688889;Mill.m3;-91,71297083333333;cm;69,82255488552778;mm;84,88970843425;%;2,599999905;None;0;m3/s;85,87546140777778;%
2026-01-30 20:00:00.000;155,67112833333334;kVAr;2600;kW;0;None;2500;kW;5,599999905;Bar;2616,0734955555554;kW;-89,47777777777777;cm;5,337796501252778;m3/s;5,337780896758334;m3/s;70,1050229997116;moh;1,1037982423000001;Mill.m3;-89,49069277777778;cm;68,05875691502777;mm;84,8110175661111;%;2,599999905;None;0;m3/s;86,23423728833333;%
2026-01-30 21:00:00.000;168,73866055555555;kVAr;2600;kW;0;None;2500;kW;5,599999905;Bar;2603,4459305555556;kW;-91,69722222222222;cm;5,302902633594444;m3/s;5,302832410049999;m3/s;70,08283509420448;moh;1,0995744351722223;Mill.m3;-91,71674972222222;cm;69,6810152478889;mm;84,98548696230556;%;2,599999905;None;0;m3/s;85,90425362119444;%
2026-01-30 22:00:00.000;155,9676836111111;kVAr;2600;kW;0;None;2500;kW;5,599999905;Bar;2613,532834722222;kW;-94,12222222222222;cm;5,327528095227778;m3/s;5,3274266600416675;m3/s;70,05871105086555;moh;1,0946576831694441;Mill.m3;-94,129825;cm;71,56940803483333;mm;84,86235934391667;%;2,599999905;None;0;m3/s;85,52013333386111;%
2026-01-30 23:00:00.000;167,16459305555554;kVAr;2600;kW;0;None;2500;kW;5,599999905;Bar;2603,984541111111;kW;-96,54444444444445;cm;5,300592986816667;m3/s;5,300725633644444;m3/s;70,03445922900384;moh;1,0898673597055557;Mill.m3;-96,5552875;cm;73,40924788338889;mm;84,99703521672222;%;2,599999905;None;0;m3/s;85,14588907166667;%
2026-01-31 00:00:00.000;169,13505444444445;kVAr;2600;kW;0;None;2500;kW;5,599999905;Bar;2604,0531694444444;kW;-98,87777777777778;cm;5,303534669333333;m3/s;5,303534669333333;m3/s;70,01103919756054;moh;1,0850769613305555;Mill.m3;-98,89633388888889;cm;75,24912058605555;mm;84,98232684597222;%;2,599999905;None;0;m3/s;84,77164086238889;%
2026-01-31 01:00:00.000;166,7317936111111;kVAr;2600;kW;0;None;2500;kW;5,599999905;Bar;2607,9229975;kW;-101,16944444444445;cm;5,313779686544445;m3/s;5,313943545011112;m3/s;69,98836147946487;moh;1,0805399349972225;Mill.m3;-101,16563694444444;cm;76,99167588458333;mm;84,93110198847222;%;2,599999905;None;0;m3/s;84,417183261;%
2026-01-31 02:00:00.000;161,7297625;kVAr;2600;kW;0;None;2500;kW;5,599999905;Bar;2610,043760277778;kW;-103,66388888888889;cm;5,324243169375001;m3/s;5,324219760644445;m3/s;69,96332429824061;moh;1,0759035997944446;Mill.m3;-103,66501138888889;cm;78,77238093619444;mm;84,87878472983333;%;2,599999905;None;0;m3/s;84,05497112486111;%
2026-01-31 03:00:00.000;157,84258027777778;kVAr;2600;kW;0;None;2500;kW;5,599999905;Bar;2609,1021594444446;kW;-106,08055555555555;cm;5,315808392933334;m3/s;5,315933238175001;m3/s;69,93919123541455;moh;1,0709318201749998;Mill.m3;-106,0814186111111;cm;80,6819192878611;mm;84,92095828552777;%;2,599999905;None;0;m3/s;83,66654934236111;%
2026-01-31 04:00:00.000;157,17370416666665;kVAr;2600;kW;0;None;2500;kW;5,599999905;Bar;2606,304942222222;kW;-108,56944444444444;cm;5,31049467593611;m3/s;5,3107443624388875;m3/s;69,91416120429172;moh;1,0663672737055554;Mill.m3;-108,58453555555556;cm;82,43504490461112;mm;84,94752659122223;%;2,599999905;None;0;m3/s;83,30994426011111;%
2026-01-31 05:00:00.000;165,39382805555556;kVAr;2600;kW;0;None;2500;kW;5,599999905;Bar;2596,586075;kW;-110,99444444444444;cm;5,2831226719305535;m3/s;5,283153883572222;m3/s;69,88997382082428;moh;1,0613127231611108;Mill.m3;-111,00226638888888;cm;84,37638106805555;mm;85,0842308043889;%;2,599999905;None;0;m3/s;82,915056374;%
2026-01-31 06:00:00.000;179,69499472222222;kVAr;2600;kW;0;None;2500;kW;5,599999905;Bar;2582,223109722222;kW;-113,45555555555555;cm;5,24429615198611;m3/s;5,244342968125;m3/s;69,86535250517358;moh;1,0563576924361113;Mill.m3;-113,4650975;cm;86,27948121063889;mm;85,27851958744445;%;2,599999905;None;0;m3/s;82,52794405747223;%
2026-01-31 07:00:00.000;151,8925075;kVAr;2600;kW;0;None;2500;kW;5,599999905;Bar;2607,541494166667;kW;-115,82222222222222;cm;5,307716928636112;m3/s;5,30784177255;m3/s;69,84165346461545;moh;1,0517429828833333;Mill.m3;-115,83725888888888;cm;88,05188829841667;mm;84,96141509944445;%;2,599999905;None;0;m3/s;82,16741864869445;%
2026-01-31 08:00:00.000;149,3477988888889;kVAr;2600;kW;0;None;2500;kW;5,599999905;Bar;2612,7069619444446;kW;-114,97222222222223;cm;5,330017242144446;m3/s;5,329892396905556;m3/s;69,85056309397149;moh;1,0534261306305557;Mill.m3;-114,94312111111111;cm;87,40542738305555;mm;84,84991427419445;%;2,599999905;None;0;m3/s;82,298914994;%
2026-01-31 09:00:00.000;160,0524286111111;kVAr;2600;kW;0;None;2500;kW;5,599999905;Bar;2605,858458333333;kW;-109,72777777777777;cm;5,3096988134972225;m3/s;5,309800251327778;m3/s;69,90292743327832;moh;1,0636117709999997;Mill.m3;-109,70711083333333;cm;83,49336891141667;mm;84,95150638108333;%;2,599999905;None;0;m3/s;83,09466974419445;%
2026-01-31 10:00:00.000;152,04806277777777;kVAr;2600;kW;0;None;2500;kW;5,599999905;Bar;2613,743302777778;kW;-104,39722222222223;cm;5,328995015841664;m3/s;5,3288701732472195;m3/s;69,95622460800271;moh;1,074330699477778;Mill.m3;-104,3773361111111;cm;79,37649269144444;mm;84,85502507788888;%;2,599999905;None;0;m3/s;83,93208772927778;%
2026-01-31 11:00:00.000;147,268555;kVAr;2600;kW;0;None;2500;kW;5,599999905;Bar;2616,501166111111;kW;-99,02222222222223;cm;5,338717247411111;m3/s;5,338732851902777;m3/s;70,00994069630495;moh;1,0849505252555558;Mill.m3;-99,00553027777778;cm;75,29767990105556;mm;84,80641441266667;%;2,599999905;None;0;m3/s;84,76176232230556;%
2026-01-31 12:00:00.000;169,73935305555557;kVAr;2600;kW;0;None;2500;kW;5,599999905;Bar;2602,1752663888888;kW;-96,35555555555555;cm;5,297503168127778;m3/s;5,2974641549;m3/s;70,03637748307968;moh;1,0902414314444442;Mill.m3;-96,36318638888889;cm;73,26556911191666;mm;85,01248488888889;%;2,599999905;None;0;m3/s;85,17511467502777;%
2026-01-31 13:00:00.000;146,49803222222224;kVAr;2600;kW;0;None;2500;kW;5,599999905;Bar;2617,2724358333335;kW;-97,23333333333333;cm;5,339193212972222;m3/s;5,339216620380556;m3/s;70,02758819480071;moh;1,0884701532222225;Mill.m3;-97,24100027777777;cm;73,94588069725;mm;84,80403395736111;%;2,599999905;None;0;m3/s;85,03673212536111;%
2026-01-31 14:00:00.000;134,28929194444444;kVAr;2600;kW;0;None;2500;kW;5,599999905;Bar;2629,458292222222;kW;-98,31944444444444;cm;5,372058374383333;m3/s;5,372011558249999;m3/s;70,01680248378105;moh;1,086385876769444;Mill.m3;-98,32068277777778;cm;74,74639990130555;mm;84,63970771266666;%;2,599999905;None;0;m3/s;84,87390109263889;%
2026-01-31 15:00:00.000;149,80779166666667;kVAr;2600;kW;0;None;2500;kW;5,599999905;Bar;2615,5639838888887;kW;-99,33611111111111;cm;5,3404962738222235;m3/s;5,340402641547222;m3/s;70,0066412677982;moh;1,0842413532777773;Mill.m3;-99,33718611111111;cm;75,57005022177778;mm;84,79751921652777;%;2,599999905;None;0;m3/s;84,70636104711112;%
2026-01-31 16:00:00.000;158,41019111111112;kVAr;2600;kW;0;None;2500;kW;5,599999905;Bar;2609,1063830555554;kW;-100,31388888888888;cm;5,314403842527779;m3/s;5,314435052847223;m3/s;69,99690085383068;moh;1,0822831589916666;Mill.m3;-100,30779611111112;cm;76,32214883222223;mm;84,92798112108333;%;2,599999905;None;0;m3/s;84,55337278391667;%
2026-01-31 17:00:00.000;128,8153061111111;kVAr;2600;kW;0;None;2500;kW;5,599999905;Bar;2630,6332527777777;kW;-98,68055555555556;cm;5,375280922066666;m3/s;5,375218500111109;m3/s;70,0133656686401;moh;1,0855554951916666;Mill.m3;-98,6627911111111;cm;75,06532563105556;mm;84,62359504658333;%;2,599999905;None;0;m3/s;84,80902591277778;%
2026-01-31 18:00:00.000;145,50002194444446;kVAr;2600;kW;0;None;2500;kW;5,599999905;Bar;2622,8116005555557;kW;-93,45;cm;5,357365813516667;m3/s;5,357350207697222;m3/s;70,06570861882702;moh;1,0959776717999998;Mill.m3;-93,4296575;cm;71,06243887894445;mm;84,71317174647223;%;2,599999905;None;0;m3/s;85,62325676736111;%
2026-01-31 19:00:00.000;150,7192936111111;kVAr;2600;kW;0;None;2500;kW;5,599999905;Bar;2615,319554722222;kW;-88,19166666666666;cm;5,333458209025001;m3/s;5,333512828069446;m3/s;70,11835749010571;moh;1,106245546561111;Mill.m3;-88,16426972222222;cm;67,11880730558333;mm;84,8327091636389;%;2,599999905;None;0;m3/s;86,42543356211111;%
2026-01-31 20:00:00.000;148,22564972222222;kVAr;2600;kW;0;None;2500;kW;5,599999905;Bar;2621,3567019444445;kW;-85,95555555555555;cm;5,353441026491667;m3/s;5,353612685219445;m3/s;70,14030758265969;moh;1,1109149315499998;Mill.m3;-85,9690375;cm;65,32541872333333;mm;84,7327946345;%;2,599999905;None;0;m3/s;86,79022789238888;%
2026-01-31 21:00:00.000;141,07730805555556;kVAr;2600;kW;0;None;2500;kW;5,599999905;Bar;2621,1953708333335;kW;-88,2;cm;5,350819296275;m3/s;5,350834902094444;m3/s;70,11790212522246;moh;1,1064163568527776;Mill.m3;-88,20907277777778;cm;67,0532092855;mm;84,74590350163889;%;2,599999905;None;0;m3/s;86,43877868516667;%
2026-01-31 22:00:00.000;141,54907166666666;kVAr;2600;kW;0;None;2500;kW;5,599999905;Bar;2623,928801388889;kW;-90,67777777777778;cm;5,357584268502778;m3/s;5,357545253950001;m3/s;70,09313263751265;moh;1,1014770330833334;Mill.m3;-90,68668333333333;cm;68,95026730391666;mm;84,71207923841666;%;2,599999905;None;0;m3/s;86,05289446608333;%
2026-01-31 23:00:00.000;131,37003972222223;kVAr;2600;kW;0;None;2500;kW;5,599999905;Bar;2629,910319166667;kW;-93,16388888888889;cm;5,375671017322222;m3/s;5,3755929895444465;m3/s;70,06829795373828;moh;1,0965990055583332;Mill.m3;-93,17052611111112;cm;70,82379415358334;mm;84,62164516397222;%;2,599999905;None;0;m3/s;85,67180018736111;%
2026-02-01 00:00:00.000;135,32224083333332;kVAr;2600;kW;0;None;2500;kW;5,599999905;Bar;2627,2554227777778;kW;-95,70277777777778;cm;5,372292449691669;m3/s;5,372347070063889;m3/s;70,04316104059734;moh;1,0914460256416667;Mill.m3;-95,68359527777778;cm;72,80292510722222;mm;84,63853753366666;%;2,599999905;None;0;m3/s;85,26922143283333;%
2026-02-01 01:00:00.000;148,40665388888888;kVAr;2600;kW;0;None;2500;kW;5,599999905;Bar;2611,854118055556;kW;-98,08611111111111;cm;5,324656714313888;m3/s;5,324742542355555;m3/s;70,01901010684082;moh;1,0867763931805556;Mill.m3;-98,09902916666667;cm;74,59641094241667;mm;84,87671669783333;%;2,599999905;None;0;m3/s;84,9044097485;%
2026-02-01 02:00:00.000;141,88974805555554;kVAr;2600;kW;0;None;2500;kW;5,599999905;Bar;2616,973516111111;kW;-100,55833333333334;cm;5,338163190347223;m3/s;5,33792130675;m3/s;69,99440557018839;moh;1,0819312438944446;Mill.m3;-100,55973722222222;cm;76,45730997738889;mm;84,80918364925;%;2,599999905;None;0;m3/s;84,52587962522222;%
2026-02-01 03:00:00.000;142,76652916666666;kVAr;2600;kW;0;None;2500;kW;5,599999905;Bar;2614,4292330555554;kW;-103,05555555555556;cm;5,335432245911112;m3/s;5,33547906205;m3/s;69,9694179643886;moh;1,077141246447222;Mill.m3;-103,05879722222222;cm;78,29702727091667;mm;84,82283844269445;%;2,599999905;None;0;m3/s;84,15166265966667;%
2026-02-01 04:00:00.000;141,8855625;kVAr;2600;kW;0;None;2500;kW;5,599999905;Bar;2612,1904794444445;kW;-105,4888888888889;cm;5,328191302877777;m3/s;5,3282927380638885;m3/s;69,94508937412111;moh;1,072196724861111;Mill.m3;-105,49211694444445;cm;80,19610190919444;mm;84,85904288733333;%;2,599999905;None;0;m3/s;83,76537009186112;%
2026-02-01 05:00:00.000;136,95906555555555;kVAr;2600;kW;0;None;2500;kW;5,599999905;Bar;2611,3749130555557;kW;-107,96111111111111;cm;5,321161041002777;m3/s;5,32139512433611;m3/s;69,92022348435798;moh;1,0673185625250003;Mill.m3;-107,97792972222223;cm;82,06968063769445;mm;84,89419475080555;%;2,599999905;None;0;m3/s;83,38426287058333;%
2026-02-01 06:00:00.000;153,17248444444445;kVAr;2600;kW;0;None;2500;kW;5,599999905;Bar;2603,8041947222223;kW;-110,37222222222222;cm;5,303401996141667;m3/s;5,303417601961112;m3/s;69,89624849229064;moh;1,0624953772750003;Mill.m3;-110,37548222222222;cm;83,92214840872222;mm;84,98298988369444;%;2,599999905;None;0;m3/s;83,00745323738889;%
2026-02-01 07:00:00.000;154,3064877777778;kVAr;2600;kW;0;None;2500;kW;5,599999905;Bar;2599,418870833333;kW;-112,7;cm;5,28913862055;m3/s;5,289091804413888;m3/s;69,87290993541352;moh;1,0579744645194447;Mill.m3;-112,70869944444445;cm;85,65852252016667;mm;85,05430664480555;%;2,599999905;None;0;m3/s;82,65425273027778;%
2026-02-01 08:00:00.000;138,07505666666665;kVAr;2600;kW;0;None;2500;kW;5,599999905;Bar;2609,439264722222;kW;-111,8861111111111;cm;5,321519952311112;m3/s;5,321605783000001;m3/s;69,88118753426983;moh;1,0594264574055552;Mill.m3;-111,87125055555556;cm;85,1008458456111;mm;84,8923997661389;%;2,599999905;None;0;m3/s;82,767691887;%
2026-02-01 09:00:00.000;132,38675472222224;kVAr;2600;kW;0;None;2500;kW;5,599999905;Bar;2613,8456108333335;kW;-106,63333333333334;cm;5,331725949697224;m3/s;5,331725949697224;m3/s;69,93396942349666;moh;1,0697823617305555;Mill.m3;-106,60324277777778;cm;81,12339833608333;mm;84,84137060208333;%;2,599999905;None;0;m3/s;83,57674755536111;%
2026-02-01 10:00:00.000;135,0900413888889;kVAr;2600;kW;0;None;2500;kW;5,599999905;Bar;2616,0725555555555;kW;-101,31388888888888;cm;5,337133263266667;m3/s;5,337273714330556;m3/s;69,98713521924223;moh;1,0803200244194444;Mill.m3;-101,28613055555556;cm;77,07613709872223;mm;84,81433349147223;%;2,599999905;None;0;m3/s;84,40000472583333;%
2026-02-01 11:00:00.000;147,4971425;kVAr;2600;kW;0;None;2500;kW;5,599999905;Bar;2605,398506388889;kW;-95,95555555555555;cm;5,307927559466666;m3/s;5,307818320047222;m3/s;70,04064812004802;moh;1,0909233257833333;Mill.m3;-95,93482944444445;cm;73,00368007944445;mm;84,96036247577777;%;2,599999905;None;0;m3/s;85,22838685769445;%
2026-02-01 12:00:00.000;132,71419083333333;kVAr;2600;kW;0;None;2500;kW;5,599999905;Bar;2616,3855655555553;kW;-93,12222222222222;cm;5,335588335980555;m3/s;5,335541518519444;m3/s;70,06875555037905;moh;1,0965659684027778;Mill.m3;-93,12454138888889;cm;70,83647060458334;mm;84,82205924925;%;2,599999905;None;0;m3/s;85,66921975416666;%
2026-02-01 13:00:00.000;136,5636861111111;kVAr;2600;kW;0;None;2500;kW;5,599999905;Bar;2617,799225;kW;-94,06111111111112;cm;5,339598948358333;m3/s;5,339481907352777;m3/s;70,05927818090947;moh;1,0947511514972221;Mill.m3;-94,07207555555556;cm;71,53351251791666;mm;84,80200500519445;%;2,599999905;None;0;m3/s;85,52743517280555;%
2026-02-01 14:00:00.000;132,7394747222222;kVAr;2600;kW;0;None;2500;kW;5,599999905;Bar;2621,715148888889;kW;-94,99166666666666;cm;5,3506866785666665;m3/s;5,350647665341667;m3/s;70,04998355742886;moh;1,0929200911027777;Mill.m3;-95,00172694444444;cm;72,23678294052777;mm;84,74656673097222;%;2,599999905;None;0;m3/s;85,38438097480555;%
2026-02-01 15:00:00.000;141,9862675;kVAr;2600;kW;0;None;2500;kW;5,599999905;Bar;2614,260443611111;kW;-96,0111111111111;cm;5,32845664018889;m3/s;5,328402018491668;m3/s;70,03996863060466;moh;1,0910005682944441;Mill.m3;-96,00302083333334;cm;72,97400813327778;mm;84,85771725872222;%;2,599999905;None;0;m3/s;85,23442149716666;%
2026-02-01 16:00:00.000;135,2426047222222;kVAr;2600;kW;0;None;2500;kW;5,599999905;Bar;2620,516348611111;kW;-96,97777777777777;cm;5,35009365738611;m3/s;5,350062447069444;m3/s;70,0301537880667;moh;1,0889652313194442;Mill.m3;-96,97458777777777;cm;73,75573151691667;mm;84,74953130041666;%;2,599999905;None;0;m3/s;85,07541037888889;%
2026-02-01 17:00:00.000;139,14254944444446;kVAr;2600;kW;0;None;2500;kW;5,599999905;Bar;2614,3272538888887;kW;-98,69166666666666;cm;5,3328105250944455;m3/s;5,332755904719445;m3/s;70,01296500153572;moh;1,0856873963722222;Mill.m3;-98,70500527777777;cm;75,01466838080556;mm;84,83594762894444;%;2,599999905;None;0;m3/s;84,81933140288889;%
2026-02-01 18:00:00.000;141,37738777777778;kVAr;2600;kW;0;None;2500;kW;5,599999905;Bar;2616,3164883333334;kW;-101,06666666666666;cm;5,3329899707861115;m3/s;5,333083603058333;m3/s;69,9893923915882;moh;1,0809633332833337;Mill.m3;-101,06196388888888;cm;76,8290606165;mm;84,83504967025;%;2,599999905;None;0;m3/s;84,4502607975;%
2026-02-01 19:00:00.000;139,9821761111111;kVAr;2600;kW;0;None;2500;kW;5,599999905;Bar;2616,0119422222224;kW;-103,50833333333334;cm;5,33551811641389;m3/s;5,335549328052778;m3/s;69,96474105150114;moh;1,0762006256361114;Mill.m3;-103,52561944444444;cm;78,6582996593611;mm;84,82240975675;%;2,599999905;None;0;m3/s;84,07817622555555;%
2026-02-01 20:00:00.000;143,48680555555555;kVAr;2600;kW;0;None;2500;kW;5,599999905;Bar;2611,629954722222;kW;-105,99722222222222;cm;5,320271526472223;m3/s;5,320318343933335;m3/s;69,93995890531782;moh;1,0711353475472223;Mill.m3;-106,00346055555555;cm;80,60374878694445;mm;84,89864317447223;%;2,599999905;None;0;m3/s;83,682450187;%
2026-02-01 21:00:00.000;143,67891583333332;kVAr;2600;kW;0;None;2500;kW;5,599999905;Bar;2610,4570325;kW;-108,43611111111112;cm;5,3185003267277775;m3/s;5,318640776461111;m3/s;69,91536991548308;moh;1,066306724636111;Mill.m3;-108,46339861111112;cm;82,45830160908334;mm;84,90749854947222;%;2,599999905;None;0;m3/s;83,30521346313888;%
2026-02-01 22:00:00.000;147,9904686111111;kVAr;2600;kW;0;None;2500;kW;5,599999905;Bar;2607,3576683333335;kW;-110,89166666666667;cm;5,310416717108334;m3/s;5,310346492238889;m3/s;69,89104762418869;moh;1,061477768488889;Mill.m3;-110,89462472222222;cm;84,31298963647222;mm;84,94791734469445;%;2,599999905;None;0;m3/s;82,92795070808333;%
2026-02-01 23:00:00.000;145,07466;kVAr;2600;kW;0;None;2500;kW;5,599999905;Bar;2607,1055516666665;kW;-113,33333333333333;cm;5,315855173302779;m3/s;5,315543064841667;m3/s;69,86657425728491;moh;1,0566271624000003;Mill.m3;-113,34285805555555;cm;86,17598474358333;mm;84,9207240418611;%;2,599999905;None;0;m3/s;82,54899631180555;%
2026-02-02 00:00:00.000;166,82140805555557;kVAr;2600;kW;0;None;2500;kW;5,599999905;Bar;2585,99499;kW;-115,83055555555555;cm;5,251443504016666;m3/s;5,251599556919444;m3/s;69,84167712485701;moh;1,051572456636111;Mill.m3;-115,83259583333333;cm;88,1173837895;mm;85,24278276255555;%;2,599999905;None;0;m3/s;82,15409596733333;%
2026-02-02 01:00:00.000;149,8447647222222;kVAr;2600;kW;0;None;2500;kW;5,599999905;Bar;2602,8460380555557;kW;-118,19722222222222;cm;5,2963015238305555;m3/s;5,296176679913889;m3/s;69,81790416042476;moh;1,0470133795777774;Mill.m3;-118,2096711111111;cm;89,86840866861111;mm;85,01829704722222;%;2,599999905;None;0;m3/s;81,7979170055;%
2026-02-02 02:00:00.000;144,98801805555556;kVAr;2600;kW;0;None;2500;kW;5,599999905;Bar;2601,9331197222223;kW;-120,64444444444445;cm;5,2974173466916685;m3/s;5,297362728969445;m3/s;69,7935479048025;moh;1,0421408915388892;Mill.m3;-120,64515361111111;cm;91,73980797277778;mm;85,01291351316667;%;2,599999905;None;0;m3/s;81,41725620941666;%
2026-02-02 03:00:00.000;146,11683527777777;kVAr;2600;kW;0;None;2500;kW;5,599999905;Bar;2598,995462222222;kW;-123,12777777777778;cm;5,292064633697222;m3/s;5,292056830788889;m3/s;69,76861730854607;moh;1,0372182790027777;Mill.m3;-123,13778;cm;93,63045217630555;mm;85,03967795866667;%;2,599999905;None;0;m3/s;81,03267605980555;%
2026-02-02 04:00:00.000;146,9950211111111;kVAr;2600;kW;0;None;2500;kW;5,599999905;Bar;2595,0823991666666;kW;-125,54444444444445;cm;5,275702227500002;m3/s;5,275741240725002;m3/s;69,74445397633424;moh;1,0323731285805557;Mill.m3;-125,55570944444445;cm;95,49135123611111;mm;85,1214890153611;%;2,599999905;None;0;m3/s;80,654150604;%
2026-02-02 05:00:00.000;144,47260694444444;kVAr;2600;kW;0;None;2500;kW;5,599999905;Bar;2600,290651111111;kW;-128,04166666666666;cm;5,287601400775;m3/s;5,287609203683333;m3/s;69,71948518521452;moh;1,0275006129138886;Mill.m3;-128,0511627777778;cm;97,36276827880556;mm;85,06199323763889;%;2,599999905;None;0;m3/s;80,27348299791667;%
2026-02-02 06:00:00.000;151,54087833333332;kVAr;2600;kW;0;None;2500;kW;5,599999905;Bar;2593,5642125;kW;-130,55555555555554;cm;5,271441927169445;m3/s;5,271418519763888;m3/s;69,69414401885298;moh;1,0224351121416668;Mill.m3;-130,57502555555556;cm;99,30829359391667;mm;85,14279100544445;%;2,599999905;None;0;m3/s;79,87774276894444;%
2026-02-02 07:00:00.000;156,84831111111112;kVAr;2600;kW;0;None;2500;kW;5,599593849830197;Bar;2595,439006111111;kW;-133,04166666666666;cm;5,279244714291667;m3/s;5,279541218255556;m3/s;69,6694656845232;moh;1,0176063955666665;Mill.m3;-133,0541561111111;cm;101,16287675266666;mm;85,10377697480556;%;2,599999905;None;0;m3/s;79,50050201316667;%
2026-02-02 08:00:00.000;160,60691277777778;kVAr;2600;kW;0;None;2500;kW;5,5967059359070515;Bar;2592,4192430555554;kW;-135,525;cm;5,272120833363891;m3/s;5,272222269872223;m3/s;69,64477855603481;moh;1,0127501057694448;Mill.m3;-135,52240138888888;cm;103,02805024888889;mm;85,13939641344444;%;2,599999905;None;0;m3/s;79,12110460116666;%
2026-02-02 09:00:00.000;154,8869063888889;kVAr;2600;kW;0;None;2500;kW;5,593036189393314;Bar;2589,7939722222222;kW;-134,51388888888889;cm;5,265004679891668;m3/s;5,2649188505277795;m3/s;69,65502438642895;moh;1,0145815216749998;Mill.m3;-134,498135;cm;102,32465352777778;mm;85,17497692097223;%;2,599999905;None;0;m3/s;79,26418359594444;%
2026-02-02 10:00:00.000;151,87857861111112;kVAr;2600;kW;0;None;2500;kW;5,599999905;Bar;2595,034251388889;kW;-128,56666666666666;cm;5,280774035691668;m3/s;5,280719415322223;m3/s;69,71460521738094;moh;1,0262959228027777;Mill.m3;-128,53953638888888;cm;97,82545180797223;mm;85,09612971461111;%;2,599999905;None;0;m3/s;80,1793684005;%
2026-02-02 11:00:00.000;158,8870825;kVAr;2600;kW;0;None;2500;kW;5,599999905;Bar;2596,295111388889;kW;-122,56111111111112;cm;5,281952284452777;m3/s;5,281780624397222;m3/s;69,77459307829314;moh;1,038263370213889;Mill.m3;-122,54091694444445;cm;93,22906226980555;mm;85,09023846522223;%;2,599999905;None;0;m3/s;81,11432457061112;%
2026-02-02 12:00:00.000;165,49215166666667;kVAr;2600;kW;0;None;2500;kW;5,599999905;Bar;2592,657298888889;kW;-119,35277777777777;cm;5,270482195752778;m3/s;5,270443182527778;m3/s;69,80626659359719;moh;1,0447310290333331;Mill.m3;-119,37226611111112;cm;90,745003762;mm;85,1475885181111;%;2,599999905;None;0;m3/s;81,61960767283334;%
2026-02-02 13:00:00.000;156,8369638888889;kVAr;2600;kW;0;None;2500;kW;5,599999905;Bar;2603,226541666667;kW;-120,31944444444444;cm;5,300405763277777;m3/s;5,3002965251805545;m3/s;69,79675553689144;moh;1,0429385597638894;Mill.m3;-120,32444777777778;cm;91,43343984383333;mm;84,99797200019445;%;2,599999905;None;0;m3/s;81,47957435511111;%
2026-02-02 14:00:00.000;162,6560213888889;kVAr;2600;kW;0;None;2500;kW;5,599999905;Bar;2601,2020069444443;kW;-121,31666666666666;cm;5,297159801591668;m3/s;5,297144195772224;m3/s;69,7867395047602;moh;1,0407108097333335;Mill.m3;-121,32645861111111;cm;92,28906845130555;mm;85,01420118469444;%;2,599999905;None;0;m3/s;81,30553141858333;%
2026-02-02 15:00:00.000;167,65232555555556;kVAr;2600;kW;0;None;2500;kW;5,599999905;Bar;2590,1127688888887;kW;-122,35277777777777;cm;5,262226902191667;m3/s;5,262242508016667;m3/s;69,77637689441241;moh;1,0388295127611111;Mill.m3;-122,36161388888888;cm;93,01162178991666;mm;85,18886572455555;%;2,599999905;None;0;m3/s;81,15855341769445;%
2026-02-02 16:00:00.000;164,64393;kVAr;2600;kW;0;None;2500;kW;5,599999905;Bar;2599,223251666667;kW;-123,39722222222223;cm;5,287874514469444;m3/s;5,28786671023611;m3/s;69,76594766389279;moh;1,036783685925;Mill.m3;-123,40572027777777;cm;93,79736101288889;mm;85,06062802225;%;2,599999905;None;0;m3/s;80,99872413094444;%
2026-02-02 17:00:00.000;144,66522777777777;kVAr;2600;kW;0;None;2500;kW;5,5931780781474085;Bar;2612,0416144444443;kW;-125,10277777777777;cm;5,325226284402778;m3/s;5,325421353186111;m3/s;69,74894970084969;moh;1,0332530834611113;Mill.m3;-125,10489333333334;cm;95,15338472025;mm;84,87418119497222;%;2,599999905;None;0;m3/s;80,72289655669445;%
2026-02-02 18:00:00.000;173,63963777777778;kVAr;2600;kW;0;None;2500;kW;5,599999905;Bar;2590,737861111111;kW;-127,62777777777778;cm;5,267696588566668;m3/s;5,267532731422224;m3/s;69,72363850180903;moh;1,0284081645694445;Mill.m3;-127,63707;cm;97,01420273219445;mm;85,16151767322222;%;2,599999905;None;0;m3/s;80,34438499563889;%
2026-02-02 19:00:00.000;180,60459944444443;kVAr;2600;kW;0;None;2500;kW;5,599999905;Bar;2587,0566175;kW;-130,05;cm;5,252176957616667;m3/s;5,252192563436111;m3/s;69,69944024575318;moh;1,023485416561111;Mill.m3;-130,05614222222223;cm;98,90489313238889;mm;85,23911543872222;%;2,599999905;None;0;m3/s;79,95979847463889;%
2026-02-02 20:00:00.000;169,32775388888888;kVAr;2600;kW;0;None;2500;kW;5,5997959051938;Bar;2593,970931111111;kW;-132,5;cm;5,275327712969444;m3/s;5,275296503975;m3/s;69,67489068780257;moh;1,018700709875;Mill.m3;-132,50978916666668;cm;100,74257406555556;mm;85,12289371533333;%;2,599999905;None;0;m3/s;79,58599664927777;%
2026-02-02 21:00:00.000;174,0373013888889;kVAr;2600;kW;0;None;2500;kW;5,596839824668746;Bar;2591,563771388889;kW;-134,9777777777778;cm;5,2688982724805555;m3/s;5,2689060753916666;m3/s;69,65014661337877;moh;1,0137403059194448;Mill.m3;-134,98545638888888;cm;102,64774387722223;mm;85,15550842355556;%;2,599999905;None;0;m3/s;79,19846297316667;%
2026-02-02 22:00:00.000;187,43569555555555;kVAr;2600;kW;0;None;2500;kW;5,59874771174514;Bar;2577,7329505555554;kW;-137,4361111111111;cm;5,229299300327778;m3/s;5,229229075461111;m3/s;69,62554094762235;moh;1,0088122725555555;Mill.m3;-137,44640694444445;cm;104,54049055777777;mm;85,35350326922222;%;2,599999905;None;0;m3/s;78,81345730127778;%
2026-02-02 23:00:00.000;169,32374166666668;kVAr;2600;kW;0;None;2500;kW;5,589562692693138;Bar;2589,968134722222;kW;-139,92222222222222;cm;5,263116435252779;m3/s;5,263061816208335;m3/s;69,60059937384261;moh;1,0039832465744443;Mill.m3;-139,93039972222223;cm;106,39518861111111;mm;85,18441829711111;%;2,599999905;None;0;m3/s;78,436190879;%
2026-02-03 00:00:00.000;182,0737938888889;kVAr;2600;kW;0;None;2500;kW;5,583696781599092;Bar;2576,447846111111;kW;-142,50555555555556;cm;5,225967543733331;m3/s;5,226014359869443;m3/s;69,57485596662086;moh;0,9988742169575;Mill.m3;-142,51470666666665;cm;108,357444345;mm;85,37016217969445;%;2,599999905;None;0;m3/s;78,03704857511111;%
2026-02-03 01:00:00.000;155,89668305555554;kVAr;2600;kW;0;None;2500;kW;5,5645089109387;Bar;2594,0446205555554;kW;-145,07222222222222;cm;5,276661988180556;m3/s;5,2764903268;m3/s;69,54919043718706;moh;0,9938255789830553;Mill.m3;-145,08084277777778;cm;110,29650116666667;mm;85,11669040322222;%;2,599999905;None;0;m3/s;77,64262269077778;%
2026-02-03 02:00:00.000;148,49137805555554;kVAr;2600;kW;0;None;2500;kW;5,545553651168434;Bar;2599,4946275;kW;-147,56944444444446;cm;5,290121744758333;m3/s;5,290129547669443;m3/s;69,52419983096581;moh;0,9888863694394446;Mill.m3;-147,57945972222223;cm;112,19352031222222;mm;85,04939117416667;%;2,599999905;None;0;m3/s;77,25674868891667;%
2026-02-03 03:00:00.000;158,16803805555554;kVAr;2600;kW;0;None;2500;kW;5,536519076417957;Bar;2594,5962855555554;kW;-150,15555555555557;cm;5,273041523830555;m3/s;5,272994707697222;m3/s;69,49841601147065;moh;0,9836948896502778;Mill.m3;-150,15849194444445;cm;114,18743865722222;mm;85,13479313283334;%;2,599999905;None;0;m3/s;76,85116335433334;%
2026-02-03 04:00:00.000;170,43345444444444;kVAr;2600;kW;0;None;2500;kW;5,531286859166345;Bar;2589,070631388889;kW;-152,84444444444443;cm;5,2664871983333335;m3/s;5,266463790927778;m3/s;69,47141743954022;moh;0,9784209309133335;Mill.m3;-152,85834305555557;cm;116,21303712166667;mm;85,16756443455556;%;2,599999905;None;0;m3/s;76,43913659113889;%
2026-02-03 05:00:00.000;178,3616497222222;kVAr;2600;kW;0;None;2500;kW;5,520438925027447;Bar;2587,694778611111;kW;-155,4138888888889;cm;5,260650735488888;m3/s;5,260720960358332;m3/s;69,44584648553436;moh;0,9733608269230557;Mill.m3;-155,41508861111112;cm;118,15649816333334;mm;85,19674686794444;%;2,599999905;None;0;m3/s;76,0438149533611;%
2026-02-03 06:00:00.000;163,33529194444444;kVAr;2600;kW;0;None;2500;kW;5,502897302803115;Bar;2599,850484166667;kW;-157,94444444444446;cm;5,288428554291667;m3/s;5,288514384977777;m3/s;69,42029984250776;moh;0,9682737577208335;Mill.m3;-157,96016111111112;cm;120,11031427055556;mm;85,05785789505556;%;2,599999905;None;0;m3/s;75,64638790591667;%
2026-02-03 07:00:00.000;188,90201083333332;kVAr;2600;kW;0;None;2500;kW;5,501946831483843;Bar;2588,4050911111112;kW;-160,60833333333332;cm;5,262336120308334;m3/s;5,262398542263891;m3/s;69,39380355311813;moh;0,9631094576547224;Mill.m3;-160,61957694444445;cm;122,09379417777778;mm;85,18831973583333;%;2,599999905;None;0;m3/s;75,24292517725;%
2026-02-03 08:00:00.000;167,2397797222222;kVAr;2600;kW;0;None;2500;kW;5,5015031930164096;Bar;2598,7617302777776;kW;-159,61111111111111;cm;5,2889747076916676;m3/s;5,288709415366668;m3/s;69,4040329708185;moh;0,9649462951500001;Mill.m3;-159,5968102777778;cm;121,38830971777777;mm;85,05520445427777;%;2,599999905;None;0;m3/s;75,38642938402778;%
2026-02-03 09:00:00.000;180,04909666666666;kVAr;2600;kW;0;None;2500;kW;5,5232834778806765;Bar;2600,911812777778;kW;-153,82777777777778;cm;5,293437879691666;m3/s;5,293492498738888;m3/s;69,46192193365523;moh;0,976402303241389;Mill.m3;-153,80842944444444;cm;116,98834092305556;mm;85,03281080419444;%;2,599999905;None;0;m3/s;76,28143098527778;%
2026-02-03 10:00:00.000;163,36820805555556;kVAr;2600;kW;0;None;2500;kW;5,514994235755462;Bar;2624,5255575;kW;-147,94444444444446;cm;5,222799612441667;m3/s;5,222620149475001;m3/s;69,52095501154567;moh;0,9880121640077777;Mill.m3;-147,90452166666665;cm;112,52928259833334;mm;83,53916979872223;%;2,599999905;None;0;m3/s;77,18845019894444;%
2026-02-03 11:00:00.000;147,84357;kVAr;2600;kW;0;None;2500;kW;5,518230621569781;Bar;2643,1970275;kW;-142,25277777777777;cm;5,414528710322224;m3/s;5,414193194452778;m3/s;69,57773202037019;moh;0,9992370890549999;Mill.m3;-142,2270213888889;cm;108,21807459138888;mm;84,42735695341666;%;2,599999905;None;0;m3/s;78,06539741058333;%
2026-02-03 12:00:00.000;142,0474475;kVAr;2600;kW;0;None;2500;kW;5,518790176593762;Bar;2655,401156388889;kW;-139,40833333333333;cm;5,447456251324999;m3/s;5,44737042063611;m3/s;69,605941241481;moh;1,004962347488889;Mill.m3;-139,40619555555554;cm;106,01913648222222;mm;84,26271790383333;%;2,599999905;None;0;m3/s;78,51268390816666;%
2026-02-03 13:00:00.000;149,72624944444445;kVAr;2600;kW;0;None;2500;kW;5,51071921203896;Bar;2652,7388133333334;kW;-140,73888888888888;cm;5,4426497948999994;m3/s;5,442634187755555;m3/s;69,5926860670664;moh;1,0022890687994441;Mill.m3;-140,73203222222222;cm;107,04588675222222;mm;84,28675070880556;%;2,599999905;None;0;m3/s;78,30383192697222;%
2026-02-03 14:00:00.000;160,47447777777776;kVAr;2166,6666666666665;kW;0;None;2500;kW;5,508535186336007;Bar;2648,210502777778;kW;-141,7722222222222;cm;5,333988734058334;m3/s;5,348790543583334;m3/s;69,57832934874564;moh;0,9967404422016665;Mill.m3;-142,1669363888889;cm;107,80819760166666;mm;84,14443700594444;%;2,5927776830416662;None;0;m3/s;77,87034621997222;%
2026-02-03 15:00:00.000;141,6854072222222;kVAr;2600;kW;0;None;2500;kW;5,502448414340672;Bar;2653,509128611111;kW;-143,50833333333333;cm;5,440129503933335;m3/s;5,440121701022224;m3/s;69,56483914764581;moh;0,9968666045138884;Mill.m3;-143,51632305555555;cm;109,12851498388889;mm;84,29935213741666;%;2,599999905;None;0;m3/s;77,88020500605556;%
2026-02-03 16:00:00.000;145,20842472222222;kVAr;2600;kW;0;None;2500;kW;5,507439659598984;Bar;2648,812948333333;kW;-144,9111111111111;cm;5,432459399363888;m3/s;5,432428187724999;m3/s;69,55086129566457;moh;0,994078710635;Mill.m3;-144,9138;cm;110,19928154;mm;84,33770260283333;%;2,599999905;None;0;m3/s;77,66239878066666;%
2026-02-03 17:00:00.000;158,85011472222223;kVAr;2600;kW;0;None;2500;kW;5,507795048150253;Bar;2636,0270844444444;kW;-146,17777777777778;cm;5,395575837436112;m3/s;5,395497809655556;m3/s;69,53816834347103;moh;0,9916806717505554;Mill.m3;-146,18305833333332;cm;111,12030260777777;mm;84,52212083655556;%;2,599999905;None;0;m3/s;77,47505221822222;%
2026-02-03 18:00:00.000;156,82149333333334;kVAr;2600;kW;0;None;2500;kW;5,501016943478348;Bar;2634,2792525;kW;-148,25277777777777;cm;5,390004674697223;m3/s;5,390043687925001;m3/s;69,51752444894606;moh;0,9875666034030554;Mill.m3;-148,24733388888887;cm;112,700409055;mm;84,54985993730556;%;2,599999905;None;0;m3/s;77,15364183038889;%
2026-02-03 19:00:00.000;143,50342555555557;kVAr;2600;kW;0;None;2500;kW;5,5;Bar;2642,6592358333332;kW;-151,07222222222222;cm;5,410416653455555;m3/s;5,410486878322222;m3/s;69,48921700752999;moh;0,9819075675338887;Mill.m3;-151,07837;cm;114,87390289722222;mm;84,44791624363889;%;2,599999905;None;0;m3/s;76,71152981491667;%
2026-02-03 20:00:00.000;152,2135986111111;kVAr;2600;kW;0;None;2500;kW;5,5;Bar;2631,0759347222224;kW;-153,84166666666667;cm;5,379260314919446;m3/s;5,379244709100001;m3/s;69,46148675911687;moh;0,9763966821930554;Mill.m3;-153,85148333333333;cm;116,99050312111112;mm;84,60369873122222;%;2,599999905;None;0;m3/s;76,2809911945;%
2026-02-03 21:00:00.000;144,41813833333333;kVAr;2600;kW;0;None;2500;kW;5,5;Bar;2633,2876997222224;kW;-156,60555555555555;cm;5,384964116497223;m3/s;5,384987526552778;m3/s;69,4336227810323;moh;0,9707814933674999;Mill.m3;-156,6385463888889;cm;119,14715677444444;mm;84,57517929122223;%;2,599999905;None;0;m3/s;75,84230374041667;%
2026-02-03 22:00:00.000;146,6218761111111;kVAr;2600;kW;0;None;2500;kW;5,5;Bar;2634,3088569444444;kW;-159,5361111111111;cm;5,385018712988888;m3/s;5,3850811362722215;m3/s;69,40473847072218;moh;0,9650950014388887;Mill.m3;-159,519515;cm;121,33119461222222;mm;84,57451612647222;%;2,599999905;None;0;m3/s;75,39804749075;%
2026-02-03 23:00:00.000;138,54170055555556;kVAr;2600;kW;0;None;2500;kW;5,5;Bar;2633,7642652777777;kW;-162,38055555555556;cm;5,383980961669445;m3/s;5,38390293388889;m3/s;69,37611946834483;moh;0,9595730460591668;Mill.m3;-162,38861;cm;123,45204091027777;mm;84,58009510072222;%;2,599999905;None;0;m3/s;74,96664403097222;%
2026-02-04 00:00:00.000;129,6132625;kVAr;2600;kW;0;None;2500;kW;5,5;Bar;2634,5899622222223;kW;-165,24444444444444;cm;5,391019022558332;m3/s;5,390980009330555;m3/s;69,3473852962507;moh;0,9539080631363892;Mill.m3;-165,26070388888888;cm;125,62781164055555;mm;84,54490513205556;%;2,599999905;None;0;m3/s;74,52406919513889;%
2026-02-04 01:00:00.000;125,71175861111111;kVAr;2600;kW;0;None;2500;kW;5,5;Bar;2634,3148130555555;kW;-168,13055555555556;cm;5,388514312099998;m3/s;5,388498707608333;m3/s;69,31875521236474;moh;0,9481720662869446;Mill.m3;-168,12516222222223;cm;127,83087027611111;mm;84,55742872075;%;2,599999905;None;0;m3/s;74,07594258905556;%
2026-02-04 02:00:00.000;143,67467527777777;kVAr;2600;kW;0;None;2500;kW;5,5;Bar;2617,8572763888887;kW;-170,90555555555557;cm;5,347331463013889;m3/s;5,347409489466667;m3/s;69,29074231634414;moh;0,9426174908724999;Mill.m3;-170,9262;cm;129,96424053333334;mm;84,7633434925;%;2,599999905;None;0;m3/s;73,64199127669444;%
2026-02-04 03:00:00.000;164,02636194444443;kVAr;2600;kW;0;None;2500;kW;5,5;Bar;2600,969698611111;kW;-173,7888888888889;cm;5,293593943144444;m3/s;5,293679772508333;m3/s;69,26186945228176;moh;0,9370075881438887;Mill.m3;-173,81313555555556;cm;132,11886729305556;mm;85,03203084677777;%;2,599999905;None;0;m3/s;73,20371826880556;%
2026-02-04 04:00:00.000;135,61438666666666;kVAr;2600;kW;0;None;2500;kW;5,5;Bar;2621,495177222222;kW;-176,55;cm;5,353706267033333;m3/s;5,353784294813889;m3/s;69,23437657166924;moh;0,9314309627041667;Mill.m3;-176,56303083333333;cm;134,26070713166666;mm;84,73146879355555;%;2,599999905;None;0;m3/s;72,768043859;%
2026-02-04 05:00:00.000;131,89278861111111;kVAr;2600;kW;0;None;2500;kW;5,5;Bar;2625,988188611111;kW;-179,54444444444445;cm;5,365028085891667;m3/s;5,364957861022223;m3/s;69,20439870553955;moh;0,9255845243569445;Mill.m3;-179,5597;cm;136,5061775513889;mm;84,67485951277777;%;2,599999905;None;0;m3/s;72,31129097277778;%
2026-02-04 06:00:00.000;131,22022444444445;kVAr;2600;kW;0;None;2500;kW;5,5;Bar;2620,583125277778;kW;-182,39166666666668;cm;5,347760587208334;m3/s;5,347768388794445;m3/s;69,1759862536519;moh;0,9199034325205555;Mill.m3;-182,40259;cm;138,6881415211111;mm;84,76119708930555;%;2,599999905;None;0;m3/s;71,86745455280555;%
2026-02-04 07:00:00.000;126,26395611111111;kVAr;2600;kW;0;None;2500;kW;5,5;Bar;2619,1263675;kW;-185,2722222222222;cm;5,343906023791669;m3/s;5,343991853158334;m3/s;69,14723063168519;moh;0,9142278724180556;Mill.m3;-185,2768188888889;cm;140,86798469194446;mm;84,780470466;%;2,599999905;None;0;m3/s;71,42405219480555;%
2026-02-04 08:00:00.000;125,01572805555556;kVAr;2600;kW;0;None;2500;kW;5,5;Bar;2621,9518375;kW;-184,63888888888889;cm;5,350499365091668;m3/s;5,350592997366668;m3/s;69,15400218807386;moh;0,9155971022163888;Mill.m3;-184,60051916666666;cm;140,3420973602778;mm;84,74750306880556;%;2,599999905;None;0;m3/s;71,53102285683333;%
2026-02-04 09:00:00.000;123,13034055555555;kVAr;2600;kW;0;None;2500;kW;5,5;Bar;2626,497606666667;kW;-178,98333333333332;cm;5,367088015897223;m3/s;5,367088015897223;m3/s;69,21029681513345;moh;0,9266076548152777;Mill.m3;-178,9630427777778;cm;136,11321865916668;mm;84,66459857047222;%;2,599999905;None;0;m3/s;72,39122329244445;%
2026-02-04 10:00:00.000;133,00057444444445;kVAr;2600;kW;0;None;2496,067361111111;kW;5,5;Bar;2620,5634125;kW;-173,2138888888889;cm;5,348259966924999;m3/s;5,348369203691666;m3/s;69,26807614507045;moh;0,9379204711908333;Mill.m3;-173,19281305555555;cm;131,7682521736111;mm;84,75869969161111;%;2,599999905;None;0;m3/s;73,275036239;%
2026-02-04 11:00:00.000;125,96981;kVAr;2600;kW;0;None;2500;kW;5,5;Bar;2622,4760325;kW;-167,4361111111111;cm;5,355594563527776;m3/s;5,355688195802776;m3/s;69,32562919621438;moh;0,9492883816402781;Mill.m3;-167,43755833333333;cm;127,40211804222223;mm;84,72202733322223;%;2,599999905;None;0;m3/s;74,16315564141667;%
2026-02-04 12:00:00.000;124,21014638888889;kVAr;2600;kW;0;None;2500;kW;5,5;Bar;2633,960364722222;kW;-161,86388888888888;cm;5,38636857535;m3/s;5,386470009208334;m3/s;69,38160089639983;moh;0,9603926660341667;Mill.m3;-161,83947138888888;cm;123,13724562527777;mm;84,56815679341666;%;2,599999905;None;0;m3/s;75,03067711744444;%
2026-02-04 13:00:00.000;126,8728975;kVAr;2600;kW;0;None;2500;kW;5,5;Bar;2639,190913888889;kW;-156,11111111111111;cm;5,399492777686111;m3/s;5,399399144086111;m3/s;69,43924169101501;moh;0,9717769526849999;Mill.m3;-156,07784;cm;118,76482645972222;mm;84,50273126002777;%;2,599999905;None;0;m3/s;75,92007425036111;%
2026-02-04 14:00:00.000;142,36240527777778;kVAr;2600;kW;0;None;2500;kW;5,5;Bar;2632,836887777778;kW;-150,46666666666667;cm;5,382131693127778;m3/s;5,382061469580556;m3/s;69,49543842882775;moh;0,9831338501591668;Mill.m3;-150,45626583333333;cm;114,40291871888888;mm;84,58934175744444;%;2,599999905;None;0;m3/s;76,80733297183333;%
2026-02-04 15:00:00.000;126,63365888888889;kVAr;2600;kW;0;None;2500;kW;5,500611360530318;Bar;2647,971162222222;kW;-144,775;cm;5,425788056841668;m3/s;5,425881690441667;m3/s;69,55237125311592;moh;0,9942159763508335;Mill.m3;-144,76321444444446;cm;110,1465569125;mm;84,37105948205556;%;2,599999905;None;0;m3/s;77,67312340180555;%
2026-02-04 16:00:00.000;132,4170122222222;kVAr;2600;kW;0;None;2500;kW;5,508556130760556;Bar;2645,928874722222;kW;-139,13888888888889;cm;5,4225265079277785;m3/s;5,422456283061113;m3/s;69,60891462045;moh;1,005330819771389;Mill.m3;-139,10805277777777;cm;105,87762545666666;mm;84,38736714302777;%;2,599999905;None;0;m3/s;78,54146940519445;%
2026-02-04 17:00:00.000;125,71253805555556;kVAr;2600;kW;0;None;2500;kW;5,5291528889714;Bar;2653,606096388889;kW;-133,5;cm;5,4379213082361115;m3/s;5,437851083369445;m3/s;69,66519692775265;moh;1,0165505266638888;Mill.m3;-133,4799886111111;cm;101,56841009422222;mm;84,31039248638889;%;2,599999905;None;0;m3/s;79,41801160211111;%
2026-02-04 18:00:00.000;114,33786444444445;kVAr;2600;kW;0;None;2500;kW;5,551904367357468;Bar;2655,724308888889;kW;-127,70555555555555;cm;5,44850181203611;m3/s;5,4485564310833325;m3/s;69,72315924591356;moh;1,0281273302777778;Mill.m3;-127,68404416666667;cm;97,12205318944444;mm;84,25748967177778;%;2,599999905;None;0;m3/s;80,32244775491667;%
2026-02-04 19:00:00.000;98,0525211111111;kVAr;2600;kW;0;None;2500;kW;5,575010817628543;Bar;2659,3000555555554;kW;-122,03888888888889;cm;5,4530508796027775;m3/s;5,452894825372221;m3/s;69,77977783671444;moh;1,039192850961111;Mill.m3;-122,02146916666666;cm;92,87207134880556;mm;84,23474546988889;%;2,599999905;None;0;m3/s;81,18693993925;%
2026-02-04 20:00:00.000;96,86919555555555;kVAr;2600;kW;0;None;2500;kW;5,591878773826194;Bar;2666,7053313888887;kW;-116,27222222222223;cm;5,474266519886111;m3/s;5,474266519883333;m3/s;69,83758970354972;moh;1,0507752034638893;Mill.m3;-116,240685;cm;88,42358423938889;mm;84,12866687705555;%;2,599999905;None;0;m3/s;82,09181088333334;%
2026-02-04 21:00:00.000;103,99284;kVAr;2600;kW;0;None;2500;kW;5,596616824880596;Bar;2664,7122169444447;kW;-113,86944444444444;cm;5,472112945744444;m3/s;5,472268999975;m3/s;69,86118709079993;moh;1,0555876970666667;Mill.m3;-113,88107527777778;cm;86,57521807516666;mm;84,13943528086111;%;2,599999905;None;0;m3/s;82,4677881895;%
2026-02-04 22:00:00.000;111,40935527777778;kVAr;2600;kW;0;None;2500;kW;5,5939284107679255;Bar;2653,5341530555556;kW;-116,55;cm;5,441955343852778;m3/s;5,441846104433333;m3/s;69,83438202898161;moh;1,0503131721111112;Mill.m3;-116,56181305555556;cm;88,60104137094444;mm;84,29022344005556;%;2,599999905;None;0;m3/s;82,05571449966666;%
2026-02-04 23:00:00.000;95,66968861111111;kVAr;2600;kW;0;None;2500;kW;5,58050953462698;Bar;2661,4859455555556;kW;-119,25277777777778;cm;5,463233400641666;m3/s;5,463139767041666;m3/s;69,80720339907681;moh;1,0450336233111113;Mill.m3;-119,2806275;cm;90,6287821006111;mm;84,18383267605556;%;2,599999905;None;0;m3/s;81,64324949186111;%
2026-02-05 00:00:00.000;119,20780194444444;kVAr;2600;kW;0;None;2500;kW;5,588836276716568;Bar;2640,436633611111;kW;-121,93888888888888;cm;5,405914497352777;m3/s;5,405945708991666;m3/s;69,78052318590326;moh;1,0396272107944444;Mill.m3;-121,94689361111111;cm;92,70524418833334;mm;84,47042744963889;%;2,599999905;None;0;m3/s;81,22087533816666;%
2026-02-05 01:00:00.000;101,82719972222222;kVAr;2600;kW;0;None;2500;kW;5,56581113192381;Bar;2655,386774166667;kW;-124,77777777777777;cm;5,445318354494443;m3/s;5,44534956613611;m3/s;69,75213027045035;moh;1,0340120392777779;Mill.m3;-124,78710833333334;cm;94,86189085875;mm;84,27340825361111;%;2,599999905;None;0;m3/s;80,78218954019444;%
2026-02-05 02:00:00.000;99,80324055555556;kVAr;2600;kW;0;None;2500;kW;5,5470799830517485;Bar;2659,0096675;kW;-127,62222222222222;cm;5,457318955005556;m3/s;5,457318955005556;m3/s;69,72371177096477;moh;1,0282815278666666;Mill.m3;-127,6291086111111;cm;97,06283420994444;mm;84,21340478211111;%;2,599999905;None;0;m3/s;80,33449308383334;%
2026-02-05 03:00:00.000;110,45749972222222;kVAr;2600;kW;0;None;2500;kW;5,540292461722127;Bar;2652,7067372222223;kW;-130,4111111111111;cm;5,438467490602778;m3/s;5,438498700919444;m3/s;69,69570986230428;moh;1,0228310707777777;Mill.m3;-130,42902777777778;cm;99,156214521;mm;84,30766177688889;%;2,599999905;None;0;m3/s;79,90867725088889;%
2026-02-05 04:00:00.000;106,74269305555555;kVAr;2600;kW;0;None;2500;kW;5,518463676903935;Bar;2658,3428955555555;kW;-133,18333333333334;cm;5,455750583222223;m3/s;5,455727175813888;m3/s;69,66791724055545;moh;1,0173644474055554;Mill.m3;-133,1986713888889;cm;101,25580309516667;mm;84,22124661419444;%;2,599999905;None;0;m3/s;79,48159978561111;%
2026-02-05 05:00:00.000;119,71895611111111;kVAr;2600;kW;0;None;2500;kW;5,507771937061096;Bar;2656,82098;kW;-136,06944444444446;cm;5,45343315865;m3/s;5,45343315865;m3/s;69,63908890537428;moh;1,0115730122611113;Mill.m3;-136,09142166666666;cm;103,48014328166667;mm;84,2328330145;%;2,599999905;None;0;m3/s;79,02914350452778;%
2026-02-05 06:00:00.000;129,98310388888888;kVAr;2600;kW;0;None;2500;kW;5,505712633461882;Bar;2651,7439130555554;kW;-139,00833333333333;cm;5,438256821425001;m3/s;5,438467494702779;m3/s;69,60985372329816;moh;1,005836963447222;Mill.m3;-139,01547722222222;cm;105,68322952888889;mm;84,30871558830556;%;2,599999905;None;0;m3/s;78,58101134836112;%
2026-02-05 07:00:00.000;129,2640338888889;kVAr;2600;kW;0;None;2500;kW;5,511564377902719;Bar;2651,43636;kW;-138,4;cm;5,435338642902777;m3/s;5,435354248722222;m3/s;69,61623004981114;moh;1,0069972348233338;Mill.m3;-138,38618944444445;cm;105,2375944486111;mm;84,32330674111111;%;2,599999905;None;0;m3/s;78,67165887702778;%
2026-02-05 08:00:00.000;142,04588611111112;kVAr;2600;kW;0;None;2500;kW;5,543895541632531;Bar;2647,702425;kW;-132,725;cm;5,427372021133333;m3/s;5,427293994680555;m3/s;69,67260187704878;moh;1,0180739077833334;Mill.m3;-132,74926222222223;cm;100,98331793313889;mm;84,36314017013889;%;2,599999905;None;0;m3/s;79,53702536702778;%
2026-02-05 09:00:00.000;144,33438944444444;kVAr;2600;kW;0;None;2500;kW;5,565484965566999;Bar;2658,445036388889;kW;-127,025;cm;5,4581148306916685;m3/s;5,4582162658777795;m3/s;69,73002315564646;moh;1,0293978202222225;Mill.m3;-126,99741333333333;cm;96,63409337047223;mm;84,20942537497223;%;2,599999905;None;0;m3/s;80,42170403747222;%
2026-02-05 10:00:00.000;165,37707944444443;kVAr;2600;kW;0;None;2500;kW;5,583667503849128;Bar;2666,8132219444446;kW;-121,23055555555555;cm;5,476958448361111;m3/s;5,476802394130556;m3/s;69,78793239884499;moh;1,0408867073638888;Mill.m3;-121,20678388888889;cm;92,22150730319444;mm;84,11520703563889;%;2,599999905;None;0;m3/s;81,31927180858334;%
2026-02-05 11:00:00.000;184,2149777777778;kVAr;2600;kW;0;None;2500;kW;5,583093254394667;Bar;2664,4433069444444;kW;-118,28888888888889;cm;5,472815191908333;m3/s;5,472862008044444;m3/s;69,81705113431362;moh;1,0467493152638887;Mill.m3;-118,29428472222222;cm;89,96982974941666;mm;84,1359235535;%;2,599999905;None;0;m3/s;81,7772876528611;%
2026-02-05 12:00:00.000;172,9128663888889;kVAr;2600;kW;0;None;2500;kW;5,5831764487600735;Bar;2664,2047855555556;kW;-119,61944444444444;cm;5,471395071252778;m3/s;5,471371662522222;m3/s;69,80379551738146;moh;1,0441648273444446;Mill.m3;-119,62055972222223;cm;90,96246284591666;mm;84,14302484619445;%;2,599999905;None;0;m3/s;81,57537432988889;%
2026-02-05 13:00:00.000;171,75957694444443;kVAr;2600;kW;0;None;2500;kW;5,581667227971613;Bar;2655,0008841666668;kW;-120,88888888888889;cm;5,446083022511112;m3/s;5,4462234722472225;m3/s;69,79104054392153;moh;1,0416404591944444;Mill.m3;-120,89631138888889;cm;91,93201321086111;mm;84,26923378780556;%;2,599999905;None;0;m3/s;81,37816194355555;%
2026-02-05 14:00:00.000;144,33976166666667;kVAr;2600;kW;0;None;2500;kW;5,562679218232462;Bar;2657,1069683333335;kW;-122,14166666666667;cm;5,455774010383333;m3/s;5,455711588424999;m3/s;69,77844370006186;moh;1,039060534411111;Mill.m3;-122,1546063888889;cm;92,92289511025;mm;84,22112850666667;%;2,599999905;None;0;m3/s;81,17660164036111;%
2026-02-05 15:00:00.000;135,33224305555555;kVAr;2600;kW;0;None;2500;kW;5,54756053815078;Bar;2661,2628319444443;kW;-123,45555555555555;cm;5,461587054205555;m3/s;5,461657279075;m3/s;69,76534574402483;moh;1,0366462445666664;Mill.m3;-123,46548194444445;cm;93,85014966283333;mm;84,19206443352778;%;2,599999905;None;0;m3/s;80,98798637283333;%
2026-02-05 16:00:00.000;125,42183888888889;kVAr;2600;kW;0;None;2500;kW;5,533614245844214;Bar;2666,0596769444446;kW;-124,73055555555555;cm;5,476786748552779;m3/s;5,47683356468889;m3/s;69,75262489494067;moh;1,0341112290444443;Mill.m3;-124,7378375;cm;94,82380290827778;mm;84,11606610533333;%;2,599999905;None;0;m3/s;80,78993767766667;%
2026-02-05 17:00:00.000;125,4971075;kVAr;2600;kW;0;None;2500;kW;5,548216898638344;Bar;2662,000918888889;kW;-123,11111111111111;cm;5,464996856980555;m3/s;5,4650124628;m3/s;69,76898051275131;moh;1,0371524138000001;Mill.m3;-123,10213944444445;cm;93,65575480927778;mm;84,1750148566389;%;2,599999905;None;0;m3/s;81,02753092508334;%
2026-02-05 18:00:00.000;111,16384027777778;kVAr;2600;kW;0;None;2500;kW;5,568467629400136;Bar;2665,9836519444443;kW;-117,2611111111111;cm;5,476014297477778;m3/s;5,476092325255556;m3/s;69,82756962412253;moh;1,0488337822250002;Mill.m3;-117,24295666666667;cm;89,16923728530556;mm;84,11992782947222;%;2,599999905;None;0;m3/s;81,94013680383334;%
2026-02-05 19:00:00.000;105,28223388888888;kVAr;2600;kW;0;None;2500;kW;5,584886669357588;Bar;2671,57191;kW;-111,41944444444445;cm;5,478877944372224;m3/s;5,478776507866668;m3/s;69,88611966182417;moh;1,060273472502778;Mill.m3;-111,38812583333333;cm;84,77552736113888;mm;84,10560932066667;%;2,599999905;None;0;m3/s;82,83386505902777;%
2026-02-05 20:00:00.000;106,63835888888889;kVAr;2600;kW;0;None;2500;kW;5,593757077597358;Bar;2672,4765533333334;kW;-108,98055555555555;cm;5,482779310666667;m3/s;5,482693479977778;m3/s;69,91007194899096;moh;1,0652673705861113;Mill.m3;-108,99312;cm;82,85749100847222;mm;84,08610269863888;%;2,599999905;None;0;m3/s;83,22401464313889;%
2026-02-05 21:00:00.000;109,3364836111111;kVAr;2600;kW;0;None;2500;kW;5,593243105863409;Bar;2663,8161833333334;kW;-111,72222222222223;cm;5,468913834666667;m3/s;5,469007466941666;m3/s;69,88266860129293;moh;1,0598607581388888;Mill.m3;-111,73314277777777;cm;84,93404561997222;mm;84,15543055947222;%;2,599999905;None;0;m3/s;82,80161965508333;%
2026-02-05 22:00:00.000;111,060875;kVAr;2600;kW;0;None;2500;kW;5,587690222249767;Bar;2664,771998888889;kW;-114,40833333333333;cm;5,468383227463889;m3/s;5,468352017147222;m3/s;69,85577144513307;moh;1,0545480847055555;Mill.m3;-114,422915;cm;86,97451040694445;mm;84,15808378736111;%;2,599999905;None;0;m3/s;82,3865684743889;%
2026-02-05 23:00:00.000;107,63273333333333;kVAr;2600;kW;0;None;2500;kW;5,56203769106414;Bar;2668,758843611111;kW;-117,15833333333333;cm;5,478464404816667;m3/s;5,478511222277778;m3/s;69,82830895442346;moh;1,049097814936111;Mill.m3;-117,16912527777778;cm;89,06782822086112;mm;84,107677078;%;2,599999905;None;0;m3/s;81,96076494647222;%
2026-02-06 00:00:00.000;134,0136775;kVAr;2600;kW;0;None;2500;kW;5,559530749001289;Bar;2657,616109166667;kW;-120,01944444444445;cm;5,453550200997221;m3/s;5,453534595174998;m3/s;69,79974845459093;moh;1,0433947723333334;Mill.m3;-120,02538472222223;cm;91,25822488691666;mm;84,23224862511111;%;2,599999905;None;0;m3/s;81,51521475347222;%
2026-02-06 01:00:00.000;126,80085555555556;kVAr;2600;kW;0;None;2500;kW;5,5471674274131235;Bar;2656,973000833333;kW;-122,7611111111111;cm;5,454611394066665;m3/s;5,4545177604666675;m3/s;69,77231135418202;moh;1,0380046400944443;Mill.m3;-122,76897694444445;cm;93,32843112741666;mm;84,22694195608334;%;2,599999905;None;0;m3/s;81,09411059319444;%
2026-02-06 02:00:00.000;127,339135;kVAr;2600;kW;0;None;2500;kW;5,538506018974804;Bar;2650,350502777778;kW;-125,45555555555555;cm;5,431999031758331;m3/s;5,432131678583332;m3/s;69,74535784749803;moh;1,0326426736555556;Mill.m3;-125,46439722222222;cm;95,38782762136111;mm;84,34000424316666;%;2,599999905;None;0;m3/s;80,67520838963888;%
2026-02-06 03:00:00.000;130,48120333333333;kVAr;2600;kW;0;None;2500;kW;5,521045896673045;Bar;2658,2134452777777;kW;-128,13055555555556;cm;5,454041786933334;m3/s;5,454104208888889;m3/s;69,71862788462379;moh;1,0273465805972222;Mill.m3;-128,1372861111111;cm;97,42192529008334;mm;84,22979106891667;%;2,599999905;None;0;m3/s;80,26145004419445;%
2026-02-06 04:00:00.000;143,99431916666666;kVAr;2600;kW;0;None;2500;kW;5,51043237897812;Bar;2654,5634788888888;kW;-130,94166666666666;cm;5,444132312016667;m3/s;5,443999665191668;m3/s;69,69038880034677;moh;1,0218136187666669;Mill.m3;-130,96154833333333;cm;99,54699161911111;mm;84,27933781972222;%;2,599999905;None;0;m3/s;79,82918964197222;%
2026-02-06 05:00:00.000;144,17320722222223;kVAr;2600;kW;0;None;2500;kW;5,506068633123681;Bar;2650,7057777777777;kW;-133,7888888888889;cm;5,432365750052778;m3/s;5,432318932588889;m3/s;69,66202841734967;moh;1,0161326039861112;Mill.m3;-133,7973086111111;cm;101,72892501055556;mm;84,33817090038889;%;2,599999905;None;0;m3/s;79,38536071563888;%
2026-02-06 06:00:00.000;113,2045088888889;kVAr;2600;kW;0;None;2500;kW;5,501189971091749;Bar;2660,942343333333;kW;-136,54444444444445;cm;5,461196892752777;m3/s;5,461150076613888;m3/s;69,63448998219472;moh;1,0106930012361113;Mill.m3;-136,55054027777777;cm;103,81813816472223;mm;84,19401524847223;%;2,599999905;None;0;m3/s;78,96039208547222;%
2026-02-06 07:00:00.000;134,87091027777777;kVAr;2600;kW;0;None;2500;kW;5,5033439968232;Bar;2650,800928611111;kW;-135,70833333333334;cm;5,435034342458333;m3/s;5,435042145366666;m3/s;69,64310111208476;moh;1,012266240161111;Mill.m3;-135,68954944444445;cm;103,21390304472222;mm;84,32482838083334;%;2,599999905;None;0;m3/s;79,08330006155556;%
2026-02-06 08:00:00.000;144,1796613888889;kVAr;2600;kW;0;None;2500;kW;5,521400285225264;Bar;2648,4957458333333;kW;-129,70833333333334;cm;5,427910454961112;m3/s;5,42789484913889;m3/s;69,70311517008555;moh;1,0240796077777778;Mill.m3;-129,68869583333333;cm;98,67668361333334;mm;84,3604482016111;%;2,599999905;None;0;m3/s;80,00621933380556;%
2026-02-06 09:00:00.000;134,17011555555555;kVAr;2600;kW;0;None;2500;kW;5,541793321407417;Bar;2655,0744569444446;kW;-123,71388888888889;cm;5,450241810644443;m3/s;5,450249613555555;m3/s;69,76313108144176;moh;1,0359314391583332;Mill.m3;-123,68653777777777;cm;94,124698194;mm;84,24878989330556;%;2,599999905;None;0;m3/s;80,9321425125;%
2026-02-06 10:00:00.000;114,76541083333333;kVAr;2600;kW;0;None;2500;kW;5,567049686302737;Bar;2660,196928611111;kW;-117,75277777777778;cm;5,460525933972221;m3/s;5,460486920744443;m3/s;69,8227307752085;moh;1,04780536635;Mill.m3;-117,72706111111111;cm;89,56422653155556;mm;84,19737052861112;%;2,599999905;None;0;m3/s;81,85979186186111;%
2026-02-06 11:00:00.000;102,564865;kVAr;2600;kW;0;None;2500;kW;5,57628051086678;Bar;2664,642853888889;kW;-114,59444444444445;cm;5,474250937891667;m3/s;5,474204121755556;m3/s;69,85410864118991;moh;1,0541520236388888;Mill.m3;-114,58907166666667;cm;87,12662868725;mm;84,12874473966667;%;2,599999905;None;0;m3/s;82,35562583408333;%
2026-02-06 12:00:00.000;92,49977166666666;kVAr;2600;kW;0;None;2500;kW;5,56833510174826;Bar;2669,5760636111113;kW;-115,88055555555556;cm;5,481694731369444;m3/s;5,4817181401;m3/s;69,84110161589047;moh;1,05157230975;Mill.m3;-115,88953277777777;cm;88,11744376566666;mm;84,09152565069445;%;2,599999905;None;0;m3/s;82,15408486111112;%
2026-02-06 13:00:00.000;92,91128611111111;kVAr;2600;kW;0;None;2500;kW;5,561842524582882;Bar;2666,3983325;kW;-117,20833333333333;cm;5,478066433802776;m3/s;5,478105447027777;m3/s;69,82795309455204;moh;1,0489275785277778;Mill.m3;-117,20448666666667;cm;89,13320740494444;mm;84,10931652866667;%;2,599999905;None;0;m3/s;81,94746445333334;%
2026-02-06 14:00:00.000;101,04176805555555;kVAr;2600;kW;0;None;2500;kW;5,560454803678989;Bar;2657,063289166667;kW;-118,40277777777777;cm;5,453464370219444;m3/s;5,453487778949999;m3/s;69,81594176757508;moh;1,0465842898305555;Mill.m3;-118,40559388888889;cm;90,03321297908333;mm;84,23267760761111;%;2,599999905;None;0;m3/s;81,76439448486111;%
2026-02-06 15:00:00.000;96,22770083333333;kVAr;2600;kW;0;None;2500;kW;5,559563887858696;Bar;2655,521764722222;kW;-119,57222222222222;cm;5,447081768519444;m3/s;5,4471051759249995;m3/s;69,8042483739157;moh;1,0442472367027777;Mill.m3;-119,57519222222223;cm;90,930813172;mm;84,26459026355556;%;2,599999905;None;0;m3/s;81,58181214011111;%
2026-02-06 16:00:00.000;87,5483075;kVAr;2600;kW;0;None;2500;kW;5,553720198965762;Bar;2658,307818333333;kW;-120,80833333333334;cm;5,454431959027778;m3/s;5,454517789713888;m3/s;69,79188819393441;moh;1,0417944829166668;Mill.m3;-120,81118055555555;cm;91,87285562733334;mm;84,22784023233334;%;2,599999905;None;0;m3/s;81,39019483366667;%
2026-02-06 17:00:00.000;77,90279;kVAr;2600;kW;0;None;2500;kW;5,564734382946723;Bar;2667,1576813888887;kW;-119,06388888888888;cm;5,478698454977777;m3/s;5,478963748633333;m3/s;69,8094939596826;moh;1,045204137513889;Mill.m3;-119,050595;cm;90,56329243766666;mm;84,10650719405555;%;2,599999905;None;0;m3/s;81,65657164361112;%
2026-02-06 18:00:00.000;83,41604027777778;kVAr;2600;kW;0;None;2500;kW;5,592197384634624;Bar;2662,1269294444446;kW;-113,11111111111111;cm;5,4652543584111095;m3/s;5,4653167790416655;m3/s;69,86914882602053;moh;1,0569733898805556;Mill.m3;-113,08463777777777;cm;86,04301261927777;mm;84,17372864611112;%;2,599999905;None;0;m3/s;82,57604497244445;%
2026-02-06 19:00:00.000;81,38915138888889;kVAr;2600;kW;0;None;2500;kW;5,598984544853482;Bar;2664,4527825;kW;-106,9888888888889;cm;5,473213160075001;m3/s;5,473111723561112;m3/s;69,93027729653095;moh;1,06915002665;Mill.m3;-106,97217222222223;cm;81,3662603385;mm;84,13393363861111;%;2,599999905;None;0;m3/s;83,5273468865;%
2026-02-06 20:00:00.000;76,96343222222222;kVAr;2600;kW;0;None;2500;kW;5,599999905;Bar;2668,4173286111113;kW;-104,31388888888888;cm;5,480922276466666;m3/s;5,480813037047222;m3/s;69,95679882835223;moh;1,0744954309083332;Mill.m3;-104,32052972222222;cm;79,31322843933333;mm;84,09538769194444;%;2,599999905;None;0;m3/s;83,94495718327778;%
2026-02-06 21:00:00.000;75,58407194444445;kVAr;2600;kW;0;None;2500;kW;5,599390433356776;Bar;2668,419078611111;kW;-107;cm;5,479985970922222;m3/s;5,479837718275;m3/s;69,92989263881881;moh;1,0691609925694445;Mill.m3;-107,0106713888889;cm;81,36204867716667;mm;84,10006910958333;%;2,599999905;None;0;m3/s;83,52820233216667;%
2026-02-06 22:00:00.000;85,14657027777778;kVAr;2600;kW;0;None;2500;kW;5,598300212170265;Bar;2661,022806388889;kW;-109,675;cm;5,463943503941666;m3/s;5,463865476161109;m3/s;69,90319929552213;moh;1,063876041961111;Mill.m3;-109,68001833333334;cm;83,39186448280556;mm;84,18028208430556;%;2,599999905;None;0;m3/s;83,11531840336112;%
2026-02-06 23:00:00.000;75,68230416666667;kVAr;2600;kW;0;None;2500;kW;5,594190966074052;Bar;2664,667525;kW;-112,35277777777777;cm;5,471340477494443;m3/s;5,471371687811108;m3/s;69,8763571893897;moh;1,0585409325333337;Mill.m3;-112,3643511111111;cm;85,44095602941667;mm;84,14329715205555;%;2,599999905;None;0;m3/s;82,69850815597222;%
2026-02-07 00:00:00.000;84,85726916666667;kVAr;2600;kW;0;None;2500;kW;5,590292053111358;Bar;2658,2398055555554;kW;-115,09722222222223;cm;5,454556804305555;m3/s;5,454509988166666;m3/s;69,8490596924028;moh;1,0532114029;Mill.m3;-115,09432555555556;cm;87,4879027075;mm;84,22721589355555;%;2,599999905;None;0;m3/s;82,28213971583334;%
2026-02-07 01:00:00.000;80,41314805555555;kVAr;2600;kW;0;None;2500;kW;5,579130369270521;Bar;2658,786591111111;kW;-117,8638888888889;cm;5,459964076711112;m3/s;5,459940667980556;m3/s;69,82122640233419;moh;1,0476129240749998;Mill.m3;-117,87770722222223;cm;89,63813732919445;mm;84,20017929077778;%;2,599999905;None;0;m3/s;81,84475650702778;%
2026-02-07 02:00:00.000;78,68108138888888;kVAr;2600;kW;0;None;2500;kW;5,573374763627242;Bar;2656,6898113888888;kW;-120,58888888888889;cm;5,451482537058333;m3/s;5,4514357209222215;m3/s;69,79402405281289;moh;1,0422894160666667;Mill.m3;-120,59814833333333;cm;91,6827632865;mm;84,24258738686112;%;2,599999905;None;0;m3/s;81,428859586;%
2026-02-07 03:00:00.000;79,1041375;kVAr;2600;kW;0;None;2500;kW;5,563535522974528;Bar;2653,13463;kW;-123,22777777777777;cm;5,442961903458332;m3/s;5,443055534405555;m3/s;69,76758370055974;moh;1,0371247367972223;Mill.m3;-123,24158;cm;93,66637857125;mm;84,28519064633333;%;2,599999905;None;0;m3/s;81,02536807447223;%
2026-02-07 04:00:00.000;82,090395;kVAr;2600;kW;0;None;2500;kW;5,5552637252771895;Bar;2650,495409166667;kW;-126,06666666666666;cm;5,432787111080556;m3/s;5,432779309494444;m3/s;69,7392608704611;moh;1,0314052674249998;Mill.m3;-126,07417916666667;cm;95,86308201858333;mm;84,33606448711112;%;2,599999905;None;0;m3/s;80,57853662730555;%
2026-02-07 05:00:00.000;84,36138916666667;kVAr;2600;kW;0;None;2500;kW;5,537603603165432;Bar;2648,6837180555553;kW;-128,77777777777777;cm;5,425585202347222;m3/s;5,425522780388889;m3/s;69,71211960828468;moh;1,0261033656555558;Mill.m3;-128,78800805555557;cm;97,89940982411112;mm;84,37207383102778;%;2,599999905;None;0;m3/s;80,16432397472222;%
2026-02-07 06:00:00.000;98,52701333333333;kVAr;2600;kW;0;None;2500;kW;5,540645128053758;Bar;2636,6200941666666;kW;-131,48333333333332;cm;5,399102703708333;m3/s;5,399141716938888;m3/s;69,68501008016227;moh;1,0207302385250003;Mill.m3;-131,49925972222223;cm;99,96309035941667;mm;84,50448621166667;%;2,599999905;None;0;m3/s;79,744551258;%
2026-02-07 07:00:00.000;87,65298444444444;kVAr;2600;kW;0;None;2500;kW;5,529536333051568;Bar;2642,0449561111113;kW;-133,54444444444445;cm;5,408013374383334;m3/s;5,408013374383334;m3/s;69,66455537640171;moh;1,0165946208333334;Mill.m3;-133,54479;cm;101,5514825511111;mm;84,45993298486111;%;2,599999905;None;0;m3/s;79,42145478688889;%
2026-02-07 08:00:00.000;72,92089444444444;kVAr;2600;kW;0;None;2500;kW;5,514683180495409;Bar;2652,572687777778;kW;-134,76388888888889;cm;5,4379525514888885;m3/s;5,437897931116665;m3/s;69,65233284819601;moh;1,014185868925;Mill.m3;-134,767045;cm;102,47661144777778;mm;84,31023762952778;%;2,599999905;None;0;m3/s;79,23327223352777;%
2026-02-07 09:00:00.000;87,62108555555555;kVAr;2600;kW;0;None;2500;kW;5,524170643704534;Bar;2639,1539152777777;kW;-135,12222222222223;cm;5,4032927711111105;m3/s;5,403316179844444;m3/s;69,64879811129316;moh;1,0134377232916667;Mill.m3;-135,12021277777777;cm;102,76394723888889;mm;84,48353608427777;%;2,599999905;None;0;m3/s;79,17482471430556;%
2026-02-07 10:00:00.000;77,35093;kVAr;2600;kW;0;None;2500;kW;5,520117119777607;Bar;2647,874194722222;kW;-134,30277777777778;cm;5,428846727533334;m3/s;5,428893543672222;m3/s;69,65702853198826;moh;1,0151045619777779;Mill.m3;-134,29730972222222;cm;102,12377909;mm;84,35576627616666;%;2,599999905;None;0;m3/s;79,30504326102778;%
2026-02-07 11:00:00.000;74,36968361111111;kVAr;2600;kW;0;None;2500;kW;5,518246204888309;Bar;2653,8737494444445;kW;-133,68055555555554;cm;5,442095842544443;m3/s;5,442181671908332;m3/s;69,66326094854408;moh;1,0162428421666665;Mill.m3;-133,67287444444443;cm;101,68659675555556;mm;84,28952072930555;%;2,599999905;None;0;m3/s;79,39397133444444;%
2026-02-07 12:00:00.000;71,25778166666667;kVAr;2600;kW;0;None;2500;kW;5,518310427049523;Bar;2653,33179;kW;-132,9138888888889;cm;5,444007451022223;m3/s;5,443968437794445;m3/s;69,67080555534046;moh;1,0178645026750002;Mill.m3;-132,91902666666667;cm;101,06373796277778;mm;84,2799629426111;%;2,599999905;None;0;m3/s;79,52066711572222;%
2026-02-07 13:00:00.000;72,96852583333333;kVAr;2600;kW;0;None;2500;kW;5,525239670466733;Bar;2651,1796930555556;kW;-132,2138888888889;cm;5,44002807928889;m3/s;5,4400670938388895;m3/s;69,67781140158907;moh;1,0192232112833333;Mill.m3;-132,2193002777778;cm;100,5418903015;mm;84,29985936516667;%;2,599999905;None;0;m3/s;79,62681921044444;%
2026-02-07 14:00:00.000;68,20565472222222;kVAr;2600;kW;0;None;2500;kW;5,524794698667238;Bar;2653,916845;kW;-131,55555555555554;cm;5,442907314797221;m3/s;5,442961932519444;m3/s;69,68451005370416;moh;1,020515931911111;Mill.m3;-131,54909805555556;cm;100,04540080127778;mm;84,28546273936111;%;2,599999905;None;0;m3/s;79,72780961283334;%
2026-02-07 15:00:00.000;65,51120083333333;kVAr;2600;kW;0;None;2500;kW;5,5289736113639325;Bar;2654,0118372222223;kW;-130,98333333333332;cm;5,443586118875001;m3/s;5,443656343741667;m3/s;69,6901926754279;moh;1,0216655946166666;Mill.m3;-130,9812411111111;cm;99,60386085116667;mm;84,28206924858333;%;2,599999905;None;0;m3/s;79,817620979;%
2026-02-07 16:00:00.000;59,796013888888886;kVAr;2600;kW;0;None;2500;kW;5,537274797922239;Bar;2653,38356;kW;-130,34444444444443;cm;5,443016503861112;m3/s;5,443102333222222;m3/s;69,69657228740351;moh;1,022984846083333;Mill.m3;-130,34400055555557;cm;99,0971535995;mm;84,28491675136111;%;2,599999905;None;0;m3/s;79,92068977483333;%
2026-02-07 17:00:00.000;60,62696611111111;kVAr;2600;kW;0;None;2500;kW;5,537859297366967;Bar;2656,71759;kW;-129,71666666666667;cm;5,451334241963888;m3/s;5,451334240638888;m3/s;69,70290838318397;moh;1,0241615666944444;Mill.m3;-129,7097572222222;cm;98,645193143;mm;84,24332879322222;%;2,599999905;None;0;m3/s;80,01262385086112;%
2026-02-07 18:00:00.000;61,984745833333335;kVAr;2600;kW;0;None;2500;kW;5,54115373868169;Bar;2653,9924369444443;kW;-129,01666666666668;cm;5,443281767049999;m3/s;5,443297372869444;m3/s;69,70985473082605;moh;1,0255587378166664;Mill.m3;-129,01387194444445;cm;98,1085712435;mm;84,28359061305555;%;2,599999905;None;0;m3/s;80,12177975883333;%
2026-02-07 19:00:00.000;62,763464444444445;kVAr;2600;kW;0;None;2500;kW;5,548402509573128;Bar;2652,7534122222223;kW;-128,26944444444445;cm;5,440145136219445;m3/s;5,440145136219445;m3/s;69,71740275571428;moh;1,0270770490000003;Mill.m3;-128,26020916666667;cm;97,52545166;mm;84,29927480458333;%;2,599999905;None;0;m3/s;80,240390775;%
2026-02-07 20:00:00.000;64,85148055555555;kVAr;2600;kW;0;None;2500;kW;5,5554862806213166;Bar;2650,4631144444443;kW;-127,78055555555555;cm;5,4337078253055555;m3/s;5,4337156282166665;m3/s;69,72232891524244;moh;1,0279902193888888;Mill.m3;-127,76728333333334;cm;97,17473373366667;mm;84,33146042308333;%;2,599999905;None;0;m3/s;80,31173036011111;%
2026-02-07 21:00:00.000;64,36229361111111;kVAr;2600;kW;0;None;2500;kW;5,556030335660019;Bar;2652,3425080555558;kW;-126,98611111111111;cm;5,439044952336111;m3/s;5,439115177202778;m3/s;69,73008831938395;moh;1,0295578575138886;Mill.m3;-126,99168555555555;cm;96,57263291591667;mm;84,30477561997222;%;2,599999905;None;0;m3/s;80,43420611069445;%
2026-02-07 22:00:00.000;63,228808055555554;kVAr;2600;kW;0;None;2500;kW;5,5645849108664995;Bar;2654,626222222222;kW;-126,35555555555555;cm;5,446207800163888;m3/s;5,446153179794443;m3/s;69,7364982394918;moh;1,0307782166083335;Mill.m3;-126,35050805555555;cm;96,10390881608333;mm;84,26896033802778;%;2,599999905;None;0;m3/s;80,52954917513888;%
2026-02-07 23:00:00.000;45,442976944444446;kVAr;2600;kW;0;None;2500;kW;5,556428196393163;Bar;2662,2033652777777;kW;-125,7611111111111;cm;5,461189071238889;m3/s;5,4611656638333335;m3/s;69,74247646252967;moh;1,031982311577778;Mill.m3;-125,75264861111111;cm;95,64144249316666;mm;84,19424921677778;%;2,599999905;None;0;m3/s;80,62361988827777;%
2026-02-08 00:00:00.000;65,02014166666666;kVAr;2600;kW;0;None;2500;kW;5,575975622267533;Bar;2650,7748830555556;kW;-125,09722222222223;cm;5,434909465633334;m3/s;5,434917268541668;m3/s;69,74911312413806;moh;1,033346597666667;Mill.m3;-125,0884575;cm;95,117475894;mm;84,3252574283889;%;2,599999905;None;0;m3/s;80,73020197766667;%
2026-02-08 01:00:00.000;55,0772475;kVAr;2600;kW;0;None;2500;kW;5,564468549865933;Bar;2662,2476877777776;kW;-124,48055555555555;cm;5,464723743333332;m3/s;5,4647783623777775;m3/s;69,75539839945475;moh;1,0344797876222225;Mill.m3;-124,45990861111112;cm;94,68224860555556;mm;84,17661505758333;%;2,599999905;None;0;m3/s;80,81873084266667;%
2026-02-08 02:00:00.000;89,46121777777778;kVAr;2600;kW;0;None;2500;kW;5,589971497860329;Bar;2636,9930716666668;kW;-123,92777777777778;cm;5,399641048886111;m3/s;5,399547413966666;m3/s;69,76077739393125;moh;1,0356568392500005;Mill.m3;-123,9218913888889;cm;94,23016802666666;mm;84,50179487858334;%;2,599999905;None;0;m3/s;80,91068712833334;%
2026-02-08 03:00:00.000;67,66003666666667;kVAr;2600;kW;0;None;2500;kW;5,579300646886538;Bar;2655,329831111111;kW;-123,13055555555556;cm;5,446621429833334;m3/s;5,446574612372223;m3/s;69,76875855465501;moh;1,0372673259583334;Mill.m3;-123,1317275;cm;93,61159830944445;mm;84,26689220033333;%;2,599999905;None;0;m3/s;81,03650980905556;%
2026-02-08 04:00:00.000;63,58098138888889;kVAr;2600;kW;0;None;2500;kW;5,573455930216801;Bar;2663,0529191666665;kW;-122,58611111111111;cm;5,4687343955027785;m3/s;5,468640763225001;m3/s;69,7741719944458;moh;1,038290373488889;Mill.m3;-122,58238305555555;cm;93,21868266758334;mm;84,15632684433334;%;2,599999905;None;0;m3/s;81,11643411613889;%
2026-02-08 05:00:00.000;70,10293472222222;kVAr;2600;kW;0;None;2500;kW;5,585391752211093;Bar;2657,6016413888888;kW;-121,97222222222223;cm;5,452801156005557;m3/s;5,452754338541668;m3/s;69,78033167344617;moh;1,0395171321666665;Mill.m3;-121,9669488888889;cm;92,74753519333333;mm;84,23599346925;%;2,599999905;None;0;m3/s;81,21227238666667;%
2026-02-08 06:00:00.000;75,4356761111111;kVAr;2600;kW;0;None;2500;kW;5,590693580507683;Bar;2652,1263752777777;kW;-121,20833333333333;cm;5,441065849108332;m3/s;5,441182890113888;m3/s;69,78795936087283;moh;1,040963854986111;Mill.m3;-121,20431444444445;cm;92,1918821083889;mm;84,29467040130555;%;2,599999905;None;0;m3/s;81,32530125794445;%
2026-02-08 07:00:00.000;77,61083583333334;kVAr;2600;kW;0;None;2500;kW;5,594105327266521;Bar;2652,3369183333334;kW;-120,58333333333333;cm;5,439122933766666;m3/s;5,439200962866666;m3/s;69,79424518494703;moh;1,042190543916667;Mill.m3;-120,57543138888889;cm;91,7207363085;mm;84,30438476147222;%;2,599999905;None;0;m3/s;81,421136733;%
2026-02-08 08:00:00.000;81,95195472222223;kVAr;2600;kW;0;None;2500;kW;5,594728548896682;Bar;2657,4644358333335;kW;-119,96388888888889;cm;5,451989617505556;m3/s;5,451942801366667;m3/s;69,80035423962786;moh;1,043483167488889;Mill.m3;-119,96490472222222;cm;91,22426594158334;mm;84,2400514385;%;2,599999905;None;0;m3/s;81,52212119894445;%
2026-02-08 09:00:00.000;88,54524555555555;kVAr;2600;kW;0;None;2500;kW;5,5942120216096045;Bar;2660,93261;kW;-119,36666666666666;cm;5,465901949711112;m3/s;5,465933160027778;m3/s;69,80627034070072;moh;1,0445660751666668;Mill.m3;-119,37321916666667;cm;90,8083578725;mm;84,17049072991666;%;2,599999905;None;0;m3/s;81,60672060833333;%
2026-02-08 10:00:00.000;86,7556513888889;kVAr;2600;kW;0;None;2500;kW;5,595354576079732;Bar;2665,6009930555556;kW;-118,75555555555556;cm;5,474711248705556;m3/s;5,474625419338889;m3/s;69,81236557088312;moh;1,0459132143111107;Mill.m3;-118,76289638888889;cm;90,29095952741666;mm;84,12644362961112;%;2,599999905;None;0;m3/s;81,71196528622222;%
2026-02-08 11:00:00.000;81,85287972222223;kVAr;2600;kW;0;None;2500;kW;5,598158656749188;Bar;2660,8647316666666;kW;-118,20555555555555;cm;5,461493457613889;m3/s;5,461594892797223;m3/s;69,81809190872913;moh;1,0469363440694444;Mill.m3;-118,19053083333333;cm;89,89799556658333;mm;84,19253239219445;%;2,599999905;None;0;m3/s;81,79189976580555;%
2026-02-08 12:00:00.000;73,40186416666667;kVAr;2600;kW;0;None;2500;kW;5,598311573270583;Bar;2659,733275;kW;-117,61944444444444;cm;5,459488178641667;m3/s;5,459519387630556;m3/s;69,82376389258924;moh;1,048102523311111;Mill.m3;-117,62300083333334;cm;89,45009112777778;mm;84,20255938666666;%;2,599999905;None;0;m3/s;81,88300776883334;%
2026-02-08 13:00:00.000;77,14270861111112;kVAr;2600;kW;0;None;2500;kW;5,597891462558578;Bar;2662,094669166667;kW;-116,88888888888889;cm;5,463888911536111;m3/s;5,4639045160305555;m3/s;69,83132938491393;moh;1,0495984791083335;Mill.m3;-116,87545416666667;cm;88,87553310358334;mm;84,18055633980556;%;2,599999905;None;0;m3/s;81,99987843558333;%
2026-02-08 14:00:00.000;78,38136083333333;kVAr;2600;kW;0;None;2500;kW;5,596893269062418;Bar;2657,9687008333335;kW;-116,26388888888889;cm;5,459051136105556;m3/s;5,459058939019445;m3/s;69,83737851842115;moh;1,0508905305333331;Mill.m3;-116,26265777777778;cm;88,37929518133333;mm;84,20474363905555;%;2,599999905;None;0;m3/s;82,10082058155555;%
2026-02-08 15:00:00.000;75,70615583333333;kVAr;2600;kW;0;None;2500;kW;5,59858632300957;Bar;2656,951723611111;kW;-115,65833333333333;cm;5,448899751191665;m3/s;5,448876342461109;m3/s;69,84338326821515;moh;1,0520177432222224;Mill.m3;-115,66165833333334;cm;87,94636415158334;mm;84,25550060197222;%;2,599999905;None;0;m3/s;82,18888452230556;%
2026-02-08 16:00:00.000;65,01897777777778;kVAr;2600;kW;0;None;2500;kW;5,59699271341239;Bar;2669,6718425;kW;-115,1361111111111;cm;5,473665740875;m3/s;5,473548699869444;m3/s;69,84874986534605;moh;1,0530133484166664;Mill.m3;-115,12467333333333;cm;87,5639720945;mm;84,13167006005555;%;2,599999905;None;0;m3/s;82,2666650165;%
2026-02-08 17:00:00.000;74,93976083333334;kVAr;2600;kW;0;None;2500;kW;5,599999905;Bar;2663,4773555555557;kW;-114,64166666666667;cm;5,470778634733333;m3/s;5,470778634733333;m3/s;69,85361585228752;moh;1,053970495666667;Mill.m3;-114,63771638888889;cm;87,1963501;mm;84,14610604086111;%;2,599999905;None;0;m3/s;82,34144338333333;%
2026-02-08 18:00:00.000;67,28487361111111;kVAr;2600;kW;0;None;2500;kW;5,599376961147352;Bar;2664,2105933333332;kW;-114,07777777777778;cm;5,468344219502776;m3/s;5,468328615008331;m3/s;69,85920269761662;moh;1,0550981693472221;Mill.m3;-114,07958611111111;cm;86,76323223291666;mm;84,15827876186111;%;2,599999905;None;0;m3/s;82,42954582902777;%
2026-02-08 19:00:00.000;78,81082194444444;kVAr;2600;kW;0;None;2500;kW;5,594297021528855;Bar;2656,6844658333334;kW;-113,46666666666667;cm;5,454112027641668;m3/s;5,4540730130916675;m3/s;69,86531981751129;moh;1,0562698498055556;Mill.m3;-113,46858305555556;cm;86,31321597777777;mm;84,22943918497222;%;2,599999905;None;0;m3/s;82,52108264633333;%
2026-02-08 20:00:00.000;76,33655805555556;kVAr;2600;kW;0;None;2500;kW;5,599999905;Bar;2658,7051519444444;kW;-112,85277777777777;cm;5,457997789608334;m3/s;5,458036804161113;m3/s;69,8714904812975;moh;1,057595319461111;Mill.m3;-112,8514375;cm;85,80413727277778;mm;84,21001065580556;%;2,599999905;None;0;m3/s;82,62463287772223;%
2026-02-08 21:00:00.000;71,27033805555556;kVAr;2600;kW;0;None;2500;kW;5,599797071859358;Bar;2657,3446972222223;kW;-112,06111111111112;cm;5,449133903436111;m3/s;5,448985650788889;m3/s;69,87935568663833;moh;1,0591179530666666;Mill.m3;-112,06380194444445;cm;85,21934610666666;mm;84,25433050780556;%;2,599999905;None;0;m3/s;82,74358469533334;%
2026-02-08 22:00:00.000;61,83721055555556;kVAr;2600;kW;0;None;2500;kW;5,599999905;Bar;2665,892815;kW;-111,63055555555556;cm;5,472097398291668;m3/s;5,472089595380556;m3/s;69,8837501223873;moh;1,059948485597222;Mill.m3;-111,62522138888889;cm;84,90035647941667;mm;84,13962982997222;%;2,599999905;None;0;m3/s;82,80847152952778;%
2026-02-08 23:00:00.000;57,70564916666667;kVAr;2600;kW;0;None;2500;kW;5,5991845446634825;Bar;2670,7313975;kW;-111,01388888888889;cm;5,475756777561109;m3/s;5,47576458047222;m3/s;69,8898811952673;moh;1,0611971779166667;Mill.m3;-111,01179083333334;cm;84,4207576705;mm;84,121216477;%;2,599999905;None;0;m3/s;82,90602887183333;%
2026-02-09 00:00:00.000;68,54243416666667;kVAr;2600;kW;0;None;2500;kW;5,599999905;Bar;2661,954148888889;kW;-112,03055555555555;cm;5,466276537083333;m3/s;5,4662687355;m3/s;69,87965023653206;moh;1,0591898456805555;Mill.m3;-112,03499916666667;cm;85,19172547425;mm;84,16861769463888;%;2,599999905;None;0;m3/s;82,74920423169445;%
2026-02-09 01:00:00.000;70,15790083333333;kVAr;2600;kW;0;None;2500;kW;5,599157183578364;Bar;2659,285479166667;kW;-114,91666666666667;cm;5,45965196029722;m3/s;5,4596441573861085;m3/s;69,85074983363235;moh;1,0535579323888888;Mill.m3;-114,92472611111111;cm;87,35480787744444;mm;84,20173992558334;%;2,599999905;None;0;m3/s;82,30921277088889;%
2026-02-09 02:00:00.000;63,18879527777778;kVAr;2600;kW;0;None;2500;kW;5,594619187889462;Bar;2658,5764844444443;kW;-117,68333333333334;cm;5,460112316005555;m3/s;5,460143527644445;m3/s;69,8230578050578;moh;1,0480089134916666;Mill.m3;-117,69427722222223;cm;89,48604751102778;mm;84,1994385176389;%;2,599999905;None;0;m3/s;81,87569344719445;%
2026-02-09 03:00:00.000;67,6793038888889;kVAr;2600;kW;0;None;2500;kW;5,586401473474079;Bar;2657,017374722222;kW;-120,52777777777777;cm;5,452450072669442;m3/s;5,452543706269442;m3/s;69,79470656952037;moh;1,04237190095;Mill.m3;-120,52967416666667;cm;91,65108303111111;mm;84,23774888819445;%;2,599999905;None;0;m3/s;81,4353035845;%
2026-02-09 04:00:00.000;58,622928055555555;kVAr;2600;kW;0;None;2500;kW;5,569992877951148;Bar;2660,4072897222222;kW;-123,4;cm;5,461797706233334;m3/s;5,461750891422223;m3/s;69,76586081068562;moh;1,0367013488249999;Mill.m3;-123,41373166666666;cm;93,82899371216666;mm;84,19101104630556;%;2,599999905;None;0;m3/s;80,9922906865;%
2026-02-09 05:00:00.000;61,782938333333334;kVAr;2600;kW;0;None;2500;kW;5,554643364755418;Bar;2659,610691111111;kW;-126,28055555555555;cm;5,458645440519443;m3/s;5,458692257983332;m3/s;69,73715060882633;moh;1,0309543473333334;Mill.m3;-126,2852175;cm;96,03627118141667;mm;84,20677199855555;%;2,599999905;None;0;m3/s;80,54330785502778;%
2026-02-09 06:00:00.000;66,52655166666666;kVAr;2600;kW;0;None;2500;kW;5,544370985625303;Bar;2656,082158333333;kW;-129,0861111111111;cm;5,445076445672222;m3/s;5,445092050169443;m3/s;69,70907336154472;moh;1,0254762966;Mill.m3;-129,09260416666666;cm;98,14024662461111;mm;84,27461711072222;%;2,599999905;None;0;m3/s;80,1153354211389;%
2026-02-09 07:00:00.000;70,33068472222222;kVAr;2600;kW;0;None;2500;kW;5,549778841598947;Bar;2654,7194619444444;kW;-128,41666666666666;cm;5,442813624411111;m3/s;5,442868243455556;m3/s;69,71604065671897;moh;1,026724899775;Mill.m3;-128,3956636111111;cm;97,66069293566666;mm;84,28593165136111;%;2,599999905;None;0;m3/s;80,21288197752777;%
2026-02-09 08:00:00.000;69,60941527777777;kVAr;2600;kW;0;None;2500;kW;5,575987955589151;Bar;2652,2265711111113;kW;-122,79722222222222;cm;5,439645728788889;m3/s;5,4396535317;m3/s;69,77222737610714;moh;1,0378399006916668;Mill.m3;-122,77713805555555;cm;93,39170665622223;mm;84,30177101605555;%;2,599999905;None;0;m3/s;81,08124107863888;%
2026-02-09 09:00:00.000;56,39510472222222;kVAr;2600;kW;0;None;2500;kW;5,587306139281311;Bar;2663,3757805555556;kW;-117,20833333333333;cm;5,464427242019444;m3/s;5,464364820063889;m3/s;69,82808005412107;moh;1,048866767413889;Mill.m3;-117,19166416666667;cm;89,15656897247223;mm;84,17786331058333;%;2,599999905;None;0;m3/s;81,94271356788889;%
2026-02-09 10:00:00.000;55,841009722222225;kVAr;2600;kW;0;None;2500;kW;5,5973478797416485;Bar;2665,470393888889;kW;-111,57222222222222;cm;5,475374468122222;m3/s;5,475491510452778;m3/s;69,88448637108078;moh;1,059987496036111;Mill.m3;-111,55093722222222;cm;84,88536379133333;mm;84,12312711041666;%;2,599999905;None;0;m3/s;82,811523246;%
2026-02-09 11:00:00.000;55,733621666666664;kVAr;2600;kW;0;None;2500;kW;5,5991235169436795;Bar;2667,723416111111;kW;-108,74166666666666;cm;5,478901347883334;m3/s;5,479002783069445;m3/s;69,9125586565364;moh;1,0657184917333336;Mill.m3;-108,74422555555556;cm;82,68422292333334;mm;84,10549274119444;%;2,599999905;None;0;m3/s;83,25925801866667;%
2026-02-09 12:00:00.000;49,197024166666665;kVAr;2600;kW;0;None;2500;kW;5,598536600834584;Bar;2664,8344780555553;kW;-110,17222222222222;cm;5,471777399472221;m3/s;5,471722780424998;m3/s;69,89827067869408;moh;1,0628859372305555;Mill.m3;-110,1736088888889;cm;83,77214323958333;mm;84,14111228338889;%;2,599999905;None;0;m3/s;83,03796725419444;%
2026-02-09 13:00:00.000;47,939235277777776;kVAr;2600;kW;0;None;2500;kW;5,594518132429911;Bar;2663,5218930555557;kW;-111,48333333333333;cm;5,471114174516667;m3/s;5,471207806788889;m3/s;69,88511134140363;moh;1,0603115415138884;Mill.m3;-111,48840138888889;cm;84,76091365391666;mm;84,14442888716667;%;2,599999905;None;0;m3/s;82,83683621936112;%
2026-02-09 14:00:00.000;55,10467222222222;kVAr;2600;kW;0;None;2500;kW;5,59132971879224;Bar;2659,9895294444445;kW;-112,79722222222222;cm;5,459425699738887;m3/s;5,459371080691665;m3/s;69,87208306432284;moh;1,0577327174166666;Mill.m3;-112,79185555555556;cm;85,75136782333334;mm;84,20287161930555;%;2,599999905;None;0;m3/s;82,635366694;%
2026-02-09 15:00:00.000;52,58457694444444;kVAr;2600;kW;0;None;2500;kW;5,590738830464695;Bar;2659,8955230555557;kW;-114,28611111111111;cm;5,460385497438889;m3/s;5,460377694530556;m3/s;69,85712982911768;moh;1,0547736193611112;Mill.m3;-114,28700083333334;cm;86,88788568902778;mm;84,19885313263889;%;2,599999905;None;0;m3/s;82,40418949419444;%
2026-02-09 16:00:00.000;50,49086416666667;kVAr;2600;kW;0;None;2500;kW;5,588663887991448;Bar;2658,77561;kW;-115,55277777777778;cm;5,457490599044443;m3/s;5,457576429730555;m3/s;69,84441698417447;moh;1,0522267276444444;Mill.m3;-115,55797694444445;cm;87,86609821641666;mm;84,21254764080555;%;2,599999905;None;0;m3/s;82,20521108836111;%
2026-02-09 17:00:00.000;50,96049583333333;kVAr;2600;kW;0;None;2500;kW;5,590540191764514;Bar;2658,64633;kW;-113,90833333333333;cm;5,456390433816667;m3/s;5,456437249955555;m3/s;69,86111430060213;moh;1,055389408411111;Mill.m3;-113,88845305555556;cm;86,6513824685;mm;84,21804750205555;%;2,599999905;None;0;m3/s;82,45229619344444;%
2026-02-09 18:00:00.000;57,57659694444445;kVAr;2600;kW;0;None;2500;kW;5,599588738723941;Bar;2653,0836594444445;kW;-108,30555555555556;cm;5,442735670705555;m3/s;5,442673248747222;m3/s;69,91716453855729;moh;1,0665157370583334;Mill.m3;-108,2833425;cm;82,37802486436111;mm;84,28632219063888;%;2,599999905;None;0;m3/s;83,32154309930556;%
2026-02-09 19:00:00.000;48,6856675;kVAr;2600;kW;0;None;2500;kW;5,599999905;Bar;2666,7354569444446;kW;-102,62222222222222;cm;5,478987118902778;m3/s;5,479041737947222;m3/s;69,97394573547847;moh;1,077740461238889;Mill.m3;-102,6051188888889;cm;78,06688781377778;mm;84,10506430730555;%;2,599999905;None;0;m3/s;84,19847518130555;%
2026-02-09 20:00:00.000;46,338456111111114;kVAr;2600;kW;0;None;2500;kW;5,599999905;Bar;2672,6922325;kW;-100,33333333333333;cm;5,489715919227778;m3/s;5,4895988782277785;m3/s;69,99665036814149;moh;1,082387718813889;Mill.m3;-100,33550055555556;cm;76,28198909827778;mm;84,0514594621389;%;2,599999905;None;0;m3/s;84,56154210636112;%
2026-02-09 21:00:00.000;49,67231944444445;kVAr;2600;kW;0;None;2500;kW;5,599999905;Bar;2671,5993422222223;kW;-103,09444444444445;cm;5,484737736769443;m3/s;5,484605089938888;m3/s;69,968966404458;moh;1,0769212364722223;Mill.m3;-103,10341777777778;cm;78,38152792294444;mm;84,07631138725;%;2,599999905;None;0;m3/s;84,13447420588889;%
2026-02-09 22:00:00.000;53,13818055555556;kVAr;2600;kW;0;None;2500;kW;5,599794071862208;Bar;2665,2879913888887;kW;-105,95555555555555;cm;5,474321146844442;m3/s;5,4743055410249974;m3/s;69,94029915904476;moh;1,0712398119694444;Mill.m3;-105,97020972222222;cm;80,56362722119445;mm;84,12839323586111;%;2,599999905;None;0;m3/s;83,69061164680555;%
2026-02-09 23:00:00.000;50,131703055555555;kVAr;2600;kW;0;None;2500;kW;5,596236047464557;Bar;2666,061803611111;kW;-108,79722222222222;cm;5,476123554200001;m3/s;5,476022119016667;m3/s;69,91191813898249;moh;1,06563578425;Mill.m3;-108,80830555555555;cm;82,71599339588889;mm;84,11938135236112;%;2,599999905;None;0;m3/s;83,25279664;%
2026-02-10 00:00:00.000;53,78785277777778;kVAr;2600;kW;0;None;2500;kW;5,592099412505476;Bar;2659,521764722222;kW;-111,53888888888889;cm;5,459441249808335;m3/s;5,459433446900001;m3/s;69,88451524273383;moh;1,060229239325;Mill.m3;-111,54832916666666;cm;84,79252102975;mm;84,20279322625;%;2,599999905;None;0;m3/s;82,83040767036111;%
2026-02-10 01:00:00.000;43,797241666666665;kVAr;2600;kW;0;None;2500;kW;5,581982755449642;Bar;2660,5943338888887;kW;-114,39444444444445;cm;5,4640995528888885;m3/s;5,464364846541666;m3/s;69,85594924727931;moh;1,0545480847388888;Mill.m3;-114,40482305555555;cm;86,97451078844445;mm;84,17950157658333;%;2,599999905;None;0;m3/s;82,3865683468889;%
2026-02-10 02:00:00.000;48,40721166666667;kVAr;2600;kW;0;None;2500;kW;5,569922739128886;Bar;2655,3487205555557;kW;-117,20833333333333;cm;5,449243070016665;m3/s;5,449157239327777;m3/s;69,82781578468011;moh;1,0489713192999999;Mill.m3;-117,218305;cm;89,11641214161111;mm;84,25378352297223;%;2,599999905;None;0;m3/s;81,95088231633333;%
2026-02-10 03:00:00.000;44,59325638888889;kVAr;2600;kW;0;None;2500;kW;5,546774094453455;Bar;2658,1458894444445;kW;-120,00277777777778;cm;5,453955984175001;m3/s;5,453924773858333;m3/s;69,79991873045272;moh;1,0434167796972222;Mill.m3;-120,00834444444445;cm;91,24977219591666;mm;84,2302202645;%;2,599999905;None;0;m3/s;81,5169340375;%
2026-02-10 04:00:00.000;44,618095555555556;kVAr;2600;kW;0;None;2500;kW;5,53349869039844;Bar;2655,344253611111;kW;-122,9;cm;5,448689118966665;m3/s;5,448704723461109;m3/s;69,7708585665006;moh;1,0376857098666668;Mill.m3;-122,91436444444444;cm;93,45092485058333;mm;84,2565547945;%;2,599999905;None;0;m3/s;81,06919388069444;%
2026-02-10 05:00:00.000;54,511160833333335;kVAr;2600;kW;0;None;2500;kW;5,528104001078951;Bar;2649,832340277778;kW;-125,725;cm;5,4289091945333325;m3/s;5,428924800352777;m3/s;69,74260033895558;moh;1,0321037165888889;Mill.m3;-125,74014972222223;cm;95,59482691236111;mm;84,35545431905555;%;2,599999905;None;0;m3/s;80,63310260852778;%
2026-02-10 06:00:00.000;61,166129444444444;kVAr;2600;kW;0;None;2500;kW;5,511534072375953;Bar;2654,331416111111;kW;-128,51944444444445;cm;5,450132595058332;m3/s;5,450171608286109;m3/s;69,71468815141142;moh;1,026598449838889;Mill.m3;-128,53117583333332;cm;97,70926102527778;mm;84,24933656102777;%;2,599999905;None;0;m3/s;80,20300258855555;%
2026-02-10 07:00:00.000;57,43849083333333;kVAr;2600;kW;0;None;2500;kW;5,520180675272786;Bar;2650,7867822222224;kW;-127,68888888888888;cm;5,433863913944442;m3/s;5,433863913944442;m3/s;69,72332253948024;moh;1,0281052719083335;Mill.m3;-127,66749916666667;cm;97,13052542038889;mm;84,33072003261111;%;2,599999905;None;0;m3/s;80,32072406294445;%
2026-02-10 08:00:00.000;46,9093375;kVAr;2600;kW;0;None;2500;kW;5,537714019727204;Bar;2653,300259722222;kW;-121,96666666666667;cm;5,439856354386111;m3/s;5,43984074856389;m3/s;69,78055646748219;moh;1,0394183416194445;Mill.m3;-121,9440513888889;cm;92,78546756963888;mm;84,30071716297222;%;2,599999905;None;0;m3/s;81,20455635986112;%
2026-02-10 09:00:00.000;44,57391166666667;kVAr;2600;kW;0;None;2500;kW;5,556422807509394;Bar;2659,7685980555557;kW;-116,35833333333333;cm;5,463436296216663;m3/s;5,463311453627775;m3/s;69,83659197364217;moh;1,0505771451916668;Mill.m3;-116,34093222222222;cm;88,49965472855556;mm;84,18281836961111;%;2,599999905;None;0;m3/s;82,07633751777777;%
2026-02-10 10:00:00.000;33,03793861111111;kVAr;2600;kW;0;None;2500;kW;5,577937842625645;Bar;2665,614165833333;kW;-110,75;cm;5,475358902119444;m3/s;5,475304284397222;m3/s;69,89269228185455;moh;1,0616648965583333;Mill.m3;-110,73044194444445;cm;84,24111588819444;mm;84,12320465425;%;2,599999905;None;0;m3/s;82,94256983780555;%
2026-02-10 11:00:00.000;37,051229166666666;kVAr;2600;kW;0;None;2500;kW;5,586995556243029;Bar;2667,1537869444446;kW;-108,09722222222223;cm;5,478753076661111;m3/s;5,478729669255556;m3/s;69,91900331489;moh;1,0670103044055554;Mill.m3;-108,09976027777778;cm;82,18808112622222;mm;84,10623406269444;%;2,599999905;None;0;m3/s;83,36017788961111;%
2026-02-10 12:00:00.000;40,25913472222222;kVAr;2600;kW;0;None;2500;kW;5,579591563276833;Bar;2661,7130619444442;kW;-109,35277777777777;cm;5,465769325247221;m3/s;5,465847353027777;m3/s;69,90643885919246;moh;1,0645031860972225;Mill.m3;-109,35640111111111;cm;83,15099049041666;mm;84,171152305;%;2,599999905;None;0;m3/s;83,1643144823611;%
2026-02-10 13:00:00.000;37,16282666666667;kVAr;2600;kW;0;None;2500;kW;5,56752201918735;Bar;2663,1066794444446;kW;-110,575;cm;5,467969642666667;m3/s;5,4680398675361115;m3/s;69,89421957348159;moh;1,062093815577778;Mill.m3;-110,57799666666666;cm;84,07637947880555;mm;84,16015137430556;%;2,599999905;None;0;m3/s;82,97608106036111;%
2026-02-10 14:00:00.000;34,136251111111115;kVAr;2600;kW;0;None;2500;kW;5,55771416739371;Bar;2668,0055075;kW;-111,99444444444444;cm;5,479697260561111;m3/s;5,479783091249999;m3/s;69,8799969700746;moh;1,0592885985805556;Mill.m3;-112,00018472222222;cm;85,15380191491667;mm;84,10151250575;%;2,599999905;None;0;m3/s;82,75691767669444;%
2026-02-10 15:00:00.000;43,81302888888889;kVAr;2600;kW;0;None;2500;kW;5,558913805142942;Bar;2661,7256522222224;kW;-113,40555555555555;cm;5,466565158602777;m3/s;5,466494935058333;m3/s;69,8658722079198;moh;1,0564513777638889;Mill.m3;-113,41311416666667;cm;86,24349526444445;mm;84,16717372391666;%;2,599999905;None;0;m3/s;82,53526429183333;%
2026-02-10 16:00:00.000;55,31895138888889;kVAr;2600;kW;0;None;2500;kW;5,5518247563219925;Bar;2660,310733888889;kW;-114,67222222222222;cm;5,462437503777777;m3/s;5,4623360685944435;m3/s;69,85322814989252;moh;1,0539759965138888;Mill.m3;-114,67706194444445;cm;87,19423732991666;mm;84,18781214744445;%;2,599999905;None;0;m3/s;82,3418731513611;%
2026-02-10 17:00:00.000;53,967695;kVAr;2600;kW;0;None;2500;kW;5,554142893008642;Bar;2663,1828088888888;kW;-113,04722222222222;cm;5,4686875250555556;m3/s;5,468593891458333;m3/s;69,86973760141794;moh;1,0571494407388888;Mill.m3;-113,0259925;cm;85,97539433380555;mm;84,15656155377778;%;2,599999905;None;0;m3/s;82,58979852530555;%
2026-02-10 18:00:00.000;50,55052555555555;kVAr;2600;kW;0;None;2500;kW;5,579569563297733;Bar;2666,205628611111;kW;-107,525;cm;5,477528093872222;m3/s;5,477512488052778;m3/s;69,92493230958192;moh;1,0680390661861112;Mill.m3;-107,50661444444444;cm;81,79295351330556;mm;84,11235811311111;%;2,599999905;None;0;m3/s;83,4405533466389;%
2026-02-10 19:00:00.000;45,404968333333336;kVAr;2600;kW;0;None;2500;kW;5,593925188548762;Bar;2670,3602683333334;kW;-101,88888888888889;cm;5,4850265515861105;m3/s;5,4850265515861105;m3/s;69,98132467486045;moh;1,0791924899805554;Mill.m3;-101,86757;cm;77,50919719341667;mm;84,07486621136111;%;2,599999905;None;0;m3/s;84,31191544041667;%
2026-02-10 20:00:00.000;40,67749833333333;kVAr;2600;kW;0;None;2500;kW;5,5921589402267;Bar;2676,6950080555557;kW;-99,66944444444445;cm;5,492298566025001;m3/s;5,492298566025001;m3/s;70,00323513383718;moh;1,0837078505972222;Mill.m3;-99,67653138888889;cm;75,77495609111111;mm;84,03850805822222;%;2,599999905;None;0;m3/s;84,66468032952778;%
2026-02-10 21:00:00.000;45,64392361111111;kVAr;2600;kW;0;None;2500;kW;5,5896116093133354;Bar;2671,104496111111;kW;-102,37222222222222;cm;5,484238406008333;m3/s;5,484238406008333;m3/s;69,9761427737166;moh;1,0783401884638888;Mill.m3;-102,3859725;cm;77,83654318891666;mm;84,07880751402777;%;2,599999905;None;0;m3/s;84,24532962530556;%
2026-02-10 22:00:00.000;43,76490583333333;kVAr;2600;kW;0;None;2500;kW;5,587881777623345;Bar;2665,9969311111113;kW;-105,21388888888889;cm;5,474110382133334;m3/s;5,474243028958335;m3/s;69,94778101424049;moh;1,0727631650499998;Mill.m3;-105,22231527777778;cm;79,97854656677778;mm;84,12944791580556;%;2,599999905;None;0;m3/s;83,80962303933333;%
2026-02-10 23:00:00.000;47,226553055555556;kVAr;2600;kW;0;None;2500;kW;5,578675897480047;Bar;2664,3982355555554;kW;-108,025;cm;5,46868754221111;m3/s;5,468671937716667;m3/s;69,91970999269353;moh;1,0671371379166668;Mill.m3;-108,02923916666667;cm;82,13936017383334;mm;84,15656191422222;%;2,599999905;None;0;m3/s;83,37008934183334;%
2026-02-11 00:00:00.000;36,84468583333334;kVAr;2600;kW;0;None;2500;kW;5,5611335252564285;Bar;2670,230871111111;kW;-110,85;cm;5,472901035569444;m3/s;5,472901035569443;m3/s;69,89142494479363;moh;1,0615712351444444;Mill.m3;-110,85758444444444;cm;84,2770922335;mm;84,13549410394444;%;2,599999905;None;0;m3/s;82,93525282255555;%
2026-02-11 01:00:00.000;41,71275083333333;kVAr;2600;kW;0;None;2500;kW;5,546823122184658;Bar;2667,4035944444445;kW;-113,70277777777778;cm;5,478690678544444;m3/s;5,478604849183333;m3/s;69,86284443579518;moh;1,0558956689694443;Mill.m3;-113,71565944444444;cm;86,45693382816667;mm;84,10654591461112;%;2,599999905;None;0;m3/s;82,49184835394445;%
2026-02-11 02:00:00.000;55,53884333333333;kVAr;2600;kW;0;None;2500;kW;5,551090534797281;Bar;2655,5941955555554;kW;-116,53611111111111;cm;5,451170374227778;m3/s;5,451201584544445;m3/s;69,83454297336046;moh;1,0502911647472222;Mill.m3;-116,54583583333333;cm;88,60949418911112;mm;84,24414774613889;%;2,599999905;None;0;m3/s;82,05399508833334;%
2026-02-11 03:00:00.000;32,626269722222226;kVAr;2600;kW;0;None;2500;kW;5,523324450063975;Bar;2670,7973483333335;kW;-119,40277777777777;cm;5,4820770516722215;m3/s;5,482022432625;m3/s;69,80585600372679;moh;1,0446156742166668;Mill.m3;-119,4144338888889;cm;90,78930589641666;mm;84,08961469825;%;2,599999905;None;0;m3/s;81,61059706130555;%
2026-02-11 04:00:00.000;48,39126611111111;kVAr;2600;kW;0;None;2500;kW;5,520248480763925;Bar;2655,0495725;kW;-122,24444444444444;cm;5,446254663933332;m3/s;5,44633269171111;m3/s;69,77742445964068;moh;1,0390001019722221;Mill.m3;-122,2573775;cm;92,94610021083334;mm;84,26872649755556;%;2,599999905;None;0;m3/s;81,17188199316666;%
2026-02-11 05:00:00.000;40,4329175;kVAr;2600;kW;0;None;2500;kW;5,508095158976259;Bar;2654,031478611111;kW;-125,08888888888889;cm;5,443227193013887;m3/s;5,443266207563887;m3/s;69,74902175082121;moh;1,0333630960472222;Mill.m3;-125,09797555555555;cm;95,11113133194445;mm;84,28386363952778;%;2,599999905;None;0;m3/s;80,7314911755;%
2026-02-11 06:00:00.000;43,3415675;kVAr;2600;kW;0;None;2500;kW;5,506440910547796;Bar;2648,8604955555556;kW;-127,97222222222223;cm;5,429174398075002;m3/s;5,429213411302779;m3/s;69,72022156158745;moh;1,027643630313889;Mill.m3;-127,97799083333334;cm;97,30783595991667;mm;84,35412688847222;%;2,599999905;None;0;m3/s;80,28465726336111;%
2026-02-11 07:00:00.000;38,82915333333333;kVAr;2600;kW;0;None;2500;kW;5,507789381488968;Bar;2650,888;kW;-127,07222222222222;cm;5,43546343236111;m3/s;5,4353619958527775;m3/s;69,72945368397347;moh;1,029331855438889;Mill.m3;-127,05446555555555;cm;96,65942715630555;mm;84,32268176616667;%;2,599999905;None;0;m3/s;80,41655101697222;%
2026-02-11 08:00:00.000;34,76070083333333;kVAr;2600;kW;0;None;2500;kW;5,518722537769127;Bar;2654,475625277778;kW;-121,44166666666666;cm;5,447144162674999;m3/s;5,447167570080555;m3/s;69,78582192817356;moh;1,0404852693944446;Mill.m3;-121,41747388888889;cm;92,3756881055;mm;84,26427928041667;%;2,599999905;None;0;m3/s;81,28790969919444;%
2026-02-11 09:00:00.000;33,958661666666664;kVAr;2600;kW;0;None;2500;kW;5,550491646477333;Bar;2661,6022419444444;kW;-115,74722222222222;cm;5,464973417897223;m3/s;5,464957810752778;m3/s;69,84272343044957;moh;1,0518257181111108;Mill.m3;-115,72744944444445;cm;88,02010574444445;mm;84,17513249555556;%;2,599999905;None;0;m3/s;82,17388292961111;%
2026-02-11 10:00:00.000;48,328872777777775;kVAr;2600;kW;0;None;2500;kW;5,58337892078995;Bar;2660,054868611111;kW;-110,09166666666667;cm;5,370856694327778;m3/s;5,386025232686112;m3/s;69,89929546029096;moh;1,0629132826694443;Mill.m3;-110,070315;cm;83,7616422655;mm;82,78738257022222;%;2,599999905;None;0;m3/s;83,04009990633334;%
2026-02-11 11:00:00.000;62,48074472222222;kVAr;2600;kW;0;None;2500;kW;5,584721058403806;Bar;2667,048083611111;kW;-107,35277777777777;cm;5,472464105875;m3/s;5,472518726247223;m3/s;69,92643122137845;moh;1,0684953701805555;Mill.m3;-107,35689666666667;cm;81,61769923991666;mm;84,13767937472223;%;2,599999905;None;0;m3/s;83,47620135469444;%
2026-02-11 12:00:00.000;39,3810275;kVAr;2600;kW;0;None;2500;kW;5,564232716756638;Bar;2664,992275;kW;-108,66111111111111;cm;5,4712702393277794;m3/s;5,471309253880557;m3/s;69,9133366763911;moh;1,0658229323055555;Mill.m3;-108,6664375;cm;82,6441108938889;mm;84,14364831588888;%;2,599999905;None;0;m3/s;83,26741716861112;%
2026-02-11 13:00:00.000;37,63379277777778;kVAr;2600;kW;0;None;2500;kW;5,548566370528567;Bar;2660,2315280555554;kW;-110,04166666666667;cm;5,462890092516666;m3/s;5,46290569701111;m3/s;69,89953295377677;moh;1,063160979522222;Mill.m3;-110,04684944444445;cm;83,66650526597222;mm;84,18551042233334;%;2,599999905;None;0;m3/s;83,05945512641667;%
2026-02-11 14:00:00.000;46,80074527777778;kVAr;2600;kW;0;None;2500;kW;5,530575748730788;Bar;2660,700459722222;kW;-111,4;cm;5,457272158625001;m3/s;5,4573423834916674;m3/s;69,8859739287356;moh;1,060438061;Mill.m3;-111,40258694444445;cm;84,712319942;mm;84,21363853872222;%;2,599999905;None;0;m3/s;82,846720884;%
2026-02-11 15:00:00.000;54,187194444444444;kVAr;2600;kW;0;None;2500;kW;5,519000676393785;Bar;2662,0902302777777;kW;-112,70277777777778;cm;5,466011199661111;m3/s;5,466034607066667;m3/s;69,87295539459625;moh;1,0578701630722223;Mill.m3;-112,70446694444445;cm;85,69857930055555;mm;84,16994399958334;%;2,599999905;None;0;m3/s;82,64610432494445;%
2026-02-11 16:00:00.000;54,04683722222222;kVAr;2600;kW;0;None;2500;kW;5,523166089103306;Bar;2661,2141325;kW;-114,15555555555555;cm;5,461033096563889;m3/s;5,461017490744445;m3/s;69,85841439840112;moh;1,0550046549444445;Mill.m3;-114,15880972222222;cm;86,79914972702778;mm;84,1948347515;%;2,599999905;None;0;m3/s;82,42223936986112;%
2026-02-11 17:00:00.000;46,50403277777778;kVAr;2600;kW;0;None;2500;kW;5,527486307221316;Bar;2661,724382222222;kW;-112,48055555555555;cm;5,465199730125001;m3/s;5,465199730125001;m3/s;69,875399775096;moh;1,058271446522222;Mill.m3;-112,45976083333333;cm;85,54445853780555;mm;84,17400162875;%;2,599999905;None;0;m3/s;82,67745607130556;%
2026-02-11 18:00:00.000;37,7252125;kVAr;2600;kW;0;None;2500;kW;5,550780785091545;Bar;2668,5802344444446;kW;-106,81111111111112;cm;5,482560877022223;m3/s;5,4824828505722225;m3/s;69,93213693896145;moh;1,0694249696361111;Mill.m3;-106,78624472222222;cm;81,2606621005;mm;84,08719437958334;%;2,599999905;None;0;m3/s;83,548826557;%
2026-02-11 19:00:00.000;41,81939916666666;kVAr;2600;kW;0;None;2500;kW;5,5767938992679476;Bar;2671,011443611111;kW;-101,22222222222223;cm;5,482631027777777;m3/s;5,482615423283333;m3/s;69,98803318091065;moh;1,0805454876222222;Mill.m3;-101,19648638888889;cm;76,98954277144445;mm;84,08688358802777;%;2,599999905;None;0;m3/s;84,41761911147222;%
2026-02-11 20:00:00.000;54,95615611111111;kVAr;2600;kW;0;None;2500;kW;5,594279743767493;Bar;2660,581399722222;kW;-98,83055555555555;cm;5,461376359672221;m3/s;5,461399767080556;m3/s;70,011593328668;moh;1,0853245511305554;Mill.m3;-98,84064416666666;cm;75,15402599111111;mm;84,19311760880555;%;2,599999905;None;0;m3/s;84,79098534002777;%
2026-02-11 21:00:00.000;43,23211166666667;kVAr;2600;kW;0;None;2500;kW;5,57264751431813;Bar;2674,0913955555557;kW;-101,54166666666667;cm;5,486836710333334;m3/s;5,486789894194445;m3/s;69,98445529142965;moh;1,080022994483333;Mill.m3;-101,55454;cm;77,19021977225;mm;84,06581626541667;%;2,599999905;None;0;m3/s;84,37679757013889;%
2026-02-11 22:00:00.000;54,57255861111111;kVAr;2600;kW;0;None;2500;kW;5,574435512619528;Bar;2668,487524166667;kW;-104,39444444444445;cm;5,481171940413889;m3/s;5,481109518455556;m3/s;69,95595977536033;moh;1,0743085014583333;Mill.m3;-104,40406194444445;cm;79,38502250386111;mm;84,09413950225;%;2,599999905;None;0;m3/s;83,93035335622223;%
2026-02-11 23:00:00.000;53,41217694444445;kVAr;2600;kW;0;None;2500;kW;5,56262974605724;Bar;2666,7237052777778;kW;-107,20277777777778;cm;5,478799888841668;m3/s;5,478838903394445;m3/s;69,92787947033541;moh;1,0687649554194445;Mill.m3;-107,2121136111111;cm;81,51415759033334;mm;84,10600015847223;%;2,599999905;None;0;m3/s;83,49726191644444;%
2026-02-12 00:00:00.000;87,42527527777777;kVAr;2600;kW;0;None;2500;kW;5,5823089495842;Bar;2635,2304755555556;kW;-109,89166666666667;cm;5,386243756513887;m3/s;5,386235953605554;m3/s;69,90098735133323;moh;1,0634525245083335;Mill.m3;-109,9015125;cm;83,55452781488889;mm;84,56878075055556;%;2,599999905;None;0;m3/s;83,08223107505556;%
2026-02-12 01:00:00.000;30,77399861111111;kVAr;2600;kW;0;None;2500;kW;5,526962696607637;Bar;2674,6513275;kW;-112,68888888888888;cm;5,480922351724999;m3/s;5,480914550138888;m3/s;69,87300790993577;moh;1,0579140029;Mill.m3;-112,69944972222223;cm;85,68174328191667;mm;84,09538673925;%;2,599999905;None;0;m3/s;82,64952973247222;%
2026-02-12 02:00:00.000;38,50387611111111;kVAr;2600;kW;0;None;2500;kW;5,525739586658481;Bar;2663,831364722222;kW;-115,56388888888888;cm;5,472994599069445;m3/s;5,472986796158333;m3/s;69,84421619370852;moh;1,0522379875;Mill.m3;-115,57853;cm;87,86176798291666;mm;84,13502690925;%;2,599999905;None;0;m3/s;82,20609103319444;%
2026-02-12 03:00:00.000;43,670518055555554;kVAr;2600;kW;0;None;2500;kW;5,52673033571727;Bar;2656,604101388889;kW;-118,35277777777777;cm;5,447752792361111;m3/s;5,447760596597222;m3/s;69,81632947229397;moh;1,0467549311833333;Mill.m3;-118,36697333333333;cm;89,96767181719444;mm;84,26123534338889;%;2,599999905;None;0;m3/s;81,77772570711112;%
2026-02-12 04:00:00.000;45,605896944444446;kVAr;2600;kW;0;None;2500;kW;5,51663334530942;Bar;2659,4544844444445;kW;-121,1138888888889;cm;5,4587234456583325;m3/s;5,458746853066667;m3/s;69,78875716501842;moh;1,0412829024722223;Mill.m3;-121,1245213888889;cm;92,06934059577777;mm;84,20638245402777;%;2,599999905;None;0;m3/s;81,35022561941666;%
2026-02-12 05:00:00.000;47,25546055555556;kVAr;2600;kW;0;None;2500;kW;5,508015464607522;Bar;2659,0852480555554;kW;-124,01666666666667;cm;5,453987177108332;m3/s;5,454057401974999;m3/s;69,7596874726846;moh;1,035469444802778;Mill.m3;-124,03139083333333;cm;94,30213659166667;mm;84,2300627385;%;2,599999905;None;0;m3/s;80,89604871544445;%
2026-02-12 06:00:00.000;50,73160444444444;kVAr;2600;kW;0;None;2500;kW;5,501219943285498;Bar;2662,407533888889;kW;-126,96944444444445;cm;5,46460669696111;m3/s;5,464606695641666;m3/s;69,73025137220372;moh;1,0296234288444446;Mill.m3;-126,9750538888889;cm;96,54744396291666;mm;84,17696634980555;%;2,599999905;None;0;m3/s;80,43932874336112;%
2026-02-12 07:00:00.000;45,99775888888889;kVAr;2600;kW;0;None;2500;kW;5,506178855241191;Bar;2657,8433694444443;kW;-126,13333333333334;cm;5,452668554252777;m3/s;5,452668554252777;m3/s;69,73886475889708;moh;1,031207362563889;Mill.m3;-126,1135;cm;95,93909975825;mm;84,23665722775;%;2,599999905;None;0;m3/s;80,56307262786112;%
2026-02-12 08:00:00.000;34,537234444444444;kVAr;2600;kW;0;None;2500;kW;5,518296982617854;Bar;2663,1382144444447;kW;-120,42777777777778;cm;5,467345488111112;m3/s;5,467244052925;m3/s;69,7958620339646;moh;1,0425035993416667;Mill.m3;-120,41368;cm;91,60049925638889;mm;84,16327215908333;%;2,599999905;None;0;m3/s;81,44559194841666;%
2026-02-12 09:00:00.000;37,52157;kVAr;2600;kW;0;None;2500;kW;5,552081950522101;Bar;2661,3916494444443;kW;-114,81666666666666;cm;5,463834215547222;m3/s;5,463857624275;m3/s;69,85206261208434;moh;1,0535801344805553;Mill.m3;-114,79334638888889;cm;87,34627787375;mm;84,18024372533333;%;2,599999905;None;0;m3/s;82,31094644336112;%
2026-02-12 10:00:00.000;38,35604;kVAr;2600;kW;0;None;2500;kW;5,580495645751285;Bar;2663,0029925;kW;-109,125;cm;5,468781145327777;m3/s;5,468781145327777;m3/s;69,90897591167771;moh;1,0648602206944444;Mill.m3;-109,10212305555555;cm;83,0138697306111;mm;84,15609385061111;%;2,599999905;None;0;m3/s;83,19220542844444;%
2026-02-12 11:00:00.000;36,71633611111111;kVAr;2600;kW;0;None;2500;kW;5,591760190605514;Bar;2666,3036108333336;kW;-106,29722222222222;cm;5,476014321447221;m3/s;5,475920687844443;m3/s;69,93700593799211;moh;1,0705801912777777;Mill.m3;-106,29959277777778;cm;80,81696488888889;mm;84,11992808361111;%;2,599999905;None;0;m3/s;83,63907792666667;%
2026-02-12 12:00:00.000;23,1582275;kVAr;2600;kW;0;None;2500;kW;5,5797699242185;Bar;2667,074798611111;kW;-107,56666666666666;cm;5,477176907352778;m3/s;5,4772003160833345;m3/s;69,92429801496995;moh;1,0680663040972223;Mill.m3;-107,57017694444444;cm;81,78249530641666;mm;84,11411497216666;%;2,599999905;None;0;m3/s;83,44267944852778;%
2026-02-12 13:00:00.000;21,380524444444443;kVAr;2600;kW;0;None;2500;kW;5,578041648082587;Bar;2661,262311388889;kW;-108,91944444444445;cm;5,464637887413889;m3/s;5,464684704875;m3/s;69,91076069695252;moh;1,065366600486111;Mill.m3;-108,92392916666667;cm;82,81937417247222;mm;84,17681000925;%;2,599999905;None;0;m3/s;83,23176725413889;%
2026-02-12 14:00:00.000;11,28437138888889;kVAr;2600;kW;0;None;2500;kW;5,571113154664658;Bar;2661,131846388889;kW;-110,25833333333334;cm;5,463935677124999;m3/s;5,463951284272221;m3/s;69,8973659966721;moh;1,0627209118444445;Mill.m3;-110,26358916666666;cm;83,83552610863889;mm;84,18032186263889;%;2,599999905;None;0;m3/s;83,02507461552777;%
2026-02-12 15:00:00.000;36,223463055555555;kVAr;2600;kW;0;None;2500;kW;5,581688033507406;Bar;2641,901551666667;kW;-111,525;cm;5,4115948691777795;m3/s;5,411579263355556;m3/s;69,88476148043829;moh;1,0602455313472223;Mill.m3;-111,52376416666667;cm;84,78626689491666;mm;84,44202637094445;%;2,599999905;None;0;m3/s;82,83167900302777;%
2026-02-12 16:00:00.000;-2,2153880555555556;kVAr;2600;kW;0;None;2500;kW;5,559375832481793;Bar;2663,1339941666665;kW;-112,80555555555556;cm;5,465324569930554;m3/s;5,465386991888887;m3/s;69,87180969964052;moh;1,0576996924583333;Mill.m3;-112,81935666666666;cm;85,76405226388889;mm;84,17337648575;%;2,599999905;None;0;m3/s;82,63278662355556;%
2026-02-12 17:00:00.000;4,822651944444444;kVAr;2600;kW;0;None;2500;kW;5,5760882332716655;Bar;2662,5707058333332;kW;-111,24166666666666;cm;5,465425985311109;m3/s;5,465355761766666;m3/s;69,88778920309218;moh;1,0606475062305554;Mill.m3;-111,22099583333333;cm;84,6318691895;mm;84,17287002002777;%;2,599999905;None;0;m3/s;82,86308657272222;%
2026-02-12 18:00:00.000;19,209344444444444;kVAr;2600;kW;0;None;2500;kW;5,5927936618459375;Bar;2665,7943644444445;kW;-105,56388888888888;cm;5,478284969694446;m3/s;5,478222547736113;m3/s;69,94456745087446;moh;1,0719272348916669;Mill.m3;-105,54314611111111;cm;80,2996057508611;mm;84,10857378675;%;2,599999905;None;0;m3/s;83,74431605927778;%
2026-02-12 19:00:00.000;59,74990416666667;kVAr;2600;kW;0;None;2500;kW;5,599999905;Bar;2656,837305833333;kW;-99,82777777777778;cm;5,451552765858333;m3/s;5,451443527763888;m3/s;70,00197678930992;moh;1,0832732439166666;Mill.m3;-99,80241722222222;cm;75,94188048083333;mm;84,24223613763888;%;2,599999905;None;0;m3/s;84,63072492786111;%
2026-02-12 20:00:00.000;93,40914722222222;kVAr;2600;kW;0;None;2500;kW;5,599999905;Bar;2652,4161422222223;kW;-97,4888888888889;cm;5,439895447005556;m3/s;5,439918854408334;m3/s;70,02504859073102;moh;1,0880026726694445;Mill.m3;-97,4950638888889;cm;74,12542910963889;mm;84,30052252866666;%;2,599999905;None;0;m3/s;85,00021067980556;%
2026-02-12 21:00:00.000;96,95194194444444;kVAr;2600;kW;0;None;2500;kW;5,599999905;Bar;2659,8779058333334;kW;-99,99166666666666;cm;5,461009642824999;m3/s;5,4609862354138885;m3/s;70,00000309788504;moh;1,0830532497777778;Mill.m3;-99,99970944444445;cm;76,02637420372223;mm;84,19495156516666;%;2,599999905;None;0;m3/s;84,61353793422222;%
2026-02-12 22:00:00.000;110,8130875;kVAr;2600;kW;0;None;2500;kW;5,599999905;Bar;2658,6624302777777;kW;-102,79722222222222;cm;5,458419140183333;m3/s;5,458450350502777;m3/s;69,9719230852101;moh;1,0775152523305556;Mill.m3;-102,80789222222222;cm;78,15338024625;mm;84,20790416019445;%;2,599999905;None;0;m3/s;84,18088171447222;%
2026-02-12 23:00:00.000;103,20637555555555;kVAr;2600;kW;0;None;2500;kW;5,599168405789925;Bar;2669,4238894444443;kW;-105,53055555555555;cm;5,465238675905555;m3/s;5,465223070083334;m3/s;69,94460435886539;moh;1,0720922087638889;Mill.m3;-105,539485;cm;80,23624403211112;mm;84,17380650858334;%;2,599999905;None;0;m3/s;83,75720490216666;%
2026-02-13 00:00:00.000;92,44902638888888;kVAr;2600;kW;0;None;2500;kW;5,595588131413411;Bar;2678,225613611111;kW;-108,38888888888889;cm;5,493032055572223;m3/s;5,493016451075001;m3/s;69,91599602402043;moh;1,0664607205333332;Mill.m3;-108,40059416666666;cm;82,39915519405555;mm;84,03484030997222;%;2,599999905;None;0;m3/s;83,31724455216667;%
2026-02-13 01:00:00.000;98,41590111111111;kVAr;2600;kW;0;None;2500;kW;5,595009659740738;Bar;2671,753576111111;kW;-111,17777777777778;cm;5,484527161313888;m3/s;5,484519358405556;m3/s;69,88809848566159;moh;1,060916702013889;Mill.m3;-111,19025444444445;cm;84,52848362244444;mm;84,07736329083333;%;2,599999905;None;0;m3/s;82,88411646683333;%
2026-02-13 02:00:00.000;121,72336416666667;kVAr;2600;kW;0;None;2500;kW;5,597767046010106;Bar;2654,9431613888887;kW;-113,99722222222222;cm;5,4516463729972235;m3/s;5,45167758463889;m3/s;69,8599343763846;moh;1,0553347057777778;Mill.m3;-114,00665638888889;cm;86,67238555669445;mm;84,24176815902777;%;2,599999905;None;0;m3/s;82,4480234168611;%
2026-02-13 03:00:00.000;138,07711666666665;kVAr;2600;kW;0;None;2500;kW;5,598984989297505;Bar;2647,1673294444445;kW;-116,79166666666667;cm;5,42394660583889;m3/s;5,424009027797223;m3/s;69,83197304701272;moh;1,049796231647222;Mill.m3;-116,80272111111111;cm;88,79958500394444;mm;84,38026676302778;%;2,599999905;None;0;m3/s;82,0153285535;%
2026-02-13 04:00:00.000;132,30632555555556;kVAr;2600;kW;0;None;2500;kW;5,594084382841973;Bar;2652,0153622222224;kW;-119,46666666666667;cm;5,440308968166667;m3/s;5,440269954941667;m3/s;69,80519423874044;moh;1,044483677733333;Mill.m3;-119,48063722222223;cm;90,84000271441667;mm;84,29845517519445;%;2,599999905;None;0;m3/s;81,60028479030555;%
2026-02-13 05:00:00.000;121,09367305555556;kVAr;2600;kW;0;None;2500;kW;5,574106207376811;Bar;2661,764116111111;kW;-122,28611111111111;cm;5,464684723461112;m3/s;5,4645754827138875;m3/s;69,77703693893801;moh;1,0389341222750001;Mill.m3;-122,29633138888889;cm;92,97144205019444;mm;84,17657625277778;%;2,599999905;None;0;m3/s;81,16672715025;%
2026-02-13 06:00:00.000;110,80275277777778;kVAr;2600;kW;0;None;2500;kW;5,559461526844831;Bar;2663,8099225;kW;-125,13888888888889;cm;5,474009027794444;m3/s;5,473977816149998;m3/s;69,74850191562581;moh;1,0332861120111112;Mill.m3;-125,15002916666667;cm;95,14069883844445;mm;84,12995406258334;%;2,599999905;None;0;m3/s;80,7254767965;%
2026-02-13 07:00:00.000;92,56176416666666;kVAr;2600;kW;0;None;2500;kW;5,5708934882066785;Bar;2664,015501111111;kW;-124,475;cm;5,470341783166667;m3/s;5,4704510225888905;m3/s;69,75548992999066;moh;1,0344739907333333;Mill.m3;-124,45066777777778;cm;94,68446439141667;mm;84,14829116472222;%;2,599999905;None;0;m3/s;80,8182794353611;%
2026-02-13 08:00:00.000;76,57124527777778;kVAr;2600;kW;0;None;2500;kW;5,592126551368582;Bar;2667,426631388889;kW;-118,61666666666666;cm;5,481741542197223;m3/s;5,481858583202778;m3/s;69,81401983809609;moh;1,0460675518916667;Mill.m3;-118,59772472222222;cm;90,23167686305555;mm;84,09129163986111;%;2,599999905;None;0;m3/s;81,72402570575;%
2026-02-13 09:00:00.000;67,73233666666667;kVAr;2600;kW;0;None;2500;kW;5,599795877416049;Bar;2665,7841975;kW;-112,88055555555556;cm;5,475530571413888;m3/s;5,475499361094443;m3/s;69,87140253655866;moh;1,0574409140916667;Mill.m3;-112,85958388888889;cm;85,86344712602778;mm;84,12234645380556;%;2,599999905;None;0;m3/s;82,61257027513889;%
2026-02-13 10:00:00.000;46,47236111111111;kVAr;2600;kW;0;None;2500;kW;5,599999905;Bar;2675,117425277778;kW;-107,25;cm;5,489661279080555;m3/s;5,489645674586112;m3/s;69,92772918590532;moh;1,0685560305500001;Mill.m3;-107,22684305555556;cm;81,59440021583333;mm;84,05169387422222;%;2,599999905;None;0;m3/s;83,48094109383334;%
2026-02-13 11:00:00.000;43,17731611111111;kVAr;2600;kW;0;None;2500;kW;5,599999905;Bar;2673,5553758333335;kW;-104,47777777777777;cm;5,487086423258333;m3/s;5,487125436483333;m3/s;69,95514374047738;moh;1,0741433092777777;Mill.m3;-104,48550944444445;cm;79,44847183433333;mm;84,0645675675;%;2,599999905;None;0;m3/s;83,9174470698889;%
2026-02-13 12:00:00.000;37,60010805555556;kVAr;2600;kW;0;None;2500;kW;5,599999905;Bar;2670,139834722222;kW;-105,75555555555556;cm;5,477972801541667;m3/s;5,477972801541666;m3/s;69,9423629815643;moh;1,0716634726055556;Mill.m3;-105,76399055555555;cm;80,40090753658333;mm;84,110135501;%;2,599999905;None;0;m3/s;83,72370927347222;%
2026-02-13 13:00:00.000;35,87820416666667;kVAr;2600;kW;0;None;2500;kW;5,599999905;Bar;2663,7907097222223;kW;-107,24722222222222;cm;5,468960637511111;m3/s;5,4688045832777785;m3/s;69,92746855165296;moh;1,0686603955972223;Mill.m3;-107,25322666666666;cm;81,55431613741666;mm;84,15519661283334;%;2,599999905;None;0;m3/s;83,48909439552777;%
2026-02-13 14:00:00.000;65,19930944444444;kVAr;2600;kW;0;None;2500;kW;5,599999905;Bar;2668,3952991666665;kW;-108,55;cm;5,479197818772221;m3/s;5,479088580677777;m3/s;69,91446662237665;moh;1,0660867821722224;Mill.m3;-108,55354305555555;cm;82,54277524055556;mm;84,1040102848611;%;2,599999905;None;0;m3/s;83,28802975794444;%
2026-02-13 15:00:00.000;77,76157388888889;kVAr;2600;kW;0;None;2500;kW;5,599999905;Bar;2657,5675358333333;kW;-109,75555555555556;cm;5,457498413927778;m3/s;5,457357962869444;m3/s;69,90240686167098;moh;1,0637110640972223;Mill.m3;-109,75951027777778;cm;83,45522938241666;mm;84,21250741627777;%;2,599999905;None;0;m3/s;83,10243093436111;%
2026-02-13 16:00:00.000;74,0995086111111;kVAr;2600;kW;0;None;2500;kW;5,599999905;Bar;2666,923528611111;kW;-111,21111111111111;cm;5,480321435155556;m3/s;5,480391660025;m3/s;69,88780052509915;moh;1,060812118575;Mill.m3;-111,2198;cm;84,56865185222222;mm;84,09839229566667;%;2,599999905;None;0;m3/s;82,87594510988889;%
2026-02-13 17:00:00.000;75,11892;kVAr;2600;kW;0;None;2500;kW;5,599999905;Bar;2662,7499177777777;kW;-109,53611111111111;cm;5,466580810872221;m3/s;5,466557402141665;m3/s;69,90483935937189;moh;1,0640406899416668;Mill.m3;-109,51618277777777;cm;83,32863294788889;mm;84,16709533236111;%;2,599999905;None;0;m3/s;83,12817899844444;%
2026-02-13 18:00:00.000;83,4844036111111;kVAr;2600;kW;0;None;2500;kW;5,599999905;Bar;2664,090438333333;kW;-103,67777777777778;cm;5,471699386211111;m3/s;5,471699386211111;m3/s;69,9634568469042;moh;1,075656141175;Mill.m3;-103,65399416666666;cm;78,86742318472223;mm;84,14150244280556;%;2,599999905;None;0;m3/s;84,035637538;%
2026-02-13 19:00:00.000;85,04161805555556;kVAr;2600;kW;0;None;2500;kW;5,599999905;Bar;2670,296783333333;kW;-97,9888888888889;cm;5,479595764608334;m3/s;5,479603567519445;m3/s;70,0202850970408;moh;1,0868865152333331;Mill.m3;-97,97108833333333;cm;74,55411387525;mm;84,10202204397223;%;2,599999905;None;0;m3/s;84,91301197466667;%
2026-02-13 20:00:00.000;94,21651444444444;kVAr;2600;kW;0;None;2500;kW;5,599999905;Bar;2666,7043775;kW;-95,69444444444444;cm;5,474664435205556;m3/s;5,47463322488889;m3/s;70,04297504605458;moh;1,091567187288889;Mill.m3;-95,70263916666667;cm;72,75639484936112;mm;84,12667755552778;%;2,599999905;None;0;m3/s;85,27868544219444;%
2026-02-13 21:00:00.000;75,38572611111111;kVAr;2600;kW;0;None;2500;kW;5,599999905;Bar;2686,0795911111113;kW;-98,33333333333333;cm;5,491572857;m3/s;5,491572857;m3/s;70,01654092377278;moh;1,0863529909361112;Mill.m3;-98,34598888888888;cm;74,75902771516667;mm;84,04213715;%;2,599999905;None;0;m3/s;84,87133166;%
2026-02-13 22:00:00.000;74,31806194444444;kVAr;2600;kW;0;None;2500;kW;5,599999905;Bar;2673,0482491666667;kW;-101,11666666666666;cm;5,479822116425001;m3/s;5,479666062194444;m3/s;69,98870300729025;moh;1,0808424299194443;Mill.m3;-101,12989083333333;cm;76,875494342;mm;84,10088835972222;%;2,599999905;None;0;m3/s;84,4408157341389;%
2026-02-13 23:00:00.000;55,495310277777776;kVAr;2600;kW;0;None;2500;kW;5,599999905;Bar;2679,4470158333334;kW;-104,00833333333334;cm;5,489996805450001;m3/s;5,489996805450001;m3/s;69,95984420860792;moh;1,0750949555111111;Mill.m3;-104,01548416666667;cm;79,08296517444444;mm;84,05001617297222;%;2,599999905;None;0;m3/s;83,99179583802778;%
2026-02-14 00:00:00.000;57,596918333333335;kVAr;2600;kW;0;None;2500;kW;5,599999905;Bar;2673,36253;kW;-106,8638888888889;cm;5,490652286977778;m3/s;5,490652286977778;m3/s;69,931257769733;moh;1,0694524659222224;Mill.m3;-106,87426333333333;cm;81,25010098175;mm;84,04673824563889;%;2,599999905;None;0;m3/s;83,55097406130555;%
2026-02-14 01:00:00.000;67,04729833333333;kVAr;2600;kW;0;None;2500;kW;5,599999905;Bar;2671,0638055555555;kW;-109,63333333333334;cm;5,480118596505555;m3/s;5,4801342023305555;m3/s;69,90351111178411;moh;1,0639474774833333;Mill.m3;-109,64889305555556;cm;83,36442881919444;mm;84,09940649852778;%;2,599999905;None;0;m3/s;83,12089881813888;%
2026-02-14 02:00:00.000;73,66674861111112;kVAr;2600;kW;0;None;2500;kW;5,599999905;Bar;2663,9962813888887;kW;-112,30555555555556;cm;5,466299916638888;m3/s;5,4663467327749995;m3/s;69,87682999504301;moh;1,0587058625499999;Mill.m3;-112,31717194444444;cm;85,37761145508334;mm;84,16849998886111;%;2,599999905;None;0;m3/s;82,71139318597223;%
2026-02-14 03:00:00.000;65,35693611111111;kVAr;2600;kW;0;None;2500;kW;5,599999905;Bar;2668,5775033333334;kW;-115,2;cm;5,483707825349999;m3/s;5,483770247308333;m3/s;69,84789541398081;moh;1,0529584077055554;Mill.m3;-115,21043944444445;cm;87,585072414;mm;84,08146031633333;%;2,599999905;None;0;m3/s;82,26237451833333;%
2026-02-14 04:00:00.000;69,27494361111111;kVAr;2600;kW;0;None;2500;kW;5,599796766304093;Bar;2667,975481666667;kW;-118,075;cm;5,479314929925;m3/s;5,479322732836111;m3/s;69,81921742160998;moh;1,0472499158916664;Mill.m3;-118,07855805555556;cm;89,77756044519444;mm;84,10342447477778;%;2,599999905;None;0;m3/s;81,81639614052777;%
2026-02-14 05:00:00.000;75,19936333333334;kVAr;2600;kW;0;None;2500;kW;5,59857351746618;Bar;2664,6531325;kW;-120,90555555555555;cm;5,470965943086112;m3/s;5,470926929861111;m3/s;69,79082771399797;moh;1,041706417686111;Mill.m3;-120,91762916666667;cm;91,90667900102778;mm;84,14516976683333;%;2,599999905;None;0;m3/s;81,383312863;%
2026-02-14 06:00:00.000;83,86940333333334;kVAr;2600;kW;0;None;2500;kW;5,591497246410866;Bar;2661,0328594444445;kW;-123,79722222222222;cm;5,463943441744444;m3/s;5,463990257880555;m3/s;69,76192786790392;moh;1,035903888763889;Mill.m3;-123,80750027777778;cm;94,13527671008333;mm;84,18028231597222;%;2,599999905;None;0;m3/s;80,92998958130555;%
2026-02-14 07:00:00.000;85,64968527777778;kVAr;2600;kW;0;None;2500;kW;5,5863139180017;Bar;2653,7448375;kW;-122,93611111111112;cm;5,441690062091668;m3/s;5,441674457594446;m3/s;69,77084422570186;moh;1,037509901625;Mill.m3;-122,91544888888889;cm;93,51845264338888;mm;84,29154997852778;%;2,599999905;None;0;m3/s;81,05545995597222;%
2026-02-14 08:00:00.000;85,51079222222222;kVAr;2600;kW;0;None;2500;kW;5,599999905;Bar;2658,4152758333335;kW;-117,13888888888889;cm;5,456733741991665;m3/s;5,456593292255554;m3/s;69,82880878506744;moh;1,0489987638944445;Mill.m3;-117,11917416666667;cm;89,1058720485;mm;84,21633074080556;%;2,599999905;None;0;m3/s;81,95302594519444;%
2026-02-14 09:00:00.000;82,6359375;kVAr;2600;kW;0;None;2500;kW;5,599999905;Bar;2667,98858;kW;-111,32222222222222;cm;5,479642597852777;m3/s;5,479587977480555;m3/s;69,88700512991585;moh;1,0605100287583331;Mill.m3;-111,29919611111112;cm;84,68467057636111;mm;84,10178631633333;%;2,599999905;None;0;m3/s;82,8523465256389;%
2026-02-14 10:00:00.000;77,83466805555555;kVAr;2600;kW;0;None;2500;kW;5,599999905;Bar;2680,028493611111;kW;-105,475;cm;5,483895181155556;m3/s;5,4838717737472225;m3/s;69,94545319988376;moh;1,0720977134194447;Mill.m3;-105,45493277777778;cm;80,23412948183334;mm;84,08063958555556;%;2,599999905;None;0;m3/s;83,75763507466667;%
2026-02-14 11:00:00.000;85,30144333333334;kVAr;2600;kW;0;None;2500;kW;5,599999905;Bar;2681,216160277778;kW;-102,52777777777777;cm;5,496863237733335;m3/s;5,49688664513889;m3/s;69,97478708006604;moh;1,0780269064166668;Mill.m3;-102,52131277777778;cm;77,9568637855;mm;84,0156842595;%;2,599999905;None;0;m3/s;84,220855969;%
2026-02-14 12:00:00.000;96,98706194444445;kVAr;2600;kW;0;None;2500;kW;5,599999905;Bar;2654,364631944444;kW;-103,8861111111111;cm;5,444865769774999;m3/s;5,4448813742694435;m3/s;69,96112031005993;moh;1,0752984869416666;Mill.m3;-103,88796944444445;cm;79,00479204552778;mm;84,27567070819444;%;2,599999905;None;0;m3/s;84,00769583688889;%
2026-02-14 13:00:00.000;87,57726944444444;kVAr;2600;kW;0;None;2500;kW;5,599999905;Bar;2654,0037755555554;kW;-105,14444444444445;cm;5,438943490769444;m3/s;5,438998109813889;m3/s;69,94850997940544;moh;1,0728729236194445;Mill.m3;-105,14908;cm;79,93639609158333;mm;84,30528191480556;%;2,599999905;None;0;m3/s;83,81819868930556;%
2026-02-14 14:00:00.000;69,2146675;kVAr;2600;kW;0;None;2500;kW;5,599999905;Bar;2675,074415833333;kW;-106,46388888888889;cm;5,487070825241667;m3/s;5,487070825241667;m3/s;69,93530302389742;moh;1,0702061098166666;Mill.m3;-106,46988444444445;cm;80,96064135016667;mm;84,06464572686112;%;2,599999905;None;0;m3/s;83,60985336183333;%
2026-02-14 15:00:00.000;90,32941694444445;kVAr;2600;kW;0;None;2500;kW;5,599999905;Bar;2663,1858975;kW;-107,775;cm;5,465691302891666;m3/s;5,4657927380750015;m3/s;69,92219217615995;moh;1,0676702907972222;Mill.m3;-107,78012527777778;cm;81,93459542475;mm;84,17154286677778;%;2,599999905;None;0;m3/s;83,41174021952777;%
2026-02-14 16:00:00.000;89,06982027777778;kVAr;2600;kW;0;None;2500;kW;5,599999905;Bar;2662,808716388889;kW;-109,1361111111111;cm;5,463139777711111;m3/s;5,463225608397222;m3/s;69,9086375159164;moh;1,0650036876694446;Mill.m3;-109,13672277777778;cm;82,95875901497222;mm;84,18430116530556;%;2,599999905;None;0;m3/s;83,20341540630555;%
2026-02-14 17:00:00.000;70,471095;kVAr;2600;kW;0;None;2500;kW;5,599999905;Bar;2680,1671677777776;kW;-107,5111111111111;cm;5,494163423086111;m3/s;5,494163423086111;m3/s;69,92512720404027;moh;1,0680720990944446;Mill.m3;-107,48700305555556;cm;81,78026576669444;mm;84,02918387875;%;2,599999905;None;0;m3/s;83,44313418002778;%
2026-02-14 18:00:00.000;70,34901222222223;kVAr;2600;kW;0;None;2500;kW;5,599999905;Bar;2682,601362222222;kW;-101,68888888888888;cm;5,484043470011112;m3/s;5,484043470011112;m3/s;69,98336224661611;moh;1,079583006391667;Mill.m3;-101,66386805555555;cm;77,35920861669445;mm;84,07978072497222;%;2,599999905;None;0;m3/s;84,3424248591111;%
2026-02-14 19:00:00.000;67,28697166666667;kVAr;2600;kW;0;None;2500;kW;5,599999905;Bar;2683,9981402777776;kW;-96,03055555555555;cm;5,484191692127779;m3/s;5,484191692127779;m3/s;70,03993745115109;moh;1,0907308657194446;Mill.m3;-96,00594777777778;cm;73,07759977866667;mm;84,07903995277778;%;2,599999905;None;0;m3/s;85,21335088902778;%
2026-02-14 20:00:00.000;76,05649138888889;kVAr;2600;kW;0;None;2500;kW;5,599999905;Bar;2681,2672230555554;kW;-93,70833333333333;cm;5,485518173622222;m3/s;5,485518173622222;m3/s;70,06285511617978;moh;1,0955265623055555;Mill.m3;-93,71451305555556;cm;71,235689121;mm;84,07240746672223;%;2,599999905;None;0;m3/s;85,5880151076389;%
2026-02-14 21:00:00.000;73,16265861111111;kVAr;2600;kW;0;None;2500;kW;5,599999905;Bar;2676,6846622222224;kW;-96,41388888888889;cm;5,490878532816668;m3/s;5,490878532816668;m3/s;70,03580265884442;moh;1,090147933288889;Mill.m3;-96,41991944444445;cm;73,30148724186111;mm;84,04560778202777;%;2,599999905;None;0;m3/s;85,16780859736112;%
2026-02-14 22:00:00.000;73,96377138888889;kVAr;2600;kW;0;None;2500;kW;5,599999905;Bar;2677,7633691666665;kW;-99,14444444444445;cm;5,492485900597223;m3/s;5,492571729958334;m3/s;70,0084498037346;moh;1,0847031660694446;Mill.m3;-99,15509138888889;cm;75,392682502;mm;84,03757063805556;%;2,599999905;None;0;m3/s;84,74243952283334;%
2026-02-14 23:00:00.000;73,22491055555555;kVAr;2600;kW;0;None;2500;kW;5,599999905;Bar;2677,8054908333334;kW;-101,93888888888888;cm;5,48880293498889;m3/s;5,48880293498889;m3/s;69,98052406402651;moh;1,079225586286111;Mill.m3;-101,94768972222222;cm;77,49648445863889;mm;84,05598600172222;%;2,599999905;None;0;m3/s;84,31450053394444;%
2026-02-15 00:00:00.000;85,30414222222223;kVAr;2600;kW;0;None;2500;kW;5,599999905;Bar;2668,5589475;kW;-104,78611111111111;cm;5,480407268380555;m3/s;5,4804774932499996;m3/s;69,9520517789501;moh;1,0735880535638889;Mill.m3;-104,79477972222222;cm;79,66172845727777;mm;84,09796284530556;%;2,599999905;None;0;m3/s;83,87406779402778;%
2026-02-15 01:00:00.000;71,11157166666666;kVAr;2600;kW;0;None;2500;kW;5,599999905;Bar;2672,214905;kW;-107,63888888888889;cm;5,483778066125;m3/s;5,4838638954861105;m3/s;69,92346820460213;moh;1,06791253875;Mill.m3;-107,65323277777777;cm;81,84154896141666;mm;84,08110919538889;%;2,599999905;None;0;m3/s;83,43066719997222;%
2026-02-15 02:00:00.000;66,3280875;kVAr;2600;kW;0;None;2500;kW;5,599999905;Bar;2673,8578197222223;kW;-110,41666666666667;cm;5,4907615779361105;m3/s;5,490745972116666;m3/s;69,89574663472462;moh;1,062396362075;Mill.m3;-110,425545;cm;83,96017788822222;mm;84,04619121822222;%;2,599999905;None;0;m3/s;82,99971701072222;%
2026-02-15 03:00:00.000;86,36602638888888;kVAr;2600;kW;0;None;2500;kW;5,599999905;Bar;2657,238321388889;kW;-113,2;cm;5,4548220992111105;m3/s;5,45486891535;m3/s;69,86788578951496;moh;1,0569570939833335;Mill.m3;-113,21162055555556;cm;86,04926723925;mm;84,22588950263889;%;2,599999905;None;0;m3/s;82,57477183947222;%
2026-02-15 04:00:00.000;81,7741225;kVAr;2600;kW;0;None;2500;kW;5,599999905;Bar;2660,7975805555557;kW;-116,03333333333333;cm;5,460088902030555;m3/s;5,460003072666667;m3/s;69,8395998006526;moh;1,051308558986111;Mill.m3;-116,04012888888889;cm;88,218739151;mm;84,19955459169445;%;2,599999905;None;0;m3/s;82,1334786725;%
2026-02-15 05:00:00.000;91,71714388888888;kVAr;2600;kW;0;None;2500;kW;5,599999905;Bar;2651,9655913888887;kW;-118,79722222222222;cm;5,4392946202444445;m3/s;5,439333633469444;m3/s;69,81187706877638;moh;1,0458365521972222;Mill.m3;-118,81238333333333;cm;90,3203969726111;mm;84,30352728122222;%;2,599999905;None;0;m3/s;81,70597797047222;%
2026-02-15 06:00:00.000;93,57166055555555;kVAr;2600;kW;0;None;2500;kW;5,599797960747402;Bar;2651,056626388889;kW;-121,51666666666667;cm;5,4364153861527775;m3/s;5,436391977422223;m3/s;69,7847308799833;moh;1,040452260327778;Mill.m3;-121,5269111111111;cm;92,38836773386112;mm;84,31792284736112;%;2,599999905;None;0;m3/s;81,28533179022222;%
2026-02-15 07:00:00.000;96,01029138888889;kVAr;2600;kW;0;None;2500;kW;5,5951022985416206;Bar;2641,898892222222;kW;-124,2611111111111;cm;5,412047403469444;m3/s;5,412023996061111;m3/s;69,75730709697751;moh;1,0349854902416669;Mill.m3;-124,26946861111111;cm;94,488011404;mm;84,43976275097222;%;2,599999905;None;0;m3/s;80,85823993733334;%
2026-02-15 08:00:00.000;71,30846555555556;kVAr;2600;kW;0;None;2500;kW;5,588472360395621;Bar;2664,7277966666666;kW;-123,525;cm;5,471956890094444;m3/s;5,472003706236111;m3/s;69,7649738387531;moh;1,0363933566083334;Mill.m3;-123,50255361111111;cm;93,94728573683334;mm;84,14021566155556;%;2,599999905;None;0;m3/s;80,9682302485;%
2026-02-15 09:00:00.000;66,72071333333334;kVAr;2600;kW;0;None;2500;kW;5,598381045426807;Bar;2666,7842808333335;kW;-117,65277777777777;cm;5,477965018530556;m3/s;5,477879189163889;m3/s;69,82367164390628;moh;1,0479648670694444;Mill.m3;-117,63255777777778;cm;89,50296573597223;mm;84,11017487819444;%;2,599999905;None;0;m3/s;81,87225286702778;%
2026-02-15 10:00:00.000;71,93997166666666;kVAr;2600;kW;0;None;2500;kW;5,599999905;Bar;2663,7039766666667;kW;-111,90555555555555;cm;5,468617314649999;m3/s;5,468617314649999;m3/s;69,8811467027602;moh;1,0593219651416665;Mill.m3;-111,88478388888889;cm;85,14097881352778;mm;84,15691282555555;%;2,599999905;None;0;m3/s;82,7595284561389;%
2026-02-15 11:00:00.000;61,518750833333335;kVAr;2600;kW;0;None;2500;kW;5,599999905;Bar;2673,233661111111;kW;-109,13888888888889;cm;5,484690973400001;m3/s;5,484722183716667;m3/s;69,90854631909693;moh;1,0648992470972223;Mill.m3;-109,14587888888889;cm;82,99887104441666;mm;84,07654550580556;%;2,599999905;None;0;m3/s;83,19525625636112;%
2026-02-15 12:00:00.000;75,64521833333333;kVAr;2600;kW;0;None;2500;kW;5,599999905;Bar;2653,714323333333;kW;-110,37222222222222;cm;5,449563027822222;m3/s;5,449656661419445;m3/s;69,89629740971009;moh;1,0624568713111113;Mill.m3;-110,37022305555556;cm;83,93693805397223;mm;84,25218412627778;%;2,599999905;None;0;m3/s;83,00444575019445;%
2026-02-15 13:00:00.000;68,8218125;kVAr;2600;kW;0;None;2500;kW;5,599999905;Bar;2656,5560652777776;kW;-111,51666666666667;cm;5,450616398108333;m3/s;5,450616398105555;m3/s;69,88476598973641;moh;1,0601740203333332;Mill.m3;-111,52319777777778;cm;84,813732906;mm;84,24691746986112;%;2,599999905;None;0;m3/s;82,82609201866667;%
2026-02-15 14:00:00.000;52,56489722222222;kVAr;2600;kW;0;None;2500;kW;5,597439296321469;Bar;2669,574109722222;kW;-112,94166666666666;cm;5,484706582002778;m3/s;5,484566132266668;m3/s;69,87047960695891;moh;1,057413759702778;Mill.m3;-112,95133555555556;cm;85,87387070166666;mm;84,07646653927777;%;2,599999905;None;0;m3/s;82,61044868911111;%
2026-02-15 15:00:00.000;53,8393325;kVAr;2600;kW;0;None;2500;kW;5,594674437836977;Bar;2667,8320541666667;kW;-114,33611111111111;cm;5,481686878225;m3/s;5,481686878225;m3/s;69,85662376250924;moh;1,0546360981805556;Mill.m3;-114,33730805555555;cm;86,94070504708333;mm;84,09156532191666;%;2,599999905;None;0;m3/s;82,39344518752777;%
2026-02-15 16:00:00.000;46,73198083333333;kVAr;2600;kW;0;None;2500;kW;5,58847730483537;Bar;2672,2769019444445;kW;-115,62222222222222;cm;5,484300764566666;m3/s;5,484355383613888;m3/s;69,84375574090646;moh;1,0520672269722222;Mill.m3;-115,62408194444444;cm;87,92735888483334;mm;84,07849655147223;%;2,599999905;None;0;m3/s;82,19275020972222;%
2026-02-15 17:00:00.000;52,77146694444444;kVAr;2600;kW;0;None;2500;kW;5,590871247005566;Bar;2667,3905169444442;kW;-113,93888888888888;cm;5,481920989430555;m3/s;5,4819990172083335;m3/s;69,86087150816331;moh;1,0553673573222224;Mill.m3;-113,91215777777778;cm;86,6598528765;mm;84,09039471944445;%;2,599999905;None;0;m3/s;82,45057305233334;%
2026-02-15 18:00:00.000;51,85686222222222;kVAr;2600;kW;0;None;2500;kW;5,599769377441223;Bar;2668,147356666667;kW;-108,22222222222223;cm;5,481523099313888;m3/s;5,481515295077776;m3/s;69,91800894261303;moh;1,0666147086000002;Mill.m3;-108,19905;cm;82,34001272002777;mm;84,09238346955556;%;2,599999905;None;0;m3/s;83,32927529986111;%
2026-02-15 19:00:00.000;49,06478;kVAr;2600;kW;0;None;2500;kW;5,599999905;Bar;2673,404663888889;kW;-102,45277777777778;cm;5,4857755489805555;m3/s;5,485744338663889;m3/s;69,97563959359802;moh;1,0780924438972221;Mill.m3;-102,43580111111112;cm;77,93169962644444;mm;84,07112200052778;%;2,599999905;None;0;m3/s;84,22597376544445;%
2026-02-15 20:00:00.000;64,25704555555555;kVAr;2600;kW;0;None;2500;kW;5,599999905;Bar;2664,613097222222;kW;-100,04444444444445;cm;5,464786195738889;m3/s;5,464715970872221;m3/s;69,99953488572426;moh;1,082915728597222;Mill.m3;-100,04626666666667;cm;76,07919317994444;mm;84,17606813691667;%;2,599999905;None;0;m3/s;84,60279373352778;%
2026-02-15 21:00:00.000;49,11027888888889;kVAr;2600;kW;0;None;2500;kW;5,599999905;Bar;2674,1211883333335;kW;-102,83333333333333;cm;5,490254301647222;m3/s;5,490238695827778;m3/s;69,97155482802853;moh;1,0774492421805555;Mill.m3;-102,84495611111112;cm;78,17873336008333;mm;84,04872864666666;%;2,599999905;None;0;m3/s;84,17572462530556;%
2026-02-15 22:00:00.000;50,427771388888885;kVAr;2600;kW;0;None;2500;kW;5,593145689289288;Bar;2668,7620294444446;kW;-105,64444444444445;cm;5,480976878333333;m3/s;5,480945668016668;m3/s;69,94343442693004;moh;1,0718392612166667;Mill.m3;-105,65648138888889;cm;80,33339428344445;mm;84,09511485655555;%;2,599999905;None;0;m3/s;83,73744337133333;%
2026-02-15 23:00:00.000;47,194139722222225;kVAr;2600;kW;0;None;2500;kW;5,598980683746039;Bar;2670,07829;kW;-108,44444444444444;cm;5,48789788355;m3/s;5,48789788355;m3/s;69,91546911944762;moh;1,0663562282861112;Mill.m3;-108,45331944444445;cm;82,43928816180555;mm;84,06051046713888;%;2,599999905;None;0;m3/s;83,3090812481389;%
2026-02-16 00:00:00.000;67,0376125;kVAr;2600;kW;0;None;2500;kW;5,591048607948183;Bar;2652,3869741666667;kW;-111,1361111111111;cm;5,442509308166667;m3/s;5,442524912661111;m3/s;69,88860009499876;moh;1,0609441625583333;Mill.m3;-111,1436875;cm;84,5179372343889;mm;84,28745335452778;%;2,599999905;None;0;m3/s;82,88626157705555;%
2026-02-16 01:00:00.000;55,98659583333333;kVAr;2600;kW;0;None;2500;kW;5,584602669627387;Bar;2661,7333875;kW;-113,85555555555555;cm;5,464076113730555;m3/s;5,464161944419444;m3/s;69,86129578656183;moh;1,0555986709194445;Mill.m3;-113,8708025;cm;86,57100357633334;mm;84,17961862322223;%;2,599999905;None;0;m3/s;82,46864545811111;%
2026-02-16 02:00:00.000;54,95906388888889;kVAr;2600;kW;0;None;2500;kW;5,568572601522632;Bar;2663,2663830555557;kW;-116,68888888888888;cm;5,468313048877777;m3/s;5,468320850463888;m3/s;69,83306764162556;moh;1,050093205797222;Mill.m3;-116,69286638888889;cm;88,68552479294445;mm;84,15843329897223;%;2,599999905;None;0;m3/s;82,0385295425;%
2026-02-16 03:00:00.000;59,428649722222225;kVAr;2600;kW;0;None;2500;kW;5,553712004529103;Bar;2661,219168888889;kW;-119,425;cm;5,460955025072221;m3/s;5,460798968194443;m3/s;69,80559623366827;moh;1,0446541324472223;Mill.m3;-119,44020027777778;cm;90,77453583383334;mm;84,1952242101111;%;2,599999905;None;0;m3/s;81,61360149566667;%
2026-02-16 04:00:00.000;41,5579825;kVAr;2600;kW;0;None;2500;kW;5,525114337252468;Bar;2676,6595669444446;kW;-122,30555555555556;cm;5,485955080777778;m3/s;5,485962883688889;m3/s;69,77680009780588;moh;1,0388681058194447;Mill.m3;-122,3200761111111;cm;92,99679675347222;mm;84,07022346872222;%;2,599999905;None;0;m3/s;81,16156959463889;%
2026-02-16 05:00:00.000;62,05302722222222;kVAr;2600;kW;0;None;2500;kW;5,53140910905021;Bar;2659,4720208333333;kW;-125,26666666666667;cm;5,45856735836111;m3/s;5,458700005186111;m3/s;69,7472380164957;moh;1,033071623075;Mill.m3;-125,27616666666667;cm;95,22307877286111;mm;84,20716325988889;%;2,599999905;None;0;m3/s;80,70871995452778;%
2026-02-16 06:00:00.000;75,33069222222223;kVAr;2600;kW;0;None;2500;kW;5,5241482548369145;Bar;2647,628185;kW;-128,03333333333333;cm;5,428089847719444;m3/s;5,428230296130554;m3/s;69,7196262121185;moh;1,0275171111583332;Mill.m3;-128,03697277777778;cm;97,35642969302778;mm;84,35955022061111;%;2,599999905;None;0;m3/s;80,27477257752778;%
2026-02-16 07:00:00.000;88,08993972222223;kVAr;2600;kW;0;None;2500;kW;5,519466370395819;Bar;2638,2453430555556;kW;-130,87777777777777;cm;5,399094911488889;m3/s;5,399094911488889;m3/s;69,69113945525348;moh;1,0219125565472222;Mill.m3;-130,88623333333334;cm;99,50899051647222;mm;84,5045250796389;%;2,599999905;None;0;m3/s;79,83691936266666;%
2026-02-16 08:00:00.000;70,86787861111111;kVAr;2600;kW;0;None;2500;kW;5,5119792386197135;Bar;2653,6992130555554;kW;-130,14166666666668;cm;5,436805542194443;m3/s;5,436969403308332;m3/s;69,69875274175422;moh;1,0232545900444445;Mill.m3;-130,12429444444444;cm;98,993549915;mm;84,31597188311112;%;2,599999905;None;0;m3/s;79,94176557363889;%
2026-02-16 09:00:00.000;78,08385527777777;kVAr;2600;kW;0;None;2500;kW;5,542463626326184;Bar;2651,827596388889;kW;-124,38888888888889;cm;5,438904464227778;m3/s;5,438912267136111;m3/s;69,75636126870836;moh;1,0345620320888889;Mill.m3;-124,36317916666667;cm;94,65065076622223;mm;84,30547718530555;%;2,599999905;None;0;m3/s;80,82515763111111;%
2026-02-16 10:00:00.000;69,22083666666667;kVAr;2600;kW;0;None;2500;kW;5,561626858121095;Bar;2660,2607372222224;kW;-118,61666666666666;cm;5,465332399472222;m3/s;5,465285580688888;m3/s;69,81401551477495;moh;1,0461005291305554;Mill.m3;-118,59549027777778;cm;90,21901166558334;mm;84,17333736386111;%;2,599999905;None;0;m3/s;81,726601686;%
2026-02-16 11:00:00.000;64,45297027777778;kVAr;2600;kW;0;None;2500;kW;5,568162240801366;Bar;2659,071353611111;kW;-114,86111111111111;cm;5,413053944297222;m3/s;5,413053944297222;m3/s;69,84159512079711;moh;1,0429542118972221;Mill.m3;-115,83940888888888;cm;87,32743890833333;mm;83,50556267691667;%;2,5783332391249996;None;0;m3/s;81,48079592275;%
2026-02-16 12:00:00.000;73,87893361111111;kVAr;2600;kW;0;None;2500;kW;5,568146129705559;Bar;2651,9419855555557;kW;-117,17222222222222;cm;3,9180477579555553;m3/s;5,443570579400001;m3/s;69,82852521862885;moh;1,0489606272583332;Mill.m3;-117,14767333333333;cm;89,12051342741667;mm;60,62781660341667;%;2,599999905;None;0;m3/s;81,95004619797223;%
2026-02-16 13:00:00.000;54,563089444444444;kVAr;2600;kW;0;None;2500;kW;5,550755674004288;Bar;2661,406914722222;kW;-118,39444444444445;cm;5,464864210280558;m3/s;5,464832999966667;m3/s;69,81600876451125;moh;1,046677804236111;Mill.m3;-118,39929916666667;cm;89,99729586647223;mm;84,17567846427778;%;2,599999905;None;0;m3/s;81,77170056252778;%
2026-02-16 14:00:00.000;51,97572;kVAr;2600;kW;0;None;2500;kW;5,5465912612938135;Bar;2661,973605;kW;-119,84166666666667;cm;5,468297386191666;m3/s;5,46827397746111;m3/s;69,80157787330411;moh;1,043785404036111;Mill.m3;-119,8425461111111;cm;91,108189219;mm;84,15851311061111;%;2,599999905;None;0;m3/s;81,54573247944444;%
2026-02-16 15:00:00.000;60,89550194444445;kVAr;2600;kW;0;None;2500;kW;5,552300339203522;Bar;2652,7907847222223;kW;-121,15277777777777;cm;5,442548355808335;m3/s;5,442579567447224;m3/s;69,78841434939994;moh;1,0411673863333335;Mill.m3;-121,15866138888889;cm;92,113710018;mm;84,28725723858334;%;2,599999905;None;0;m3/s;81,341202294;%
2026-02-16 16:00:00.000;58,06156333333333;kVAr;2600;kW;0;None;2500;kW;5,544251846849595;Bar;2652,5313569444443;kW;-122,49166666666666;cm;5,440371408780555;m3/s;5,440394816188888;m3/s;69,77498476921025;moh;1,0384609083472223;Mill.m3;-122,50116861111111;cm;93,15318690097222;mm;84,29814317586111;%;2,599999905;None;0;m3/s;81,12975692513889;%
2026-02-16 17:00:00.000;67,15482194444445;kVAr;2600;kW;0;None;2500;kW;5,563773494970675;Bar;2645,749659166667;kW;-120,84722222222223;cm;5,419093302855555;m3/s;5,4192025409472215;m3/s;69,7918789733279;moh;1,0416400756694444;Mill.m3;-120,8172736111111;cm;91,93215359297223;mm;84,40453332191667;%;2,599999905;None;0;m3/s;81,37812938747223;%
2026-02-16 18:00:00.000;46,41930055555556;kVAr;2600;kW;0;None;2500;kW;5,578822508451876;Bar;2665,297283888889;kW;-115,18611111111112;cm;5,471441925886112;m3/s;5,471395109752779;m3/s;69,8483337846246;moh;1,0528927194277775;Mill.m3;-115,16659361111111;cm;87,61029605983333;mm;84,14278975602778;%;2,599999905;None;0;m3/s;82,25724247822222;%
2026-02-16 19:00:00.000;42,449781944444446;kVAr;2600;kW;0;None;2500;kW;5,5929139672872035;Bar;2672,8202580555558;kW;-109,525;cm;5,487055202347222;m3/s;5,487055202347222;m3/s;69,90493654035154;moh;1,0640901935916665;Mill.m3;-109,50622333333334;cm;83,30961962777778;mm;84,06472365086111;%;2,599999905;None;0;m3/s;83,13204657161111;%
2026-02-16 20:00:00.000;51,960945833333334;kVAr;2600;kW;0;None;2500;kW;5,597341879747349;Bar;2672,381586666667;kW;-107,28888888888889;cm;5,48514348673611;m3/s;5,485151289647221;m3/s;69,92706331010675;moh;1,0685889760083331;Mill.m3;-107,29425944444445;cm;81,58174660861111;mm;84,07428319794444;%;2,599999905;None;0;m3/s;83,48351370527777;%
2026-02-16 21:00:00.000;59,87459888888889;kVAr;2600;kW;0;None;2500;kW;5,596207658602638;Bar;2660,443336111111;kW;-109,96388888888889;cm;5,458286502627777;m3/s;5,458255292311111;m3/s;69,90023463866568;moh;1,0633589863055555;Mill.m3;-109,97675555555556;cm;83,59045418813889;mm;84,208566771;%;2,599999905;None;0;m3/s;83,07492308991667;%
2026-02-16 22:00:00.000;50,15694638888889;kVAr;2600;kW;0;None;2500;kW;5,58979794246965;Bar;2666,1753608333333;kW;-112,83888888888889;cm;5,477309574024999;m3/s;5,477325178519444;m3/s;69,87145788581917;moh;1,0576060031555554;Mill.m3;-112,85423388888888;cm;85,80003854905556;mm;84,113451406;%;2,599999905;None;0;m3/s;82,62546732177778;%
2026-02-16 23:00:00.000;66,45043694444445;kVAr;2600;kW;0;None;2500;kW;5,58861930470047;Bar;2654,669725;kW;-115,67222222222222;cm;5,4491573069222214;m3/s;5,449172912744444;m3/s;69,84318644412166;moh;1,0520015027583334;Mill.m3;-115,68131027777778;cm;87,95259615783333;mm;84,25421424483334;%;2,599999905;None;0;m3/s;82,18761552155556;%
2026-02-17 00:00:00.000;62,5742575;kVAr;2600;kW;0;None;2500;kW;5,586645389909024;Bar;2652,948753888889;kW;-118,43333333333334;cm;5,438436272388889;m3/s;5,438405060749998;m3/s;69,81548192394219;moh;1,0464634817138887;Mill.m3;-118,4521325;cm;90,07960972127778;mm;84,30781809463889;%;2,599999905;None;0;m3/s;81,75495639397222;%
2026-02-17 01:00:00.000;62,8463275;kVAr;2600;kW;0;None;2500;kW;5,5802267293400885;Bar;2653,6191919444445;kW;-121,26388888888889;cm;5,442025558086112;m3/s;5,442025558086112;m3/s;69,78720093546639;moh;1,0409858544083335;Mill.m3;-121,28028916666666;cm;92,18342979877778;mm;84,28987147061112;%;2,599999905;None;0;m3/s;81,32701876005555;%
2026-02-17 02:00:00.000;62,621935;kVAr;2600;kW;0;None;2500;kW;5,568554851539493;Bar;2657,6814291666665;kW;-124,125;cm;5,456554281674999;m3/s;5,456546480091665;m3/s;69,75863668993989;moh;1,0352879609333334;Mill.m3;-124,13622138888888;cm;94,37184003305556;mm;84,21722869805555;%;2,599999905;None;0;m3/s;80,88187035477777;%
2026-02-17 03:00:00.000;76,40545583333333;kVAr;2600;kW;0;None;2500;kW;5,559794470972979;Bar;2650,475140277778;kW;-127,03888888888889;cm;5,430789623;m3/s;5,430719398130555;m3/s;69,72952062088974;moh;1,0295299849833335;Mill.m3;-127,04729305555556;cm;96,58333528366667;mm;84,34605136483333;%;2,599999905;None;0;m3/s;80,43202811177778;%
2026-02-17 04:00:00.000;74,98440916666667;kVAr;2600;kW;0;None;2500;kW;5,553158421721672;Bar;2645,3648444444443;kW;-129,86666666666667;cm;5,423735929866666;m3/s;5,423696916641667;m3/s;69,70128119198593;moh;1,0239474274333333;Mill.m3;-129,872065;cm;98,72744661894444;mm;84,38131953494444;%;2,599999905;None;0;m3/s;79,99589301258334;%
2026-02-17 05:00:00.000;61,79869444444444;kVAr;2600;kW;0;None;2500;kW;5,534171523092578;Bar;2653,4924819444445;kW;-132,74444444444444;cm;5,440418179875;m3/s;5,440433784372222;m3/s;69,67239045594339;moh;1,0182169476972223;Mill.m3;-132,76141194444443;cm;100,92838137961111;mm;84,29790882625;%;2,599999905;None;0;m3/s;79,54820132783334;%
2026-02-17 06:00:00.000;83,90446361111111;kVAr;2600;kW;0;None;2500;kW;5,542241154315311;Bar;2638,9470194444443;kW;-135,74722222222223;cm;5,4002574431527774;m3/s;5,4002574431527774;m3/s;69,64242305239907;moh;1,012277051138889;Mill.m3;-135,75752666666668;cm;103,20973847916666;mm;84,49871287816667;%;2,599999905;None;0;m3/s;79,08414692438889;%
2026-02-17 07:00:00.000;74,531905;kVAr;2600;kW;0;None;2500;kW;5,539097073968856;Bar;2641,893592777778;kW;-134,91944444444445;cm;5,410728793694445;m3/s;5,410518120416668;m3/s;69,65090661758822;moh;1,013783962538889;Mill.m3;-134,90908694444445;cm;102,63097635027778;mm;84,44635662555555;%;2,599999905;None;0;m3/s;79,2018737795;%
2026-02-17 08:00:00.000;61,91084027777778;kVAr;2600;kW;0;None;2500;kW;5,569660767155543;Bar;2655,488976388889;kW;-129,24166666666667;cm;5,448486229969444;m3/s;5,44847062415;m3/s;69,70774583857214;moh;1,0250366219583333;Mill.m3;-129,225545;cm;98,30912064236111;mm;84,25756755483333;%;2,599999905;None;0;m3/s;80,08098536533333;%
2026-02-17 09:00:00.000;67,89496222222222;kVAr;2600;kW;0;None;2500;kW;5,587605861218796;Bar;2662,363421111111;kW;-123,60555555555555;cm;5,465129503952777;m3/s;5,465152911358333;m3/s;69,76416306312278;moh;1,036195378111111;Mill.m3;-123,58310222222222;cm;94,02332428819444;mm;84,17435200980556;%;2,599999905;None;0;m3/s;80,95276298586111;%
2026-02-17 10:00:00.000;99,03003166666667;kVAr;2600;kW;0;None;2500;kW;5,599326794528344;Bar;2650,83267;kW;-120,80833333333334;cm;5,434300866502777;m3/s;5,434300866502777;m3/s;69,79190245271799;moh;1,0418219871527779;Mill.m3;-120,80989638888889;cm;91,86229190408334;mm;84,32849568344444;%;2,599999905;None;0;m3/s;81,39234369516667;%
2026-02-17 11:00:00.000;94,36234444444445;kVAr;2600;kW;0;None;2500;kW;5,59813771232464;Bar;2650,2345769444446;kW;-122,13888888888889;cm;5,427801199755556;m3/s;5,427769989438889;m3/s;69,77846834422348;moh;1,0391650524916667;Mill.m3;-122,15304083333334;cm;92,88275275419444;mm;84,36099402091666;%;2,599999905;None;0;m3/s;81,18476723325;%
2026-02-17 12:00:00.000;61,795428333333334;kVAr;2600;kW;0;None;2500;kW;5,595627242487367;Bar;2651,5103794444444;kW;-123,4888888888889;cm;5,437367318722222;m3/s;5,437367318722222;m3/s;69,76509874921125;moh;1,0365197962916666;Mill.m3;-123,49007972222222;cm;93,89871599388889;mm;84,31316291061111;%;2,599999905;None;0;m3/s;80,97810747261111;%
2026-02-17 13:00:00.000;76,26712472222222;kVAr;2600;kW;0;None;2500;kW;5,598513267523418;Bar;2637,1205741666668;kW;-124,775;cm;5,39938354233889;m3/s;5,399399148161111;m3/s;69,75219455564553;moh;1,0339737099333335;Mill.m3;-124,78046694444444;cm;94,87662150333334;mm;84,50308240147223;%;2,599999905;None;0;m3/s;80,779194134;%
2026-02-17 14:00:00.000;58,96655277777778;kVAr;2600;kW;0;None;2500;kW;5,585928085034909;Bar;2647,730812222222;kW;-126,24166666666666;cm;5,428245927180557;m3/s;5,428292744644444;m3/s;69,73751477764782;moh;1,031080531036111;Mill.m3;-126,24862527777778;cm;95,9877934375;mm;84,35877037072223;%;2,599999905;None;0;m3/s;80,55316810766666;%
2026-02-17 15:00:00.000;72,70615166666667;kVAr;2600;kW;0;None;2500;kW;5,587942555343381;Bar;2638,3485430555556;kW;-127,56944444444444;cm;5,398728179975;m3/s;5,398751588705555;m3/s;69,7243038405638;moh;1,0284357880138888;Mill.m3;-127,56982805555556;cm;97,00359935691667;mm;84,50635946127778;%;2,599999905;None;0;m3/s;80,34654157036111;%
2026-02-17 16:00:00.000;63,85218472222222;kVAr;2600;kW;0;None;2500;kW;5,558791666370083;Bar;2660,5725519444445;kW;-128,76944444444445;cm;5,447682600716667;m3/s;5,447596770027777;m3/s;69,71219980433773;moh;1,0260648398916667;Mill.m3;-128,78004305555555;cm;97,91419794302777;mm;84,26158618836111;%;2,599999905;None;0;m3/s;80,16131687019444;%
2026-02-17 17:00:00.000;73,14559972222222;kVAr;2600;kW;0;None;2500;kW;5,5643258833347975;Bar;2665,574413611111;kW;-127,32222222222222;cm;5,475538338630556;m3/s;5,475561746036112;m3/s;69,72698416535867;moh;1,0288367928166666;Mill.m3;-127,30160611111111;cm;96,84956790180556;mm;84,12230828547223;%;2,599999905;None;0;m3/s;80,37787409841667;%
2026-02-17 18:00:00.000;82,04744333333333;kVAr;2600;kW;0;None;2500;kW;5,587135972776303;Bar;2666,9078108333333;kW;-121,65;cm;5,475811453638889;m3/s;5,475795847816667;m3/s;69,78373762104175;moh;1,0400507935777779;Mill.m3;-121,62591472222222;cm;92,54255936719444;mm;84,12094198777778;%;2,599999905;None;0;m3/s;81,25396637447223;%
2026-02-17 19:00:00.000;93,6125713888889;kVAr;2600;kW;0;None;2500;kW;5,599591377610324;Bar;2654,509992222222;kW;-116,02777777777777;cm;5,446956957686111;m3/s;5,446886734141666;m3/s;69,83991502744311;moh;1,051198693161111;Mill.m3;-116,00821055555555;cm;88,26093190611111;mm;84,26521591697222;%;2,599999905;None;0;m3/s;82,12489624027778;%
2026-02-17 20:00:00.000;93,13425694444445;kVAr;2600;kW;0;None;2500;kW;5,599999905;Bar;2656,581631111111;kW;-113,75555555555556;cm;5,450241887463887;m3/s;5,450148253863889;m3/s;69,86236504921506;moh;1,0558297820277778;Mill.m3;-113,76358555555555;cm;86,48223726652778;mm;84,24879016813888;%;2,599999905;None;0;m3/s;82,48670152202777;%
2026-02-17 21:00:00.000;76,17248972222222;kVAr;2600;kW;0;None;2500;kW;5,593261772512345;Bar;2669,3708702777776;kW;-116,55833333333334;cm;5,479634817397221;m3/s;5,479564593855554;m3/s;69,83429766068414;moh;1,0502581596805556;Mill.m3;-116,57051;cm;88,62217068244445;mm;84,10182520583334;%;2,599999905;None;0;m3/s;82,05141660733334;%
2026-02-17 22:00:00.000;106,35188111111111;kVAr;2600;kW;0;None;2500;kW;5,589258276315668;Bar;2674,653384722222;kW;-119,43611111111112;cm;5,481398129286111;m3/s;5,48135131315;m3/s;69,80553710267456;moh;1,0446101773444443;Mill.m3;-119,44636583333333;cm;90,79141705583334;mm;84,09301018175;%;2,599999905;None;0;m3/s;81,61016775952778;%
2026-02-17 23:00:00.000;77,50699694444444;kVAr;2600;kW;0;None;2500;kW;5,593703355426172;Bar;2661,0358686111113;kW;-122,325;cm;5,465995601772223;m3/s;5,465987797536112;m3/s;69,77663428834481;moh;1,0388681571555558;Mill.m3;-122,33661083333334;cm;92,99677770133333;mm;84,17002215811111;%;2,599999905;None;0;m3/s;81,161573664;%
2026-02-18 00:00:00.000;74,72335055555556;kVAr;2600;kW;0;None;2500;kW;5,581696477943827;Bar;2666,1784327777777;kW;-125,24166666666666;cm;5,473142904772222;m3/s;5,473205329377777;m3/s;69,74745524004035;moh;1,0330606468694445;Mill.m3;-125,25456555555556;cm;95,227294755;mm;84,13428503608333;%;2,599999905;None;0;m3/s;80,70786234683334;%
2026-02-18 01:00:00.000;97,09647416666667;kVAr;2600;kW;0;None;2500;kW;5,582873032381656;Bar;2651,3899469444445;kW;-128,0861111111111;cm;5,434300863694445;m3/s;5,43423844173889;m3/s;69,71901058047106;moh;1,0274510970250001;Mill.m3;-128,09888416666666;cm;97,38178267969444;mm;84,32849557647222;%;2,599999905;None;0;m3/s;80,26961561552778;%
2026-02-18 02:00:00.000;97,69571777777777;kVAr;2600;kW;0;None;2500;kW;5,56437013329276;Bar;2658,058558333333;kW;-131,01666666666668;cm;5,456203185133334;m3/s;5,456179777727779;m3/s;69,6897366676869;moh;1,021643140202778;Mill.m3;-131,02637833333333;cm;99,61246816336111;mm;84,2189836715;%;2,599999905;None;0;m3/s;79,81587115644444;%
2026-02-18 03:00:00.000;117,36366111111111;kVAr;2600;kW;0;None;2500;kW;5,561576274835816;Bar;2653,9506725;kW;-134,01111111111112;cm;5,446246865038888;m3/s;5,4463014854111105;m3/s;69,65973607857512;moh;1,0157366341194445;Mill.m3;-134,02678194444445;cm;101,881005565;mm;84,26876612655556;%;2,599999905;None;0;m3/s;79,35442555533334;%
2026-02-18 04:00:00.000;126,75964444444445;kVAr;2600;kW;0;None;2500;kW;5,556874918190998;Bar;2647,7594941666666;kW;-136,93333333333334;cm;5,427894757938889;m3/s;5,427863546297222;m3/s;69,63058335319889;moh;1,0099011117361112;Mill.m3;-136,94174388888888;cm;104,12228932972222;mm;84,36052523911111;%;2,599999905;None;0;m3/s;78,89852456297223;%
2026-02-18 05:00:00.000;145,87858;kVAr;2600;kW;0;None;2500;kW;5,533607273628618;Bar;2653,6593719444445;kW;-139,81666666666666;cm;5,448470622927778;m3/s;5,448478425838889;m3/s;69,60168653399056;moh;1,0042252424027778;Mill.m3;-139,83102861111112;cm;106,3022463111111;mm;84,25764687927777;%;2,599999905;None;0;m3/s;78,45509634958333;%
2026-02-18 06:00:00.000;159,7375622222222;kVAr;2600;kW;0;None;2500;kW;5,524452115659358;Bar;2655,5470725;kW;-142,73888888888888;cm;5,445903535686112;m3/s;5,445942548913889;m3/s;69,57248206157516;moh;0,9984176933824999;Mill.m3;-142,75201305555555;cm;108,53278454833334;mm;84,27048193530555;%;2,599999905;None;0;m3/s;78,00138227783333;%
2026-02-18 07:00:00.000;158,00191222222222;kVAr;2600;kW;0;None;2500;kW;5,53256141351107;Bar;2655,1204872222224;kW;-141,9777777777778;cm;5,443500283063889;m3/s;5,443500283063889;m3/s;69,58036136223203;moh;0,9998309291280556;Mill.m3;-141,96350361111112;cm;107,98999403388889;mm;84,28249852902778;%;2,599999905;None;0;m3/s;78,11179131366667;%
2026-02-18 08:00:00.000;181,8075313888889;kVAr;2600;kW;0;None;2500;kW;5,569179795390243;Bar;2646,008445277778;kW;-136,3138888888889;cm;5,330976880858334;m3/s;5,361173509166667;m3/s;69,63705372953794;moh;1,011045303511111;Mill.m3;-136,29443916666668;cm;103,68283256972222;mm;83,221324264;%;2,599999905;None;0;m3/s;78,98791434041667;%
2026-02-18 09:00:00.000;164,61802472222223;kVAr;2600;kW;0;None;2500;kW;5,584070142355511;Bar;2655,327280833333;kW;-130,58055555555555;cm;5,446800903472223;m3/s;5,446793100561112;m3/s;69,6944550071439;moh;1,022369039225;Mill.m3;-130,55426277777778;cm;99,33366596991667;mm;84,26599549122223;%;2,599999905;None;0;m3/s;79,87258220266666;%
2026-02-18 10:00:00.000;140,29997138888888;kVAr;2600;kW;0;None;2500;kW;5,596671185940063;Bar;2650,0493830555556;kW;-124,8861111111111;cm;5,434277444408334;m3/s;5,434246232766667;m3/s;69,75135622823223;moh;1,0336820854305555;Mill.m3;-124,86416722222222;cm;94,98861582077778;mm;84,32861279463889;%;2,599999905;None;0;m3/s;80,75641163666667;%
2026-02-18 11:00:00.000;122,61045555555556;kVAr;2600;kW;0;None;2500;kW;5,5974978240436455;Bar;2654,821477777778;kW;-122,13888888888889;cm;5,444296145466667;m3/s;5,444233723508333;m3/s;69,77856650967084;moh;1,0391595575944446;Mill.m3;-122,14329222222223;cm;92,88486512158333;mm;84,2785181485;%;2,599999905;None;0;m3/s;81,18433746469445;%
2026-02-18 12:00:00.000;123,9026413888889;kVAr;2600;kW;0;None;2500;kW;5,59683032467777;Bar;2651,7591044444443;kW;-123,42222222222222;cm;5,440223069997223;m3/s;5,440160648041667;m3/s;69,76577144569124;moh;1,0366517132916664;Mill.m3;-123,42293611111111;cm;93,84804816722222;mm;84,29888426488888;%;2,599999905;None;0;m3/s;80,98841376727778;%
2026-02-18 13:00:00.000;133,0332775;kVAr;2600;kW;0;None;2500;kW;5,581592394709373;Bar;2654,811619722222;kW;-124,575;cm;5,4460205779166655;m3/s;5,446004973422222;m3/s;69,7542415463856;moh;1,0343752715777779;Mill.m3;-124,57584972222222;cm;94,72239083444444;mm;84,26989659208333;%;2,599999905;None;0;m3/s;80,81056565283333;%
2026-02-18 14:00:00.000;121,99170388888889;kVAr;2600;kW;0;None;2500;kW;5,5735733189941685;Bar;2656,1593791666664;kW;-125,9888888888889;cm;5,449469387536111;m3/s;5,449438175897222;m3/s;69,74009887989499;moh;1,0315699457777778;Mill.m3;-125,98979;cm;95,79982293741666;mm;84,25265259286111;%;2,599999905;None;0;m3/s;80,59140356086111;%
2026-02-18 15:00:00.000;132,0209986111111;kVAr;2600;kW;0;None;2500;kW;5,572712069812355;Bar;2647,632103888889;kW;-127,38055555555556;cm;5,427325183791667;m3/s;5,427325183791667;m3/s;69,72618811593468;moh;1,0287933430833334;Mill.m3;-127,38147888888889;cm;96,8662693015;mm;84,3633737773611;%;2,599999905;None;0;m3/s;80,37447649216666;%
2026-02-18 16:00:00.000;127,81383805555555;kVAr;2600;kW;0;None;2500;kW;5,556446474153574;Bar;2655,2739547222222;kW;-128,55833333333334;cm;5,445770880888888;m3/s;5,44582549993611;m3/s;69,71438269844919;moh;1,026488422977778;Mill.m3;-128,56183944444444;cm;97,75151579111112;mm;84,27114503652778;%;2,599999905;None;0;m3/s;80,19440786383333;%
2026-02-18 17:00:00.000;112,14882888888889;kVAr;2600;kW;0;None;2500;kW;5,5625239128244495;Bar;2655,7299352777777;kW;-127,375;cm;5,449687823927778;m3/s;5,449836079225;m3/s;69,72640358074484;moh;1,028770830688889;Mill.m3;-127,359595;cm;96,8748998226389;mm;84,25159895138889;%;2,599999905;None;0;m3/s;80,37272167130556;%
2026-02-18 18:00:00.000;116,67172555555555;kVAr;2600;kW;0;None;2500;kW;5,592457439943126;Bar;2654,4185969444443;kW;-121,77222222222223;cm;5,4455211851083325;m3/s;5,4455211851083325;m3/s;69,78250249556336;moh;1,0398473142527778;Mill.m3;-121,74941277777778;cm;92,62071066747222;mm;84,27239356647222;%;2,599999905;None;0;m3/s;81,23806961969444;%
2026-02-18 19:00:00.000;119,61003694444445;kVAr;2600;kW;0;None;2500;kW;5,5997959051938;Bar;2657,032588611111;kW;-116,10277777777777;cm;5,4479166679305555;m3/s;5,4479400753361125;m3/s;69,83921294865213;moh;1,051072173688889;Mill.m3;-116,07872111111111;cm;88,30952523652778;mm;84,26041620016667;%;2,599999905;None;0;m3/s;82,11501193597222;%
2026-02-18 20:00:00.000;110,08952388888889;kVAr;2600;kW;0;None;2500;kW;5,599202933534901;Bar;2667,6551405555556;kW;-113,85277777777777;cm;5,477785526405555;m3/s;5,477793329313888;m3/s;69,8613750846302;moh;1,0555987464444445;Mill.m3;-113,86248611111111;cm;86,57097335569445;mm;84,11107273083333;%;2,599999905;None;0;m3/s;82,46865151919444;%
2026-02-18 21:00:00.000;105,5504225;kVAr;2600;kW;0;None;2500;kW;5,597276685364837;Bar;2672,5208677777778;kW;-116,79166666666667;cm;5,482958753888889;m3/s;5,482982161291667;m3/s;69,83196892794774;moh;1,0497907109555553;Mill.m3;-116,80322722222222;cm;88,80170570019445;mm;84,08520622258334;%;2,599999905;None;0;m3/s;82,01489732319445;%
2026-02-18 22:00:00.000;124,4407638888889;kVAr;2600;kW;0;None;2500;kW;5,595504714825989;Bar;2660,2022877777777;kW;-119,66388888888889;cm;5,461961615108332;m3/s;5,462102064844444;m3/s;69,80319926354143;moh;1,0440877121333332;Mill.m3;-119,680095;cm;90,99208350441667;mm;84,19019196888888;%;2,599999905;None;0;m3/s;81,56935026613888;%
2026-02-18 23:00:00.000;126,29820611111111;kVAr;2600;kW;0;None;2500;kW;5,591026802413346;Bar;2658,8626238888887;kW;-122,50833333333334;cm;5,458013421841667;m3/s;5,457911985330555;m3/s;69,77477896756989;moh;1,038444634;Mill.m3;-122,5219288888889;cm;93,15944090708334;mm;84,20993186058334;%;2,599999905;None;0;m3/s;81,12848559386111;%
2026-02-19 00:00:00.000;131,56564055555555;kVAr;2600;kW;0;None;2500;kW;5,589128693105439;Bar;2657,2228591666667;kW;-125,34722222222223;cm;5,454697216872221;m3/s;5,454705019780555;m3/s;69,7463941218874;moh;1,0328351320638889;Mill.m3;-125,36051722222223;cm;95,31390830411111;mm;84,22651399041666;%;2,599999905;None;0;m3/s;80,69024425233333;%
2026-02-19 01:00:00.000;134,56442694444445;kVAr;2600;kW;0;None;2500;kW;5,580225896007549;Bar;2654,338548611111;kW;-128,18333333333334;cm;5,447292436441668;m3/s;5,447105170569444;m3/s;69,71806103040342;moh;1,0272585634055555;Mill.m3;-128,19409194444444;cm;97,45572937827778;mm;84,26353789430556;%;2,599999905;None;0;m3/s;80,2545739888889;%
2026-02-19 02:00:00.000;139,95048916666667;kVAr;2600;kW;0;None;2500;kW;5,566946936400351;Bar;2654,188400277778;kW;-131,0361111111111;cm;5,444600465475001;m3/s;5,444600465475001;m3/s;69,68955662376752;moh;1,0215716527083334;Mill.m3;-131,04453722222223;cm;99,63992451025;mm;84,27699710019445;%;2,599999905;None;0;m3/s;79,81028635494444;%
2026-02-19 03:00:00.000;144,36719555555555;kVAr;2600;kW;0;None;2500;kW;5,55883347188593;Bar;2650,3484580555555;kW;-133,98055555555555;cm;5,432592056747222;m3/s;5,432638872883333;m3/s;69,6600820850663;moh;1,0157696458222223;Mill.m3;-133,9921511111111;cm;101,86832733444444;mm;84,33703918480556;%;2,599999905;None;0;m3/s;79,35700450258334;%
2026-02-19 04:00:00.000;157,116065;kVAr;2600;kW;0;None;2500;kW;5,551063534822933;Bar;2646,3985330555556;kW;-136,84722222222223;cm;5,425460285566666;m3/s;5,425351046144445;m3/s;69,63140911628166;moh;1,0100991164027777;Mill.m3;-136,85924222222224;cm;104,04623964972222;mm;84,37269694075;%;2,599999905;None;0;m3/s;78,91399379597222;%
2026-02-19 05:00:00.000;168,30251055555556;kVAr;2600;kW;0;None;2500;kW;5,538722407658125;Bar;2647,0011080555555;kW;-139,71944444444443;cm;5,426061146744443;m3/s;5,4261781903944435;m3/s;69,60269364900418;moh;1,0043847685916667;Mill.m3;-139,7305375;cm;106,24097623444445;mm;84,36969420130555;%;2,599999905;None;0;m3/s;78,46755936819444;%
2026-02-19 06:00:00.000;178,47507555555555;kVAr;2600;kW;0;None;2500;kW;5,531487275642616;Bar;2645,2686530555557;kW;-142,63611111111112;cm;5,420529006613888;m3/s;5,420614835977777;m3/s;69,57348944036333;moh;0,9986156761725;Mill.m3;-142,65096666666668;cm;108,45674440833334;mm;84,39735442413888;%;2,599999905;None;0;m3/s;78,01684960383334;%
2026-02-19 07:00:00.000;154,17633777777777;kVAr;2600;kW;0;None;2500;kW;5,522395173169008;Bar;2660,3886630555558;kW;-141,88055555555556;cm;5,458832665252778;m3/s;5,4588560726583335;m3/s;69,58137745048118;moh;0,9999629255897221;Mill.m3;-141,8622088888889;cm;107,93929747055556;mm;84,20583578888889;%;2,599999905;None;0;m3/s;78,12210345766667;%
2026-02-19 08:00:00.000;158,0331925;kVAr;2600;kW;0;None;2500;kW;5,565977437321377;Bar;2648,0826505555556;kW;-136,19444444444446;cm;5,4278089708638895;m3/s;5,427816772452778;m3/s;69,63829099281214;moh;1,0112103073916667;Mill.m3;-136,17078138888888;cm;103,61945923694445;mm;84,36095511172222;%;2,599999905;None;0;m3/s;79,00080524094444;%
2026-02-19 09:00:00.000;134,87383916666667;kVAr;2600;kW;0;None;2500;kW;5,587917610922635;Bar;2651,791895;kW;-130,44166666666666;cm;5,44041040994722;m3/s;5,440457224758331;m3/s;69,69576094942235;moh;1,0226220645694444;Mill.m3;-130,4235611111111;cm;99,23648710861112;mm;84,29794796847223;%;2,599999905;None;0;m3/s;79,89234932819444;%
2026-02-19 10:00:00.000;118,12399;kVAr;2600;kW;0;None;2500;kW;5,596439186160464;Bar;2656,6274716666667;kW;-124,72222222222223;cm;5,452965022391666;m3/s;5,4529104020194445;m3/s;69,75302214093277;moh;1,0339185420055554;Mill.m3;-124,69764027777778;cm;94,8977975638611;mm;84,23517466691666;%;2,599999905;None;0;m3/s;80,7748849651389;%
2026-02-19 11:00:00.000;105,37207583333333;kVAr;2600;kW;0;None;2500;kW;5,599373738928192;Bar;2652,4969605555557;kW;-121,94166666666666;cm;5,438888859794444;m3/s;5,438842043658333;m3/s;69,78053739801737;moh;1,039555628511111;Mill.m3;-121,94627805555555;cm;92,73274656575;mm;84,30555606469444;%;2,599999905;None;0;m3/s;81,21528076386112;%
2026-02-19 12:00:00.000;85,2542611111111;kVAr;2600;kW;0;None;2500;kW;5,594153716109439;Bar;2656,676756388889;kW;-123,36111111111111;cm;5,4539247220861125;m3/s;5,453963736636112;m3/s;69,76635630162126;moh;1,03677813375;Mill.m3;-123,36423222222223;cm;93,7994915;mm;84,23037552397223;%;2,599999905;None;0;m3/s;80,998290633;%
2026-02-19 13:00:00.000;122,1814836111111;kVAr;2600;kW;0;None;2500;kW;5,589885859052797;Bar;2656,038768611111;kW;-124,64166666666667;cm;5,452340776338889;m3/s;5,452340776338889;m3/s;69,75353199735238;moh;1,0342432513111113;Mill.m3;-124,64690972222222;cm;94,77309680777778;mm;84,23829498258333;%;2,599999905;None;0;m3/s;80,80025172883333;%
2026-02-19 14:00:00.000;125,72938111111111;kVAr;2600;kW;0;None;2500;kW;5,5838705869895335;Bar;2654,0760286111113;kW;-126,16388888888889;cm;5,442766827944444;m3/s;5,442852658633334;m3/s;69,73828854836572;moh;1,031240037375;Mill.m3;-126,17112805555556;cm;95,92653276908334;mm;84,28616578775;%;2,599999905;None;0;m3/s;80,56562934613889;%
2026-02-19 15:00:00.000;91,49264833333334;kVAr;2600;kW;0;None;2500;kW;5,571071710259591;Bar;2657,2053105555556;kW;-127,55555555555556;cm;5,451107974938887;m3/s;5,451053354563888;m3/s;69,7244063736123;moh;1,0284687930972223;Mill.m3;-127,55957638888889;cm;96,99092273641666;mm;84,2444601268889;%;2,599999905;None;0;m3/s;80,34912017852778;%
2026-02-19 16:00:00.000;83,42051083333334;kVAr;2600;kW;0;None;2500;kW;5,569198239817165;Bar;2653,3955822222224;kW;-128,80277777777778;cm;5,441097044911111;m3/s;5,441034622955556;m3/s;69,71189778402128;moh;1,0259933225972222;Mill.m3;-128,81027916666667;cm;97,94166355141667;mm;84,29451446577778;%;2,599999905;None;0;m3/s;80,15573028852778;%
2026-02-19 17:00:00.000;85,57676222222223;kVAr;2600;kW;0;None;2500;kW;5,560548192479162;Bar;2654,754555833333;kW;-131,00555555555556;cm;5,44619223406111;m3/s;5,446161023744443;m3/s;69,68983467553267;moh;1,0216431123861112;Mill.m3;-131,0166413888889;cm;99,61247782719444;mm;84,26903849747222;%;2,599999905;None;0;m3/s;79,81586924911112;%
2026-02-19 18:00:00.000;89,26589027777777;kVAr;2600;kW;0;None;2500;kW;5,554024670898736;Bar;2650,9224786111113;kW;-133,89444444444445;cm;5,437351691625;m3/s;5,437312677077778;m3/s;69,66092884988288;moh;1,0159400922472224;Mill.m3;-133,90731666666667;cm;101,80286219166666;mm;84,31324083597222;%;2,599999905;None;0;m3/s;79,37032086902778;%
2026-02-19 19:00:00.000;90,49428722222223;kVAr;2600;kW;0;None;2500;kW;5,544039902606496;Bar;2654,9787877777776;kW;-136,81944444444446;cm;5,444725305488889;m3/s;5,4446394747972215;m3/s;69,63174886339023;moh;1,0101595740555556;Mill.m3;-136,82528305555556;cm;104,02301848527777;mm;84,27637265519445;%;2,599999905;None;0;m3/s;78,91871719647222;%
2026-02-19 20:00:00.000;111,84126305555556;kVAr;2600;kW;0;None;2500;kW;5,53806457494973;Bar;2644,0616827777776;kW;-139,68055555555554;cm;5,414552105808334;m3/s;5,414536499986111;m3/s;69,60306647870847;moh;1,004489286986111;Mill.m3;-139,69297333333333;cm;106,20083373111112;mm;84,42723973505555;%;2,599999905;None;0;m3/s;78,47572483375;%
2026-02-19 21:00:00.000;109,20868472222222;kVAr;2600;kW;0;None;2500;kW;5,525208226052165;Bar;2641,7120875;kW;-142,66666666666666;cm;5,409293128469443;m3/s;5,409293128469443;m3/s;69,57321622119261;moh;0,9985771485569443;Mill.m3;-142,6782961111111;cm;108,47154172444445;mm;84,45353457255555;%;2,599999905;None;0;m3/s;78,01383965922223;%
2026-02-19 22:00:00.000;119,01108666666667;kVAr;2600;kW;0;None;2500;kW;5,521507090679357;Bar;2639,4523925;kW;-145,60555555555555;cm;5,403643894261112;m3/s;5,4036907117222235;m3/s;69,54381824779495;moh;0,992775157063889;Mill.m3;-145,61843638888888;cm;110,69994091638888;mm;84,48178020061111;%;2,599999905;None;0;m3/s;77,56055878363888;%
2026-02-19 23:00:00.000;117,22046833333333;kVAr;2600;kW;0;None;2500;kW;5,51046379561494;Bar;2633,7008675;kW;-148,41944444444445;cm;5,387476576780555;m3/s;5,387445363816666;m3/s;69,51570768812232;moh;0,9871981422272222;Mill.m3;-148,42929583333333;cm;112,84192584388889;mm;84,56261726027778;%;2,599999905;None;0;m3/s;77,12485565852778;%
2026-02-20 00:00:00.000;117,32888611111112;kVAr;2600;kW;0;None;2500;kW;5,51331882068044;Bar;2630,8716725;kW;-151,34166666666667;cm;5,384706583272224;m3/s;5,38473779491389;m3/s;69,48646276247247;moh;0,9814236362575;Mill.m3;-151,35378555555556;cm;115,05976793833334;mm;84,57646761886112;%;2,599999905;None;0;m3/s;76,67372317697222;%
2026-02-20 01:00:00.000;119,69047472222222;kVAr;2600;kW;0;None;2500;kW;5,506429855002744;Bar;2625,9243519444444;kW;-154,11111111111111;cm;5,361524637549999;m3/s;5,361501228819443;m3/s;69,45877028825889;moh;0,9759125977772223;Mill.m3;-154,1228888888889;cm;117,17642786805555;mm;84,69237736661111;%;2,599999905;None;0;m3/s;76,24317190383333;%
2026-02-20 02:00:00.000;120,00038388888889;kVAr;2600;kW;0;None;2500;kW;5,50621941075822;Bar;2622,1056944444445;kW;-156,9611111111111;cm;5,354416366341666;m3/s;5,354283719513888;m3/s;69,43031206507881;moh;0,9702646432786111;Mill.m3;-156,9689527777778;cm;119,34566666777778;mm;84,72791764980556;%;2,599999905;None;0;m3/s;75,80192483119444;%
2026-02-20 03:00:00.000;94,99857694444445;kVAr;2600;kW;0;None;2500;kW;5,5;Bar;2635,7892141666666;kW;-159,7861111111111;cm;5,39378900136111;m3/s;5,393726579402777;m3/s;69,40198049003007;moh;0,9646551595608334;Mill.m3;-159,80217666666667;cm;121,50012773722223;mm;84,53105525969444;%;2,599999905;None;0;m3/s;75,36368459183333;%
2026-02-20 04:00:00.000;95,61037972222222;kVAr;2600;kW;0;None;2500;kW;5,5;Bar;2634,484085833333;kW;-162,76944444444445;cm;5,389122949858333;m3/s;5,389169765997222;m3/s;69,37217923365645;moh;0,9587811137536112;Mill.m3;-162,7821775;cm;123,75620163333333;mm;84,55438546191667;%;2,599999905;None;0;m3/s;74,90477457994444;%
2026-02-20 05:00:00.000;109,39083666666667;kVAr;2600;kW;0;None;2500;kW;5,5;Bar;2624,5845766666666;kW;-165,59722222222223;cm;5,363288096572221;m3/s;5,36337392593611;m3/s;69,34398784755506;moh;0,9532040503158333;Mill.m3;-165,601275;cm;125,89820477722222;mm;84,68355922605555;%;2,599999905;None;0;m3/s;74,46906852966669;%
2026-02-20 06:00:00.000;107,75116638888889;kVAr;2600;kW;0;None;2500;kW;5,5;Bar;2626,8860194444446;kW;-168,425;cm;5,368625156047223;m3/s;5,368640761866667;m3/s;69,31563432119795;moh;0,9475615885677777;Mill.m3;-168,43669777777777;cm;128,06533941444445;mm;84,65687408483333;%;2,599999905;None;0;m3/s;74,02824916736111;%
2026-02-20 07:00:00.000;129,14132166666667;kVAr;2600;kW;0;None;2500;kW;5,5;Bar;2613,9869119444443;kW;-167,65277777777777;cm;5,333497157408335;m3/s;5,333645407405556;m3/s;69,32374253350581;moh;0,9489804908691667;Mill.m3;-167,62505916666666;cm;127,5203690838889;mm;84,83251450775;%;2,599999905;None;0;m3/s;74,13910236416666;%
2026-02-20 08:00:00.000;104,11101611111111;kVAr;2600;kW;0;None;2500;kW;5,5;Bar;2631,2658194444443;kW;-161,79444444444445;cm;5,377738757961112;m3/s;5,377746562191667;m3/s;69,3822695341962;moh;0,960618151071111;Mill.m3;-161,77283277777778;cm;123,05064199416667;mm;84,61130642266667;%;2,599999905;None;0;m3/s;75,04829292294444;%
2026-02-20 09:00:00.000;91,42596083333333;kVAr;2600;kW;0;None;2500;kW;5,5;Bar;2643,8786647222223;kW;-156,1888888888889;cm;5,4130462023611114;m3/s;5,412835530405555;m3/s;69,43833897429495;moh;0,9717109645455555;Mill.m3;-156,16604611111111;cm;118,79016938333334;mm;84,43476950266667;%;2,599999905;None;0;m3/s;75,91491972541667;%
2026-02-20 10:00:00.000;93,85801833333333;kVAr;2600;kW;0;None;2500;kW;5,500895526927025;Bar;2645,934586388889;kW;-150,5388888888889;cm;5,422315855791667;m3/s;5,422378277750001;m3/s;69,4948233352619;moh;0,982913987996389;Mill.m3;-150,5175786111111;cm;114,48736225555555;mm;84,38842091063889;%;2,599999905;None;0;m3/s;76,79015611047222;%
2026-02-20 11:00:00.000;102,56462972222222;kVAr;2600;kW;0;None;2500;kW;5,507674770486738;Bar;2644,7933575;kW;-147,55277777777778;cm;5,417064572677779;m3/s;5,417087981408334;m3/s;69,52448041321107;moh;0,9888311922633333;Mill.m3;-147,55139944444446;cm;112,21471178;mm;84,41467613680555;%;2,599999905;None;0;m3/s;77,25243810233333;%
2026-02-20 12:00:00.000;103,40861194444444;kVAr;2600;kW;0;None;2500;kW;5,507002243347862;Bar;2637,0853758333333;kW;-148,79166666666666;cm;5,39617663898611;m3/s;5,396270272583333;m3/s;69,51201280363958;moh;0,986400930603611;Mill.m3;-148,79924055555554;cm;113,14811321722222;mm;84,51911674122222;%;2,599999905;None;0;m3/s;77,06257388166667;%
2026-02-20 13:00:00.000;91,78735805555556;kVAr;2600;kW;0;None;2500;kW;5,5;Bar;2642,5543694444445;kW;-150,11944444444444;cm;5,410159134880556;m3/s;5,41021375525;m3/s;69,49873905243719;moh;0,9838158746800001;Mill.m3;-150,12599166666666;cm;114,14097695333334;mm;84,44920363947222;%;2,599999905;None;0;m3/s;76,86061299333333;%
2026-02-20 14:00:00.000;87,90108833333333;kVAr;2600;kW;0;None;2500;kW;5,5;Bar;2642,113705;kW;-151,36666666666667;cm;5,4089575093;m3/s;5,409035535750001;m3/s;69,48632280183874;moh;0,9813079853466665;Mill.m3;-151,36759027777777;cm;115,10418114666666;mm;84,45521244491667;%;2,599999905;None;0;m3/s;76,66468988933333;%
2026-02-20 15:00:00.000;77,91722583333333;kVAr;2600;kW;0;None;2500;kW;5,5;Bar;2645,7605955555555;kW;-152,55277777777778;cm;5,421441937844445;m3/s;5,421480949747223;m3/s;69,4744353881534;moh;0,978971069361389;Mill.m3;-152,55685666666668;cm;116,00174119;mm;84,39279060408333;%;2,599999905;None;0;m3/s;76,48211578852778;%
2026-02-20 16:00:00.000;87,26049055555555;kVAr;2600;kW;0;None;2500;kW;5,5;Bar;2633,932854722222;kW;-150,6638888888889;cm;5,389427261944444;m3/s;5,389481880991666;m3/s;69,49354733056593;moh;0,9826390276311111;Mill.m3;-150,64534583333332;cm;114,59296843888889;mm;84,55286388369444;%;2,599999905;None;0;m3/s;76,76867459652777;%
2026-02-20 17:00:00.000;77,31720694444445;kVAr;2600;kW;0;None;2500;kW;5,5;Bar;2638,596900277778;kW;-144,69444444444446;cm;5,402660705038888;m3/s;5,4027153240861105;m3/s;69,55329002259982;moh;0,9944084601155554;Mill.m3;-144,67067666666668;cm;110,0726291625;mm;84,48669647586111;%;2,599999905;None;0;m3/s;77,68816134127778;%
2026-02-20 18:00:00.000;76,45224777777777;kVAr;2600;kW;0;None;2500;kW;5,5002045275834766;Bar;2641,4882013888887;kW;-138,6638888888889;cm;5,408512765936111;m3/s;5,40864541408611;m3/s;69,61357555177797;moh;1,0063592357850002;Mill.m3;-138,64213527777778;cm;105,48263512472222;mm;84,45743613727778;%;2,599999905;None;0;m3/s;78,62181464386111;%
2026-02-20 19:00:00.000;73,31286888888889;kVAr;2600;kW;0;None;2500;kW;5,507411409625822;Bar;2645,4011308333334;kW;-132,6611111111111;cm;5,420794349197224;m3/s;5,420794347872223;m3/s;69,67365392094494;moh;1,018277391725;Mill.m3;-132,63444972222223;cm;100,90516502330556;mm;84,39602879452778;%;2,599999905;None;0;m3/s;79,55292260944445;%
2026-02-20 20:00:00.000;79,12272916666667;kVAr;2600;kW;0;None;2500;kW;5,513923458994925;Bar;2637,648746111111;kW;-129,87222222222223;cm;5,400117033102778;m3/s;5,400015596591668;m3/s;69,70122921991212;moh;1,02384282325;Mill.m3;-129,87710361111112;cm;98,7676194505;mm;84,49941455022223;%;2,599999905;None;0;m3/s;79,98772138016666;%
2026-02-20 21:00:00.000;61,9990475;kVAr;2600;kW;0;None;2500;kW;5,501404498665725;Bar;2649,025416111111;kW;-131,9638888888889;cm;5,4325608266888885;m3/s;5,432443785683334;m3/s;69,68023603819277;moh;1,0197622982222225;Mill.m3;-131,97636888888889;cm;100,33484854205555;mm;84,33719546088889;%;2,599999905;None;0;m3/s;79,66893253522223;%
2026-02-20 22:00:00.000;71,3998736111111;kVAr;2600;kW;0;None;2500;kW;5,507108965468699;Bar;2647,009157777778;kW;-134,03333333333333;cm;5,422526515752779;m3/s;5,422542121572223;m3/s;69,65960925749371;moh;1,0156707614027778;Mill.m3;-134,03939027777778;cm;101,90631034055555;mm;84,38736714180556;%;2,599999905;None;0;m3/s;79,34927851130556;%
2026-02-20 23:00:00.000;60,86675888888889;kVAr;2600;kW;0;None;2500;kW;5,5;Bar;2654,3601258333333;kW;-136,04444444444445;cm;5,441892928419442;m3/s;5,441885125508333;m3/s;69,63947388034278;moh;1,0116774505277777;Mill.m3;-136,0525311111111;cm;103,44002902083334;mm;84,29053454997222;%;2,599999905;None;0;m3/s;79,03730360819445;%
2026-02-21 00:00:00.000;48,25353972222222;kVAr;2600;kW;0;None;2500;kW;5,5;Bar;2658,8406983333334;kW;-138,11388888888888;cm;5,449898577922222;m3/s;5,449882973427778;m3/s;69,61879473779479;moh;1,0075475169111112;Mill.m3;-138,120865;cm;105,02625373;mm;84,25050652880556;%;2,599999905;None;0;m3/s;78,71464727372222;%
2026-02-21 01:00:00.000;60,29123416666667;kVAr;2600;kW;0;None;2500;kW;5,5;Bar;2645,7080827777777;kW;-140,2888888888889;cm;5,4199515369444455;m3/s;5,419974945675;m3/s;69,59699010216613;moh;1,0032900903638888;Mill.m3;-140,30093472222222;cm;106,66141529;mm;84,40024151247222;%;2,599999905;None;0;m3/s;78,3820377128611;%
2026-02-21 02:00:00.000;69,24934722222223;kVAr;2600;kW;0;None;2500;kW;5,5;Bar;2635,0040475;kW;-142,70555555555555;cm;5,390496257975;m3/s;5,390621101888889;m3/s;69,57288548644244;moh;0,9984783010508334;Mill.m3;-142,7115186111111;cm;108,50950529833334;mm;84,5475190058611;%;2,599999905;None;0;m3/s;78,00611799244444;%
2026-02-21 03:00:00.000;57,01339;kVAr;2600;kW;0;None;2500;kW;5,5;Bar;2642,9821569444443;kW;-145,04722222222222;cm;5,413350500163889;m3/s;5,413272472386111;m3/s;69,54944647766581;moh;0,9938586141941667;Mill.m3;-145,0553688888889;cm;110,28381341861112;mm;84,43324830808334;%;2,599999905;None;0;m3/s;77,64520352413889;%
2026-02-21 04:00:00.000;51,97353916666667;kVAr;2600;kW;0;None;2500;kW;5,5;Bar;2645,506853888889;kW;-147,41666666666666;cm;5,418024302930557;m3/s;5,417969683883335;m3/s;69,52571829813971;moh;0,9891723212308333;Mill.m3;-147,42787416666667;cm;112,08369354722223;mm;84,40987843341667;%;2,599999905;None;0;m3/s;77,27908859430555;%
2026-02-21 05:00:00.000;62,28694888888889;kVAr;2600;kW;0;None;2500;kW;5,5;Bar;2638,4564819444445;kW;-149,87222222222223;cm;5,402676294905555;m3/s;5,402613871622222;m3/s;69,50120824739852;moh;0,9842889446502777;Mill.m3;-149,8790422222222;cm;113,95927837444444;mm;84,48661808458333;%;2,599999905;None;0;m3/s;76,8975734068889;%
2026-02-21 06:00:00.000;62,02300722222222;kVAr;2600;kW;0;None;2500;kW;5,5;Bar;2633,8857725;kW;-152,24166666666667;cm;5,388849873116665;m3/s;5,3887796469249984;m3/s;69,47747602430302;moh;0,9796308729080556;Mill.m3;-152,25253722222223;cm;115,74832475;mm;84,55575048641667;%;2,599999905;None;0;m3/s;76,53366353786112;%
2026-02-21 07:00:00.000;60,79943;kVAr;2600;kW;0;None;2500;kW;5,5;Bar;2631,299912777778;kW;-151,11388888888888;cm;5,378074318897224;m3/s;5,378089923391667;m3/s;69,4890450972423;moh;0,9817480852161111;Mill.m3;-151,09516166666666;cm;114,9351584788889;mm;84,60962795622223;%;2,599999905;None;0;m3/s;76,69906985019445;%
2026-02-21 08:00:00.000;44,57719916666667;kVAr;2600;kW;0;None;2500;kW;5,5;Bar;2646,837265;kW;-144,97222222222223;cm;5,421410739502777;m3/s;5,42152778051111;m3/s;69,55048554209765;moh;0,9939244285125;Mill.m3;-144,9515311111111;cm;110,25853298694445;mm;84,39294571416667;%;2,599999905;None;0;m3/s;77,65034643816666;%
2026-02-21 09:00:00.000;53,79192888888889;kVAr;2600;kW;0;None;2500;kW;5,5;Bar;2646,437534722222;kW;-138,8111111111111;cm;5,421636958861111;m3/s;5,421636958861111;m3/s;69,61212228230826;moh;1,0060622344527776;Mill.m3;-138,78738611111112;cm;105,5967067386111;mm;84,39181459205555;%;2,599999905;None;0;m3/s;78,59861115444444;%
2026-02-21 10:00:00.000;57,68938277777778;kVAr;2600;kW;0;None;2500;kW;5,502510719837037;Bar;2645,0295494444445;kW;-132,71666666666667;cm;5,4185315053277785;m3/s;5,418531505327778;m3/s;69,67308894716523;moh;1,0181729014805556;Mill.m3;-132,69092472222223;cm;100,94529771513889;mm;84,40734276261111;%;2,599999905;None;0;m3/s;79,54475903002778;%
2026-02-21 11:00:00.000;46,369886666666666;kVAr;2600;kW;0;None;2500;kW;5,5032683302284156;Bar;2651,169531388889;kW;-129,42777777777778;cm;5,437609273883333;m3/s;5,437663892930556;m3/s;69,70572270543731;moh;1,0246950929027776;Mill.m3;-129,42760805555557;cm;98,44027538358333;mm;84,31195430819444;%;2,599999905;None;0;m3/s;80,05430694147222;%
2026-02-21 12:00:00.000;46,93973472222222;kVAr;2600;kW;0;None;2500;kW;5,501052165667108;Bar;2649,8401105555554;kW;-130,38888888888889;cm;5,434901677250001;m3/s;5,434878269844445;m3/s;69,6959717777001;moh;1,0228858824999996;Mill.m3;-130,40282611111112;cm;99,135164133;mm;84,32549215947222;%;2,599999905;None;0;m3/s;79,91295801933333;%
2026-02-21 13:00:00.000;47,99672833333333;kVAr;2600;kW;0;None;2500;kW;5,500205860915543;Bar;2651,9581758333334;kW;-131,39166666666668;cm;5,438342666566667;m3/s;5,438327062072222;m3/s;69,68603897929599;moh;1,0208350002222222;Mill.m3;-131,3966352777778;cm;99,92286013805555;mm;84,30828654016666;%;2,599999905;None;0;m3/s;79,75273492916666;%
2026-02-21 14:00:00.000;51,77892277777778;kVAr;2600;kW;0;None;2500;kW;5,502268136734157;Bar;2638,6597513888887;kW;-132,28055555555557;cm;5,400686645516666;m3/s;5,400600814830556;m3/s;69,67712972360376;moh;1,0190636566444444;Mill.m3;-132,2876363888889;cm;100,60316983111112;mm;84,49656660355555;%;2,599999905;None;0;m3/s;79,61435417805555;%
2026-02-21 15:00:00.000;37,81312916666667;kVAr;2600;kW;0;None;2500;kW;5,500452527347877;Bar;2645,210853888889;kW;-133,275;cm;5,41992037833889;m3/s;5,4197253095527795;m3/s;69,6672309920775;moh;1,0170838130416664;Mill.m3;-133,27683972222223;cm;101,36358936055555;mm;84,40039776775;%;2,599999905;None;0;m3/s;79,45967396294445;%
2026-02-21 16:00:00.000;-0,42673194444444446;kVAr;2600;kW;0;None;2500;kW;5,5008056381235315;Bar;2648,1945113888887;kW;-131,25555555555556;cm;5,426061194377779;m3/s;5,425928547552777;m3/s;69,68764084507113;moh;1,0210821534722223;Mill.m3;-131,23547305555556;cm;99,82792703247222;mm;84,36969473041667;%;2,599999905;None;0;m3/s;79,77204443613888;%
2026-02-21 17:00:00.000;-9,238939444444444;kVAr;2600;kW;0;None;2500;kW;5,509447379913871;Bar;2655,329756388889;kW;-125,29444444444445;cm;5,447947838530555;m3/s;5,448064879536111;m3/s;69,74730759112576;moh;1,0328901820972223;Mill.m3;-125,2690536111111;cm;95,29276735577778;mm;84,26026039102777;%;2,599999905;None;0;m3/s;80,69454373166667;%
2026-02-21 18:00:00.000;1,6665158333333334;kVAr;2600;kW;0;None;2500;kW;5,546492122499109;Bar;2656,0418291666665;kW;-119,34444444444445;cm;5,451466867575001;m3/s;5,451466867575001;m3/s;69,80674464319134;moh;1,0446321646666668;Mill.m3;-119,32522805555556;cm;90,78297275727778;mm;84,24266473983333;%;2,599999905;None;0;m3/s;81,61188577066666;%
2026-02-21 19:00:00.000;30,536153333333335;kVAr;2600;kW;0;None;2500;kW;5,58806511078251;Bar;2645,0744055555556;kW;-113,33611111111111;cm;5,420419690447224;m3/s;5,420427493355557;m3/s;69,86689440497273;moh;1,0565498962611108;Mill.m3;-113,31044972222222;cm;86,20566654236112;mm;84,39790094272222;%;2,599999905;None;0;m3/s;82,54295931897222;%
2026-02-21 20:00:00.000;26,745199166666666;kVAr;2600;kW;0;None;2500;kW;5,598704322897471;Bar;2647,0556405555553;kW;-107,31666666666666;cm;5,424633244752776;m3/s;5,424719074113888;m3/s;69,92705514619423;moh;1,068429530938889;Mill.m3;-107,29428055555556;cm;81,64298587475;mm;84,37683304738889;%;2,599999905;None;0;m3/s;83,47105852697223;%
2026-02-21 21:00:00.000;24,93040361111111;kVAr;2600;kW;0;None;2500;kW;5,599359266719718;Bar;2663,6432080555555;kW;-101,24166666666666;cm;5,467384498624999;m3/s;5,467329879577776;m3/s;69,98782775691791;moh;1,0804684559194444;Mill.m3;-101,21711416666666;cm;77,01912947847222;mm;84,16307663513889;%;2,599999905;None;0;m3/s;84,41160081233333;%
2026-02-21 22:00:00.000;39,65994805555555;kVAr;2600;kW;0;None;2500;kW;5,599999905;Bar;2658,993947777778;kW;-98,57222222222222;cm;5,454026183799999;m3/s;5,453924747291665;m3/s;70,01419127579585;moh;1,0858909674694446;Mill.m3;-98,58099277777778;cm;74,93648120166667;mm;84,2298687835;%;2,599999905;None;0;m3/s;84,8352368675;%
2026-02-21 23:00:00.000;34,82183305555556;kVAr;2600;kW;0;None;2500;kW;5,599999905;Bar;2663,3962116666667;kW;-100,94166666666666;cm;5,467298661336112;m3/s;5,4672596481083335;m3/s;69,99052595204085;moh;1,0811723376527778;Mill.m3;-100,94751861111111;cm;76,7487861205;mm;84,16350638061111;%;2,599999905;None;0;m3/s;84,46658948163889;%
2026-02-22 00:00:00.000;16,011575833333332;kVAr;2600;kW;0;None;2500;kW;5,593042689387138;Bar;2672,5096425;kW;-103,44166666666666;cm;5,487289277675;m3/s;5,487289277675;m3/s;69,96546509204353;moh;1,0762281298555556;Mill.m3;-103,45352;cm;78,6477359361111;mm;84,06355338833333;%;2,599999905;None;0;m3/s;84,08032508705556;%
2026-02-22 01:00:00.000;34,73679027777778;kVAr;2600;kW;0;None;2500;kW;5,597423240781167;Bar;2659,559689722222;kW;-106,03611111111111;cm;5,46158703425;m3/s;5,461563625519445;m3/s;69,93956685424321;moh;1,0711023623388891;Mill.m3;-106,04334361111111;cm;80,61641746008333;mm;84,19206449747222;%;2,599999905;None;0;m3/s;83,67987331630556;%
2026-02-22 02:00:00.000;29,66919972222222;kVAr;2600;kW;0;None;2500;kW;5,592836161805562;Bar;2657,4684361111113;kW;-108,575;cm;5,452395408625;m3/s;5,452543659944445;m3/s;69,91417778717192;moh;1,0660592540861114;Mill.m3;-108,58256444444444;cm;82,55334875480555;mm;84,23802223186111;%;2,599999905;None;0;m3/s;83,28587977230555;%
2026-02-22 03:00:00.000;5,575407222222222;kVAr;2600;kW;0;None;2500;kW;5,578556730926589;Bar;2671,6328525;kW;-111,06111111111112;cm;5,484729982774999;m3/s;5,484729982774999;m3/s;69,88930330773694;moh;1,0611421691416667;Mill.m3;-111,06936444444445;cm;84,44188768455555;mm;84,07634961886112;%;2,599999905;None;0;m3/s;82,90173119155556;%
2026-02-22 04:00:00.000;8,75361;kVAr;2600;kW;0;None;2500;kW;5,567492574770883;Bar;2664,2996527777777;kW;-113,76666666666667;cm;5,471488787052777;m3/s;5,47149658863611;m3/s;69,86221667573523;moh;1,0558022261166666;Mill.m3;-113,77844222222222;cm;86,49282180091667;mm;84,14255521575;%;2,599999905;None;0;m3/s;82,48454852813889;%
2026-02-22 05:00:00.000;4,711805277777778;kVAr;2600;kW;0;None;2500;kW;5,554669948063501;Bar;2662,8205825;kW;-116,30555555555556;cm;5,468913794933333;m3/s;5,468882583291666;m3/s;69,8368045727018;moh;1,0507860978472223;Mill.m3;-116,31937805555556;cm;88,41940350144445;mm;84,1554306865;%;2,599999905;None;0;m3/s;82,092661623;%
2026-02-22 06:00:00.000;33,921508333333335;kVAr;2600;kW;0;None;2500;kW;5,564912521666379;Bar;2641,394244722222;kW;-118,92222222222222;cm;5,408801468272221;m3/s;5,408801466947221;m3/s;69,81069425903077;moh;1,0456000158194445;Mill.m3;-118,93068777777778;cm;90,4112456835;mm;84,45599257172222;%;2,599999905;None;0;m3/s;81,68749834797222;%
2026-02-22 07:00:00.000;6,727015555555556;kVAr;2600;kW;0;None;2500;kW;5,54475456859423;Bar;2664,1095605555556;kW;-117,89166666666667;cm;5,469506865097222;m3/s;5,469452246047222;m3/s;69,82127176640384;moh;1,0475414211166665;Mill.m3;-117,87213833333334;cm;89,66560045805555;mm;84,15246535411111;%;2,599999905;None;0;m3/s;81,83917100702777;%
2026-02-22 08:00:00.000;5,712254166666667;kVAr;2600;kW;0;None;2500;kW;5,572078348192175;Bar;2668,4278808333333;kW;-112,025;cm;5,474695648108335;m3/s;5,474648830647222;m3/s;69,87995829686258;moh;1,059096454272222;Mill.m3;-112,0041525;cm;85,22759236263889;mm;84,12652136397222;%;2,599999905;None;0;m3/s;82,7419102346389;%
2026-02-22 09:00:00.000;7,145597777777778;kVAr;2600;kW;0;None;2500;kW;5,593389466835478;Bar;2666,374223888889;kW;-106,04166666666667;cm;5,475585201041667;m3/s;5,4755773981305556;m3/s;69,93981840203264;moh;1,0709758507194445;Mill.m3;-106,017735;cm;80,66500767630555;mm;84,12207306705555;%;2,599999905;None;0;m3/s;83,66998920513889;%
2026-02-22 10:00:00.000;-3,9398547222222224;kVAr;2600;kW;0;None;2500;kW;5,591717968423403;Bar;2675,671135277778;kW;-100,08888888888889;cm;5,490714712877777;m3/s;5,490722515786111;m3/s;69,99932457728043;moh;1,082717825297222;Mill.m3;-100,06749527777778;cm;76,15520223058333;mm;84,04638705975;%;2,599999905;None;0;m3/s;84,58733321269445;%
2026-02-22 11:00:00.000;21,552044444444444;kVAr;2600;kW;0;None;2500;kW;5,599999905;Bar;2658,225140833333;kW;-96,9888888888889;cm;5,457506212730555;m3/s;5,457521818549999;m3/s;70,03013650946778;moh;1,088981732036111;Mill.m3;-96,986265;cm;73,7493930795;mm;84,21246854955555;%;2,599999905;None;0;m3/s;85,07669841130554;%
2026-02-22 12:00:00.000;-1,7894222222222222;kVAr;2600;kW;0;None;2500;kW;5,59793932362422;Bar;2669,3490094444446;kW;-97,99166666666666;cm;5,464910936380556;m3/s;5,464864120244445;m3/s;70,01999735943538;moh;1,087039980713889;Mill.m3;-98,00016972222222;cm;74,49518159125;mm;84,1754455373889;%;2,599999905;None;0;m3/s;84,92500123316667;%
2026-02-22 13:00:00.000;7,629353333333333;kVAr;2600;kW;0;None;2500;kW;5,594036632887336;Bar;2681,327125;kW;-99,13333333333334;cm;5,490472708905556;m3/s;5,490472708905556;m3/s;70,00862899048073;moh;1,0847364812027778;Mill.m3;-99,13717;cm;75,379881905;mm;84,04763739158334;%;2,599999905;None;0;m3/s;84,74504457733333;%
2026-02-22 14:00:00.000;-0,4593613888888889;kVAr;2600;kW;0;None;2500;kW;5,597060630014536;Bar;2678,1224897222223;kW;-100,30833333333334;cm;5,481608945788889;m3/s;5,481499707694445;m3/s;69,99686613783032;moh;1,0824206523472222;Mill.m3;-100,31331916666667;cm;76,26934032594444;mm;84,09195393438888;%;2,599999905;None;0;m3/s;84,56411461102778;%
2026-02-22 15:00:00.000;0,5372008333333333;kVAr;2600;kW;0;None;2500;kW;5,5900018033870955;Bar;2674,2796144444446;kW;-101,44444444444444;cm;5,4908550606611115;m3/s;5,4908550606611115;m3/s;69,98551289475499;moh;1,0801769228055556;Mill.m3;-101,44905583333333;cm;77,13110086388889;mm;84,04572546358334;%;2,599999905;None;0;m3/s;84,38882181361112;%
2026-02-22 16:00:00.000;9,93301638888889;kVAr;2600;kW;0;None;2500;kW;5,598169212294715;Bar;2668,0505913888887;kW;-99,66388888888889;cm;5,477925982786113;m3/s;5,477894771144445;m3/s;70,00350926235964;moh;1,083581239686111;Mill.m3;-99,64883861111112;cm;75,82358642197222;mm;84,11037004377778;%;2,599999905;None;0;m3/s;84,65478699983333;%
2026-02-22 17:00:00.000;-0,9705430555555555;kVAr;2600;kW;0;None;2500;kW;5,599795127416761;Bar;2681,641433611111;kW;-93,8;cm;5,494381905;m3/s;5,494381905;m3/s;70,06221248918001;moh;1,0952242124777778;Mill.m3;-93,77858527777778;cm;71,35182107155556;mm;84,02809143;%;2,599999905;None;0;m3/s;85,56439308530555;%
2026-02-22 18:00:00.000;-4,774263888888889;kVAr;2600;kW;0;None;2500;kW;5,599999905;Bar;2687,2228408333335;kW;-87,93611111111112;cm;5,494381905;m3/s;5,494381905;m3/s;70,12089187669551;moh;1,1068010922972225;Mill.m3;-87,91055833333333;cm;66,9054373636389;mm;84,02809143;%;2,599999905;None;0;m3/s;86,46883519527778;%
2026-02-22 19:00:00.000;-5,383640833333334;kVAr;2600;kW;0;None;2500;kW;5,599999905;Bar;2684,656641388889;kW;-82,02777777777777;cm;5,495965895391667;m3/s;5,495965895391667;m3/s;70,17994859504836;moh;1,1184882258305555;Mill.m3;-82,0049986111111;cm;62,416711215027775;mm;84,02017121019445;%;2,599999905;None;0;m3/s;87,38189103852778;%
2026-02-22 20:00:00.000;-12,293774722222222;kVAr;2600;kW;0;None;2500;kW;5,599999905;Bar;2692,171996111111;kW;-76,07777777777778;cm;5,497190952;m3/s;5,497190952;m3/s;70,2394119861222;moh;1,1303071566194445;Mill.m3;-76,05848583333334;cm;57,87734897288889;mm;84,01404572;%;2,599999905;None;0;m3/s;88,30524667013889;%
2026-02-22 21:00:00.000;-18,8404375;kVAr;2600;kW;0;None;2500;kW;5,599999905;Bar;2695,7421330555558;kW;-70,1361111111111;cm;5,497190952;m3/s;5,497190952;m3/s;70,29888401337195;moh;1,1420544851055556;Mill.m3;-70,11158583333334;cm;53,36548942091667;mm;84,01404572;%;2,599999905;None;0;m3/s;89,22300639683333;%
2026-02-22 22:00:00.000;-2,53958;kVAr;2600;kW;0;None;2500;kW;5,599999905;Bar;2693,4729147222224;kW;-67,43888888888888;cm;5,497190952;m3/s;5,497190952;m3/s;70,3255261977122;moh;1,1474994129416667;Mill.m3;-67,4474425;cm;51,27422136591667;mm;84,01404572;%;2,599999905;None;0;m3/s;89,64839254969445;%
2026-02-22 23:00:00.000;2,3601888888888887;kVAr;2600;kW;0;None;2500;kW;5,599999905;Bar;2690,911794722222;kW;-69,85277777777777;cm;5,497190952;m3/s;5,497190952;m3/s;70,30140239388486;moh;1,1427145549194444;Mill.m3;-69,85993;cm;53,11197080908333;mm;84,01404572;%;2,599999905;None;0;m3/s;89,27457682466667;%
2026-02-23 00:00:00.000;-4,811985277777778;kVAr;2600;kW;0;None;2500;kW;5,599999905;Bar;2694,1863569444445;kW;-72,22222222222223;cm;5,497190952;m3/s;5,497190952;m3/s;70,27764093114669;moh;1,1380339067166667;Mill.m3;-72,23598638888889;cm;54,90970164461111;mm;84,01404572;%;2,599999905;None;0;m3/s;88,90889608413889;%
2026-02-23 01:00:00.000;0,8663358333333333;kVAr;2600;kW;0;None;2500;kW;5,599999905;Bar;2689,0828672222224;kW;-74,80555555555556;cm;5,497190952;m3/s;5,497190952;m3/s;70,25186601035189;moh;1,1329140292916666;Mill.m3;-74,81331944444445;cm;56,87611352044444;mm;84,01404572;%;2,599999905;None;0;m3/s;88,50890852688889;%
2026-02-23 02:00:00.000;-0,03021722222222222;kVAr;2600;kW;0;None;2500;kW;5,599999905;Bar;2688,2757330555555;kW;-77,09444444444445;cm;5,497190952;m3/s;5,497190952;m3/s;70,22895629679988;moh;1,1283879255555556;Mill.m3;-77,10486861111112;cm;58,614474388666665;mm;84,01404572;%;2,599999905;None;0;m3/s;88,1553088051111;%
2026-02-23 03:00:00.000;2,2136494444444446;kVAr;2600;kW;0;None;2500;kW;5,599999905;Bar;2683,112745277778;kW;-79,49166666666666;cm;5,4897627166694445;m3/s;5,4897627166694445;m3/s;70,20500786526885;moh;1,1236466488166668;Mill.m3;-79,49927277777778;cm;60,43549395958333;mm;84,05118666975;%;2,599999905;None;0;m3/s;87,78489121447222;%
2026-02-23 04:00:00.000;-6,651911388888889;kVAr;2600;kW;0;None;2500;kW;5,599999905;Bar;2687,8065313888887;kW;-81,875;cm;5,490293234016667;m3/s;5,490293234016667;m3/s;70,1811619077599;moh;1,1188897319250002;Mill.m3;-81,88388277777777;cm;62,26250217561111;mm;84,04853488452778;%;2,599999905;None;0;m3/s;87,41325969588888;%
2026-02-23 05:00:00.000;1,5424302777777779;kVAr;2600;kW;0;None;2500;kW;5,599999905;Bar;2680,1397169444444;kW;-84,23611111111111;cm;5,491198333200001;m3/s;5,491167122883334;m3/s;70,15755719301045;moh;1,114264684438889;Mill.m3;-84,24483611111111;cm;64,03886389908334;mm;84,04400965766666;%;2,599999905;None;0;m3/s;87,05192684530556;%
2026-02-23 06:00:00.000;2,9403455555555555;kVAr;2600;kW;0;None;2500;kW;5,599999905;Bar;2679,881228333333;kW;-86,81666666666666;cm;5,488990251424999;m3/s;5,489037067563888;m3/s;70,1317353218566;moh;1,1091274199166667;Mill.m3;-86,82660527777777;cm;66,01195464505555;mm;84,05504888016667;%;2,599999905;None;0;m3/s;86,650580048;%
2026-02-23 07:00:00.000;-3,8079358333333335;kVAr;2600;kW;0;None;2500;kW;5,599999905;Bar;2685,505907222222;kW;-85,79166666666667;cm;5,488748204505556;m3/s;5,488748204505556;m3/s;70,1422397366286;moh;1,111036132361111;Mill.m3;-85,77586055555555;cm;65,27886882186111;mm;84,05626087055558;%;2,599999905;None;0;m3/s;86,7996977488611;%
2026-02-23 08:00:00.000;5,5270319444444445;kVAr;2600;kW;0;None;2500;kW;5,599999905;Bar;2681,368998888889;kW;-79,7;cm;5,488763809;m3/s;5,488763809;m3/s;70,20321455584745;moh;1,123108002975;Mill.m3;-79,67857388888889;cm;60,642367640083336;mm;84,05618286;%;2,599999905;None;0;m3/s;87,7428119231111;%
2026-02-23 09:00:00.000;7,358084722222222;kVAr;2600;kW;0;None;2500;kW;5,599999905;Bar;2686,9102583333333;kW;-73,51666666666667;cm;5,488763809;m3/s;5,488763809;m3/s;70,26507427761145;moh;1,1353777488861112;Mill.m3;-73,49232166666667;cm;55,92986238277778;mm;84,05618286;%;2,599999905;None;0;m3/s;88,70138558169444;%
2026-02-23 10:00:00.000;11,275704444444445;kVAr;2600;kW;0;None;2500;kW;5,599999905;Bar;2688,533161388889;kW;-67,36666666666666;cm;5,488763809;m3/s;5,488763809;m3/s;70,32656310306918;moh;1,1475211383194444;Mill.m3;-67,3432925;cm;51,26588355113889;mm;84,05618286;%;2,599999905;None;0;m3/s;89,65008996313888;%
2026-02-23 11:00:00.000;13,36826861111111;kVAr;2600;kW;0;None;2500;kW;5,599999905;Bar;2692,3668133333335;kW;-64;cm;5,488763809;m3/s;5,488763809;m3/s;70,36000061;moh;1,154286027;Mill.m3;-64;cm;48,66765213;mm;84,05618286;%;2,599999905;None;0;m3/s;90,1785965;%
2026-02-23 12:00:00.000;10,571890833333333;kVAr;2600;kW;0;None;2500;kW;5,599999905;Bar;2694,3120055555555;kW;-64,775;cm;5,488763809;m3/s;5,488763809;m3/s;70,35220856508138;moh;1,1527732940138888;Mill.m3;-64,77907916666666;cm;49,24866098486111;mm;84,05618286;%;2,599999905;None;0;m3/s;90,06041611319445;%
2026-02-23 13:00:00.000;4,5387297222222225;kVAr;2600;kW;0;None;2500;kW;5,599999905;Bar;2690,889593888889;kW;-65,71944444444445;cm;5,488763809;m3/s;5,488763809;m3/s;70,3427723950627;moh;1,1508920049777778;Mill.m3;-65,72251;cm;49,97122745141667;mm;84,05618286;%;2,599999905;None;0;m3/s;89,91343724686111;%
2026-02-23 14:00:00.000;3,3623172222222224;kVAr;2600;kW;0;None;2500;kW;5,599999905;Bar;2693,714663888889;kW;-66,625;cm;5,488763809;m3/s;5,488763809;m3/s;70,33370519295914;moh;1,149110608625;Mill.m3;-66,62958555555555;cm;50,65540666216667;mm;84,05618286;%;2,599999905;None;0;m3/s;89,77426734327777;%
2026-02-23 15:00:00.000;-2,9525747222222223;kVAr;2600;kW;0;None;2500;kW;5,599999905;Bar;2694,725247777778;kW;-67,54444444444445;cm;5,488763809;m3/s;5,488763809;m3/s;70,3245065737112;moh;1,1472958817111112;Mill.m3;-67,54939833333333;cm;51,3523934145;mm;84,05618286;%;2,599999905;None;0;m3/s;89,63249102669444;%
2026-02-23 16:00:00.000;3,049253333333333;kVAr;2600;kW;0;None;2500;kW;5,599999905;Bar;2694,903463611111;kW;-65,60833333333333;cm;5,488763809;m3/s;5,488763809;m3/s;70,3440636829192;moh;1,1510575587083332;Mill.m3;-65,59355305555556;cm;49,90762921263889;mm;84,05618286;%;2,599999905;None;0;m3/s;89,92637299394444;%
2026-02-23 17:00:00.000;1,0088755555555555;kVAr;2600;kW;0;None;2500;kW;5,599999905;Bar;2699,7691333333332;kW;-59,577777777777776;cm;5,488763809;m3/s;5,488763809;m3/s;70,40452027630812;moh;1,1630030366833333;Mill.m3;-59,547784166666666;cm;45,319669522805555;mm;84,05618286;%;2,599999905;None;0;m3/s;90,85961333436111;%
2026-02-23 18:00:00.000;-3,7969175;kVAr;2600;kW;0;None;2500;kW;5,599999905;Bar;2700,1936452777777;kW;-53,391666666666666;cm;5,488763809;m3/s;5,488763809;m3/s;70,4662551049304;moh;1,1752070010694446;Mill.m3;-53,3740375;cm;40,63244176272222;mm;84,05618286;%;2,599999905;None;0;m3/s;91,8130472183611;%
2026-02-23 19:00:00.000;-12,412228333333333;kVAr;2600;kW;0;None;2500;kW;5,599999905;Bar;2703,8316422222224;kW;-47,26111111111111;cm;5,488763809;m3/s;5,488763809;m3/s;70,52762010989717;moh;1,1873504225499998;Mill.m3;-47,23757916666667;cm;35,968463622444446;mm;84,05618286;%;2,599999905;None;0;m3/s;92,7617494575;%
2026-02-23 20:00:00.000;-13,765876666666667;kVAr;2600;kW;0;None;2500;kW;5,599999905;Bar;2707,8680916666667;kW;-41,172222222222224;cm;5,488763809;m3/s;5,488763809;m3/s;70,58857586169667;moh;1,1994277196472223;Mill.m3;-41,142310555555554;cm;31,32986889872222;mm;84,05618286;%;2,599999905;None;0;m3/s;93,70528996811112;%
2026-02-23 21:00:00.000;0,08284833333333333;kVAr;2600;kW;0;None;2500;kW;5,599999905;Bar;2707,3423766666665;kW;-38,38055555555555;cm;5,488763809;m3/s;5,488763809;m3/s;70,61615347921007;moh;1,205010439311111;Mill.m3;-38,384842222222225;cm;29,185685194555557;mm;84,05618286;%;2,599999905;None;0;m3/s;94,14143916019444;%
2026-02-23 22:00:00.000;12,40235888888889;kVAr;2600;kW;0;None;2500;kW;5,599999905;Bar;2704,648657222222;kW;-40,65833333333333;cm;5,488763809;m3/s;5,488763809;m3/s;70,59330076759962;moh;1,20053288555;Mill.m3;-40,66991027777778;cm;30,90540002363889;mm;84,05618286;%;2,599999905;None;0;m3/s;93,79163114980555;%
2026-02-23 23:00:00.000;2,0936869444444444;kVAr;2600;kW;0;None;2500;kW;5,599999905;Bar;2712,3221725;kW;-42,95;cm;5,488763809;m3/s;5,488763809;m3/s;70,57038642526189;moh;1,1960069565916667;Mill.m3;-42,96118777777778;cm;32,64370042141667;mm;84,05618286;%;2,599999905;None;0;m3/s;93,43804391155555;%
2026-02-24 00:00:00.000;-1,5783188888888888;kVAr;2600;kW;0;None;2500;kW;5,599999905;Bar;2715,229102222222;kW;-45,28611111111111;cm;5,488763809;m3/s;5,488763809;m3/s;70,5470469683594;moh;1,1913544619027778;Mill.m3;-45,29539777777778;cm;34,43060827277778;mm;84,05618286;%;2,599999905;None;0;m3/s;93,07456588763888;%
2026-02-24 01:00:00.000;5,238871666666666;kVAr;2600;kW;0;None;2500;kW;5,599999905;Bar;2706,4584016666668;kW;-47,84444444444444;cm;5,488763809;m3/s;5,488763809;m3/s;70,52146992142528;moh;1,18631068085;Mill.m3;-47,85299305555556;cm;36,367800629083334;mm;84,05618286;%;2,599999905;None;0;m3/s;92,68052096783333;%
2026-02-24 02:00:00.000;13,306503611111111;kVAr;2600;kW;0;None;2500;kW;5,599999905;Bar;2702,2561;kW;-50,175;cm;5,488763809;m3/s;5,488763809;m3/s;70,4982207193154;moh;1,1817186026416666;Mill.m3;-50,1778175;cm;38,13150184261111;mm;84,05618286;%;2,599999905;None;0;m3/s;92,32176341902777;%
2026-02-24 03:00:00.000;18,205323611111112;kVAr;2600;kW;0;None;2500;kW;5,599999905;Bar;2702,9435930555555;kW;-52,638888888888886;cm;5,488763809;m3/s;5,488763809;m3/s;70,47345326330233;moh;1,1768297570777777;Mill.m3;-52,65506555555555;cm;40,009188916;mm;84,05618286;%;2,599999905;None;0;m3/s;91,93982349169444;%
2026-02-24 04:00:00.000;30,981930555555557;kVAr;2600;kW;0;None;2500;kW;5,599999905;Bar;2700,9388211111113;kW;-55,05;cm;5,488763809;m3/s;5,488763809;m3/s;70,44942553699792;moh;1,1720169509722222;Mill.m3;-55,0574375;cm;41,85765676277778;mm;84,05618286;%;2,599999905;None;0;m3/s;91,56382547797222;%
2026-02-24 05:00:00.000;30,669394722222222;kVAr;2600;kW;0;None;2500;kW;5,599999905;Bar;2701,8524538888887;kW;-57,522222222222226;cm;5,488763809;m3/s;5,488763809;m3/s;70,42466858027468;moh;1,1671608099416666;Mill.m3;-57,533164722222224;cm;43,72277212216667;mm;84,05618286;%;2,599999905;None;0;m3/s;91,18443974594445;%
2026-02-24 06:00:00.000;46,88699305555556;kVAr;2600;kW;0;None;2500;kW;5,599999905;Bar;2696,602691111111;kW;-60,00833333333333;cm;5,488763809;m3/s;5,488763809;m3/s;70,39983600840061;moh;1,1622168530222223;Mill.m3;-60,016528055555554;cm;45,62162400444444;mm;84,05618286;%;2,599999905;None;0;m3/s;90,79819229908334;%
2026-02-24 07:00:00.000;51,0643975;kVAr;2600;kW;0;None;2500;kW;5,599999905;Bar;2697,1062880555555;kW;-59,080555555555556;cm;5,488763809;m3/s;5,488763809;m3/s;70,40939596870734;moh;1,1639710946;Mill.m3;-59,06028666666667;cm;44,94786302822222;mm;84,05618286;%;2,599999905;None;0;m3/s;90,93524237769445;%
2026-02-24 08:00:00.000;49,237095833333335;kVAr;2600;kW;0;None;2500;kW;5,599999905;Bar;2702,1593536111113;kW;-53,208333333333336;cm;5,488763809;m3/s;5,488763809;m3/s;70,46813329557267;moh;1,175547982327778;Mill.m3;-53,186411944444444;cm;40,50147933783333;mm;84,05618286;%;2,599999905;None;0;m3/s;91,83968635141666;%
2026-02-24 09:00:00.000;52,543976111111114;kVAr;2600;kW;0;None;2500;kW;5,599999905;Bar;2703,492925277778;kW;-47,24722222222222;cm;5,488763809;m3/s;5,488763809;m3/s;70,52776248005914;moh;1,1873889542972222;Mill.m3;-47,223399722222226;cm;35,953664578638886;mm;84,05618286;%;2,599999905;None;0;m3/s;92,76475974102777;%
2026-02-24 10:00:00.000;47,201234722222225;kVAr;2600;kW;0;None;2500;kW;5,605594677406788;Bar;2705,8059241666665;kW;-41,30555555555556;cm;5,488763809;m3/s;5,488763809;m3/s;70,5871563119293;moh;1,199103159438889;Mill.m3;-41,28389194444444;cm;31,454523631583335;mm;84,05618286;%;2,599999905;None;0;m3/s;93,6799339508889;%
2026-02-24 11:00:00.000;38,26896111111111;kVAr;2600;kW;0;None;2500;kW;5,607861758563724;Bar;2711,4585994444446;kW;-38,077777777777776;cm;5,488763809;m3/s;5,488763809;m3/s;70,61918685876996;moh;1,2056375355777778;Mill.m3;-38,08161333333334;cm;28,94483000988889;mm;84,05618286;%;2,599999905;None;0;m3/s;94,19043271536111;%
2026-02-24 12:00:00.000;8,463811944444444;kVAr;2600;kW;0;None;2500;kW;5,604692900494721;Bar;2712,0655991666667;kW;-39,047222222222224;cm;3,5676964758499996;m3/s;3,598189608122222;m3/s;70,60840608828981;moh;1,2001483623444444;Mill.m3;-39,159416388888886;cm;29,686428185055554;mm;54,87000825583334;%;2,5927776830416662;None;0;m3/s;93,76158652758333;%
2026-02-24 13:00:00.000;5,943655277777777;kVAr;2600;kW;0;None;2500;kW;5,607755703109983;Bar;2711,5886294444445;kW;-40,24166666666667;cm;0;m3/s;0;m3/s;70,59756014519185;moh;1,2013468482444443;Mill.m3;-40,243786666666665;cm;30,592786536555554;mm;0;%;2,599999905;None;0;m3/s;93,85522128369445;%
2026-02-24 14:00:00.000;38,74784638888889;kVAr;2600;kW;0;None;2500;kW;5,600406265721004;Bar;2710,5018355555558;kW;-41,333333333333336;cm;0;m3/s;0;m3/s;70,58662669095351;moh;1,199163437;Mill.m3;-41,33729972222222;cm;31,431360876666666;mm;0;%;2,599999905;None;0;m3/s;93,68464406666666;%
2026-02-24 15:00:00.000;42,61660138888889;kVAr;2600;kW;0;None;2500;kW;5,6004054879439735;Bar;2709,559437222222;kW;-42,35;cm;0;m3/s;0;m3/s;70,57649150117258;moh;1,197123656013889;Mill.m3;-42,35106972222222;cm;32,2148093645;mm;0;%;2,599999905;None;0;m3/s;93,52528428119444;%
2026-02-24 16:00:00.000;45,55020916666667;kVAr;2600;kW;0;None;2500;kW;5,601025570682025;Bar;2710,9062125;kW;-41,9;cm;0;m3/s;0;m3/s;70,58105031863442;moh;1,198036310125;Mill.m3;-41,89485;cm;31,864272693305555;mm;0;%;2,599999905;None;0;m3/s;93,59658633555556;%
2026-02-24 17:00:00.000;36,786078055555556;kVAr;2600;kW;0;None;2500;kW;5,601016348468658;Bar;2717,676718333333;kW;-39,65833333333333;cm;0;m3/s;0;m3/s;70,6034937412727;moh;1,2024250258527776;Mill.m3;-39,65042138888889;cm;30,17868464011111;mm;0;%;2,599999905;None;0;m3/s;93,939452532;%
2026-02-24 18:00:00.000;48,02483194444444;kVAr;2600;kW;0;None;2500;kW;5,609244451680783;Bar;2709,233765;kW;-37,18333333333333;cm;0;m3/s;0;m3/s;70,62817094065507;moh;1,2073639270583334;Mill.m3;-37,18349861111111;cm;28,281776210222223;mm;0;%;2,599999905;None;0;m3/s;94,3253052798889;%
2026-02-24 19:00:00.000;43,57555972222222;kVAr;2600;kW;0;None;2500;kW;5,613180642346482;Bar;2713,3149130555557;kW;-34,952777777777776;cm;0;m3/s;0;m3/s;70,65070931531356;moh;1,2117255185388889;Mill.m3;-34,92939277777778;cm;26,606588926555556;mm;0;%;2,599999905;None;0;m3/s;94,66605638063889;%
2026-02-24 20:00:00.000;47,232303055555555;kVAr;2600;kW;0;None;2500;kW;5,6159648341181;Bar;2716,605716388889;kW;-32,705555555555556;cm;0;m3/s;0;m3/s;70,67314883780271;moh;1,2161965346888886;Mill.m3;-32,68489638888889;cm;24,889387865666666;mm;0;%;2,599999905;None;0;m3/s;95,01535544761111;%
2026-02-24 21:00:00.000;52,376958611111114;kVAr;2600;kW;0;None;2500;kW;5,621999272769475;Bar;2719,0064525;kW;-32,49722222222222;cm;0;m3/s;0;m3/s;70,67484176739825;moh;1,2166530135166669;Mill.m3;-32,51611555555556;cm;24,714065555166666;mm;0;%;2,599999905;None;0;m3/s;95,051017887;%
2026-02-24 22:00:00.000;76,18308277777778;kVAr;2600;kW;0;None;2500;kW;5,616524805802746;Bar;2714,9715175;kW;-34,97222222222222;cm;0;m3/s;0;m3/s;70,65018534555627;moh;1,211879542261111;Mill.m3;-34,98202;cm;26,547431512777777;mm;0;%;2,599999905;None;0;m3/s;94,6780897158611;%
2026-02-24 23:00:00.000;72,52303472222222;kVAr;2600;kW;0;None;2500;kW;5,613628225250133;Bar;2714,8514233333335;kW;-37,40833333333333;cm;0;m3/s;0;m3/s;70,62582609895031;moh;1,2069734266083332;Mill.m3;-37,418220833333336;cm;28,431758349861113;mm;0;%;2,599999905;None;0;m3/s;94,2947968353889;%
2026-02-25 00:00:00.000;73,70756777777778;kVAr;2600;kW;0;None;2500;kW;5,611049088837216;Bar;2714,061921666667;kW;-39,55;cm;0;m3/s;0;m3/s;70,60440115669958;moh;1,2027330871444442;Mill.m3;-39,55976777777778;cm;30,060369812555557;mm;0;%;2,599999905;None;0;m3/s;93,96351952036112;%
2026-02-25 01:00:00.000;67,224295;kVAr;2600;kW;0;None;2500;kW;5,602881791122276;Bar;2713,7860152777776;kW;-41,138888888888886;cm;0;m3/s;0;m3/s;70,58853717230274;moh;1,1996364223861107;Mill.m3;-41,15328083333333;cm;31,24970337175;mm;0;%;2,599999905;None;0;m3/s;93,72159563997222;%
2026-02-25 02:00:00.000;75,76531194444445;kVAr;2600;kW;0;None;2500;kW;5,6008161542164006;Bar;2716,6763775;kW;-42,71388888888889;cm;0;m3/s;0;m3/s;70,57285044805376;moh;1,196496549513889;Mill.m3;-42,715175277777774;cm;32,455664265;mm;0;%;2,599999905;None;0;m3/s;93,47629250402778;%
2026-02-25 03:00:00.000;86,33394583333333;kVAr;2600;kW;0;None;2500;kW;5,601453320271386;Bar;2707,837752222222;kW;-44,27777777777778;cm;0;m3/s;0;m3/s;70,55710004339235;moh;1,1933725914305555;Mill.m3;-44,29016444444444;cm;33,655484299;mm;0;%;2,599999905;None;0;m3/s;93,23223582233334;%
2026-02-25 04:00:00.000;77,34743666666667;kVAr;2600;kW;0;None;2500;kW;5,599999905;Bar;2708,829215;kW;-45,791666666666664;cm;0;m3/s;0;m3/s;70,54197046331132;moh;1,1903590455972226;Mill.m3;-45,80311416666667;cm;34,81293005283333;mm;0;%;2,599999905;None;0;m3/s;92,99679739316667;%
2026-02-25 05:00:00.000;73,27231694444444;kVAr;2600;kW;0;None;2500;kW;5,599999905;Bar;2705,9750594444445;kW;-47,475;cm;0;m3/s;0;m3/s;70,52518137507334;moh;1,1870034937972223;Mill.m3;-47,48189388888889;cm;36,1017083815;mm;0;%;2,599999905;None;0;m3/s;92,73464722072222;%
2026-02-25 06:00:00.000;72,54768527777777;kVAr;2600;kW;0;None;2500;kW;5,599999905;Bar;2704,191479166667;kW;-48,983333333333334;cm;0;m3/s;0;m3/s;70,51012508988352;moh;1,1840286917777778;Mill.m3;-48,987735;cm;37,24425744022222;mm;0;%;2,599999905;None;0;m3/s;92,50223880022222;%
2026-02-25 07:00:00.000;65,54887611111111;kVAr;2600;kW;0;None;2500;kW;5,599999905;Bar;2706,3870094444446;kW;-48,46388888888889;cm;0;m3/s;0;m3/s;70,51546709606458;moh;1,1850349311222226;Mill.m3;-48,45330722222222;cm;36,85778598858333;mm;0;%;2,599999905;None;0;m3/s;92,58085176477778;%
2026-02-25 08:00:00.000;62,42625944444445;kVAr;2600;kW;0;None;2500;kW;5,599999905;Bar;2704,1472586111113;kW;-45,16111111111111;cm;0;m3/s;0;m3/s;70,54845644168849;moh;1,1915577988;Mill.m3;-45,15456361111111;cm;34,35251002941666;mm;0;%;2,599999905;None;0;m3/s;93,09045236386112;%
2026-02-25 09:00:00.000;50,853519166666665;kVAr;2600;kW;0;None;2500;kW;5,607464647833839;Bar;2708,2017258333335;kW;-41,95;cm;0;m3/s;0;m3/s;70,58066284518276;moh;1,197931713875;Mill.m3;-41,94282944444444;cm;31,904445662944443;mm;0;%;2,599999905;None;0;m3/s;93,58841521061112;%
2026-02-25 10:00:00.000;57,72419861111111;kVAr;2600;kW;0;None;2500;kW;5,6040282066883815;Bar;2711,2537361111113;kW;-38,66388888888889;cm;0;m3/s;0;m3/s;70,61358961736374;moh;1,2043941299527776;Mill.m3;-38,640855;cm;29,422400213527776;mm;0;%;2,599999905;None;0;m3/s;94,09328909836111;%
2026-02-25 11:00:00.000;45,566537777777775;kVAr;2600;kW;0;None;2500;kW;5,602938013290525;Bar;2711,2226133333334;kW;-37,452777777777776;cm;0;m3/s;0;m3/s;70,62545406123999;moh;1,2068909138055555;Mill.m3;-37,45455194444445;cm;28,463449821527778;mm;0;%;2,599999905;None;0;m3/s;94,2883503136111;%
2026-02-25 12:00:00.000;37,23190861111111;kVAr;2600;kW;0;None;2500;kW;5,600606265529004;Bar;2710,539877222222;kW;-39;cm;0;m3/s;0;m3/s;70,60987272708334;moh;1,203899268572222;Mill.m3;-39,012524166666665;cm;29,612463679666668;mm;0;%;2,599999905;None;0;m3/s;94,0546272478611;%
2026-02-25 13:00:00.000;43,538713055555554;kVAr;2600;kW;0;None;2500;kW;5,600410682383431;Bar;2705,5996883333332;kW;-40,583333333333336;cm;0;m3/s;0;m3/s;70,5940984172005;moh;1,2006536998444446;Mill.m3;-40,589895;cm;30,858994898555554;mm;0;%;2,599999905;None;0;m3/s;93,80107051219444;%
2026-02-25 14:00:00.000;40,75275888888889;kVAr;2600;kW;0;None;2500;kW;5,599999905;Bar;2712,9044830555554;kW;-42,205555555555556;cm;0;m3/s;0;m3/s;70,57785726737308;moh;1,1974591000555554;Mill.m3;-42,21482666666667;cm;32,08597116902778;mm;0;%;2,599999905;None;0;m3/s;93,55149089180556;%
2026-02-25 15:00:00.000;33,653034444444444;kVAr;2600;kW;0;None;2500;kW;5,599999905;Bar;2713,0903172222224;kW;-43,7;cm;0;m3/s;0;m3/s;70,56293660452131;moh;1,1944777486500002;Mill.m3;-43,706316111111114;cm;33,2310201685;mm;0;%;2,599999905;None;0;m3/s;93,3185768105;%
2026-02-25 16:00:00.000;32,955505;kVAr;2600;kW;0;None;2500;kW;5,599999905;Bar;2713,9324444444446;kW;-43,625;cm;0;m3/s;0;m3/s;70,56384547834499;moh;1,1946098580527778;Mill.m3;-43,615898333333334;cm;33,18028457808333;mm;0;%;2,599999905;None;0;m3/s;93,3288971985;%
2026-02-25 17:00:00.000;39,22302;kVAr;2600;kW;0;None;2500;kW;5,599999905;Bar;2709,4854983333335;kW;-41,43333333333333;cm;0;m3/s;0;m3/s;70,58581413934414;moh;1,1989436259916668;Mill.m3;-41,41877972222222;cm;31,515790867222222;mm;0;%;2,599999905;None;0;m3/s;93,6674705748889;%
2026-02-25 18:00:00.000;39,136019166666664;kVAr;2600;kW;0;None;2500;kW;5,599999905;Bar;2710,8143444444445;kW;-39,09722222222222;cm;0;m3/s;0;m3/s;70,60911971053935;moh;1,203508706425;Mill.m3;-39,088545277777776;cm;29,762469978888888;mm;0;%;2,599999905;None;0;m3/s;94,02411518030556;%
2026-02-25 19:00:00.000;32,908118611111114;kVAr;2600;kW;0;None;2500;kW;5,599999905;Bar;2711,0641294444445;kW;-36,76111111111111;cm;0;m3/s;0;m3/s;70,63247008503433;moh;1,2081612597138889;Mill.m3;-36,75319861111111;cm;27,975542894083333;mm;0;%;2,599999905;None;0;m3/s;94,38759676533333;%
2026-02-25 20:00:00.000;30,487921944444444;kVAr;2600;kW;0;None;2500;kW;5,60020065480728;Bar;2714,890513611111;kW;-34,46111111111111;cm;0;m3/s;0;m3/s;70,65548304096735;moh;1,2127155994888887;Mill.m3;-34,45126388888889;cm;26,226320353555554;mm;0;%;2,599999905;None;0;m3/s;94,74340712330556;%
2026-02-25 21:00:00.000;32,54595472222222;kVAr;2600;kW;0;None;2500;kW;5,599999905;Bar;2714,548587222222;kW;-33,81388888888889;cm;0;m3/s;0;m3/s;70,66181448254386;moh;1,2140465421666666;Mill.m3;-33,81888333333333;cm;25,715137929666668;mm;0;%;2,599999905;None;0;m3/s;94,84738782233333;%
2026-02-25 22:00:00.000;36,77466472222222;kVAr;2600;kW;0;None;2500;kW;5,599999905;Bar;2712,2710152777777;kW;-35,4;cm;0;m3/s;0;m3/s;70,64597651313389;moh;1,2109224186944445;Mill.m3;-35,402570833333336;cm;26,915042888444443;mm;0;%;2,599999905;None;0;m3/s;94,60331313086111;%
2026-02-25 23:00:00.000;32,99879861111111;kVAr;2600;kW;0;None;2500;kW;5,599999905;Bar;2711,973283888889;kW;-36,77777777777778;cm;0;m3/s;0;m3/s;70,63219141718146;moh;1,208150059269444;Mill.m3;-36,780568055555555;cm;27,979848955583332;mm;0;%;2,599999905;None;0;m3/s;94,386720401;%
2026-02-26 00:00:00.000;35,19530694444445;kVAr;2600;kW;0;None;2500;kW;5,599999905;Bar;2709,9634288888888;kW;-38,455555555555556;cm;0;m3/s;0;m3/s;70,61538467871858;moh;1,2048838443999998;Mill.m3;-38,46167444444445;cm;29,234309386583334;mm;0;%;2,599999905;None;0;m3/s;94,13154818013889;%
2026-02-26 01:00:00.000;28,57721777777778;kVAr;2600;kW;0;None;2500;kW;5,599999905;Bar;2710,0427408333335;kW;-40,44444444444444;cm;0;m3/s;0;m3/s;70,59557461976166;moh;1,2009342579277777;Mill.m3;-40,442566666666664;cm;30,75124389488889;mm;0;%;2,599999905;None;0;m3/s;93,82298855444445;%
2026-02-26 02:00:00.000;29,799785;kVAr;2600;kW;0;None;2500;kW;5,599999905;Bar;2708,7667688888887;kW;-42,125;cm;0;m3/s;0;m3/s;70,57876809957413;moh;1,1976240221388892;Mill.m3;-42,12294527777778;cm;32,02262691269444;mm;0;%;2,599999905;None;0;m3/s;93,56437566763888;%
2026-02-26 03:00:00.000;25,573425;kVAr;2600;kW;0;None;2500;kW;5,599999905;Bar;2707,3934830555554;kW;-43,30277777777778;cm;0;m3/s;0;m3/s;70,56702197810465;moh;1,1952973406888885;Mill.m3;-43,29793138888889;cm;32,916246608583336;mm;0;%;2,599999905;None;0;m3/s;93,38260614313889;%
2026-02-26 04:00:00.000;22,263469444444443;kVAr;2600;kW;0;None;2500;kW;5,599999905;Bar;2709,1232780555556;kW;-44,047222222222224;cm;0;m3/s;0;m3/s;70,55954644113362;moh;1,1938175795;Mill.m3;-44,045075;cm;33,48456230600001;mm;0;%;2,599999905;None;0;m3/s;93,26700261266667;%
2026-02-26 05:00:00.000;26,57357111111111;kVAr;2600;kW;0;None;2500;kW;5,599999905;Bar;2705,3227130555556;kW;-44,516666666666666;cm;0;m3/s;0;m3/s;70,55480309110769;moh;1,193004091333333;Mill.m3;-44,52030388888889;cm;33,797012333333335;mm;0;%;2,599999905;None;0;m3/s;93,20344712888888;%
2026-02-26 06:00:00.000;35,29094;kVAr;2600;kW;0;None;2500;kW;5,599999905;Bar;2701,713038888889;kW;-44,075;cm;0;m3/s;0;m3/s;70,55930183188762;moh;1,1937847949666665;Mill.m3;-44,069515;cm;33,4971611065;mm;0;%;2,599999905;None;0;m3/s;93,2644402805;%
2026-02-26 07:00:00.000;33,48132388888889;kVAr;2600;kW;0;None;2500;kW;5,599999905;Bar;2706,9569555555554;kW;-42,19444444444444;cm;0;m3/s;0;m3/s;70,57807862940436;moh;1,197436950277778;Mill.m3;-42,19204888888889;cm;32,09447678930555;mm;0;%;2,599999905;None;0;m3/s;93,54976109519444;%
2026-02-26 08:00:00.000;32,38455694444445;kVAr;2600;kW;0;None;2500;kW;5,599999905;Bar;2707,8145980555555;kW;-39,65277777777778;cm;0;m3/s;0;m3/s;70,60357593508925;moh;1,2024195086777778;Mill.m3;-39,642028055555556;cm;30,18079740488889;mm;0;%;2,599999905;None;0;m3/s;93,93902274277778;%
2026-02-26 09:00:00.000;26,046640555555555;kVAr;2600;kW;0;None;2500;kW;5,599999904999999;Bar;2710,8644305555554;kW;-35,78055555555556;cm;0;m3/s;0;m3/s;70,64054665187653;moh;1,2029916748722222;Mill.m3;-35,94553;cm;27,227712790166667;mm;0;%;2,585555461083333;None;0;m3/s;93,98372315294445;%
2026-02-26 10:00:00.000;25,272114444444444;kVAr;2600;kW;0;None;2500;kW;5,599999905;Bar;2711,218443333333;kW;-32,7;cm;0;m3/s;0;m3/s;70,6711942170389;moh;1,2091183904027776;Mill.m3;-32,88014027777778;cm;24,874591984777776;mm;0;%;2,585555461083333;None;0;m3/s;94,4623753426389;%
2026-02-26 11:00:00.000;28,061245833333334;kVAr;2600;kW;0;None;2500;kW;5,599999905;Bar;2710,098288333333;kW;-30,927777777777777;cm;0;m3/s;0;m3/s;70,69086608321301;moh;1,2197715717444444;Mill.m3;-30,913423055555555;cm;23,51629883886111;mm;0;%;2,599999905;None;0;m3/s;95,29465434108333;%
2026-02-26 12:00:00.000;23,063080833333334;kVAr;2600;kW;0;None;2500;kW;5,599999905;Bar;2711,833598333333;kW;-29,802777777777777;cm;0;m3/s;0;m3/s;70,70117870443787;moh;1,218373886969444;Mill.m3;-29,881207222222223;cm;22,686462273444445;mm;0;%;2,5927776830416662;None;0;m3/s;95,18545625791667;%
2026-02-26 13:00:00.000;23,9450075;kVAr;2600;kW;0;None;2500;kW;5,599999905;Bar;2713,450955;kW;-29,03611111111111;cm;0;m3/s;0;m3/s;70,70965711273205;moh;1,2234779899027777;Mill.m3;-29,034195555555556;cm;22,092762461305554;mm;0;%;2,599999905;None;0;m3/s;95,58421874747222;%
2026-02-26 14:00:00.000;23,227395833333333;kVAr;2600;kW;0;None;2500;kW;5,599999905;Bar;2710,951583611111;kW;-29;cm;0;m3/s;0;m3/s;70,70999908;moh;1,223582506;Mill.m3;-29;cm;22,05261993;mm;0;%;2,599999905;None;0;m3/s;95,59238434;%
2026-02-26 15:00:00.000;12,661938333333334;kVAr;2600;kW;0;None;2500;kW;5,599999905;Bar;2716,741581111111;kW;-29,030555555555555;cm;0;m3/s;0;m3/s;70,70969075322927;moh;1,2235164958333333;Mill.m3;-29,03053111111111;cm;22,077973107666665;mm;0;%;2,599999905;None;0;m3/s;95,58722712366666;%
2026-02-26 16:00:00.000;11,271662222222222;kVAr;2600;kW;0;None;2500;kW;5,599999905;Bar;2714,5406186111113;kW;-29,73611111111111;cm;0;m3/s;0;m3/s;70,70265511884716;moh;1,2221027780972222;Mill.m3;-29,734199722222222;cm;22,620953662694443;mm;0;%;2,599999905;None;0;m3/s;95,47677674052778;%
2026-02-26 17:00:00.000;13,024058333333333;kVAr;2600;kW;0;None;2500;kW;5,599999905;Bar;2713,5232655555556;kW;-30,169444444444444;cm;0;m3/s;0;m3/s;70,6983035274219;moh;1,2212833824111105;Mill.m3;-30,169778055555554;cm;22,935662198444444;mm;0;%;2,599999905;None;0;m3/s;95,41276097122223;%
2026-02-26 18:00:00.000;17,393994444444445;kVAr;2600;kW;0;None;2500;kW;5,599999905;Bar;2710,317468888889;kW;-30,994444444444444;cm;0;m3/s;0;m3/s;70,69005819524847;moh;1,2196287762055558;Mill.m3;-30,994766666666667;cm;23,57113891422222;mm;0;%;2,599999905;None;0;m3/s;95,28349904394445;%
2026-02-26 19:00:00.000;11,736662222222222;kVAr;2600;kW;0;None;2500;kW;5,599999905;Bar;2711,344218333333;kW;-31,625;cm;0;m3/s;0;m3/s;70,6837636197476;moh;1,2184076403777777;Mill.m3;-31,62369861111111;cm;24,04015176202778;mm;0;%;2,599999905;None;0;m3/s;95,18809937369444;%
2026-02-26 20:00:00.000;12,754397222222222;kVAr;2600;kW;0;None;2500;kW;5,599999905;Bar;2711,370915833333;kW;-32,05833333333333;cm;0;m3/s;0;m3/s;70,67934791486175;moh;1,2175440077500002;Mill.m3;-32,06524611111111;cm;24,371855836;mm;0;%;2,599999905;None;0;m3/s;95,1206287355;%
2026-02-26 21:00:00.000;13,012231666666667;kVAr;2600;kW;0;None;2500;kW;5,599999905;Bar;2710,3185830555553;kW;-32,69166666666667;cm;0;m3/s;0;m3/s;70,67310841044906;moh;1,216306317125;Mill.m3;-32,689214444444445;cm;24,847227911;mm;0;%;2,599999905;None;0;m3/s;95,02393092925;%
2026-02-26 22:00:00.000;19,709375;kVAr;2600;kW;0;None;2500;kW;5,599999905;Bar;2706,510369722222;kW;-33,03888888888889;cm;0;m3/s;0;m3/s;70,66958480539517;moh;1,2155967555333334;Mill.m3;-33,04161055555556;cm;25,119755176;mm;0;%;2,599999905;None;0;m3/s;94,96849492266666;%
2026-02-26 23:00:00.000;22,603558333333332;kVAr;2600;kW;0;None;2500;kW;5,599999905;Bar;2705,2814416666665;kW;-33,925;cm;0;m3/s;0;m3/s;70,66069616016414;moh;1,2138212658055556;Mill.m3;-33,93110027777778;cm;25,801656249166665;mm;0;%;2,599999905;None;0;m3/s;94,8297893736111;%
2026-02-27 00:00:00.000;17,566025555555555;kVAr;2600;kW;0;None;2500;kW;5,599999905;Bar;2711,907181388889;kW;-34,63333333333333;cm;0;m3/s;0;m3/s;70,65362728267641;moh;1,2124681567638889;Mill.m3;-34,63739361111111;cm;26,32135598588889;mm;0;%;2,599999905;None;0;m3/s;94,72407491586111;%
2026-02-27 01:00:00.000;12,869474166666667;kVAr;2600;kW;0;None;2500;kW;5,599999905;Bar;2710,7449144444445;kW;-35,608333333333334;cm;0;m3/s;0;m3/s;70,64388174564635;moh;1,2105208568472223;Mill.m3;-35,61218138888889;cm;27,06927471722222;mm;0;%;2,599999905;None;0;m3/s;94,57194159083333;%
2026-02-27 02:00:00.000;16,857760833333334;kVAr;2600;kW;0;None;2500;kW;5,599999905;Bar;2708,210018333333;kW;-36,772222222222226;cm;0;m3/s;0;m3/s;70,63217948623877;moh;1,2082105487138888;Mill.m3;-36,78188222222222;cm;27,956616596222222;mm;0;%;2,599999905;None;0;m3/s;94,39144615405556;%
2026-02-27 03:00:00.000;18,496198055555556;kVAr;2600;kW;0;None;2500;kW;5,599999905;Bar;2705,2806994444445;kW;-38,24166666666667;cm;0;m3/s;0;m3/s;70,61752218929249;moh;1,205274456011111;Mill.m3;-38,24796611111111;cm;29,084282149055557;mm;0;%;2,599999905;None;0;m3/s;94,16206599102777;%
2026-02-27 04:00:00.000;19,288296666666668;kVAr;2600;kW;0;None;2500;kW;5,599999905;Bar;2702,4084958333333;kW;-39,602777777777774;cm;0;m3/s;0;m3/s;70,60391666672963;moh;1,202595568;Mill.m3;-39,60838472222222;cm;30,113188932;mm;0;%;2,599999905;None;0;m3/s;93,952775574;%
2026-02-27 05:00:00.000;10,148709722222222;kVAr;2600;kW;0;None;2500;kW;5,599999905;Bar;2707,592706388889;kW;-41,23888888888889;cm;0;m3/s;0;m3/s;70,58751787702991;moh;1,1994053729194445;Mill.m3;-41,248065833333335;cm;31,338439492416665;mm;0;%;2,599999905;None;0;m3/s;93,70354538280556;%
2026-02-27 06:00:00.000;12,684956944444444;kVAr;2600;kW;0;None;2500;kW;5,599999905;Bar;2704,620639722222;kW;-42,730555555555554;cm;0;m3/s;0;m3/s;70,57264447310172;moh;1,1963975382305554;Mill.m3;-42,735439722222225;cm;32,493693809;mm;0;%;2,599999905;None;0;m3/s;93,46855731452777;%
2026-02-27 07:00:00.000;17,30040888888889;kVAr;2600;kW;0;None;2500;kW;5,599999905;Bar;2700,768220277778;kW;-44,49166666666667;cm;0;m3/s;0;m3/s;70,55508233216457;moh;1,1929326362916666;Mill.m3;-44,491974444444445;cm;33,82445726816667;mm;0;%;2,599999905;None;0;m3/s;93,19786455261111;%
2026-02-27 08:00:00.000;31,441478888888888;kVAr;2600;kW;0;None;2500;kW;5,599999905;Bar;2693,3932030555557;kW;-46,23888888888889;cm;0;m3/s;0;m3/s;70,53755844642995;moh;1,1894734094250001;Mill.m3;-46,24404777777778;cm;35,15308520844445;mm;0;%;2,599999905;None;0;m3/s;92,92760639386111;%
2026-02-27 09:00:00.000;33,136245555555554;kVAr;2600;kW;0;None;2500;kW;5,599999905;Bar;2694,5363019444444;kW;-48,022222222222226;cm;0;m3/s;0;m3/s;70,51971984012305;moh;1,185942130086111;Mill.m3;-48,02786777777778;cm;36,50934648658333;mm;0;%;2,599999905;None;0;m3/s;92,651728564;%
2026-02-27 10:00:00.000;25,39849361111111;kVAr;2600;kW;0;None;2500;kW;5,599999905;Bar;2696,396727777778;kW;-49,84444444444444;cm;0;m3/s;0;m3/s;70,50146885037783;moh;1,182345723025;Mill.m3;-49,853186388888886;cm;37,89064649877778;mm;0;%;2,599999905;None;0;m3/s;92,37075544819444;%
2026-02-27 11:00:00.000;24,261317777777776;kVAr;2600;kW;0;None;2500;kW;5,599999905;Bar;2695,0531877777776;kW;-51,75277777777778;cm;0;m3/s;0;m3/s;70,48238594588105;moh;1,1785730240999999;Mill.m3;-51,76143388888889;cm;39,339635847;mm;0;%;2,599999905;None;0;m3/s;92,07601827166667;%
2026-02-27 12:00:00.000;20,030795555555557;kVAr;2600;kW;0;None;2500;kW;5,599999905;Bar;2696,7708980555553;kW;-53,51111111111111;cm;0;m3/s;0;m3/s;70,46327801308841;moh;1,1715275967222225;Mill.m3;-53,67214666666667;cm;40,678940403388886;mm;0;%;2,5927776830416662;None;0;m3/s;91,52559420233334;%
2026-02-27 13:00:00.000;20,507533333333335;kVAr;2600;kW;0;None;2500;kW;5,599999905;Bar;2697,880776388889;kW;-55,669444444444444;cm;0;m3/s;0;m3/s;70,44323957285779;moh;1,170796166636111;Mill.m3;-55,676074444444446;cm;42,32653577166667;mm;0;%;2,599999905;None;0;m3/s;91,46844952780556;%
2026-02-27 14:00:00.000;11,203575833333334;kVAr;2600;kW;0;None;2500;kW;5,599999905;Bar;2700,1402505555557;kW;-57,75277777777778;cm;0;m3/s;0;m3/s;70,4224142490605;moh;1,166698778541667;Mill.m3;-57,75861944444444;cm;43,900224973166665;mm;0;%;2,599999905;None;0;m3/s;91,1483440636111;%
2026-02-27 15:00:00.000;25,526542222222222;kVAr;2600;kW;0;None;2500;kW;5,599999905;Bar;2685,6124519444443;kW;-59,81944444444444;cm;2,4574437725416667;m3/s;2,4574359696333334;m3/s;70,40173203596177;moh;1,1626074169777776;Mill.m3;-59,82700944444444;cm;45,47161795458333;mm;37,578059302583334;%;2,599999905;None;0;m3/s;90,8287058293889;%
2026-02-27 16:00:00.000;8,333421666666666;kVAr;2600;kW;0;None;2500;kW;5,599999905;Bar;2696,3687330555554;kW;-61,87222222222222;cm;5,489044713766667;m3/s;5,489044713766667;m3/s;70,38121003667149;moh;1,1585150297388889;Mill.m3;-61,879243611111114;cm;47,043400477166664;mm;84,05477828866667;%;2,599999905;None;0;m3/s;90,50898757494444;%
2026-02-27 17:00:00.000;10,687604166666667;kVAr;2600;kW;0;None;2500;kW;5,599999905;Bar;2695,0597019444444;kW;-63,955555555555556;cm;5,488763809;m3/s;5,488763809;m3/s;70,36034674794656;moh;1,1543960439444445;Mill.m3;-63,96539111111111;cm;48,62539578394444;mm;84,05618286;%;2,599999905;None;0;m3/s;90,18719374438889;%
2026-02-27 18:00:00.000;28,46304361111111;kVAr;2600;kW;0;None;2500;kW;5,599999905;Bar;2688,9454497222223;kW;-66,1138888888889;cm;5,488763809;m3/s;5,488763809;m3/s;70,33878259831812;moh;1,1501058327694444;Mill.m3;-66,12160527777777;cm;50,273170372083335;mm;84,05618286;%;2,599999905;None;0;m3/s;89,85201873530555;%
2026-02-27 19:00:00.000;31,474171666666667;kVAr;2600;kW;0;None;2500;kW;5,599999905;Bar;2689,686246388889;kW;-68,3;cm;5,488763809;m3/s;5,488763809;m3/s;70,31692599231849;moh;1,1457831490583334;Mill.m3;-68,30733166666667;cm;51,93340391741667;mm;84,05618286;%;2,599999905;None;0;m3/s;89,51430810419444;%
2026-02-27 20:00:00.000;42,728385277777775;kVAr;2600;kW;0;None;2500;kW;5,599999905;Bar;2685,460327222222;kW;-70,51388888888889;cm;5,488763809;m3/s;5,488763809;m3/s;70,29479057613457;moh;1,1414003532833332;Mill.m3;-70,52130444444444;cm;53,616718464777776;mm;84,05618286;%;2,599999905;None;0;m3/s;89,17190498769445;%
2026-02-27 21:00:00.000;44,39432638888889;kVAr;2600;kW;0;None;2500;kW;5,599999905;Bar;2684,2460980555556;kW;-72,7;cm;5,491089076511111;m3/s;5,491089076511111;m3/s;70,2729014759522;moh;1,1371044067027776;Mill.m3;-72,7097438888889;cm;55,26670064908333;mm;84,04455612925;%;2,599999905;None;0;m3/s;88,8362787661111;%
2026-02-27 22:00:00.000;44,96248;kVAr;2600;kW;0;None;2500;kW;5,599999905;Bar;2679,63938;kW;-74,90833333333333;cm;5,482810545027778;m3/s;5,482810545027778;m3/s;70,25086977498091;moh;1,1326829937916667;Mill.m3;-74,91312638888888;cm;56,964849736611114;mm;84,08594627430556;%;2,599999905;None;0;m3/s;88,49085852372222;%
2026-02-27 23:00:00.000;34,000164166666664;kVAr;2600;kW;0;None;2500;kW;5,599999905;Bar;2689,430316111111;kW;-77,14722222222223;cm;5,481273460466666;m3/s;5,481273460466666;m3/s;70,22846343146655;moh;1,1282944588527777;Mill.m3;-77,15409694444445;cm;58,650372025083335;mm;84,09363098333333;%;2,599999905;None;0;m3/s;88,14800681763889;%
2026-02-28 00:00:00.000;50,01766416666667;kVAr;2600;kW;0;None;2500;kW;5,599999905;Bar;2681,188022777778;kW;-79,48333333333333;cm;5,493351952566666;m3/s;5,493351952566666;m3/s;70,20505734011809;moh;1,1236741053722226;Mill.m3;-79,49434416666666;cm;60,42494943716667;mm;84,03324101716667;%;2,599999905;None;0;m3/s;87,78703587963889;%
2026-02-28 01:00:00.000;57,971649722222224;kVAr;2600;kW;0;None;2500;kW;5,599999905;Bar;2681,926176388889;kW;-81,75;cm;5,493086621755556;m3/s;5,493086621755556;m3/s;70,18243484063531;moh;1,119153772525;Mill.m3;-81,75661083333334;cm;62,16108946627778;mm;84,03456806525;%;2,599999905;None;0;m3/s;87,43388805322222;%
2026-02-28 02:00:00.000;82,55032055555556;kVAr;2600;kW;0;None;2500;kW;5,599999905;Bar;2674,186225277778;kW;-84,02777777777777;cm;5,487523266844445;m3/s;5,48744523773889;m3/s;70,15965756134926;moh;1,1146661270361111;Mill.m3;-84,03454416666666;cm;63,88468091436111;mm;84,06238445711111;%;2,599999905;None;0;m3/s;87,08328946330556;%
2026-02-28 03:00:00.000;88,88005277777778;kVAr;2600;kW;0;None;2500;kW;5,599999905;Bar;2675,671678611111;kW;-86,32222222222222;cm;5,48391851848611;m3/s;5,483871701022221;m3/s;70,13666389977348;moh;1,1101447649583334;Mill.m3;-86,33374388888889;cm;65,62121619883334;mm;84,08040665463889;%;2,599999905;None;0;m3/s;86,73005975419444;%
2026-02-28 04:00:00.000;85,63480138888889;kVAr;2600;kW;0;None;2500;kW;5,599999905;Bar;2675,843232222222;kW;-88,75555555555556;cm;5,488451835688888;m3/s;5,488420624047222;m3/s;70,11238259741403;moh;1,1053274854527777;Mill.m3;-88,76188611111111;cm;67,47142001566667;mm;84,05774120808333;%;2,599999905;None;0;m3/s;86,35370902766667;%
2026-02-28 05:00:00.000;79,15520444444445;kVAr;2600;kW;0;None;2500;kW;5,599999905;Bar;2677,9100480555558;kW;-91,0111111111111;cm;5,494506837016668;m3/s;5,494506837016668;m3/s;70,08975175856104;moh;1,1008006762916667;Mill.m3;-91,02487194444444;cm;69,21004310122223;mm;84,02746580286112;%;2,599999905;None;0;m3/s;86,00005393727778;%
2026-02-28 06:00:00.000;89,0891875;kVAr;2600;kW;0;None;2500;kW;5,599999905;Bar;2671,2805319444446;kW;-93,43611111111112;cm;5,488459621499999;m3/s;5,488514240547222;m3/s;70,06553036844593;moh;1,0960215000916664;Mill.m3;-93,44727944444445;cm;71,04559697102778;mm;84,05770246747223;%;2,599999905;None;0;m3/s;85,62668272355556;%
2026-02-28 07:00:00.000;94,523355;kVAr;2600;kW;0;None;2500;kW;5,599999905;Bar;2666,071587777778;kW;-95,775;cm;5,465004678536111;m3/s;5,465020284355556;m3/s;70,04217563675516;moh;1,0914021539555556;Mill.m3;-95,78255444444444;cm;72,81977744319444;mm;84,17497603041667;%;2,599999905;None;0;m3/s;85,26579291002778;%
2026-02-28 08:00:00.000;81,98503388888889;kVAr;2600;kW;0;None;2500;kW;5,599798599635685;Bar;2674,4532369444446;kW;-98,18055555555556;cm;5,484207260605556;m3/s;5,484254076741667;m3/s;70,0181108748505;moh;1,0866169123527778;Mill.m3;-98,18912805555556;cm;74,65766355780555;mm;84,07896328105555;%;2,599999905;None;0;m3/s;84,89195045963889;%
2026-02-28 09:00:00.000;78,32875083333333;kVAr;2600;kW;0;None;2500;kW;5,5997979329696514;Bar;2671,1657952777778;kW;-100,61666666666666;cm;5,486797681202778;m3/s;5,486797681202778;m3/s;69,99374119379044;moh;1,0818652575777776;Mill.m3;-100,62610083333334;cm;76,48265344838889;mm;84,06601170444445;%;2,599999905;None;0;m3/s;84,52072431622223;%
2026-02-28 10:00:00.000;71,76763333333334;kVAr;2600;kW;0;None;2500;kW;5,598344378794973;Bar;2666,83139;kW;-103,01944444444445;cm;5,477317369016666;m3/s;5,477332976161111;m3/s;69,9697509664572;moh;1,0770807609916666;Mill.m3;-103,02493138888889;cm;78,32025797202778;mm;84,11341266611112;%;2,599999905;None;0;m3/s;84,14693724586111;%
2026-02-28 11:00:00.000;61,14510638888889;kVAr;2600;kW;0;None;2500;kW;5,584365030964256;Bar;2667,7808133333333;kW;-105,525;cm;5,478636035647221;m3/s;5,478597022419444;m3/s;69,94462335783743;moh;1,0721362354166668;Mill.m3;-105,53781111111111;cm;80,21933432677778;mm;84,10681951219445;%;2,599999905;None;0;m3/s;83,76064436;%
2026-02-28 12:00:00.000;63,4604575;kVAr;2600;kW;0;None;2500;kW;5,592455551056033;Bar;2660,476363611111;kW;-107,98611111111111;cm;5,460674109619445;m3/s;5,460736531577778;m3/s;69,92006351272154;moh;1,0672470793361113;Mill.m3;-107,9938525;cm;82,09713537430555;mm;84,19662909897222;%;2,599999905;None;0;m3/s;83,37867825980555;%
2026-02-28 13:00:00.000;59,054188333333336;kVAr;2600;kW;0;None;2500;kW;5,581326700517339;Bar;2661,8739616666667;kW;-110,40833333333333;cm;5,465574304338886;m3/s;5,465574304338886;m3/s;69,89581030149049;moh;1,0624678730888892;Mill.m3;-110,41890277777777;cm;83,93271187713889;mm;84,17212888875;%;2,599999905;None;0;m3/s;83,00530424908334;%
2026-02-28 14:00:00.000;57,20601055555556;kVAr;2600;kW;0;None;2500;kW;5,568839962379751;Bar;2660,3607408333332;kW;-112,89722222222223;cm;5,461805525077779;m3/s;5,461828933813889;m3/s;69,87099030986585;moh;1,0575070594555553;Mill.m3;-112,90128916666667;cm;85,83803980055555;mm;84,19097215844444;%;2,599999905;None;0;m3/s;82,61773721927777;%
2026-02-28 15:00:00.000;57,86881722222222;kVAr;2600;kW;0;None;2500;kW;5,554282115098609;Bar;2659,900830833333;kW;-115,29166666666667;cm;5,461532454963889;m3/s;5,461407612372222;m3/s;69,8469760891176;moh;1,0527493080333332;Mill.m3;-115,3024025;cm;87,6653850585;mm;84,19233731122222;%;2,599999905;None;0;m3/s;82,24603831016667;%
2026-02-28 16:00:00.000;55,37423027777778;kVAr;2600;kW;0;None;2500;kW;5,561466830495345;Bar;2658,7407305555557;kW;-114,2;cm;5,453659493344444;m3/s;5,453714113719444;m3/s;69,85821982109236;moh;1,0548394667722223;Mill.m3;-114,17849805555555;cm;86,86260123866667;mm;84,23170125730556;%;2,599999905;None;0;m3/s;82,40933172416666;%
2026-02-28 17:00:00.000;44,11919916666667;kVAr;2600;kW;0;None;2500;kW;5,573956374185822;Bar;2670,436928611111;kW;-108,25277777777778;cm;5,481039276455555;m3/s;5,481078289683333;m3/s;69,91772197690032;moh;1,0665762026694445;Mill.m3;-108,22786666666667;cm;82,35480198344445;mm;84,09480313219444;%;2,599999905;None;0;m3/s;83,32626705083334;%
2026-02-28 18:00:00.000;53,16884666666667;kVAr;2600;kW;0;None;2500;kW;5,595940603300785;Bar;2667,296246666667;kW;-102,20277777777778;cm;5,480056129675;m3/s;5,479962497402778;m3/s;69,97819901048749;moh;1,0785654451722222;Mill.m3;-102,17960333333333;cm;77,75003102694444;mm;84,09971908908334;%;2,599999905;None;0;m3/s;84,26292716163888;%
2026-02-28 19:00:00.000;58,49341138888889;kVAr;2600;kW;0;None;2500;kW;5,599999905;Bar;2664,5815030555555;kW;-96,2611111111111;cm;5,470903499894444;m3/s;5,470880092486111;m3/s;70,03758280190566;moh;1,090307363811111;Mill.m3;-96,24164666666667;cm;73,24025531258333;mm;84,1454817445;%;2,599999905;None;0;m3/s;85,18026529916666;%
2026-02-28 20:00:00.000;62,887746388888885;kVAr;2600;kW;0;None;2500;kW;5,599999905;Bar;2658,944230277778;kW;-90,20833333333333;cm;5,458536159858333;m3/s;5,458411315944445;m3/s;70,09820214705775;moh;1,102313349736111;Mill.m3;-90,1798061111111;cm;68,62906574763889;mm;84,20731879294445;%;2,599999905;None;0;m3/s;86,11823113713889;%
2026-02-28 21:00:00.000;54,51704;kVAr;2600;kW;0;None;2500;kW;5,599999905;Bar;2668,5767716666664;kW;-84,1;cm;5,478573575344443;m3/s;5,4785267578833325;m3/s;70,15924239921787;moh;1,1144239184472222;Mill.m3;-84,0755136111111;cm;63,97770691852778;mm;84,10713212925;%;2,599999905;None;0;m3/s;87,06436716727778;%
2026-02-28 22:00:00.000;55,2809225;kVAr;2600;kW;0;None;2500;kW;5,599999905;Bar;2673,56241;kW;-81;cm;5,483270895555555;m3/s;5,483255289733334;m3/s;70,19000244;moh;1,120627999;Mill.m3;-81;cm;61,59486771;mm;84,08364607591666;%;2,599999905;None;0;m3/s;87,54906464;%
2026-02-28 23:00:00.000;41,50237083333333;kVAr;2600;kW;0;None;2500;kW;5,599999905;Bar;2684,169931111111;kW;-81,64722222222223;cm;5,4856193871555545;m3/s;5,4856193871555545;m3/s;70,18349092278663;moh;1,1193463022444445;Mill.m3;-81,65119861111111;cm;62,08714313941667;mm;84,07190384186111;%;2,599999905;None;0;m3/s;87,44892868305556;%
2026-03-01 00:00:00.000;44,011834444444446;kVAr;2600;kW;0;None;2500;kW;5,599999905;Bar;2686,638321388889;kW;-82,65;cm;5,491650979777778;m3/s;5,491650979777778;m3/s;70,17348500491191;moh;1,1173659975972223;Mill.m3;-82,65128166666666;cm;62,84773789702778;mm;84,04174548644444;%;2,599999905;None;0;m3/s;87,29421712783333;%
2026-03-01 01:00:00.000;60,36655666666667;kVAr;2600;kW;0;None;2500;kW;5,599999905;Bar;2674,5990025;kW;-83,65555555555555;cm;5,4811718940138885;m3/s;5,481187499833333;m3/s;70,16341845646917;moh;1,1153866187722223;Mill.m3;-83,65865222222222;cm;63,607958494083334;mm;84,09414037247222;%;2,599999905;None;0;m3/s;87,13957739763889;%
2026-03-01 02:00:00.000;68,085285;kVAr;2600;kW;0;None;2500;kW;5,599999905;Bar;2664,208576388889;kW;-84,4888888888889;cm;5,472698128130556;m3/s;5,472783956169446;m3/s;70,15507992257837;moh;1,1137368694305556;Mill.m3;-84,49228472222222;cm;64,24158129777778;mm;84,13650849519445;%;2,599999905;None;0;m3/s;87,01069102783333;%
2026-03-01 03:00:00.000;62,03134333333333;kVAr;2600;kW;0;None;2500;kW;5,599999905;Bar;2669,6703444444443;kW;-85,3861111111111;cm;5,473540862494445;m3/s;5,473470637627779;m3/s;70,14611029467602;moh;1,1119600957777775;Mill.m3;-85,38903833333333;cm;64,92400207133333;mm;84,13229497313888;%;2,599999905;None;0;m3/s;86,87187991822222;%
2026-03-01 04:00:00.000;64,71328361111111;kVAr;2600;kW;0;None;2500;kW;5,599999905;Bar;2676,185342222222;kW;-86,425;cm;5,485619497255555;m3/s;5,485619497255555;m3/s;70,1357010203457;moh;1,1099082305111112;Mill.m3;-86,42971055555556;cm;65,71206531241667;mm;84,07190208591666;%;2,599999905;None;0;m3/s;86,71157960183334;%
2026-03-01 05:00:00.000;74,37373444444444;kVAr;2600;kW;0;None;2500;kW;5,599999905;Bar;2675,8783805555554;kW;-87,3861111111111;cm;5,4784955846944445;m3/s;5,478433162736111;m3/s;70,12611159939499;moh;1,1079944557916668;Mill.m3;-87,3889413888889;cm;66,44708864388889;mm;84,10752139591666;%;2,599999905;None;0;m3/s;86,56207125080556;%
2026-03-01 06:00:00.000;88,40870916666667;kVAr;2600;kW;0;None;2500;kW;5,599999905;Bar;2676,0125947222223;kW;-88,36666666666666;cm;5,483762410138888;m3/s;5,483762410138888;m3/s;70,11636072632923;moh;1,1060591180666668;Mill.m3;-88,364135;cm;67,19042180666666;mm;84,08118864691667;%;2,599999905;None;0;m3/s;86,41086851441666;%
2026-03-01 07:00:00.000;79,41682805555556;kVAr;2600;kW;0;None;2500;kW;5,599999905;Bar;2677,292846388889;kW;-89,30833333333334;cm;5,482178469333333;m3/s;5,482295509016666;m3/s;70,10686325541644;moh;1,1041667899111112;Mill.m3;-89,31370944444444;cm;67,91720981941667;mm;84,08910802541666;%;2,599999905;None;0;m3/s;86,26302831286111;%
2026-03-01 08:00:00.000;58,7640775;kVAr;2600;kW;0;None;2500;kW;5,599999905;Bar;2686,7994258333333;kW;-90,30833333333334;cm;5,497190952;m3/s;5,497190952;m3/s;70,09691565516694;moh;1,1021809024166667;Mill.m3;-90,30800694444444;cm;68,67991981633334;mm;84,01404572;%;2,599999905;None;0;m3/s;86,107884471;%
2026-03-01 09:00:00.000;69,81121222222222;kVAr;2600;kW;0;None;2500;kW;5,599999905;Bar;2676,2378530555557;kW;-91,3638888888889;cm;5,484620679622222;m3/s;5,4846206782972216;m3/s;70,0863533577625;moh;1,1001406262916666;Mill.m3;-91,36439027777777;cm;69,46355618055556;mm;84,07689683652778;%;2,599999905;None;0;m3/s;85,94848813194444;%
2026-03-01 10:00:00.000;58,45404138888889;kVAr;2600;kW;0;None;2500;kW;5,599999905;Bar;2675,8791533333333;kW;-92,37222222222222;cm;5,480344785519445;m3/s;5,48036819425;m3/s;70,07626171589794;moh;1,0981282847111113;Mill.m3;-92,37416416666667;cm;70,23644875444444;mm;84,09827592663889;%;2,599999905;None;0;m3/s;85,79127271472223;%
2026-03-01 11:00:00.000;35,32505388888889;kVAr;2600;kW;0;None;2500;kW;5,599999905;Bar;2681,118699722222;kW;-93,43333333333334;cm;5,472986801583334;m3/s;5,472994604494444;m3/s;70,06571025987928;moh;1,0960158836805556;Mill.m3;-93,42870222222223;cm;71,04774761291667;mm;84,13506533;%;2,599999905;None;0;m3/s;85,62624507083333;%
2026-03-01 12:00:00.000;39,99168916666667;kVAr;2600;kW;0;None;2500;kW;5,599999905;Bar;2677,283390277778;kW;-94,54722222222222;cm;5,483333239263889;m3/s;5,483302027622222;m3/s;70,05451625144693;moh;1,0938383705416668;Mill.m3;-94,54845027777777;cm;71,88409692858333;mm;84,08333394755556;%;2,599999905;None;0;m3/s;85,45612199347222;%
2026-03-01 13:00:00.000;47,51837416666667;kVAr;2600;kW;0;None;2500;kW;5,599999905;Bar;2676,1477775;kW;-95,61666666666666;cm;5,490488364916668;m3/s;5,490480562008334;m3/s;70,04380446331552;moh;1,0917267017777779;Mill.m3;-95,61970166666667;cm;72,69512388111112;mm;84,04755855361111;%;2,599999905;None;0;m3/s;85,29114935083334;%
2026-03-01 14:00:00.000;53,624985277777775;kVAr;2600;kW;0;None;2500;kW;5,599999905;Bar;2673,8306341666666;kW;-96,63055555555556;cm;5,306764875475;m3/s;5,3220504561611115;m3/s;70,03366421145674;moh;1,089713344377778;Mill.m3;-96,63360166666666;cm;73,46839465841667;mm;81,24950951605555;%;2,599999905;None;0;m3/s;85,13385732586111;%
2026-03-01 15:00:00.000;28,650304444444444;kVAr;2600;kW;0;None;2500;kW;5,599999905;Bar;2673,769813888889;kW;-94,71666666666667;cm;5,486665026455555;m3/s;5,4866416164;m3/s;70,05300444238105;moh;1,0933872990138889;Mill.m3;-94,69938777777777;cm;72,05733072369445;mm;84,06667493183333;%;2,599999905;None;0;m3/s;85,42088417411111;%
2026-03-01 16:00:00.000;3,8875244444444443;kVAr;2600;kW;0;None;2500;kW;5,599999905;Bar;2677,9140394444444;kW;-88,89444444444445;cm;5,487148821533333;m3/s;5,487148821533333;m3/s;70,11131085043007;moh;1,1048870961194444;Mill.m3;-88,86852222222223;cm;67,640552839;mm;84,06425571447222;%;2,599999905;None;0;m3/s;86,3193052508611;%
2026-03-01 17:00:00.000;3,1260113888888887;kVAr;2600;kW;0;None;2500;kW;5,599999905;Bar;2681,271388888889;kW;-83,04444444444445;cm;5,494506776138889;m3/s;5,494506776138889;m3/s;70,16978176793174;moh;1,1165524245277778;Mill.m3;-83,02165416666666;cm;63,160202534861114;mm;84,02746677672222;%;2,599999905;None;0;m3/s;87,23065675091667;%
2026-03-01 18:00:00.000;2,815154722222222;kVAr;2600;kW;0;None;2500;kW;5,599999905;Bar;2685,01553;kW;-77,175;cm;5,496660354194445;m3/s;5,496660354194445;m3/s;70,22844992656628;moh;1,128090697025;Mill.m3;-77,15504222222222;cm;58,728638277638886;mm;84,01669879875;%;2,599999905;None;0;m3/s;88,13208488813889;%
2026-03-01 19:00:00.000;10,161791666666666;kVAr;2600;kW;0;None;2500;kW;5,599999905;Bar;2681,4234658333335;kW;-71,22777777777777;cm;5,4886548769333325;m3/s;5,488654876933333;m3/s;70,28786555525218;moh;1,1398490747833334;Mill.m3;-71,21342777777778;cm;54,2125342385;mm;84,05672414786112;%;2,599999905;None;0;m3/s;89,05070906766667;%
2026-03-01 20:00:00.000;35,96078416666667;kVAr;2600;kW;0;None;2500;kW;5,599999905;Bar;2686,1841055555556;kW;-65,25;cm;5,493789027483334;m3/s;5,493789027483334;m3/s;70,34774147128734;moh;1,151684516113889;Mill.m3;-65,22533138888889;cm;49,66683054822222;mm;84,03105433130555;%;2,599999905;None;0;m3/s;89,97535442719445;%
2026-03-01 21:00:00.000;29,855;kVAr;2600;kW;0;None;2500;kW;5,599999905;Bar;2695,7047738888887;kW;-59,205555555555556;cm;5,497190952;m3/s;5,497190952;m3/s;70,40816571537776;moh;1,1636960515944446;Mill.m3;-59,183189444444444;cm;45,053501521638886;mm;84,01404572;%;2,599999905;None;0;m3/s;90,91375486627778;%
2026-03-01 22:00:00.000;23,15820777777778;kVAr;2600;kW;0;None;2500;kW;5,599999905;Bar;2700,8147938888887;kW;-53,18888888888889;cm;5,497190952;m3/s;5,497190952;m3/s;70,46831298561497;moh;1,1755809572722222;Mill.m3;-53,168598333333335;cm;40,48881399197222;mm;84,01404572;%;2,599999905;None;0;m3/s;91,84226258580556;%
2026-03-01 23:00:00.000;38,43467444444445;kVAr;2600;kW;0;None;2500;kW;5,599999905;Bar;2695,5674752777777;kW;-50,425;cm;5,497190952;m3/s;5,497190952;m3/s;70,49570964455903;moh;1,1811575344555554;Mill.m3;-50,42921805555556;cm;38,346993889;mm;84,01404572;%;2,599999905;None;0;m3/s;92,27792960216667;%
2026-03-02 00:00:00.000;33,33345222222222;kVAr;2600;kW;0;None;2500;kW;5,599999905;Bar;2696,725192222222;kW;-52,55833333333333;cm;5,497190952;m3/s;5,497190952;m3/s;70,47427997253976;moh;1,1770002634388892;Mill.m3;-52,57197055555555;cm;39,94370296141667;mm;84,01404572;%;2,599999905;None;0;m3/s;91,95314388505555;%
2026-03-02 01:00:00.000;28,53194;kVAr;2600;kW;0;None;2500;kW;5,599999905;Bar;2700,69199;kW;-54,891666666666666;cm;5,497190952;m3/s;5,497190952;m3/s;70,4509892785351;moh;1,1723799313722223;Mill.m3;-54,901429722222225;cm;41,71824318444445;mm;84,01404572;%;2,599999905;None;0;m3/s;91,59218393730555;%
2026-03-02 02:00:00.000;38,398916388888885;kVAr;2600;kW;0;None;2500;kW;5,599999905;Bar;2687,7655780555556;kW;-57,266666666666666;cm;5,496168771008333;m3/s;5,496168771008333;m3/s;70,42722303746861;moh;1,167666771288889;Mill.m3;-57,27785361111111;cm;43,52844455533333;mm;84,01915679780555;%;2,599999905;None;0;m3/s;91,22396776569444;%
2026-03-02 03:00:00.000;29,7317125;kVAr;2600;kW;0;None;2500;kW;5,599999905;Bar;2692,2644119444444;kW;-59,605555555555554;cm;5,496574522241667;m3/s;5,496574522241667;m3/s;70,40387494265862;moh;1,1630969045333335;Mill.m3;-59,61266888888889;cm;45,283620518166664;mm;84,01712797302778;%;2,599999905;None;0;m3/s;90,86694704716666;%
2026-03-02 04:00:00.000;29,44800777777778;kVAr;2600;kW;0;None;2500;kW;5,599999905;Bar;2691,1511972222224;kW;-61,855555555555554;cm;5,497190952;m3/s;5,497190952;m3/s;70,38132198001564;moh;1,1586250228305555;Mill.m3;-61,86783722222222;cm;47,00115481361111;mm;84,01404572;%;2,599999905;None;0;m3/s;90,51758062547222;%
2026-03-02 05:00:00.000;22,295337777777778;kVAr;2600;kW;0;None;2500;kW;5,599999905;Bar;2695,5997547222223;kW;-64,14166666666667;cm;5,497190952;m3/s;5,497190952;m3/s;70,3584742835729;moh;1,1540934973472223;Mill.m3;-64,15249111111112;cm;48,74159782019444;mm;84,01404572;%;2,599999905;None;0;m3/s;90,1635571378611;%
2026-03-02 06:00:00.000;25,202421666666666;kVAr;2600;kW;0;None;2500;kW;5,599999905;Bar;2693,5643230555556;kW;-66,59722222222223;cm;5,497190952;m3/s;5,497190952;m3/s;70,33406882570165;moh;1,149187501363889;Mill.m3;-66,59316916666667;cm;50,62587608458333;mm;84,01404572;%;2,599999905;None;0;m3/s;89,78027392316666;%
2026-03-02 07:00:00.000;38,4419325;kVAr;2600;kW;0;None;2500;kW;5,599999905;Bar;2681,8965586111112;kW;-66,84166666666667;cm;5,496207785316667;m3/s;5,496207785316667;m3/s;70,33167988583867;moh;1,148731058297222;Mill.m3;-66,83241055555555;cm;50,80118384633333;mm;84,01896171966666;%;2,599999905;None;0;m3/s;89,74461402752777;%
2026-03-02 08:00:00.000;22,517186111111112;kVAr;2600;kW;0;None;2500;kW;5,599999905;Bar;2692,5921041666666;kW;-64,24722222222222;cm;5,497167543269445;m3/s;5,497167543269445;m3/s;70,3576525357675;moh;1,1536809338555556;Mill.m3;-64,2349436111111;cm;48,90005517322222;mm;84,01416276761111;%;2,599999905;None;0;m3/s;90,1313253401111;%
2026-03-02 09:00:00.000;32,52809194444445;kVAr;2600;kW;0;None;2500;kW;5,599999905;Bar;2682,318456111111;kW;-61,9;cm;5,496917850208333;m3/s;5,496917850208333;m3/s;70,38110657412636;moh;1,1583995914305554;Mill.m3;-61,88883666666667;cm;47,08773628758333;mm;84,01541127513889;%;2,599999905;None;0;m3/s;90,49996937638889;%
2026-03-02 10:00:00.000;16,137983333333334;kVAr;2600;kW;0;None;2500;kW;5,599999905;Bar;2694,8880169444446;kW;-59,47222222222222;cm;5,494381905;m3/s;5,494381905;m3/s;70,4053306816264;moh;1,1632564065694448;Mill.m3;-59,46682277777778;cm;45,222361523888885;mm;84,02809143;%;2,599999905;None;0;m3/s;90,87940794702777;%
2026-03-02 11:00:00.000;19,02635111111111;kVAr;2600;kW;0;None;2500;kW;5,599999905;Bar;2696,905816388889;kW;-56,91111111111111;cm;5,494381905;m3/s;5,494381905;m3/s;70,43090865597436;moh;1,1683983041138888;Mill.m3;-56,90925444444444;cm;43,249596806916664;mm;84,02809143;%;2,599999905;None;0;m3/s;91,28068826552777;%
2026-03-02 12:00:00.000;31,4746075;kVAr;2600;kW;0;None;2500;kW;5,599999905;Bar;2690,5302719444444;kW;-56,525;cm;5,494381905;m3/s;5,494381905;m3/s;70,43473969329838;moh;1,1690088580416669;Mill.m3;-56,52645277777778;cm;43,01298990066667;mm;84,02809143;%;2,599999905;None;0;m3/s;91,32881675327778;%
2026-03-02 13:00:00.000;24,928953611111112;kVAr;2600;kW;0;None;2500;kW;5,599999905;Bar;2696,2929358333336;kW;-58,75833333333333;cm;5,494381905;m3/s;5,494381905;m3/s;70,41224732654402;moh;1,1646751811972222;Mill.m3;-58,77515638888889;cm;44,67744713008333;mm;84,02809143;%;2,599999905;None;0;m3/s;90,99025018727778;%
2026-03-02 14:00:00.000;9,997464444444445;kVAr;2166,6666666666665;kW;0;None;2500;kW;5,599999905;Bar;2702,3030402777777;kW;-60,98888888888889;cm;1,4041198201666667;m3/s;1,4041198201666667;m3/s;70,3893178618165;moh;1,1603190449333332;Mill.m3;-61,06820555555556;cm;46,350520208111114;mm;21,473845587666666;%;2,599999905;None;0;m3/s;90,64992618372223;%
2026-03-02 15:00:00.000;12,615264444444444;kVAr;2600;kW;0;None;2500;kW;5,599999905;Bar;2701,2593547222223;kW;-63,425;cm;0;m3/s;0;m3/s;70,36566280012345;moh;1,1553695547777778;Mill.m3;-63,43384277777778;cm;48,25149278533333;mm;0;%;2,599999905;None;0;m3/s;90,26324969555556;%
2026-03-02 16:00:00.000;16,79285861111111;kVAr;2600;kW;0;None;2500;kW;5,599999905;Bar;2694,3962808333335;kW;-63,675;cm;0;m3/s;0;m3/s;70,36329168543782;moh;1,1548745699527778;Mill.m3;-63,67126361111111;cm;48,44160467675;mm;0;%;2,599999905;None;0;m3/s;90,22457862597223;%
2026-03-02 17:00:00.000;14,592796944444444;kVAr;2600;kW;0;None;2500;kW;5,599999905;Bar;2694,6205175;kW;-61,28055555555556;cm;0;m3/s;0;m3/s;70,38721119142004;moh;1,1596204454666663;Mill.m3;-61,278575833333335;cm;46,61883807647222;mm;0;%;2,599999905;None;0;m3/s;90,59534759402777;%
2026-03-02 18:00:00.000;9,3683375;kVAr;2600;kW;0;None;2500;kW;5,599999905;Bar;2695,797176388889;kW;-58,858333333333334;cm;0;m3/s;0;m3/s;70,41151055166021;moh;1,1644002031055558;Mill.m3;-58,849421666666665;cm;44,783058073;mm;0;%;2,599999905;None;0;m3/s;90,96876767672222;%
2026-03-02 19:00:00.000;22,965068055555555;kVAr;2600;kW;0;None;2500;kW;5,599999905;Bar;2692,141556388889;kW;-56,40277777777778;cm;0;m3/s;0;m3/s;70,43610743785622;moh;1,1692563782750005;Mill.m3;-56,388596666666665;cm;42,917923469583336;mm;0;%;2,599999905;None;0;m3/s;91,34815400447222;%
2026-03-02 20:00:00.000;20,63051527777778;kVAr;2600;kW;0;None;2500;kW;5,599999905;Bar;2693,2605561111113;kW;-53,98888888888889;cm;0;m3/s;0;m3/s;70,46014815922841;moh;1,174073814691667;Mill.m3;-53,9847575;cm;41,06766502622222;mm;0;%;2,599999905;None;0;m3/s;91,7245182661111;%
2026-03-02 21:00:00.000;16,37196722222222;kVAr;2600;kW;0;None;2500;kW;5,599999905;Bar;2696,854533611111;kW;-51,43888888888889;cm;0;m3/s;0;m3/s;70,48567965806309;moh;1,179150396386111;Mill.m3;-51,43140972222222;cm;39,1178809145;mm;0;%;2,599999905;None;0;m3/s;92,12112520136111;%
2026-03-02 22:00:00.000;7,908596944444445;kVAr;2600;kW;0;None;2500;kW;5,599999905;Bar;2700,026244166667;kW;-49,05277777777778;cm;0;m3/s;0;m3/s;70,50959925682695;moh;1,1839075462944444;Mill.m3;-49,039928055555556;cm;37,29078492080556;mm;0;%;2,599999905;None;0;m3/s;92,49277419736111;%
2026-03-02 23:00:00.000;-0,9225186111111111;kVAr;2600;kW;0;None;2500;kW;5,599999905;Bar;2706,3789677777777;kW;-48,583333333333336;cm;0;m3/s;0;m3/s;70,51405302558766;moh;1,1848258711527777;Mill.m3;-48,59495611111111;cm;36,93807321255555;mm;0;%;2,599999905;None;0;m3/s;92,56452023866666;%
2026-03-03 00:00:00.000;18,437166944444446;kVAr;2600;kW;0;None;2500;kW;5,599999905;Bar;2690,4104605555553;kW;-50,86388888888889;cm;0;m3/s;0;m3/s;70,49131902344679;moh;1,1803326889361112;Mill.m3;-50,868563611111114;cm;38,66379422908334;mm;0;%;2,599999905;None;0;m3/s;92,21349002011111;%
2026-03-03 01:00:00.000;5,635941388888889;kVAr;2600;kW;0;None;2500;kW;5,599999905;Bar;2697,674128888889;kW;-53,019444444444446;cm;0;m3/s;0;m3/s;70,46975398376945;moh;1,1760431699555556;Mill.m3;-53,024636944444445;cm;40,31129501141667;mm;0;%;2,599999905;None;0;m3/s;91,87837187572222;%
2026-03-03 02:00:00.000;-4,992258888888889;kVAr;2600;kW;0;None;2500;kW;5,599999905;Bar;2704,3480441666666;kW;-55,147222222222226;cm;0;m3/s;0;m3/s;70,44845824493197;moh;1,1718904251972222;Mill.m3;-55,154425;cm;41,90625203194445;mm;0;%;2,599999905;None;0;m3/s;91,55394047425;%
2026-03-03 03:00:00.000;2,422373611111111;kVAr;2600;kW;0;None;2500;kW;5,599999905;Bar;2699,3996186111112;kW;-57,37222222222222;cm;0;m3/s;0;m3/s;70,42611558906573;moh;1,1674632618083338;Mill.m3;-57,38836666666667;cm;43,606607193916666;mm;0;%;2,599999905;None;0;m3/s;91,20806878586112;%
2026-03-03 04:00:00.000;9,019936944444444;kVAr;2600;kW;0;None;2500;kW;5,599999905;Bar;2692,233258888889;kW;-59,666666666666664;cm;0;m3/s;0;m3/s;70,40321282044506;moh;1,1628109019527777;Mill.m3;-59,67924861111111;cm;45,39346648469444;mm;0;%;2,599999905;None;0;m3/s;90,84460283913889;%
2026-03-03 05:00:00.000;2,7737769444444442;kVAr;2600;kW;0;None;2500;kW;5,599999905;Bar;2699,3183380555556;kW;-62,01111111111111;cm;0;m3/s;0;m3/s;70,37988431594471;moh;1,158251112297222;Mill.m3;-62,011850277777775;cm;47,14476318241667;mm;0;%;2,599999905;None;0;m3/s;90,4883695815;%
2026-03-03 06:00:00.000;10,9226075;kVAr;2600;kW;0;None;2500;kW;5,599999905;Bar;2695,740173611111;kW;-63,05555555555556;cm;0;m3/s;0;m3/s;70,36946157588017;moh;1,1561563150555556;Mill.m3;-63,053938333333335;cm;47,949310301666664;mm;0;%;2,599999905;None;0;m3/s;90,32471762944445;%
2026-03-03 07:00:00.000;15,64087861111111;kVAr;2600;kW;0;None;2500;kW;5,599999905;Bar;2694,9152963888887;kW;-63,03055555555556;cm;0;m3/s;0;m3/s;70,36969311708606;moh;1,1562003218333334;Mill.m3;-63,030834722222224;cm;47,932408141;mm;0;%;2,599999905;None;0;m3/s;90,32815577366667;%
2026-03-03 08:00:00.000;14,448365277777778;kVAr;2600;kW;0;None;2500;kW;5,599999905;Bar;2698,2788966666667;kW;-63,019444444444446;cm;0;m3/s;0;m3/s;70,36982911562797;moh;1,1562333269166667;Mill.m3;-63,017336944444445;cm;47,9197315205;mm;0;%;2,599999905;None;0;m3/s;90,33073438183334;%
2026-03-03 09:00:00.000;12,749673055555556;kVAr;2600;kW;0;None;2500;kW;5,599999905;Bar;2699,591486111111;kW;-63;cm;0;m3/s;0;m3/s;70,37000275;moh;1,156266332;Mill.m3;-63;cm;47,9070549;mm;0;%;2,599999905;None;0;m3/s;90,33331299;%
2026-03-03 10:00:00.000;24,388799722222224;kVAr;2600;kW;0;None;2500;kW;5,599999905;Bar;2693,298407777778;kW;-63,00833333333333;cm;0;m3/s;0;m3/s;70,36990307867488;moh;1,156266332;Mill.m3;-63,00996361111111;cm;47,9070549;mm;0;%;2,599999905;None;0;m3/s;90,33331299;%
2026-03-03 11:00:00.000;22,981005833333334;kVAr;2600;kW;0;None;2500;kW;5,599999905;Bar;2694,325852777778;kW;-63,044444444444444;cm;0;m3/s;0;m3/s;70,36962019817666;moh;1,1562002979833335;Mill.m3;-63,03823777777778;cm;47,9324178685;mm;0;%;2,599999905;None;0;m3/s;90,32815373916667;%
2026-03-03 12:00:00.000;16,998325;kVAr;2600;kW;0;None;2500;kW;5,599999905;Bar;2697,284202222222;kW;-64,16944444444445;cm;0;m3/s;0;m3/s;70,35824319900848;moh;1,1539999591111112;Mill.m3;-64,176525;cm;48,777524575444446;mm;0;%;2,599999905;None;0;m3/s;90,1562491738889;%
2026-03-03 13:00:00.000;26,651878888888888;kVAr;2600;kW;0;None;2500;kW;5,599999905;Bar;2687,5583594444442;kW;-66,43888888888888;cm;4,397167543336112;m3/s;4,3819209772;m3/s;70,33543683962336;moh;1,149440492575;Mill.m3;-66,45657972222222;cm;50,52870829566667;mm;67,21416276627778;%;2,599999905;None;0;m3/s;89,80003918344444;%
2026-03-03 14:00:00.000;30,60957361111111;kVAr;2600;kW;0;None;2500;kW;5,599999905;Bar;2680,5571205555557;kW;-68,81388888888888;cm;5,490371278724999;m3/s;5,490379082961112;m3/s;70,31176510180026;moh;1,1448097496250003;Mill.m3;-68,82431;cm;52,30726170241667;mm;84,04814446869445;%;2,599999905;None;0;m3/s;89,43826217869444;%
2026-03-03 15:00:00.000;20,67249361111111;kVAr;2600;kW;0;None;2500;kW;5,599999905;Bar;2687,3494594444446;kW;-71,08055555555555;cm;5,488763809;m3/s;5,488763809;m3/s;70,28906094165826;moh;1,1402672304472221;Mill.m3;-71,09377194444444;cm;54,05192694336111;mm;84,05618286;%;2,599999905;None;0;m3/s;89,08337730686111;%
2026-03-03 16:00:00.000;28,849129722222223;kVAr;2600;kW;0;None;2500;kW;5,599999905;Bar;2677,8758377777776;kW;-73,475;cm;5,486641577888889;m3/s;5,4866961969388885;m3/s;70,26522873092166;moh;1,1355592171972222;Mill.m3;-73,47720138888889;cm;55,86016531;mm;84,06679274380555;%;2,599999905;None;0;m3/s;88,71556315997222;%
2026-03-03 17:00:00.000;15,464323055555555;kVAr;2600;kW;0;None;2500;kW;5,599999905;Bar;2689,7279266666665;kW;-74,84444444444445;cm;5,491572857;m3/s;5,491572857;m3/s;70,25151572429559;moh;1,1328370176666664;Mill.m3;-74,84834972222222;cm;56,905693055;mm;84,04213715;%;2,599999905;None;0;m3/s;88,50289027166667;%
2026-03-03 18:00:00.000;26,278346388888888;kVAr;2600;kW;0;None;2500;kW;5,599999905;Bar;2682,2697422222222;kW;-74,86944444444444;cm;5,489427175963889;m3/s;5,489489597922223;m3/s;70,25127261116944;moh;1,1327985117555555;Mill.m3;-74,872985;cm;56,92048244558333;mm;84,05286460655556;%;2,599999905;None;0;m3/s;88,49988189547223;%
2026-03-03 19:00:00.000;31,4427;kVAr;2600;kW;0;None;2500;kW;5,599999905;Bar;2684,832271388889;kW;-74,93611111111112;cm;5,494350694683334;m3/s;5,494350694683334;m3/s;70,25073259007407;moh;1,132633486422222;Mill.m3;-74,92678722222222;cm;56,98386554808334;mm;84,02824747230555;%;2,599999905;None;0;m3/s;88,4869888546389;%
2026-03-03 20:00:00.000;30,068214166666667;kVAr;2600;kW;0;None;2500;kW;5,599999905;Bar;2686,482124166667;kW;-74,90833333333333;cm;5,494381905;m3/s;5,494381905;m3/s;70,25091647386124;moh;1,1326279855583334;Mill.m3;-74,90801416666666;cm;56,98597824388889;mm;84,02809143;%;2,599999905;None;0;m3/s;88,48655923477777;%
2026-03-03 21:00:00.000;32,567970833333334;kVAr;2600;kW;0;None;2500;kW;5,599999905;Bar;2683,719162222222;kW;-75;cm;5,488131972180556;m3/s;5,488124169272223;m3/s;70,25;moh;1,132506967;Mill.m3;-75;cm;57,03245926;mm;84,05933997072222;%;2,599999905;None;0;m3/s;88,47710419;%
2026-03-03 22:00:00.000;33,066115;kVAr;2600;kW;0;None;2500;kW;5,599999905;Bar;2679,0123994444443;kW;-75;cm;5,487772909658334;m3/s;5,487772909658334;m3/s;70,25;moh;1,132506967;Mill.m3;-75;cm;57,03245926;mm;84,06113675330556;%;2,599999905;None;0;m3/s;88,47710419;%
2026-03-03 23:00:00.000;23,503484444444446;kVAr;2600;kW;0;None;2500;kW;5,599999905;Bar;2684,9914952777776;kW;-76,16388888888889;cm;5,482841877502778;m3/s;5,482841877502778;m3/s;70,23831511375111;moh;1,130208157436111;Mill.m3;-76,1679475;cm;57,91537206186111;mm;84,08578827930556;%;2,599999905;None;0;m3/s;88,29751355663889;%
2026-03-04 00:00:00.000;24,660998333333332;kVAr;2600;kW;0;None;2500;kW;5,599999905;Bar;2683,7399375;kW;-78,61944444444444;cm;5,48331784043889;m3/s;5,48331784043889;m3/s;70,21367881599762;moh;1,1253297925055554;Mill.m3;-78,63207;cm;59,789034663833334;mm;84,0834085438889;%;2,599999905;None;0;m3/s;87,91638759988889;%
2026-03-04 01:00:00.000;34,1344625;kVAr;2600;kW;0;None;2500;kW;5,599999905;Bar;2675,9408366666667;kW;-81,03333333333333;cm;5,487133310633333;m3/s;5,487141113541667;m3/s;70,18960226789665;moh;1,1206001097416667;Mill.m3;-81,03995972222222;cm;61,605588821666665;mm;84,06433222169444;%;2,599999905;None;0;m3/s;87,54688290594444;%
2026-03-04 02:00:00.000;31,94448722222222;kVAr;2600;kW;0;None;2500;kW;5,599999905;Bar;2678,7147483333333;kW;-83,38055555555556;cm;5,491775843719445;m3/s;5,491744633402778;m3/s;70,1660619441267;moh;1,1159199386027774;Mill.m3;-83,39405916666666;cm;63,403126185527775;mm;84,04112095691667;%;2,599999905;None;0;m3/s;87,18124325863889;%
2026-03-04 03:00:00.000;29,299683055555555;kVAr;2600;kW;0;None;2500;kW;5,599999905;Bar;2677,680413611111;kW;-85,88888888888889;cm;5,482568544874999;m3/s;5,482513925827776;m3/s;70,14098142233217;moh;1,111002920925;Mill.m3;-85,90194666666666;cm;65,29162406583333;mm;84,0871579298611;%;2,599999905;None;0;m3/s;86,79710204052778;%
2026-03-04 04:00:00.000;31,20880638888889;kVAr;2600;kW;0;None;2500;kW;5,599999905;Bar;2673,6611605555554;kW;-88,31944444444444;cm;5,486079825408334;m3/s;5,486157853183334;m3/s;70,11671202791165;moh;1,1061248858805555;Mill.m3;-88,3292025;cm;67,16515659975;mm;84,06960084769445;%;2,599999905;None;0;m3/s;86,41600708269445;%
2026-03-04 05:00:00.000;32,14772277777778;kVAr;2600;kW;0;None;2500;kW;5,599999905;Bar;2677,3850202777776;kW;-90,81388888888888;cm;5,489762721038888;m3/s;5,489786128444444;m3/s;70,09174330444202;moh;1,1012295635250002;Mill.m3;-90,82541444444445;cm;69,04531468238889;mm;84,05118673119445;%;2,599999905;None;0;m3/s;86,03356096611111;%
2026-03-04 06:00:00.000;39,144783333333336;kVAr;2600;kW;0;None;2500;kW;5,599999905;Bar;2672,5597444444443;kW;-91,14444444444445;cm;5,484472513130555;m3/s;5,484464710219444;m3/s;70,08867653113069;moh;1,100520193361111;Mill.m3;-91,13221888888889;cm;69,3177718255;mm;84,07763684636112;%;2,599999905;None;0;m3/s;85,97814129922222;%
2026-03-04 07:00:00.000;43,17049333333333;kVAr;2600;kW;0;None;2500;kW;5,599999905;Bar;2670,966853888889;kW;-88,90555555555555;cm;5,48137481881389;m3/s;5,481468449761112;m3/s;70,11103384773223;moh;1,1049479171555554;Mill.m3;-88,89698138888889;cm;67,61719901091666;mm;84,09312540638889;%;2,599999905;None;0;m3/s;86,32405537280556;%
2026-03-04 08:00:00.000;39,38839;kVAr;2600;kW;0;None;2500;kW;5,599999905;Bar;2678,704748888889;kW;-86,51388888888889;cm;5,495365118833333;m3/s;5,495365118833333;m3/s;70,13498220011923;moh;1,109682848808333;Mill.m3;-86,501705;cm;65,79862768155556;mm;84,02317467066666;%;2,599999905;None;0;m3/s;86,69397267502778;%
2026-03-04 09:00:00.000;50,66485083333333;kVAr;2600;kW;0;None;2500;kW;5,599999905;Bar;2675,1447383333334;kW;-84,14722222222223;cm;5,492805772402778;m3/s;5,492805772402778;m3/s;70,15864614580747;moh;1,1144076706916668;Mill.m3;-84,13534805555555;cm;63,983946733222226;mm;84,03597174975;%;2,599999905;None;0;m3/s;87,06309759272222;%
2026-03-04 10:00:00.000;44,7077225;kVAr;2600;kW;0;None;2500;kW;5,599999905;Bar;2672,1259052777777;kW;-81,83055555555555;cm;5,480867640402778;m3/s;5,480992484316666;m3/s;70,1817215159885;moh;1,1189392395222224;Mill.m3;-81,82809555555555;cm;62,24348723425;mm;84,09566116313889;%;2,599999905;None;0;m3/s;87,41712762961112;%
2026-03-04 11:00:00.000;22,721767777777778;kVAr;2600;kW;0;None;2500;kW;5,599999905;Bar;2681,3493736111113;kW;-79,48055555555555;cm;5,495965911091666;m3/s;5,49596591108889;m3/s;70,20527134162151;moh;1,1236246493888888;Mill.m3;-79,47269388888888;cm;60,44394334458333;mm;84,02013194133333;%;2,599999905;None;0;m3/s;87,78317239666667;%
2026-03-04 12:00:00.000;6,8913075;kVAr;2600;kW;0;None;2500;kW;5,599999905;Bar;2685,2771169444445;kW;-79,225;cm;5,491682097755556;m3/s;5,491682097755556;m3/s;70,20769392532281;moh;1,1242076636166667;Mill.m3;-79,23009888888889;cm;60,22002103808333;mm;84,04159092275;%;2,599999905;None;0;m3/s;87,8287205596389;%
2026-03-04 13:00:00.000;21,478305833333334;kVAr;2600;kW;0;None;2500;kW;5,599999905;Bar;2681,4994;kW;-81,68888888888888;cm;5,492977381;m3/s;5,492977381;m3/s;70,18301452737165;moh;1,1192802483000002;Mill.m3;-81,69867944444445;cm;62,112513651777775;mm;84,0351142875;%;2,599999905;None;0;m3/s;87,44376886094445;%
2026-03-04 14:00:00.000;20,321402777777777;kVAr;2600;kW;0;None;2500;kW;5,599999905;Bar;2680,1738322222222;kW;-84,17222222222222;cm;5,48834258695;m3/s;5,48834258695;m3/s;70,15819990739114;moh;1,1144076349166667;Mill.m3;-84,18035027777778;cm;63,98396103847222;mm;84,05828755683333;%;2,599999905;None;0;m3/s;87,06309492247222;%
2026-03-04 15:00:00.000;24,261936111111112;kVAr;2600;kW;0;None;2500;kW;5,599999905;Bar;2678,7072008333334;kW;-86,73333333333333;cm;5,486126677052778;m3/s;5,486072058005556;m3/s;70,13253870451283;moh;1,1092868964555556;Mill.m3;-86,74601138888889;cm;65,95070364030556;mm;84,06936620197222;%;2,599999905;None;0;m3/s;86,663039019;%
2026-03-04 16:00:00.000;5,851902777777778;kVAr;2600;kW;0;None;2500;kW;5,599999905;Bar;2684,920178888889;kW;-87,19444444444444;cm;5,488459512727777;m3/s;5,488459512727777;m3/s;70,12809608565345;moh;1,108313533375;Mill.m3;-87,19029361111112;cm;66,32454475777777;mm;84,05770420377777;%;2,599999905;None;0;m3/s;86,58699720286111;%
2026-03-04 17:00:00.000;22,344369722222222;kVAr;2600;kW;0;None;2500;kW;5,599999905;Bar;2678,595153888889;kW;-84,95555555555555;cm;5,490051400402778;m3/s;5,490051400402778;m3/s;70,15052125490438;moh;1,1127632194722221;Mill.m3;-84,94802805555555;cm;64,615539801;mm;84,0497434626111;%;2,599999905;None;0;m3/s;86,93462388844445;%
2026-03-04 18:00:00.000;29,890117222222223;kVAr;2600;kW;0;None;2500;kW;5,599999905;Bar;2673,079637777778;kW;-82,65833333333333;cm;5,484300831894445;m3/s;5,484386662580555;m3/s;70,17348820642938;moh;1,11727820265;Mill.m3;-82,65103388888889;cm;62,881453981861114;mm;84,07884671933333;%;2,599999905;None;0;m3/s;87,28735762402778;%
2026-03-04 19:00:00.000;38,05305944444444;kVAr;2600;kW;0;None;2500;kW;5,599999905;Bar;2679,346918888889;kW;-80,32777777777778;cm;5,495427523458333;m3/s;5,495365101502779;m3/s;70,19685087829079;moh;1,121897935902778;Mill.m3;-80,31468194444444;cm;61,1071274795;mm;84,02286284113889;%;2,599999905;None;0;m3/s;87,64827529316666;%
2026-03-04 20:00:00.000;57,670070555555554;kVAr;2600;kW;0;None;2500;kW;5,599999905;Bar;2674,2803633333333;kW;-78,00833333333334;cm;5,488358296158333;m3/s;5,488319282933333;m3/s;70,21996862135872;moh;1,1264959719861112;Mill.m3;-78,00334083333334;cm;59,3411283375;mm;84,058207874;%;2,599999905;None;0;m3/s;88,00749742563889;%
2026-03-04 21:00:00.000;70,71572555555555;kVAr;2600;kW;0;None;2500;kW;5,599999905;Bar;2676,7842580555557;kW;-75,74722222222222;cm;5,491479376883333;m3/s;5,491573007833333;m3/s;70,24261345654453;moh;1,1310109750416666;Mill.m3;-75,73867555555556;cm;57,60703314505555;mm;84,04260300747222;%;2,599999905;None;0;m3/s;88,36023222461111;%
2026-03-04 22:00:00.000;67,47404416666667;kVAr;2600;kW;0;None;2500;kW;5,599999905;Bar;2687,1858880555556;kW;-73,36666666666666;cm;5,497190952;m3/s;5,497190952;m3/s;70,26640180291223;moh;1,1357352243722223;Mill.m3;-73,35964888888888;cm;55,79256477358334;mm;84,01404572;%;2,599999905;None;0;m3/s;88,72931408383333;%
2026-03-04 23:00:00.000;72,3040475;kVAr;2600;kW;0;None;2500;kW;5,599999905;Bar;2689,1003591666667;kW;-73,12222222222222;cm;5,497190952;m3/s;5,497190952;m3/s;70,26870009046867;moh;1,1362466084027778;Mill.m3;-73,13005555555556;cm;55,596156597083336;mm;84,01404572;%;2,599999905;None;0;m3/s;88,76926496277778;%
2026-03-05 00:00:00.000;81,55257277777778;kVAr;2600;kW;0;None;2500;kW;5,599999905;Bar;2685,76332;kW;-75,75;cm;5,497190952;m3/s;5,497190952;m3/s;70,24238239906927;moh;1,1310660033694446;Mill.m3;-75,76196722222222;cm;57,58589742286111;mm;84,01404572;%;2,599999905;None;0;m3/s;88,36453143097222;%
2026-03-05 01:00:00.000;80,8905911111111;kVAr;2600;kW;0;None;2500;kW;5,599999905;Bar;2686,913665555556;kW;-78,20833333333333;cm;5,497190952;m3/s;5,497190952;m3/s;70,21783114471539;moh;1,1262154287777777;Mill.m3;-78,21699472222222;cm;59,44887931541667;mm;84,01404572;%;2,599999905;None;0;m3/s;87,98557925622222;%
2026-03-05 02:00:00.000;91,4076925;kVAr;2600;kW;0;None;2500;kW;5,599999905;Bar;2680,0222630555554;kW;-80,75555555555556;cm;5,493429949513889;m3/s;5,4934455553333335;m3/s;70,19235342619925;moh;1,1211390019638887;Mill.m3;-80,76466444444445;cm;61,3986151735;mm;84,03285137175;%;2,599999905;None;0;m3/s;87,58898387683334;%
2026-03-05 03:00:00.000;81,16291138888889;kVAr;2600;kW;0;None;2500;kW;5,599999905;Bar;2682,704343611111;kW;-83,11944444444444;cm;5,4966915737194455;m3/s;5,4966915737194455;m3/s;70,16872993141415;moh;1,116447876836111;Mill.m3;-83,127275;cm;63,20035912161111;mm;84,01654260875;%;2,599999905;None;0;m3/s;87,22248827363889;%
2026-03-05 04:00:00.000;82,65050166666667;kVAr;2600;kW;0;None;2500;kW;5,599999905;Bar;2678,8366930555558;kW;-85,78888888888889;cm;5,491463637502777;m3/s;5,491416821366666;m3/s;70,14202172798151;moh;1,1111679479944443;Mill.m3;-85,79783972222222;cm;65,22824123886112;mm;84,04268303030555;%;2,599999905;None;0;m3/s;86,80999469986111;%
2026-03-05 05:00:00.000;84,04459083333333;kVAr;2600;kW;0;None;2500;kW;5,599999905;Bar;2678,736368611111;kW;-88,31111111111112;cm;5,4922752065500005;m3/s;5,4922752065500005;m3/s;70,1167824154912;moh;1,106223879263889;Mill.m3;-88,32207083333333;cm;67,12713640208334;mm;84,03862431833333;%;2,599999905;None;0;m3/s;86,42374087286112;%
2026-03-05 06:00:00.000;93,61099555555556;kVAr;2600;kW;0;None;2500;kW;5,599999905;Bar;2672,3700408333334;kW;-88,82222222222222;cm;5,481913205091666;m3/s;5,48197562705;m3/s;70,11186919868132;moh;1,1051129508222222;Mill.m3;-88,81325611111112;cm;67,55381601438889;mm;84,09043343830555;%;2,599999905;None;0;m3/s;86,3369484136389;%
2026-03-05 07:00:00.000;80,63327972222223;kVAr;2600;kW;0;None;2500;kW;5,599999905;Bar;2678,231536388889;kW;-86,46944444444445;cm;5,489411665205555;m3/s;5,489411665205555;m3/s;70,13542611094877;moh;1,109748776838889;Mill.m3;-86,45730388888889;cm;65,77330504269445;mm;84,05294111355556;%;2,599999905;None;0;m3/s;86,6991234705;%
2026-03-05 08:00:00.000;80,60039305555556;kVAr;2600;kW;0;None;2500;kW;5,599999905;Bar;2667,623375277778;kW;-84,17777777777778;cm;5,477933824169444;m3/s;5,477949428663889;m3/s;70,15830751355212;moh;1,1143142000138888;Mill.m3;-84,16936416666667;cm;64,01984598013888;mm;84,1103304125;%;2,599999905;None;0;m3/s;87,05579516019445;%
2026-03-05 09:00:00.000;66,35257583333333;kVAr;2600;kW;0;None;2500;kW;5,599999905;Bar;2672,6363327777776;kW;-81,83333333333333;cm;5,486079830444444;m3/s;5,486009605577777;m3/s;70,1817111416976;moh;1,1189667437583335;Mill.m3;-81,82904166666667;cm;62,23292343688889;mm;84,06960114641667;%;2,599999905;None;0;m3/s;87,41927636377778;%
2026-03-05 10:00:00.000;43,04615111111111;kVAr;2600;kW;0;None;2500;kW;5,599999905;Bar;2687,3681;kW;-79,66944444444445;cm;5,497190952;m3/s;5,497190952;m3/s;70,20342978723791;moh;1,1232506435;Mill.m3;-79,65654083333334;cm;60,58759036941667;mm;84,01404572;%;2,599999905;None;0;m3/s;87,75395321469445;%
2026-03-05 11:00:00.000;40,550960833333335;kVAr;2600;kW;0;None;2500;kW;5,599999905;Bar;2685,42741;kW;-77,33611111111111;cm;5,496824215241667;m3/s;5,496824215241667;m3/s;70,22667295610728;moh;1,1278160361944445;Mill.m3;-77,33263194444444;cm;58,834121361916665;mm;84,01587946580555;%;2,599999905;None;0;m3/s;88,11062988438889;%
2026-03-05 12:00:00.000;33,651206944444446;kVAr;2600;kW;0;None;2500;kW;5,599999905;Bar;2686,443125;kW;-77,15833333333333;cm;5,494381905;m3/s;5,494381905;m3/s;70,22827401234623;moh;1,1283274162361112;Mill.m3;-77,17283166666667;cm;58,63771485958333;mm;84,02809143;%;2,599999905;None;0;m3/s;88,15058135680556;%
2026-03-05 13:00:00.000;34,584835;kVAr;2600;kW;0;None;2500;kW;5,599999905;Bar;2681,9566258333334;kW;-79,78055555555555;cm;5,493913754133333;m3/s;5,493913754133333;m3/s;70,20212596551882;moh;1,123025239875;Mill.m3;-79,78757333333333;cm;60,67416046275;mm;84,0304320015;%;2,599999905;None;0;m3/s;87,73634412725;%
2026-03-05 14:00:00.000;26,91162222222222;kVAr;2600;kW;0;None;2500;kW;5,599999905;Bar;2687,873017777778;kW;-82,23611111111111;cm;5,494381905;m3/s;5,494381905;m3/s;70,1774618360318;moh;1,1182681840194444;Mill.m3;-82,25394722222222;cm;62,501225294027776;mm;84,02809143;%;2,599999905;None;0;m3/s;87,36470086661112;%
2026-03-05 15:00:00.000;29,308194722222222;kVAr;2600;kW;0;None;2500;kW;5,599999905;Bar;2685,3906466666667;kW;-84,8638888888889;cm;5,486712056805556;m3/s;5,486712056805556;m3/s;70,1512906577438;moh;1,112988750233333;Mill.m3;-84,87093361111111;cm;64,52891849527778;mm;84,06643742702778;%;2,599999905;None;0;m3/s;86,95224340266667;%
2026-03-05 16:00:00.000;39,54562888888889;kVAr;2600;kW;0;None;2500;kW;5,599999905;Bar;2679,3013705555554;kW;-87,47777777777777;cm;5,487320462786111;m3/s;5,487281449561111;m3/s;70,12506325908835;moh;1,1078351286555557;Mill.m3;-87,49379027777778;cm;66,5082892313611;mm;84,06339772569444;%;2,599999905;None;0;m3/s;86,54962177319445;%
2026-03-05 17:00:00.000;29,3164675;kVAr;2600;kW;0;None;2500;kW;5,599999905;Bar;2680,1555013888888;kW;-88;cm;5,496207793386111;m3/s;5,4961999904750005;m3/s;70,12006810738178;moh;1,106762813088889;Mill.m3;-87,99335333333333;cm;66,92014253555556;mm;84,01896159230556;%;2,599999905;None;0;m3/s;86,46584627263888;%
2026-03-05 18:00:00.000;27,793533611111112;kVAr;2600;kW;0;None;2500;kW;5,599999905;Bar;2676,7238291666667;kW;-85,78333333333333;cm;5,490504088541666;m3/s;5,490504088541666;m3/s;70,14221022968513;moh;1,111112941175;Mill.m3;-85,77903083333334;cm;65,24936866416667;mm;84,04747863563888;%;2,599999905;None;0;m3/s;86,80569718913888;%
2026-03-05 19:00:00.000;31,707001388888887;kVAr;2600;kW;0;None;2500;kW;5,599999905;Bar;2674,6141727777776;kW;-83,52222222222223;cm;5,485502550352777;m3/s;5,485502550352777;m3/s;70,16489448940538;moh;1,1155624868833331;Mill.m3;-83,51054972222222;cm;63,54041392861111;mm;84,07248577591666;%;2,599999905;None;0;m3/s;87,15331742852777;%
2026-03-05 20:00:00.000;25,915035833333334;kVAr;2600;kW;0;None;2500;kW;5,599999905;Bar;2684,139207222222;kW;-81,22777777777777;cm;5,487156546072222;m3/s;5,487156546072222;m3/s;70,1877984703568;moh;1,120154739813889;Mill.m3;-81,22022416666667;cm;61,77664213591667;mm;84,06421794722222;%;2,599999905;None;0;m3/s;87,512088649;%
2026-03-05 21:00:00.000;33,318152222222224;kVAr;2600;kW;0;None;2500;kW;5,599999905;Bar;2682,9448580555554;kW;-79,05555555555556;cm;5,488763809;m3/s;5,488763809;m3/s;70,20951683270061;moh;1,1244441562916667;Mill.m3;-79,04829083333334;cm;60,12918986408334;mm;84,05618286;%;2,599999905;None;0;m3/s;87,84719638863889;%
2026-03-05 22:00:00.000;41,4780725;kVAr;2600;kW;0;None;2500;kW;5,599999905;Bar;2683,741179722222;kW;-78,89166666666667;cm;5,492251709852778;m3/s;5,492251709852778;m3/s;70,21103134782203;moh;1,1248622205916667;Mill.m3;-78,896755;cm;59,968619803416665;mm;84,03874276594445;%;2,599999905;None;0;m3/s;87,87985808052778;%
2026-03-05 23:00:00.000;44,53602638888889;kVAr;2600;kW;0;None;2500;kW;5,599999905;Bar;2682,638651388889;kW;-81,36944444444444;cm;5,488639215688888;m3/s;5,488615806958333;m3/s;70,1861871133018;moh;1,1199512005833334;Mill.m3;-81,38173777777777;cm;61,85481769111111;mm;84,05680306886111;%;2,599999905;None;0;m3/s;87,4961869135;%
2026-03-06 00:00:00.000;44,184314722222226;kVAr;2600;kW;0;None;2500;kW;5,599999905;Bar;2674,702715;kW;-83,93888888888888;cm;5,486704135013889;m3/s;5,486704135013889;m3/s;70,16053219577574;moh;1,1147980519694445;Mill.m3;-83,94695666666667;cm;63,83401308836111;mm;84,06647834808334;%;2,599999905;None;0;m3/s;87,09359626663888;%
2026-03-06 01:00:00.000;38,78903805555556;kVAr;2600;kW;0;None;2500;kW;5,599999905;Bar;2677,571682222222;kW;-86,59444444444445;cm;5,473431433280557;m3/s;5,473431433280557;m3/s;70,13399824856906;moh;1,1096224285833336;Mill.m3;-86,60026305555556;cm;65,82183432905556;mm;84,13284356633334;%;2,599999905;None;0;m3/s;86,68925243166667;%
2026-03-06 02:00:00.000;39,59733388888889;kVAr;2600;kW;0;None;2500;kW;5,599999905;Bar;2678,3740975;kW;-89,13333333333334;cm;5,490621036947222;m3/s;5,490628839855555;m3/s;70,10862646877447;moh;1,1045738467333335;Mill.m3;-89,13734111111111;cm;67,76086676194444;mm;84,04685590655555;%;2,599999905;None;0;m3/s;86,29483114691666;%
2026-03-06 03:00:00.000;48,09302944444445;kVAr;2600;kW;0;None;2500;kW;5,599999905;Bar;2674,6132305555557;kW;-91,74166666666666;cm;5,491276435255556;m3/s;5,491260829433333;m3/s;70,0825337096446;moh;1,0993873480888887;Mill.m3;-91,74651305555555;cm;69,75286886283334;mm;84,0436183298611;%;2,599999905;None;0;m3/s;85,88963799044444;%
2026-03-06 04:00:00.000;42,14852638888889;kVAr;2600;kW;0;None;2500;kW;5,599999905;Bar;2675,4865088888887;kW;-92,22222222222223;cm;5,48993434261111;m3/s;5,490027974886111;m3/s;70,07783552354903;moh;1,098381088538889;Mill.m3;-92,21631638888888;cm;70,13934813555555;mm;84,05032893288889;%;2,599999905;None;0;m3/s;85,81102373327778;%
2026-03-06 05:00:00.000;34,76868;kVAr;2600;kW;0;None;2500;kW;5,599999905;Bar;2682,200564722222;kW;-90,05277777777778;cm;5,491767929777778;m3/s;5,491767929777778;m3/s;70,09957108407937;moh;1,1026650024249998;Mill.m3;-90,04258888888889;cm;68,49399604930555;mm;84,04116175277778;%;2,599999905;None;0;m3/s;86,14570382430556;%
2026-03-06 06:00:00.000;47,08130527777778;kVAr;2600;kW;0;None;2500;kW;5,599999905;Bar;2675,6873919444442;kW;-87,91944444444445;cm;5,49118286895;m3/s;5,4911672631305555;m3/s;70,12085709495732;moh;1,1069277910916668;Mill.m3;-87,91433361111112;cm;66,85677755277777;mm;84,0440854198611;%;2,599999905;None;0;m3/s;86,47873558386111;%
2026-03-06 07:00:00.000;49,309426944444446;kVAr;2600;kW;0;None;2500;kW;5,599999905;Bar;2674,119908611111;kW;-85,75;cm;5,487375120580555;m3/s;5,487375120580555;m3/s;70,14255568137375;moh;1,111184458138889;Mill.m3;-85,74438666666667;cm;65,22190265308333;mm;84,06312440244444;%;2,599999905;None;0;m3/s;86,811283792;%
2026-03-06 08:00:00.000;53,05238083333333;kVAr;2600;kW;0;None;2500;kW;5,599999905;Bar;2672,4754333333335;kW;-83,45555555555555;cm;5,485073256588887;m3/s;5,485081058172221;m3/s;70,16560114282179;moh;1,11572744075;Mill.m3;-83,43964444444444;cm;63,477059945444445;mm;84,07463378944445;%;2,599999905;None;0;m3/s;87,16620449302778;%
2026-03-06 09:00:00.000;50,48086;kVAr;2600;kW;0;None;2500;kW;5,599999905;Bar;2664,4052633333336;kW;-81,13055555555556;cm;5,470965936472221;m3/s;5,470926923244443;m3/s;70,18880285017569;moh;1,1203581718222224;Mill.m3;-81,11955277777778;cm;61,69851017408333;mm;84,14517053002778;%;2,599999905;None;0;m3/s;87,52798158927777;%
2026-03-06 10:00:00.000;27,4694525;kVAr;2600;kW;0;None;2500;kW;5,599999905;Bar;2684,9503844444444;kW;-80,9888888888889;cm;5,496519924233334;m3/s;5,496519924233334;m3/s;70,1900318883132;moh;1,1206715969027778;Mill.m3;-80,99684805555556;cm;61,57813253808333;mm;84,0174007248611;%;2,599999905;None;0;m3/s;87,552467856;%
2026-03-06 11:00:00.000;25,995646944444445;kVAr;2600;kW;0;None;2500;kW;5,599999905;Bar;2679,5519625;kW;-83,6;cm;5,489583115991667;m3/s;5,489583115991667;m3/s;70,16390164608485;moh;1,1155294977;Mill.m3;-83,61001277777778;cm;63,55308378888889;mm;84,05208617211112;%;2,599999905;None;0;m3/s;87,15074013430555;%
2026-03-06 12:00:00.000;24,09802861111111;kVAr;2600;kW;0;None;2500;kW;5,599999905;Bar;2676,9337813888887;kW;-86,14722222222223;cm;5,490098242216667;m3/s;5,490059228991667;m3/s;70,13846568620129;moh;1,110474823725;Mill.m3;-86,1533738888889;cm;65,49444999383333;mm;84,04950898497222;%;2,599999905;None;0;m3/s;86,75584532719445;%
2026-03-06 13:00:00.000;41,53272805555556;kVAr;2600;kW;0;None;2500;kW;5,599999905;Bar;2670,4792130555556;kW;-88,83611111111111;cm;5,488701546344444;m3/s;5,488701546344444;m3/s;70,11155317551126;moh;1,1051349442305554;Mill.m3;-88,84462111111111;cm;67,54536696858334;mm;84,05649242347222;%;2,599999905;None;0;m3/s;86,33866714669445;%
2026-03-06 14:00:00.000;39,11915;kVAr;2600;kW;0;None;2500;kW;5,599999905;Bar;2673,7818675;kW;-91,26944444444445;cm;5,486407541052777;m3/s;5,4864153439638885;m3/s;70,08717900675788;moh;1,100344263625;Mill.m3;-91,28219472222223;cm;69,38534331738889;mm;84,06796228602778;%;2,599999905;None;0;m3/s;85,9643966058889;%
2026-03-06 15:00:00.000;21,97266972222222;kVAr;2600;kW;0;None;2500;kW;5,599999905;Bar;2683,5015675;kW;-93,99166666666666;cm;5,494459943191666;m3/s;5,494459943191666;m3/s;70,06000957486;moh;1,0949327291388888;Mill.m3;-93,99913138888888;cm;71,46377165;mm;84,02770112413889;%;2,599999905;None;0;m3/s;85,54162025130556;%
2026-03-06 16:00:00.000;30,29403027777778;kVAr;2600;kW;0;None;2500;kW;5,599999905;Bar;2670,8904877777777;kW;-94,44166666666666;cm;5,484246156013889;m3/s;5,484277367652778;m3/s;70,0556534143456;moh;1,0939868503611112;Mill.m3;-94,43449861111111;cm;71,827068243;mm;84,07876972725;%;2,599999905;None;0;m3/s;85,46772219102778;%
2026-03-06 17:00:00.000;25,163487777777778;kVAr;2600;kW;0;None;2500;kW;5,599999905;Bar;2677,8370772222224;kW;-92,28888888888889;cm;5,489216608380556;m3/s;5,489216608380556;m3/s;70,0771677880641;moh;1,0982436471805554;Mill.m3;-92,2832725;cm;70,19213665833334;mm;84,05391625458333;%;2,599999905;None;0;m3/s;85,800285975;%
2026-03-06 18:00:00.000;26,0612425;kVAr;2600;kW;0;None;2500;kW;5,599999905;Bar;2678,4278763888888;kW;-90,19166666666666;cm;5,495411911186112;m3/s;5,49536509505;m3/s;70,0981543093884;moh;1,102400953825;Mill.m3;-90,18446027777777;cm;68,59540901263888;mm;84,02290196208334;%;2,599999905;None;0;m3/s;86,1250754676389;%
2026-03-06 19:00:00.000;35,020199444444444;kVAr;2600;kW;0;None;2500;kW;5,599999905;Bar;2671,525422222222;kW;-88,09166666666667;cm;5,485627308063889;m3/s;5,485603900655557;m3/s;70,11917167341656;moh;1,1065593635972222;Mill.m3;-88,08303527777778;cm;66,998284045;mm;84,07186306883334;%;2,599999905;None;0;m3/s;86,44995129766667;%
2026-03-06 20:00:00.000;37,68910611111111;kVAr;2600;kW;0;None;2500;kW;5,599999905;Bar;2672,0094905555557;kW;-85,82777777777778;cm;5,484847017055555;m3/s;5,484831412561111;m3/s;70,14174833641668;moh;1,1110194271027778;Mill.m3;-85,82507472222223;cm;65,28528575558333;mm;84,07576452938889;%;2,599999905;None;0;m3/s;86,79839111147223;%
2026-03-06 21:00:00.000;19,208709166666665;kVAr;2600;kW;0;None;2500;kW;5,599999905;Bar;2686,2758377777777;kW;-83,66388888888889;cm;5,485721134833334;m3/s;5,485721134833334;m3/s;70,16345134576737;moh;1,1152709896805555;Mill.m3;-83,65499861111111;cm;63,65237072597222;mm;84,07139168033333;%;2,599999905;None;0;m3/s;87,13054440669444;%
2026-03-06 22:00:00.000;36,87978611111111;kVAr;2600;kW;0;None;2500;kW;5,599999905;Bar;2679,1533080555555;kW;-83,44444444444444;cm;5,484519391536111;m3/s;5,484519391536111;m3/s;70,16547873975338;moh;1,1158484037388892;Mill.m3;-83,45229222222223;cm;63,430601584916666;mm;84,07740165025;%;2,599999905;None;0;m3/s;87,17565476963888;%
2026-03-06 23:00:00.000;28,623516111111112;kVAr;2600;kW;0;None;2500;kW;5,599999905;Bar;2685,721246111111;kW;-85,9888888888889;cm;5,484503779113888;m3/s;5,484503779113888;m3/s;70,14000251289038;moh;1,110771875425;Mill.m3;-85,99975805555556;cm;65,38036040933333;mm;84,07747978905556;%;2,599999905;None;0;m3/s;86,77905241919444;%
2026-03-07 00:00:00.000;50,91263111111111;kVAr;2600;kW;0;None;2500;kW;5,599999905;Bar;2664,553356111111;kW;-88,63055555555556;cm;5,470279316066667;m3/s;5,470318329294445;m3/s;70,11356611030355;moh;1,1055639168305553;Mill.m3;-88,6436825;cm;67,38061006608334;mm;84,14860284566667;%;2,599999905;None;0;m3/s;86,37218091552778;%
2026-03-07 01:00:00.000;43,05359583333333;kVAr;2600;kW;0;None;2500;kW;5,599999905;Bar;2667,269619166667;kW;-91,09722222222223;cm;5,476576112327779;m3/s;5,4765839152361115;m3/s;70,08895384736873;moh;1,1006742084722223;Mill.m3;-91,10459027777777;cm;69,25861748516667;mm;84,11711902655556;%;2,599999905;None;0;m3/s;85,99017357477777;%
2026-03-07 02:00:00.000;38,9673475;kVAr;2600;kW;0;None;2500;kW;5,599999905;Bar;2673,4179272222223;kW;-93,71388888888889;cm;5,490480621638887;m3/s;5,4904962274583315;m3/s;70,06274315127544;moh;1,0954990901833332;Mill.m3;-93,72575916666666;cm;71,24624371011112;mm;84,04759661577778;%;2,599999905;None;0;m3/s;85,58586855686112;%
2026-03-07 03:00:00.000;41,033855277777775;kVAr;2600;kW;0;None;2500;kW;5,599999905;Bar;2670,4697483333334;kW;-96,25;cm;5,48142938616389;m3/s;5,481398174522223;m3/s;70,03739744982472;moh;1,0904779880222224;Mill.m3;-96,26030361111111;cm;73,17472129119444;mm;84,09285278352777;%;2,599999905;None;0;m3/s;85,19359391602778;%
2026-03-07 04:00:00.000;34,115492777777774;kVAr;2600;kW;0;None;2500;kW;5,599799071857459;Bar;2673,03444;kW;-98,94444444444444;cm;5,483629756486111;m3/s;5,483723391411113;m3/s;70,01050842684174;moh;1,0851320890527778;Mill.m3;-98,94912472222222;cm;75,22794518166667;mm;84,08185111127777;%;2,599999905;None;0;m3/s;84,775949223;%
2026-03-07 05:00:00.000;34,45543527777778;kVAr;2600;kW;0;None;2500;kW;5,599592627609136;Bar;2671,1269675;kW;-99,43055555555556;cm;5,4844178398;m3/s;5,4844178398;m3/s;70,0057648404003;moh;1,0841203704138886;Mill.m3;-99,42347527777778;cm;75,61651613833334;mm;84,0779109325;%;2,599999905;None;0;m3/s;84,696909202;%
2026-03-07 06:00:00.000;43,492825833333335;kVAr;2600;kW;0;None;2500;kW;5,599999905;Bar;2664,3002994444446;kW;-97,32222222222222;cm;5,470318317513889;m3/s;5,470349527833333;m3/s;70,02684139408946;moh;1,088244666125;Mill.m3;-97,31567861111111;cm;74,032484943;mm;84,1484082331389;%;2,599999905;None;0;m3/s;85,01911678580555;%
2026-03-07 07:00:00.000;35,348751944444444;kVAr;2600;kW;0;None;2500;kW;5,599999905;Bar;2667,6056922222224;kW;-95,1138888888889;cm;5,478534584583334;m3/s;5,478472161300001;m3/s;70,04893278372246;moh;1,0926725195583333;Mill.m3;-95,10697027777778;cm;72,33186299841667;mm;84,10732718602777;%;2,599999905;None;0;m3/s;85,36504118052778;%
2026-03-07 08:00:00.000;27,57209;kVAr;2600;kW;0;None;2500;kW;5,599999905;Bar;2672,385279166667;kW;-92,89722222222223;cm;5,490308906075001;m3/s;5,4903089060750006;m3/s;70,07110033897776;moh;1,0970225780583334;Mill.m3;-92,89000583333333;cm;70,66111320980555;mm;84,04845593883333;%;2,599999905;None;0;m3/s;85,70489126677778;%
2026-03-07 09:00:00.000;21,202123333333333;kVAr;2600;kW;0;None;2500;kW;5,599999905;Bar;2672,2957791666668;kW;-90,775;cm;5,488849814794444;m3/s;5,488826407388889;m3/s;70,09234054974624;moh;1,1012459951944444;Mill.m3;-90,765535;cm;69,03900214216667;mm;84,055750911;%;2,599999905;None;0;m3/s;86,03484499322222;%
2026-03-07 10:00:00.000;-6,474748888888889;kVAr;2600;kW;0;None;2500;kW;5,599999905;Bar;2694,2002858333335;kW;-90,7611111111111;cm;5,488763809;m3/s;5,488763809;m3/s;70,09231663265204;moh;1,1013341034722222;Mill.m3;-90,76828416666666;cm;69,00516238783334;mm;84,05618286;%;2,599999905;None;0;m3/s;86,04172793611112;%
2026-03-07 11:00:00.000;23,900445833333333;kVAr;2600;kW;0;None;2500;kW;5,599999905;Bar;2670,331546111111;kW;-93,35555555555555;cm;5,478144437694445;m3/s;5,4781834509194445;m3/s;70,06631130860632;moh;1,0961865569527776;Mill.m3;-93,36889722222222;cm;70,98220645102778;mm;84,10927751183333;%;2,599999905;None;0;m3/s;85,63957724869445;%
2026-03-07 12:00:00.000;37,39413472222222;kVAr;2600;kW;0;None;2500;kW;5,599999905;Bar;2667,1282133333334;kW;-95,95555555555555;cm;5,479268104461111;m3/s;5,479197878269444;m3/s;70,040379889507;moh;1,0910720932888889;Mill.m3;-95,96217111111112;cm;72,9465430123611;mm;84,10365818947223;%;2,599999905;None;0;m3/s;85,24000746419445;%
2026-03-07 13:00:00.000;34,03805138888889;kVAr;2600;kW;0;None;2500;kW;5,593147967064902;Bar;2671,3980075;kW;-98,61944444444444;cm;5,482841711588888;m3/s;5,482779289630554;m3/s;70,01373779894695;moh;1,08583050585;Mill.m3;-98,62630222222222;cm;74,95970170908333;mm;84,08579105752777;%;2,599999905;None;0;m3/s;84,83051283083333;%
2026-03-07 14:00:00.000;26,794271944444443;kVAr;2600;kW;0;None;2500;kW;5,599999905;Bar;2669,903243611111;kW;-101,14166666666667;cm;5,482038007880554;m3/s;5,48202240338611;m3/s;69,98847847615329;moh;1,0807764436027778;Mill.m3;-101,15232333333333;cm;76,90083791883333;mm;84,08980975672222;%;2,599999905;None;0;m3/s;84,43566042513889;%
2026-03-07 15:00:00.000;14,339286944444444;kVAr;2600;kW;0;None;2500;kW;5,596168380862173;Bar;2673,251293888889;kW;-103,90555555555555;cm;5,4860642738916665;m3/s;5,486150103252778;m3/s;69,96087344475208;moh;1,0752984868250002;Mill.m3;-103,91260361111111;cm;79,00479293569444;mm;84,06967801036112;%;2,599999905;None;0;m3/s;84,00769672588889;%
2026-03-07 16:00:00.000;28,16101527777778;kVAr;2600;kW;0;None;2500;kW;5,593132800412645;Bar;2662,5115847222223;kW;-104,36944444444444;cm;5,467883935213887;m3/s;5,467938554263889;m3/s;69,95637751257131;moh;1,074352341375;Mill.m3;-104,36191666666667;cm;79,36818731297222;mm;84,16057917263889;%;2,599999905;None;0;m3/s;83,93377819144445;%
2026-03-07 17:00:00.000;23,797914166666665;kVAr;2600;kW;0;None;2500;kW;5,59317552259428;Bar;2662,3962530555555;kW;-102,24166666666666;cm;5,465933171855556;m3/s;5,465933171855556;m3/s;69,97762134775867;moh;1,078549300077778;Mill.m3;-102,2378936111111;cm;77,75622632761112;mm;84,17033333233333;%;2,599999905;None;0;m3/s;84,26166697738888;%
2026-03-07 18:00:00.000;25,646619166666667;kVAr;2600;kW;0;None;2500;kW;5,599999905;Bar;2659,219163055556;kW;-100,03611111111111;cm;5,459948490727776;m3/s;5,459932886230554;m3/s;69,99971955388625;moh;1,0828992260555557;Mill.m3;-100,02798444444444;cm;76,08553108794445;mm;84,20025619908333;%;2,599999905;None;0;m3/s;84,60150442944445;%
2026-03-07 19:00:00.000;32,754468333333335;kVAr;2600;kW;0;None;2500;kW;5,599999905;Bar;2654,1384294444442;kW;-97,96388888888889;cm;5,445365144175;m3/s;5,445419761897222;m3/s;70,02043010331293;moh;1,086990834813889;Mill.m3;-97,9568325;cm;74,51404995386112;mm;84,27317367202778;%;2,599999905;None;0;m3/s;84,92116243702777;%
2026-03-07 20:00:00.000;29,58923972222222;kVAr;2600;kW;0;None;2500;kW;5,599999905;Bar;2659,6636105555554;kW;-95,675;cm;5,4575998358249995;m3/s;5,4575998358249995;m3/s;70,04332897228333;moh;1,0915451752444445;Mill.m3;-95,66715277777777;cm;72,7648453786389;mm;84,21200131280555;%;2,599999905;None;0;m3/s;85,2769669211389;%
2026-03-07 21:00:00.000;26,54274138888889;kVAr;2600;kW;0;None;2500;kW;5,599999905;Bar;2670,5103030555556;kW;-93,40277777777777;cm;5,485042145366667;m3/s;5,485065554097223;m3/s;70,06606480215645;moh;1,0959994466972223;Mill.m3;-93,39314833333333;cm;71,0540655991389;mm;84,0747885185;%;2,599999905;None;0;m3/s;85,62496030280556;%
2026-03-07 22:00:00.000;36,80050333333333;kVAr;2600;kW;0;None;2500;kW;5,599999905;Bar;2664,197237777778;kW;-93,26944444444445;cm;5,473283408886111;m3/s;5,473330226347222;m3/s;70,0672329146504;moh;1,096351532686111;Mill.m3;-93,27679666666667;cm;70,91884280369445;mm;84,13358285633333;%;2,599999905;None;0;m3/s;85,65246622069445;%
2026-03-07 23:00:00.000;27,40802777777778;kVAr;2600;kW;0;None;2500;kW;5,599999905;Bar;2670,3085380555553;kW;-95,92777777777778;cm;5,485525927158334;m3/s;5,485541534300001;m3/s;70,0406467019869;moh;1,0911051003555556;Mill.m3;-95,93544555555556;cm;72,93386651902777;mm;84,07236949222222;%;2,599999905;None;0;m3/s;85,24258594519445;%
2026-03-08 00:00:00.000;30,465156944444445;kVAr;2600;kW;0;None;2500;kW;5,599999905;Bar;2668,7817825;kW;-98,50555555555556;cm;5,482217503899999;m3/s;5,482264320038887;m3/s;70,01482668612834;moh;1,0859955074166667;Mill.m3;-98,51739916666666;cm;74,89632852475;mm;84,08891192538889;%;2,599999905;None;0;m3/s;84,843403583;%
2026-03-08 01:00:00.000;30,727037222222222;kVAr;2600;kW;0;None;2500;kW;5,599999905;Bar;2670,0258061111113;kW;-101,075;cm;5,482630999969444;m3/s;5,48275584388611;m3/s;69,98918016118132;moh;1,0809029193638888;Mill.m3;-101,0822025;cm;76,85226192427778;mm;84,08684525002778;%;2,599999905;None;0;m3/s;84,44554135986111;%
2026-03-08 02:00:00.000;39,30475055555556;kVAr;2600;kW;0;None;2500;kW;5,599999905;Bar;2664,61599;kW;-103,725;cm;5,469873590075;m3/s;5,469873592730556;m3/s;69,9626105268347;moh;1,075689046913889;Mill.m3;-103,73896222222223;cm;78,85478674725;mm;84,15063188291667;%;2,599999905;None;0;m3/s;84,03820923936111;%
2026-03-08 03:00:00.000;33,38825055555556;kVAr;2600;kW;0;None;2500;kW;5,599391766688843;Bar;2665,6974;kW;-106,34444444444445;cm;5,474586428575001;m3/s;5,474555216936111;m3/s;69,93643722888413;moh;1,0705139147861111;Mill.m3;-106,35654416666667;cm;80,84242485766667;mm;84,12706735297222;%;2,599999905;None;0;m3/s;83,63390059866667;%
2026-03-08 04:00:00.000;31,433210555555554;kVAr;2600;kW;0;None;2500;kW;5,59938010003326;Bar;2661,8707475;kW;-106,91666666666667;cm;5,467891659902776;m3/s;5,46786825117222;m3/s;69,93089352565984;moh;1,0693039947222223;Mill.m3;-106,91070638888888;cm;81,30712443263889;mm;84,16054130108333;%;2,599999905;None;0;m3/s;83,53937485980556;%
2026-03-08 05:00:00.000;32,60575333333333;kVAr;2600;kW;0;None;2500;kW;5,599999905;Bar;2661,5486030555558;kW;-104,74166666666666;cm;5,466331134919445;m3/s;5,466377951055556;m3/s;69,9526113470379;moh;1,0735659588194446;Mill.m3;-104,73854833333333;cm;79,67021605308334;mm;84,16834445427777;%;2,599999905;None;0;m3/s;83,87234145280556;%
2026-03-08 06:00:00.000;48,784375833333335;kVAr;2600;kW;0;None;2500;kW;5,599794932972501;Bar;2651,4205158333334;kW;-102,47222222222223;cm;5,436469981452778;m3/s;5,436446572725001;m3/s;69,9753621643088;moh;1,0780818195416668;Mill.m3;-102,46398083333334;cm;77,93577433730556;mm;84,31764950144445;%;2,599999905;None;0;m3/s;84,22514540530555;%
2026-03-08 07:00:00.000;23,704955277777778;kVAr;2600;kW;0;None;2500;kW;5,599999905;Bar;2664,3098116666665;kW;-100,21666666666667;cm;5,471012764444445;m3/s;5,471004961533334;m3/s;69,99790551020841;moh;1,0825691752222222;Mill.m3;-100,20937833333333;cm;76,21229678327778;mm;84,14493516172222;%;2,599999905;None;0;m3/s;84,57571834777778;%
2026-03-08 08:00:00.000;11,089325833333334;kVAr;2600;kW;0;None;2500;kW;5,599999905;Bar;2671,8125405555556;kW;-98,16944444444445;cm;5,48398092975;m3/s;5,483996535572222;m3/s;70,01839052531791;moh;1,086600366086111;Mill.m3;-98,1607125;cm;74,66401958508334;mm;84,08009471933333;%;2,599999905;None;0;m3/s;84,89065772266666;%
2026-03-08 09:00:00.000;20,12424861111111;kVAr;2600;kW;0;None;2500;kW;5,599999905;Bar;2671,433178888889;kW;-95,99166666666666;cm;5,486423159938887;m3/s;5,486337330574999;m3/s;70,04013893856151;moh;1,0908850539111112;Mill.m3;-95,9863125;cm;73,01837651697222;mm;84,06788404261111;%;2,599999905;None;0;m3/s;85,22539602947222;%
2026-03-08 10:00:00.000;35,06559722222222;kVAr;2600;kW;0;None;2500;kW;5,599999905;Bar;2669,2211922222223;kW;-95,85;cm;5,483107017147222;m3/s;5,483114820055555;m3/s;70,04142626569875;moh;1,091270129688889;Mill.m3;-95,85743722222222;cm;72,8704836708611;mm;84,08446466744445;%;2,599999905;None;0;m3/s;85,25547873169444;%
2026-03-08 11:00:00.000;36,875484722222225;kVAr;2600;kW;0;None;2500;kW;5,599999905;Bar;2667,549141388889;kW;-98,28055555555555;cm;5,478199058127779;m3/s;5,478199059455556;m3/s;70,01707101880903;moh;1,0864519823361112;Mill.m3;-98,29281694444444;cm;74,721007899;mm;84,10900438022222;%;2,599999905;None;0;m3/s;84,87906557733334;%
2026-03-08 12:00:00.000;36,75841472222222;kVAr;2600;kW;0;None;2500;kW;5,599999905;Bar;2665,3619844444443;kW;-100,91111111111111;cm;5,475062380922222;m3/s;5,475054578008333;m3/s;69,99079970232256;moh;1,0812438446916668;Mill.m3;-100,91991027777777;cm;76,72132172038889;mm;84,12468751141667;%;2,599999905;None;0;m3/s;84,47217612691666;%
2026-03-08 13:00:00.000;59,419381111111115;kVAr;2600;kW;0;None;2500;kW;5,599999905;Bar;2665,528227777778;kW;-103,51666666666667;cm;5,47095033198611;m3/s;5,4709191190194435;m3/s;69,9646997621614;moh;1,0759970943055555;Mill.m3;-103,53039638888889;cm;78,73647202527778;mm;84,14524779755556;%;2,599999905;None;0;m3/s;84,06227546522223;%
2026-03-08 14:00:00.000;48,51522;kVAr;2600;kW;0;None;2500;kW;5,596113797580695;Bar;2665,056381111111;kW;-106,13055555555556;cm;5,470692869022223;m3/s;5,470848923255557;m3/s;69,93856871656183;moh;1,0709428616194445;Mill.m3;-106,14353694444445;cm;80,67767764102778;mm;84,14653570322223;%;2,599999905;None;0;m3/s;83,66741243830556;%
2026-03-08 15:00:00.000;29,890544722222224;kVAr;2600;kW;0;None;2500;kW;5,586265334714521;Bar;2673,6851119444445;kW;-108,81388888888888;cm;5,487492236688889;m3/s;5,487453222138889;m3/s;69,91180029637114;moh;1,06563578425;Mill.m3;-108,82037027777778;cm;82,71599339588889;mm;84,06253761902778;%;2,599999905;None;0;m3/s;83,252796513;%
2026-03-08 16:00:00.000;46,69394527777778;kVAr;2600;kW;0;None;2500;kW;5,5917297461899915;Bar;2658,6349075;kW;-109,28055555555555;cm;5,458551796302777;m3/s;5,458450359791666;m3/s;69,90728354016095;moh;1,0645855358305556;Mill.m3;-109,27194972222222;cm;83,11936497536111;mm;84,20724027427778;%;2,599999905;None;0;m3/s;83,17074765069444;%
2026-03-08 17:00:00.000;49,44876138888889;kVAr;2600;kW;0;None;2500;kW;5,5987857117090405;Bar;2658,777993333333;kW;-107,05555555555556;cm;5,457513980038889;m3/s;5,457537387444445;m3/s;69,92951614283992;moh;1,0690014481250003;Mill.m3;-107,04826805555555;cm;81,42332615138889;mm;84,21242974486111;%;2,599999905;None;0;m3/s;83,51573825411111;%
2026-03-08 18:00:00.000;41,349115833333336;kVAr;2600;kW;0;None;2500;kW;5,599365155603012;Bar;2661,3079683333335;kW;-104,81388888888888;cm;5,465652249891667;m3/s;5,465660052802777;m3/s;69,95196944661559;moh;1,0734614705472223;Mill.m3;-104,80260083333333;cm;79,71034741;mm;84,17173820058333;%;2,599999905;None;0;m3/s;83,8641783395;%
2026-03-08 19:00:00.000;33,58660472222222;kVAr;2600;kW;0;None;2500;kW;5,59959209983186;Bar;2665,218783611111;kW;-102,54444444444445;cm;5,472120708888888;m3/s;5,472081695661111;m3/s;69,97459896187469;moh;1,077911321136111;Mill.m3;-102,54039166666666;cm;78,00125868108333;mm;84,13939598775;%;2,599999905;None;0;m3/s;84,2118252243611;%
2026-03-08 20:00:00.000;36,32382777777778;kVAr;2600;kW;0;None;2500;kW;5,599999905;Bar;2665,9260694444442;kW;-100,26666666666667;cm;5,4732365211;m3/s;5,4733925753333335;m3/s;69,99747957364166;moh;1,082442679586111;Mill.m3;-100,25209972222223;cm;76,26088070388889;mm;84,13381692983333;%;2,599999905;None;0;m3/s;84,56583571763889;%
2026-03-08 21:00:00.000;24,392528333333335;kVAr;2600;kW;0;None;2500;kW;5,599999905;Bar;2671,2608475;kW;-98,125;cm;5,480383858363889;m3/s;5,480399462858333;m3/s;70,01883823817974;moh;1,086693860613889;Mill.m3;-98,11580777777777;cm;74,62811054686111;mm;84,09808106038889;%;2,599999905;None;0;m3/s;84,89796182952777;%
2026-03-08 22:00:00.000;33,80253138888889;kVAr;2600;kW;0;None;2500;kW;5,599999905;Bar;2667,4316819444443;kW;-98,03888888888889;cm;5,475624175941666;m3/s;5,475647583344443;m3/s;70,01951483082584;moh;1,0868808814694444;Mill.m3;-98,04860583333334;cm;74,55627958530556;mm;84,1218787295;%;2,599999905;None;0;m3/s;84,9125725861389;%
2026-03-08 23:00:00.000;31,915074444444443;kVAr;2600;kW;0;None;2500;kW;5,599999905;Bar;2666,678373611111;kW;-100,54166666666667;cm;5,47622503443611;m3/s;5,4761626124777765;m3/s;69,99446896884955;moh;1,0819697697000001;Mill.m3;-100,55303833333333;cm;76,44251268194445;mm;84,11887387180556;%;2,599999905;None;0;m3/s;84,52888956966666;%
2026-03-09 00:00:00.000;35,71584388888889;kVAr;2600;kW;0;None;2500;kW;5,599999905;Bar;2664,6401919444443;kW;-103,1138888888889;cm;5,469499002538888;m3/s;5,469459989311111;m3/s;69,96881352144244;moh;1,0768827305416666;Mill.m3;-103,1187586111111;cm;78,39631731352777;mm;84,15250494061111;%;2,599999905;None;0;m3/s;84,1314659783611;%
2026-03-09 01:00:00.000;36,89403444444444;kVAr;2600;kW;0;None;2500;kW;5,59915210024986;Bar;2663,3006866666665;kW;-105,75277777777778;cm;5,468149146730557;m3/s;5,468047710219445;m3/s;69,94236117815367;moh;1,0716632579555556;Mill.m3;-105,76376916666666;cm;80,40099298658333;mm;84,15925413688889;%;2,599999905;None;0;m3/s;83,72369325247222;%
2026-03-09 02:00:00.000;39,519354722222225;kVAr;2600;kW;0;None;2500;kW;5,5995645165247305;Bar;2658,196177777778;kW;-106,225;cm;5,455844296313891;m3/s;5,455735058219445;m3/s;69,93783495317938;moh;1,0706844768250001;Mill.m3;-106,21642277777778;cm;80,77691484938889;mm;84,22077918675;%;2,599999905;None;0;m3/s;83,64722590822223;%
2026-03-09 03:00:00.000;29,7949325;kVAr;2600;kW;0;None;2500;kW;5,599796738526342;Bar;2665,5113180555554;kW;-103,975;cm;5,470193466877778;m3/s;5,470201269788888;m3/s;69,96031728959798;moh;1,0751114581083334;Mill.m3;-103,96812833333334;cm;79,07662644030556;mm;84,1490320833611;%;2,599999905;None;0;m3/s;83,99308465527778;%
2026-03-09 04:00:00.000;39,11095972222222;kVAr;2600;kW;0;None;2500;kW;5,599794405195225;Bar;2670,207905;kW;-101,78055555555555;cm;5,48452712435;m3/s;5,484573941808333;m3/s;69,98227637201408;moh;1,0794345787305557;Mill.m3;-101,77214333333333;cm;77,41621530169445;mm;84,077363756;%;2,599999905;None;0;m3/s;84,33082760755556;%
2026-03-09 05:00:00.000;58,599285;kVAr;2600;kW;0;None;2500;kW;5,599999905;Bar;2665,3376080555554;kW;-99,58888888888889;cm;5,4709893996388885;m3/s;5,470981596730555;m3/s;70,00419290749183;moh;1,0837903633055554;Mill.m3;-99,58060888888889;cm;75,74326424394444;mm;84,1450524006111;%;2,599999905;None;0;m3/s;84,67112684994444;%
2026-03-09 06:00:00.000;55,97146444444444;kVAr;2600;kW;0;None;2500;kW;5,599999905;Bar;2667,8697494444446;kW;-97,32777777777778;cm;5,479931264416669;m3/s;5,479907855686112;m3/s;70,02677136045855;moh;1,0882391454194444;Mill.m3;-97,32250333333333;cm;74,03460576627778;mm;84,10034336433333;%;2,599999905;None;0;m3/s;85,0186853225;%
2026-03-09 07:00:00.000;52,548183888888886;kVAr;2600;kW;0;None;2500;kW;5,599999905;Bar;2671,8760702777777;kW;-95,1;cm;5,488935600547223;m3/s;5,488935600547223;m3/s;70,0490632157642;moh;1,0927000532638889;Mill.m3;-95,09394194444444;cm;72,3212897171389;mm;84,05532247825;%;2,599999905;None;0;m3/s;85,3671916948611;%
2026-03-09 08:00:00.000;51,9029925;kVAr;2600;kW;0;None;2500;kW;5,599999905;Bar;2668,1466030555557;kW;-92,88333333333334;cm;5,479751813430556;m3/s;5,479767419250001;m3/s;70,07120357765874;moh;1,0970940913861111;Mill.m3;-92,87973166666667;cm;70,63364734708334;mm;84,10124111216666;%;2,599999905;None;0;m3/s;85,71047812416667;%
2026-03-09 09:00:00.000;29,034673055555555;kVAr;2600;kW;0;None;2500;kW;5,599999905;Bar;2675,822954722222;kW;-90,67222222222222;cm;5,489637940447223;m3/s;5,489645743358334;m3/s;70,09332198330888;moh;1,1014824799583334;Mill.m3;-90,66772555555555;cm;68,9481723571111;mm;84,05180980022222;%;2,599999905;None;0;m3/s;86,05332029238889;%
2026-03-09 10:00:00.000;30,61916;kVAr;2600;kW;0;None;2500;kW;5,599999905;Bar;2667,504506111111;kW;-88,0111111111111;cm;5,325390087330555;m3/s;5,325421297647221;m3/s;70,09452917139961;moh;1,0711789769083335;Mill.m3;-90,547335;cm;66,92032265194445;mm;81,77578820125;%;2,527777685416666;None;0;m3/s;83,68585862127777;%
2026-03-09 11:00:00.000;22,264056944444444;kVAr;2600;kW;0;None;2500;kW;5,599999905;Bar;2671,7576941666666;kW;-92,9888888888889;cm;5,4850108504638895;m3/s;5,485026454961111;m3/s;70,06999600073596;moh;1,0969070605972222;Mill.m3;-93,00019027777778;cm;70,70548140275;mm;84,07494576847222;%;2,599999905;None;0;m3/s;85,6958666045;%
2026-03-09 12:00:00.000;22,21665888888889;kVAr;2600;kW;0;None;2500;kW;5,599999905;Bar;2671,6907283333335;kW;-95,13055555555556;cm;5,452504620455556;m3/s;5,4524578029888895;m3/s;70,04325468282273;moh;1,085605403563889;Mill.m3;-95,67461388888889;cm;72,31283183338888;mm;83,61803209522222;%;2,585555461083333;None;0;m3/s;84,81292171433333;%
2026-03-09 13:00:00.000;38,038988333333336;kVAr;2600;kW;0;None;2500;kW;5,599999905;Bar;2665,1023291666666;kW;-98,22222222222223;cm;5,471652589927778;m3/s;5,471730617705556;m3/s;70,01771423530069;moh;1,0865509498861115;Mill.m3;-98,22863027777778;cm;74,68299734397222;mm;84,14173641136111;%;2,599999905;None;0;m3/s;84,88679718480556;%
2026-03-09 14:00:00.000;33,28283805555556;kVAr;2600;kW;0;None;2500;kW;5,598366073218807;Bar;2664,198371388889;kW;-100,78055555555555;cm;5,474617640144444;m3/s;5,474625443055555;m3/s;69,9920725968069;moh;1,0815352981694444;Mill.m3;-100,79299277777778;cm;76,60938222666667;mm;84,12691139627778;%;2,599999905;None;0;m3/s;84,49494603347222;%
2026-03-09 15:00:00.000;12,814324722222223;kVAr;2600;kW;0;None;2500;kW;5,583073671079935;Bar;2672,660716388889;kW;-103,36111111111111;cm;5,478378524994444;m3/s;5,478378524994444;m3/s;69,96631934983331;moh;1,076354649325;Mill.m3;-103,3681825;cm;78,59914235136111;mm;84,1081070141389;%;2,599999905;None;0;m3/s;84,09020939138888;%
2026-03-09 16:00:00.000;17,57970472222222;kVAr;2600;kW;0;None;2500;kW;5,579595646606287;Bar;2671,9091158333335;kW;-103,96666666666667;cm;5,481320126827777;m3/s;5,481359138727776;m3/s;69,9604209837483;moh;1,0751059572777777;Mill.m3;-103,95757666666667;cm;79,07873908322222;mm;84,09340008608334;%;2,599999905;None;0;m3/s;83,99265478141666;%
2026-03-09 17:00:00.000;29,92840027777778;kVAr;2600;kW;0;None;2500;kW;5,590053581115684;Bar;2666,275361388889;kW;-101,80277777777778;cm;5,475561760469445;m3/s;5,475561760469445;m3/s;69,98201990759974;moh;1,0794016213472222;Mill.m3;-101,79817111111112;cm;77,42887259452777;mm;84,12219024161111;%;2,599999905;None;0;m3/s;84,32825294122222;%
2026-03-09 18:00:00.000;34,1629025;kVAr;2600;kW;0;None;2500;kW;5,597077852220396;Bar;2663,8475933333334;kW;-99,58333333333333;cm;5,472776185222223;m3/s;5,472783986808334;m3/s;70,00421376586435;moh;1,0838233445388887;Mill.m3;-99,57858444444445;cm;75,73059728727777;mm;84,13611888772222;%;2,599999905;None;0;m3/s;84,67370342377778;%
2026-03-09 19:00:00.000;26,489228055555557;kVAr;2600;kW;0;None;2500;kW;5,588181916227102;Bar;2675,984358333333;kW;-97,34444444444445;cm;5,488124148144445;m3/s;5,4881007394138885;m3/s;70,02659469377376;moh;1,0881786798416668;Mill.m3;-97,34029916666667;cm;74,05782852016667;mm;84,0593793228611;%;2,599999905;None;0;m3/s;85,01396147663888;%
2026-03-09 20:00:00.000;30,4223175;kVAr;2600;kW;0;None;2500;kW;5,599127378051124;Bar;2675,796727222222;kW;-95,17777777777778;cm;5,488475322877778;m3/s;5,488444112561112;m3/s;70,0482808205192;moh;1,0925406025583333;Mill.m3;-95,17187777777778;cm;72,38253082441666;mm;84,05762290916667;%;2,599999905;None;0;m3/s;85,35473437719445;%
2026-03-09 21:00:00.000;42,392826666666664;kVAr;2600;kW;0;None;2500;kW;5,599999905;Bar;2666,7869266666667;kW;-92,925;cm;5,478323974863888;m3/s;5,478277158730555;m3/s;70,07085058555458;moh;1,0969895709916666;Mill.m3;-92,91487222222223;cm;70,6737897031389;mm;84,10837949113889;%;2,599999905;None;0;m3/s;85,70231265844444;%
2026-03-09 22:00:00.000;42,41011805555556;kVAr;2600;kW;0;None;2500;kW;5,599999905;Bar;2672,296911944444;kW;-92,81111111111112;cm;5,48566633203889;m3/s;5,48566633203889;m3/s;70,07188861556226;moh;1,0972426205416668;Mill.m3;-92,81082333333333;cm;70,57660295752778;mm;84,0716679475;%;2,599999905;None;0;m3/s;85,72208169188889;%
2026-03-09 23:00:00.000;50,24057222222222;kVAr;2600;kW;0;None;2500;kW;5,59979690519285;Bar;2664,8016886111113;kW;-95,31666666666666;cm;5,47361887553611;m3/s;5,4735720593999995;m3/s;70,04669112498408;moh;1,0923535337277777;Mill.m3;-95,331245;cm;72,45437564608334;mm;84,1319058525;%;2,599999905;None;0;m3/s;85,34012067486111;%
2026-03-10 00:00:00.000;50,780899166666664;kVAr;2600;kW;0;None;2500;kW;5,592433939965452;Bar;2666,686191111111;kW;-97,91666666666667;cm;5,475944043536111;m3/s;5,475944043536111;m3/s;70,0207304261568;moh;1,0871118455027775;Mill.m3;-97,92704;cm;74,46757223330556;mm;84,12027928941667;%;2,599999905;None;0;m3/s;84,9306162316389;%
2026-03-10 01:00:00.000;44,841454444444445;kVAr;2600;kW;0;None;2500;kW;5,596044047646957;Bar;2667,7858683333334;kW;-100,48333333333333;cm;5,483153831955555;m3/s;5,483107015819444;m3/s;69,99503758348278;moh;1,082134771266667;Mill.m3;-100,49649722222222;cm;76,37913949794445;mm;84,08423048675;%;2,599999905;None;0;m3/s;84,541780576;%
2026-03-10 02:00:00.000;47,461528888888886;kVAr;2600;kW;0;None;2500;kW;5,59108110791731;Bar;2665,0887541666666;kW;-103,1;cm;5,471832090038888;m3/s;5,471754063583332;m3/s;69,96893415002921;moh;1,0768827305416666;Mill.m3;-103,10656888888889;cm;78,39631731352777;mm;84,14083891861111;%;2,599999905;None;0;m3/s;84,1314659783611;%
2026-03-10 03:00:00.000;50,275625;kVAr;2600;kW;0;None;2500;kW;5,581023617471933;Bar;2661,6820255555554;kW;-105,8;cm;5,461797716886112;m3/s;5,461797716886112;m3/s;69,9419263691908;moh;1,0715642466805555;Mill.m3;-105,80750194444444;cm;80,43902100427778;mm;84,19101089872223;%;2,599999905;None;0;m3/s;83,715958106;%
2026-03-10 04:00:00.000;36,70132888888889;kVAr;2600;kW;0;None;2500;kW;5,5738413465173196;Bar;2664,4291680555557;kW;-106,28055555555555;cm;5,472229957580555;m3/s;5,472214353086111;m3/s;69,93728350316997;moh;1,0705909822972224;Mill.m3;-106,271485;cm;80,81282363313889;mm;84,13884999883334;%;2,599999905;None;0;m3/s;83,63992169552778;%
2026-03-10 05:00:00.000;29,694413055555554;kVAr;2600;kW;0;None;2500;kW;5,580422395820872;Bar;2669,0802025;kW;-104,07222222222222;cm;5,4814606282472225;m3/s;5,481507444383333;m3/s;69,95934513767202;moh;1,0749134276583332;Mill.m3;-104,06542472222222;cm;79,15268578180556;mm;84,09269625225;%;2,599999905;None;0;m3/s;83,97761338727778;%
2026-03-10 06:00:00.000;32,68584777777778;kVAr;2600;kW;0;None;2500;kW;5,587146972765854;Bar;2666,3663055555558;kW;-101,875;cm;5,47404802373889;m3/s;5,474071432472223;m3/s;69,98131774333204;moh;1,0792366436305554;Mill.m3;-101,86833388888888;cm;77,49223636936111;mm;84,12976017025;%;2,599999905;None;0;m3/s;84,31536435088888;%
2026-03-10 07:00:00.000;30,226228333333335;kVAr;2600;kW;0;None;2500;kW;5,587902916492149;Bar;2670,1683183333334;kW;-99,66111111111111;cm;5,485986257969444;m3/s;5,486025272519444;m3/s;70,00349332241105;moh;1,0836858472083333;Mill.m3;-99,65060833333334;cm;75,783406621;mm;84,07006795683333;%;2,599999905;None;0;m3/s;84,66296125741667;%
2026-03-10 08:00:00.000;35,13951083333333;kVAr;2600;kW;0;None;2500;kW;5,598750267298269;Bar;2665,7856141666666;kW;-97,46111111111111;cm;5,476076769850001;m3/s;5,476123585986112;m3/s;70,02554736681562;moh;1,0879421712694446;Mill.m3;-97,44483277777778;cm;74,14866635927778;mm;84,11961570352777;%;2,599999905;None;0;m3/s;84,9954843335;%
2026-03-10 09:00:00.000;23,957906944444446;kVAr;2600;kW;0;None;2500;kW;5,599596044272556;Bar;2672,961761388889;kW;-95,19444444444444;cm;5,490269954955555;m3/s;5,490269954955555;m3/s;70,0481832379968;moh;1,0924965699555556;Mill.m3;-95,18185888888888;cm;72,39944076288889;mm;84,04864985369444;%;2,599999905;None;0;m3/s;85,35129491905556;%
2026-03-10 10:00:00.000;36,40361333333333;kVAr;2600;kW;0;None;2500;kW;5,599999905;Bar;2665,759001666667;kW;-95,06666666666666;cm;5,4702871135999995;m3/s;5,470170069947222;m3/s;70,04930185546294;moh;1,0927824782083333;Mill.m3;-95,07010138888889;cm;72,28963027325;mm;84,14973468969444;%;2,599999905;None;0;m3/s;85,37363196347222;%
2026-03-10 11:00:00.000;34,52113472222222;kVAr;2600;kW;0;None;2500;kW;5,594458382486674;Bar;2664,387497222222;kW;-97,65833333333333;cm;5,468937212927778;m3/s;5,468976226155556;m3/s;70,02332622796555;moh;1,0876783134472223;Mill.m3;-97,66758027777777;cm;74,25000523388888;mm;84,15531364025;%;2,599999905;None;0;m3/s;84,9748711495;%
2026-03-10 12:00:00.000;29,546825277777778;kVAr;2600;kW;0;None;2500;kW;5,5817594778839785;Bar;2672,6026022222222;kW;-100,11666666666666;cm;5,488615735425;m3/s;5,4885923266944445;m3/s;69,99871593786959;moh;1,0827562040277778;Mill.m3;-100,12854472222222;cm;76,14046327872222;mm;84,05692126033334;%;2,599999905;None;0;m3/s;84,59033046072223;%
2026-03-10 13:00:00.000;31,95365222222222;kVAr;2600;kW;0;None;2500;kW;5,576183844291946;Bar;2665,9790069444443;kW;-102,75555555555556;cm;5,470037427158334;m3/s;5,470107653347223;m3/s;69,9723274459975;moh;1,077581286313889;Mill.m3;-102,76735694444444;cm;78,12801759575;mm;84,14981244422222;%;2,599999905;None;0;m3/s;84,1860408381389;%
2026-03-10 14:00:00.000;27,442341944444443;kVAr;2600;kW;0;None;2500;kW;5,559306943658352;Bar;2670,9354644444443;kW;-105,36111111111111;cm;5,484425667980556;m3/s;5,484519298933334;m3/s;69,94628038445371;moh;1,0724386866138889;Mill.m3;-105,37167583333333;cm;80,10317077655556;mm;84,077286233;%;2,599999905;None;0;m3/s;83,78427331583333;%
2026-03-10 15:00:00.000;35,841056944444446;kVAr;2600;kW;0;None;2500;kW;5,547938204458662;Bar;2662,940255;kW;-108,025;cm;5,468687548808334;m3/s;5,468742167855556;m3/s;69,91961691855602;moh;1,0671481117861112;Mill.m3;-108,03850972222222;cm;82,1351459081389;mm;84,15656218927778;%;2,599999905;None;0;m3/s;83,37094650430555;%
2026-03-10 16:00:00.000;34,6799;kVAr;2600;kW;0;None;2500;kW;5,550183007881653;Bar;2659,968955;kW;-108,51388888888889;cm;5,462055208994443;m3/s;5,462055208994443;m3/s;69,91489756328808;moh;1,066103268813889;Mill.m3;-108,51077444444445;cm;82,53644337286111;mm;84,18972390444445;%;2,599999905;None;0;m3/s;83,28931783269445;%
2026-03-10 17:00:00.000;31,930386666666667;kVAr;2600;kW;0;None;2500;kW;5,566364159176211;Bar;2659,9064605555554;kW;-106,30833333333334;cm;5,46182897344722;m3/s;5,46182897344722;m3/s;69,93698387957765;moh;1,0704920147472223;Mill.m3;-106,30113555555556;cm;80,85083416663889;mm;84,1908547516389;%;2,599999905;None;0;m3/s;83,63218968569444;%
2026-03-10 18:00:00.000;35,42830555555555;kVAr;2600;kW;0;None;2500;kW;5,5682098240894975;Bar;2661,130265;kW;-104,075;cm;5,463483125488888;m3/s;5,463498729983333;m3/s;69,95935028042275;moh;1,0749134276583334;Mill.m3;-104,0650375;cm;79,15268578180556;mm;84,18258300302777;%;2,599999905;None;0;m3/s;83,97761338727778;%
2026-03-10 19:00:00.000;40,64331083333333;kVAr;2600;kW;0;None;2500;kW;5,581805311173769;Bar;2657,656423611111;kW;-101,86944444444444;cm;5,4532303029666656;m3/s;5,45324590878611;m3/s;69,98132021293327;moh;1,0793081268194444;Mill.m3;-101,86810555555556;cm;77,46478163275;mm;84,23384783077778;%;2,599999905;None;0;m3/s;84,3209488345;%
2026-03-10 20:00:00.000;30,362361944444444;kVAr;2600;kW;0;None;2500;kW;5,589201581925082;Bar;2660,168003333333;kW;-99,60277777777777;cm;5,455422858380556;m3/s;5,455407252561112;m3/s;70,00409091087083;moh;1,0837683599166668;Mill.m3;-99,59058472222222;cm;75,75171547233333;mm;84,22288598;%;2,599999905;None;0;m3/s;84,66940777783333;%
2026-03-10 21:00:00.000;18,943778055555555;kVAr;2600;kW;0;None;2500;kW;5,58643211233386;Bar;2672,4363205555555;kW;-97,35277777777777;cm;5,488927891505556;m3/s;5,488920088597222;m3/s;70,02651798137182;moh;1,088239121586111;Mill.m3;-97,3477925;cm;74,03461543011112;mm;84,05535998972222;%;2,599999905;None;0;m3/s;85,01868328816667;%
2026-03-10 22:00:00.000;28,212733333333333;kVAr;2600;kW;0;None;2500;kW;5,585058002528154;Bar;2668,4889775;kW;-97,30277777777778;cm;5,473377033205555;m3/s;5,473361427383332;m3/s;70,02688584785672;moh;1,0883272026305557;Mill.m3;-97,311705;cm;74,00078372791667;mm;84,13311519725;%;2,599999905;None;0;m3/s;85,02556529816667;%
2026-03-10 23:00:00.000;19,68619916666667;kVAr;2600;kW;0;None;2500;kW;5,574830540022031;Bar;2670,653338611111;kW;-99,85;cm;5,479681571355557;m3/s;5,479587939080557;m3/s;70,00144518142488;moh;1,0833172864694445;Mill.m3;-99,85530805555555;cm;75,92496348666667;mm;84,10139706927778;%;2,599999905;None;0;m3/s;84,6341664605;%
2026-03-11 00:00:00.000;9,432444722222222;kVAr;2600;kW;0;None;2500;kW;5,552248589252682;Bar;2678,2800922222223;kW;-102,5;cm;5,479236860963888;m3/s;5,479174439005555;m3/s;69,97488866919795;moh;1,0780762432305557;Mill.m3;-102,51162111111111;cm;77,93791724325;mm;84,10381475869444;%;2,599999905;None;0;m3/s;84,22470915230555;%
2026-03-11 01:00:00.000;27,88632388888889;kVAr;2600;kW;0;None;2500;kW;5,556152557766133;Bar;2666,2062825;kW;-105,14444444444445;cm;5,477489090055555;m3/s;5,477496891641666;m3/s;69,94853013242309;moh;1,072917097347222;Mill.m3;-105,14665;cm;79,91942590141667;mm;84,11255378638889;%;2,599999905;None;0;m3/s;83,82164912702778;%
2026-03-11 02:00:00.000;33,50109861111111;kVAr;2600;kW;0;None;2500;kW;5,546598011287405;Bar;2664,2220016666665;kW;-107,85555555555555;cm;5,470513406044444;m3/s;5,470513406044444;m3/s;69,92130673654108;moh;1,0675165731500003;Mill.m3;-107,86937555555555;cm;81,99362924341666;mm;84,14743272997222;%;2,599999905;None;0;m3/s;83,3997325486389;%
2026-03-11 03:00:00.000;44,216658055555556;kVAr;2600;kW;0;None;2500;kW;5,53354613479781;Bar;2664,7007716666667;kW;-110,40833333333333;cm;5,471020522436111;m3/s;5,470965903388889;m3/s;69,89575244445547;moh;1,062390861227778;Mill.m3;-110,42497555555556;cm;83,96229065830556;mm;84,14489695055556;%;2,599999905;None;0;m3/s;82,9992875178611;%
2026-03-11 04:00:00.000;45,263598611111114;kVAr;2600;kW;0;None;2500;kW;5,5266512802368135;Bar;2659,6310369444445;kW;-110,89722222222223;cm;5,460283972144444;m3/s;5,460447830611111;m3/s;69,8910354116612;moh;1,0613567021888888;Mill.m3;-110,89661083333333;cm;84,35948960886111;mm;84,19858004163889;%;2,599999905;None;0;m3/s;82,91849214463889;%
2026-03-11 05:00:00.000;43,19155027777778;kVAr;2600;kW;0;None;2500;kW;5,536579215249713;Bar;2657,813116388889;kW;-108,71111111111111;cm;5,453355122913889;m3/s;5,453362925824999;m3/s;69,91313435654195;moh;1,0657788102527777;Mill.m3;-108,6991775;cm;82,66105976308333;mm;84,23322330052778;%;2,599999905;None;0;m3/s;83,26397033397222;%
2026-03-11 06:00:00.000;38,5473325;kVAr;2600;kW;0;None;2500;kW;5,539683740078188;Bar;2665,35003;kW;-106,54722222222222;cm;5,469116702422221;m3/s;5,469101096605555;m3/s;69,93458775172482;moh;1,0700300350055556;Mill.m3;-106,5411613888889;cm;81,02826915127778;mm;84,15441553358333;%;2,599999905;None;0;m3/s;83,59609713983333;%
2026-03-11 07:00:00.000;35,459497222222225;kVAr;2600;kW;0;None;2500;kW;5,544173291368667;Bar;2672,348086111111;kW;-104,2388888888889;cm;5,486282753844444;m3/s;5,486259345113888;m3/s;69,95776021392285;moh;1,0744954587000002;Mill.m3;-104,22318194444445;cm;79,313217419;mm;84,0684686675;%;2,599999905;None;0;m3/s;83,94495951433333;%
2026-03-11 08:00:00.000;23,34634388888889;kVAr;2600;kW;0;None;2500;kW;5,543441486508326;Bar;2681,568764166667;kW;-101,71944444444445;cm;5,495052977233334;m3/s;5,494982752366667;m3/s;69,9828620256611;moh;1,079561098216667;Mill.m3;-101,71332777777778;cm;77,36762159041666;mm;84,02473570858334;%;2,599999905;None;0;m3/s;84,34071227219444;%
2026-03-11 09:00:00.000;25,7717425;kVAr;2600;kW;0;None;2500;kW;5,559751721013589;Bar;2675,8520733333335;kW;-99,18055555555556;cm;5,494623802891666;m3/s;5,494623802891666;m3/s;70,00831241728436;moh;1,0846426408499998;Mill.m3;-99,16800305555556;cm;75,41592924572223;mm;84,02688181247223;%;2,599999905;None;0;m3/s;84,73771071830555;%
2026-03-11 10:00:00.000;23,953179166666665;kVAr;2600;kW;0;None;2500;kW;5,563166162214312;Bar;2668,7824088888888;kW;-98,53888888888889;cm;5,4072331283583335;m3/s;5,407248734177777;m3/s;70,01451904873362;moh;1,0857920714694445;Mill.m3;-98,54511416666666;cm;74,97446299833334;mm;82,91522269780556;%;2,599999905;None;0;m3/s;84,82751121466667;%
2026-03-11 11:00:00.000;20,63388;kVAr;2600;kW;0;None;2500;kW;5,560096054019805;Bar;2668,8248566666666;kW;-100,5;cm;5,48021997225;m3/s;5,480227775161111;m3/s;69,99489391128772;moh;1,0820631688277778;Mill.m3;-100,5110475;cm;76,40664189655556;mm;84,09890015880555;%;2,599999905;None;0;m3/s;84,53618579272222;%
2026-03-11 12:00:00.000;23,157186944444444;kVAr;2600;kW;0;None;2500;kW;5,547685426921023;Bar;2663,5910569444445;kW;-102,66666666666667;cm;5,471106361044444;m3/s;5,471051742;m3/s;69,97326142031137;moh;1,0777683627222223;Mill.m3;-102,67417333333333;cm;78,05616482705555;mm;84,14446767041666;%;2,599999905;None;0;m3/s;84,20065678694445;%
2026-03-11 13:00:00.000;30,00818;kVAr;2599,9963888888888;kW;0;None;2499,996527777778;kW;5,553319671568489;Bar;2660,330378888889;kW;-104,83938527777778;cm;5,4650014366007404;m3/s;5,464978030443864;m3/s;69,95146178867516;moh;1,0734459714299416;Mill.m3;-104,84391166666667;cm;79,71493288434917;mm;84,17468235027813;%;2,5999926827780415;None;0;m3/s;83,8629673621173;%
2026-03-11 14:00:00.000;17,77881111111111;kVAr;2600;kW;0;None;2500;kW;5,515427818676891;Bar;2671,611945;kW;-107,06388888888888;cm;5,487258108363888;m3/s;5,48723470096111;m3/s;69,92928228454508;moh;1,0689959472777777;Mill.m3;-107,07182972222222;cm;81,42543896386111;mm;84,06370875233333;%;2,599999905;None;0;m3/s;83,51530844369445;%
2026-03-11 15:00:00.000;25,046512222222223;kVAr;2600;kW;0;None;2500;kW;5,515889623793731;Bar;2662,979391111111;kW;-109,21666666666667;cm;5,462710654655557;m3/s;5,462726260475;m3/s;69,90767488573773;moh;1,0647669842888892;Mill.m3;-109,23290194444445;cm;83,04967577538889;mm;84,18644568044445;%;2,599999905;None;0;m3/s;83,18492293877777;%
2026-03-11 16:00:00.000;23,65125611111111;kVAr;2600;kW;0;None;2500;kW;5,516594873123745;Bar;2667,980016666667;kW;-109,21388888888889;cm;5,475975313394444;m3/s;5,4758348649805555;m3/s;69,90798269448835;moh;1,0647449689750002;Mill.m3;-109,20209;cm;83,05813168763889;mm;84,12012280402777;%;2,599999905;None;0;m3/s;83,18320299758334;%
2026-03-11 17:00:00.000;31,53103;kVAr;2600;kW;0;None;2500;kW;5,529068277940665;Bar;2661,4566194444446;kW;-106,71944444444445;cm;5,464817388875;m3/s;5,464731559511111;m3/s;69,93296709752383;moh;1,069639498702778;Mill.m3;-106,70323194444444;cm;81,17826556975;mm;84,17591359833334;%;2,599999905;None;0;m3/s;83,56558611063889;%
2026-03-11 18:00:00.000;28,26013861111111;kVAr;2600;kW;0;None;2500;kW;5,538545602270529;Bar;2665,690253333333;kW;-104,08333333333333;cm;5,476006535749999;m3/s;5,476029943152778;m3/s;69,9591968284905;moh;1,0749189284694445;Mill.m3;-104,08016777777777;cm;79,15057328725;mm;84,11996671758334;%;2,599999905;None;0;m3/s;83,97804340930556;%
2026-03-11 19:00:00.000;29,783696944444443;kVAr;2600;kW;0;None;2500;kW;5,551458312225667;Bar;2664,38096;kW;-101,56944444444444;cm;5,471722809525;m3/s;5,471777429897222;m3/s;69,98439127216749;moh;1,0798250196333334;Mill.m3;-101,56071111111112;cm;77,26625694558334;mm;84,14138628608333;%;2,599999905;None;0;m3/s;84,36133058352777;%
2026-03-11 20:00:00.000;28,356556666666666;kVAr;2600;kW;0;None;2500;kW;5,5669857696967915;Bar;2665,1356955555557;kW;-99,01666666666667;cm;5,4764434815277765;m3/s;5,476404468299999;m3/s;70,00990997255705;moh;1,0849121585138888;Mill.m3;-99,00899638888889;cm;75,31241381166667;mm;84,1177817025;%;2,599999905;None;0;m3/s;84,75876731733334;%
2026-03-11 21:00:00.000;3,7446383333333335;kVAr;2600;kW;0;None;2500;kW;5,564718244073165;Bar;2684,2506588888887;kW;-96,49444444444444;cm;5,493554876638889;m3/s;5,493476848858333;m3/s;70,0351376673796;moh;1,0899223860305556;Mill.m3;-96,48633472222222;cm;73,38811000988889;mm;84,03222595205555;%;2,599999905;None;0;m3/s;85,15018868047223;%
2026-03-11 22:00:00.000;39,48526444444445;kVAr;2600;kW;0;None;2500;kW;5,586126695957338;Bar;2663,397414722222;kW;-96,08055555555555;cm;5,4643803940166675;m3/s;5,464310170472223;m3/s;70,03908033190285;moh;1,0907805345333332;Mill.m3;-96,09190305555556;cm;73,05851893661111;mm;84,17809747080555;%;2,599999905;None;0;m3/s;85,21723064888889;%
2026-03-11 23:00:00.000;35,702527777777775;kVAr;2600;kW;0;None;2500;kW;5,582900060133756;Bar;2662,6068705555554;kW;-98,34166666666667;cm;5,467111392822222;m3/s;5,4670879854138885;m3/s;70,01641991390562;moh;1,0862869807694446;Mill.m3;-98,35786833333333;cm;74,78438131647222;mm;84,16444263480555;%;2,599999905;None;0;m3/s;84,86617505830556;%
2026-03-12 00:00:00.000;33,68181;kVAr;2600;kW;0;None;2500;kW;5,574839428902475;Bar;2668,620952222222;kW;-100,59166666666667;cm;5,481647869033335;m3/s;5,481577645486111;m3/s;69,99396956019928;moh;1,0818982348361112;Mill.m3;-100,60323166666667;cm;76,46998795416667;mm;84,09176055044445;%;2,599999905;None;0;m3/s;84,52330055080556;%
2026-03-12 01:00:00.000;37,69607972222222;kVAr;2600;kW;0;None;2500;kW;5,56236316297716;Bar;2666,9165388888887;kW;-102,96666666666667;cm;5,477996182386109;m3/s;5,477996182386109;m3/s;69,97024064622624;moh;1,0771797762083333;Mill.m3;-102,97638472222222;cm;78,28222836486111;mm;84,11001955688889;%;2,599999905;None;0;m3/s;84,15467294319444;%
2026-03-12 02:00:00.000;44,45365611111111;kVAr;2600;kW;0;None;2500;kW;5,5626408571578;Bar;2664,5492427777776;kW;-105,28888888888889;cm;5,474032445725001;m3/s;5,474032445725001;m3/s;69,94686942150408;moh;1,0725321771666667;Mill.m3;-105,30355833333333;cm;80,06726370944445;mm;84,129837354;%;2,599999905;None;0;m3/s;83,79157723166666;%
2026-03-12 03:00:00.000;45,10292388888889;kVAr;2600;kW;0;None;2500;kW;5,556116557800329;Bar;2655,721844722222;kW;-107,69444444444444;cm;5,449750281669445;m3/s;5,44967225521389;m3/s;69,92303825919696;moh;1,067835459313889;Mill.m3;-107,69613333333334;cm;81,87115459358333;mm;84,25124914386112;%;2,599999905;None;0;m3/s;83,42464521302777;%
2026-03-12 04:00:00.000;23,548903055555556;kVAr;2600;kW;0;None;2500;kW;5,543201153403308;Bar;2664,6018144444442;kW;-107,93611111111112;cm;5,467087957594444;m3/s;5,467025535636111;m3/s;69,92067053798446;moh;1,0672965670861108;Mill.m3;-107,93249194444445;cm;82,07812862391667;mm;84,16455944808334;%;2,599999905;None;0;m3/s;83,38254434947223;%
2026-03-12 05:00:00.000;29,35683472222222;kVAr;2600;kW;0;None;2500;kW;5,555296169690812;Bar;2664,0257633333335;kW;-105,47777777777777;cm;5,46582394836111;m3/s;5,465987806827777;m3/s;69,94528797289352;moh;1,0721087113055556;Mill.m3;-105,4709613888889;cm;80,22990580663888;mm;84,17087957433333;%;2,599999905;None;0;m3/s;83,7584941426389;%
2026-03-12 06:00:00.000;35,57073;kVAr;2600;kW;0;None;2500;kW;5,571767376265372;Bar;2662,7220675;kW;-103,00277777777778;cm;5,46558206608611;m3/s;5,4656210793138875;m3/s;69,97009297502852;moh;1,0769597423750001;Mill.m3;-102,99091083333333;cm;78,36673874430555;mm;84,17208953363888;%;2,599999905;None;0;m3/s;84,13748264580556;%
2026-03-12 07:00:00.000;33,17557138888889;kVAr;2600;kW;0;None;2500;kW;5,573208208229914;Bar;2667,0642933333334;kW;-100,55555555555556;cm;5,478222538255556;m3/s;5,478308367619444;m3/s;69,9945817232965;moh;1,0818377374416668;Mill.m3;-100,5418661111111;cm;76,49322346594444;mm;84,1088860618889;%;2,599999905;None;0;m3/s;84,51857411975;%
2026-03-12 08:00:00.000;33,25216388888889;kVAr;2600;kW;0;None;2500;kW;5,583136504353578;Bar;2670,9855094444442;kW;-98,20555555555555;cm;5,485408788341666;m3/s;5,485439999983334;m3/s;70,01788313104718;moh;1,0864959255138888;Mill.m3;-98,20190194444444;cm;74,70413159333333;mm;84,07295600019444;%;2,599999905;None;0;m3/s;84,882498551;%
2026-03-12 09:00:00.000;27,61820722222222;kVAr;2600;kW;0;None;2500;kW;5,586946667400588;Bar;2677,242435277778;kW;-95,7388888888889;cm;5,494015248408334;m3/s;5,494015248408334;m3/s;70,04267403035766;moh;1,0914076068027776;Mill.m3;-95,73283083333334;cm;72,81768234805556;mm;84,0299238875;%;2,599999905;None;0;m3/s;85,26621922366667;%
2026-03-12 10:00:00.000;41,811639444444445;kVAr;2600;kW;0;None;2500;kW;5,594810826596297;Bar;2666,6119794444444;kW;-95,26944444444445;cm;5,461883525047224;m3/s;5,47720031605;m3/s;70,0472671624797;moh;1,0924526625277777;Mill.m3;-95,27324888888889;cm;72,41630778561111;mm;83,88058717530555;%;2,599999905;None;0;m3/s;85,34786347166667;%
2026-03-12 11:00:00.000;44,86196277777778;kVAr;2600;kW;0;None;2500;kW;5,589055248730768;Bar;2663,1637272222224;kW;-97,6361111111111;cm;5,468242804241667;m3/s;5,46820379233611;m3/s;70,02356274355924;moh;1,0876782419305555;Mill.m3;-97,643975;cm;74,25003422538889;mm;84,15878546033333;%;2,599999905;None;0;m3/s;84,97486517366667;%
2026-03-12 12:00:00.000;41,450466666666664;kVAr;2600;kW;0;None;2500;kW;5,579750090904008;Bar;2669,3098741666668;kW;-99,95277777777778;cm;5,479221247436111;m3/s;5,479447526533333;m3/s;70,00040570902537;moh;1,083141263333333;Mill.m3;-99,95970472222223;cm;75,9925699675;mm;84,10389304655556;%;2,599999905;None;0;m3/s;84,62041422266667;%
2026-03-12 13:00:00.000;34,69829027777778;kVAr;2600;kW;0;None;2500;kW;5,571697570776132;Bar;2666,5121205555556;kW;-102,39166666666667;cm;5,476568362430554;m3/s;5,476568363755555;m3/s;69,97603977424853;moh;1,0783732412138891;Mill.m3;-102,39644305555555;cm;77,82384749508333;mm;84,117157406;%;2,599999905;None;0;m3/s;84,24791217530556;%
2026-03-12 14:00:00.000;21,75278888888889;kVAr;2600;kW;0;None;2500;kW;5,558433388932673;Bar;2671,143625;kW;-104,775;cm;5,485096663947222;m3/s;5,485010834583334;m3/s;69,95208596066513;moh;1,0735770042222221;Mill.m3;-104,79180611111111;cm;79,66597292275;mm;84,07451688941667;%;2,599999905;None;0;m3/s;83,87320433747222;%
2026-03-12 15:00:00.000;2,9568866666666667;kVAr;2600;kW;0;None;2500;kW;5,519413842667944;Bar;2682,94335;kW;-107,25555555555556;cm;5,489458330261111;m3/s;5,489442724441666;m3/s;69,92733431474737;moh;1,0686659163194445;Mill.m3;-107,26644472222222;cm;81,55219673416667;mm;84,05270945247223;%;2,599999905;None;0;m3/s;83,48952443894444;%
2026-03-12 16:00:00.000;34,965295;kVAr;2600;kW;0;None;2500;kW;5,547410204960262;Bar;2650,678262222222;kW;-107,46111111111111;cm;5,433192890163888;m3/s;5,433192891488887;m3/s;69,92540920040977;moh;1,0681819451138888;Mill.m3;-107,45788333333333;cm;81,73807807383334;mm;84,33403549194445;%;2,599999905;None;0;m3/s;83,45171421972222;%
2026-03-12 17:00:00.000;39,42112638888889;kVAr;2600;kW;0;None;2500;kW;5,547227260689618;Bar;2656,3409358333333;kW;-104,94444444444444;cm;5,451279627019445;m3/s;5,451357653475001;m3/s;69,95068750879646;moh;1,073153546313889;Mill.m3;-104,9314425;cm;79,82861258280556;mm;84,24360203197222;%;2,599999905;None;0;m3/s;83,84012181966666;%
2026-03-12 18:00:00.000;39,557475833333335;kVAr;2600;kW;0;None;2500;kW;5,556934918134003;Bar;2661,0180266666666;kW;-102,18055555555556;cm;5,449929846713888;m3/s;5,450015677402778;m3/s;69,978406439539;moh;1,0786866543583333;Mill.m3;-102,15892666666667;cm;77,7034743408611;mm;84,25034997702778;%;2,599999905;None;0;m3/s;84,2723969153889;%
2026-03-12 19:00:00.000;22,91382722222222;kVAr;2600;kW;0;None;2500;kW;5,563323856508946;Bar;2668,0990780555558;kW;-99,50833333333334;cm;5,481281175977778;m3/s;5,481359203755555;m3/s;70,00494228025782;moh;1,083955225747222;Mill.m3;-99,50628694444444;cm;75,67994717733333;mm;84,0935937461389;%;2,599999905;None;0;m3/s;84,6840059895;%
2026-03-12 20:00:00.000;15,318385555555556;kVAr;2600;kW;0;None;2500;kW;5,571202237913363;Bar;2669,044677222222;kW;-96,87777777777778;cm;5,482513989408334;m3/s;5,4824047499888895;m3/s;70,03131433446096;moh;1,089179792052778;Mill.m3;-96,86866416666666;cm;73,67332407416667;mm;84,08742985141667;%;2,599999905;None;0;m3/s;85,09217336630556;%
2026-03-12 21:00:00.000;13,758796666666667;kVAr;2600;kW;0;None;2500;kW;5,577608592938431;Bar;2672,177828611111;kW;-94,25833333333334;cm;5,485260531627778;m3/s;5,485252728716667;m3/s;70,05756258325756;moh;1,0943277634666668;Mill.m3;-94,24385472222222;cm;71,696126047;mm;84,07369745108333;%;2,599999905;None;0;m3/s;85,49435729716667;%
2026-03-12 22:00:00.000;5,757814444444445;kVAr;2600;kW;0;None;2500;kW;5,571397515505629;Bar;2671,2688716666667;kW;-93,6361111111111;cm;5,484776753916667;m3/s;5,484706529047223;m3/s;70,0635253894074;moh;1,0956310009027779;Mill.m3;-93,64791916666667;cm;71,19557548141667;mm;84,07611664802778;%;2,599999905;None;0;m3/s;85,59617495697222;%
2026-03-12 23:00:00.000;3,9835327777777776;kVAr;2600;kW;0;None;2500;kW;5,560556831359844;Bar;2674,7092544444445;kW;-95,85;cm;5,487960269747222;m3/s;5,487812017105557;m3/s;70,04144633117438;moh;1,0912316197777778;Mill.m3;-95,85574416666667;cm;72,88527280711111;mm;84,06019918702778;%;2,599999905;None;0;m3/s;85,25247060983334;%
2026-03-13 00:00:00.000;-11,822596944444445;kVAr;2600;kW;0;None;2500;kW;5,535233688750187;Bar;2682,9771905555554;kW;-98,1;cm;5,485237027366668;m3/s;5,485205817050001;m3/s;70,01891479684191;moh;1,0868093704555557;Mill.m3;-98,10802111111111;cm;74,5837455963889;mm;84,07381615052778;%;2,599999905;None;0;m3/s;84,90698587730556;%
2026-03-13 01:00:00.000;19,869033333333334;kVAr;2600;kW;0;None;2500;kW;5,554008670913932;Bar;2659,94442;kW;-100,23611111111111;cm;5,458637646833334;m3/s;5,458629843922223;m3/s;69,99754578644492;moh;1,0825471996583336;Mill.m3;-100,24501555555555;cm;76,22073650455556;mm;84,20681122658333;%;2,599999905;None;0;m3/s;84,57400164925;%
2026-03-13 02:00:00.000;14,818197777777778;kVAr;2600;kW;0;None;2500;kW;5,529185388940521;Bar;2665,6778436111113;kW;-102,38333333333334;cm;5,470310522488888;m3/s;5,470505591272222;m3/s;69,97605411682889;moh;1,0783348068027778;Mill.m3;-102,39480861111112;cm;77,83860812730556;mm;84,14844612522222;%;2,599999905;None;0;m3/s;84,24490990261111;%
2026-03-13 03:00:00.000;17,45603138888889;kVAr;2600;kW;0;None;2500;kW;5,517576011080551;Bar;2667,9157669444444;kW;-104,69444444444444;cm;5,471410736608334;m3/s;5,4714185395222215;m3/s;69,95300335424069;moh;1,0736814726194444;Mill.m3;-104,69909361111111;cm;79,62584961916667;mm;84,1429454381389;%;2,599999905;None;0;m3/s;83,88136596716667;%
2026-03-13 04:00:00.000;11,702539722222221;kVAr;2600;kW;0;None;2500;kW;5,5106120732518535;Bar;2664,346631111111;kW;-104,77222222222223;cm;5,472768382244444;m3/s;5,472783986736111;m3/s;69,95236152660202;moh;1,073560485763889;Mill.m3;-104,76343166666666;cm;79,67231780283333;mm;84,13615841341667;%;2,599999905;None;0;m3/s;83,871914037;%
2026-03-13 05:00:00.000;11,462706666666667;kVAr;2600;kW;0;None;2500;kW;5,516906511716575;Bar;2663,657798333333;kW;-102,18333333333334;cm;5,467407914063887;m3/s;5,467329884955555;m3/s;69,97822494474454;moh;1,078637218236111;Mill.m3;-102,17747972222222;cm;77,72246064041667;mm;84,16295998786111;%;2,599999905;None;0;m3/s;84,26853527619444;%
2026-03-13 06:00:00.000;9,474161666666667;kVAr;2600;kW;0;None;2500;kW;5,523169033544952;Bar;2673,528526388889;kW;-99,3861111111111;cm;5,483052408811111;m3/s;5,482966579449999;m3/s;70,0061985689083;moh;1,084180688933333;Mill.m3;-99,37983111111112;cm;75,59335310405555;mm;84,08473784116667;%;2,599999905;None;0;m3/s;84,70162037563888;%
2026-03-13 07:00:00.000;20,009707777777777;kVAr;2600;kW;0;None;2500;kW;5,539961767591842;Bar;2665,9558844444446;kW;-96,49166666666666;cm;5,476810195608334;m3/s;5,476755576563891;m3/s;70,03528139448402;moh;1,0898508846361112;Mill.m3;-96,47230666666667;cm;73,41557663561112;mm;84,11594831719445;%;2,599999905;None;0;m3/s;85,14460171730556;%
2026-03-13 08:00:00.000;7,737661388888889;kVAr;2600;kW;0;None;2500;kW;5,546934566523228;Bar;2673,6921177777776;kW;-93,48611111111111;cm;5,491206247261112;m3/s;5,491081403344445;m3/s;70,06521733374245;moh;1,0958951471833334;Mill.m3;-93,47823833333334;cm;71,09413155455556;mm;84,04396885994444;%;2,599999905;None;0;m3/s;85,61680999097223;%
2026-03-13 09:00:00.000;-5,599370277777778;kVAr;2600;kW;0;None;2500;kW;5,547285538412028;Bar;2684,2285555555554;kW;-90,575;cm;5,497190952;m3/s;5,497190952;m3/s;70,09434777550636;moh;1,1016311260083334;Mill.m3;-90,56490416666666;cm;68,89108729902777;mm;84,01404572;%;2,599999905;None;0;m3/s;86,06493240025;%
2026-03-13 10:00:00.000;15,951237222222222;kVAr;2600;kW;0;None;2500;kW;5,578278397857674;Bar;2678,3115316666667;kW;-89,69444444444444;cm;5,489286761647222;m3/s;5,489239945511111;m3/s;70,103000857564;moh;1,1034131361583335;Mill.m3;-89,6998925;cm;68,20665932019445;mm;84,05356653241667;%;2,599999905;None;0;m3/s;86,20415058052778;%
2026-03-13 11:00:00.000;41,35657444444445;kVAr;2600;kW;0;None;2500;kW;5,574395484879778;Bar;2672,946808888889;kW;-91,54722222222222;cm;5,4865090210583345;m3/s;5,486360767086111;m3/s;70,08444426061348;moh;1,0997888545833334;Mill.m3;-91,55573111111111;cm;69,59866705794444;mm;84,067454402;%;2,599999905;None;0;m3/s;85,92100520916667;%
2026-03-13 12:00:00.000;24,813445;kVAr;2600;kW;0;None;2500;kW;5,5679850187475015;Bar;2672,860071111111;kW;-93,4888888888889;cm;5,487960371491666;m3/s;5,48783552625;m3/s;70,06517961414839;moh;1,0959169197583332;Mill.m3;-93,4830775;cm;71,08576001141667;mm;84,06019743002778;%;2,599999905;None;0;m3/s;85,6185131461389;%
2026-03-13 13:00:00.000;16,316593055555554;kVAr;2599,9963888888888;kW;0;None;2499,996527777778;kW;5,570730293917268;Bar;2670,3408961111113;kW;-95,11653194444445;cm;5,053831260412568;m3/s;5,145341871518124;m3/s;70,04610340619752;moh;1,0890852499851014;Mill.m3;-95,3804525;cm;72,34229176406986;mm;77,55628187699205;%;2,5927740719306875;None;0;m3/s;85,08478562130615;%
2026-03-13 14:00:00.000;17,369530833333332;kVAr;2600;kW;0;None;2500;kW;5,557088445765927;Bar;2669,4879169444444;kW;-97,39722222222223;cm;5,449383485283334;m3/s;5,464630052744445;m3/s;70,0258350597965;moh;1,0881731074555558;Mill.m3;-97,41615222222222;cm;74,05997028175;mm;83,63363834052778;%;2,599999905;None;0;m3/s;85,01352592352778;%
2026-03-13 15:00:00.000;-3,4954277777777776;kVAr;2600;kW;0;None;2500;kW;5,533369134965961;Bar;2681,624921388889;kW;-99,41388888888889;cm;5,491260749533334;m3/s;5,491260749533334;m3/s;70,00582604303798;moh;1,084175347086111;Mill.m3;-99,41750444444445;cm;75,59540185183333;mm;84,04369763330556;%;2,599999905;None;0;m3/s;84,70120416983333;%
2026-03-13 16:00:00.000;25,95398722222222;kVAr;2600;kW;0;None;2500;kW;5,56274657927958;Bar;2658,326808611111;kW;-99,28611111111111;cm;5,4562811918583325;m3/s;5,4562655873638874;m3/s;70,00715507354826;moh;1,08444470575;Mill.m3;-99,28465444444444;cm;75,49195005905555;mm;84,21859400030556;%;2,599999905;None;0;m3/s;84,72224720663888;%
2026-03-13 17:00:00.000;12,577762777777778;kVAr;2600;kW;0;None;2500;kW;5,567076686277089;Bar;2670,3346169444444;kW;-96,55555555555556;cm;5,481944382230555;m3/s;5,481944382230555;m3/s;70,03460015776507;moh;1,0898288739583333;Mill.m3;-96,54008055555556;cm;73,42402724966666;mm;84,09027779827778;%;2,599999905;None;0;m3/s;85,14288285713889;%
2026-03-13 18:00:00.000;11,245965555555555;kVAr;2600;kW;0;None;2500;kW;5,575737233605115;Bar;2677,0326044444446;kW;-93,82222222222222;cm;5,490441663936111;m3/s;5,490441663936111;m3/s;70,06183918819276;moh;1,0952406854972223;Mill.m3;-93,81601333333333;cm;71,3454921931389;mm;84,04779078422222;%;2,599999905;None;0;m3/s;85,5656797801389;%
2026-03-13 19:00:00.000;20,887756111111113;kVAr;2600;kW;0;None;2500;kW;5,590733441580925;Bar;2670,7196075;kW;-91,08888888888889;cm;5,481741540872221;m3/s;5,481741540872221;m3/s;70,08917412522504;moh;1,1006247333083332;Mill.m3;-91,08231;cm;69,27761940377778;mm;84,0912917875;%;2,599999905;None;0;m3/s;85,98630826905556;%
2026-03-13 20:00:00.000;17,983761944444446;kVAr;2600;kW;0;None;2500;kW;5,594655576743783;Bar;2673,1493458333334;kW;-88,26944444444445;cm;5,487780894033332;m3/s;5,48772627498611;m3/s;70,1173829236622;moh;1,106196299863889;Mill.m3;-88,26138805555556;cm;67,13772598033333;mm;84,061094837;%;2,599999905;None;0;m3/s;86,42158660783333;%
2026-03-13 21:00:00.000;4,596610833333333;kVAr;2600;kW;0;None;2500;kW;5,593794299784218;Bar;2682,7803505555557;kW;-85,58333333333333;cm;5,492439091002778;m3/s;5,492439091002778;m3/s;70,14429672236356;moh;1,1115750182916666;Mill.m3;-85,57035611111111;cm;65,071896613;mm;84,03780460644444;%;2,599999905;None;0;m3/s;86,84179668613889;%
2026-03-13 22:00:00.000;18,3862075;kVAr;2600;kW;0;None;2500;kW;5,598137323436121;Bar;2674,5657511111112;kW;-84,97777777777777;cm;5,4901918834666645;m3/s;5,49016847473611;m3/s;70,15019546602008;moh;1,1127797220138886;Mill.m3;-84,98056138888889;cm;64,60920149075;mm;84,04904081747222;%;2,599999905;None;0;m3/s;86,93591319252778;%
2026-03-13 23:00:00.000;13,82297611111111;kVAr;2600;kW;0;None;2500;kW;5,5941509661120525;Bar;2675,510280833333;kW;-87,09722222222223;cm;5,486469911186111;m3/s;5,486469911186111;m3/s;70,12893431152278;moh;1,108566462377778;Mill.m3;-87,1066725;cm;66,22740082119445;mm;84,06765100744444;%;2,599999905;None;0;m3/s;86,60675697494445;%
2026-03-14 00:00:00.000;10,243150833333333;kVAr;2600;kW;0;None;2500;kW;5,585817529584379;Bar;2680,0977630555553;kW;-89,23333333333333;cm;5,478721892702778;m3/s;5,478565838469445;m3/s;70,10763633748728;moh;1,1043318052444446;Mill.m3;-89,23613833333333;cm;67,85382798858333;mm;84,106584632;%;2,599999905;None;0;m3/s;86,27592135369444;%
2026-03-14 01:00:00.000;11,761109166666667;kVAr;2600;kW;0;None;2500;kW;5,582208366346422;Bar;2674,6639972222224;kW;-91,40277777777777;cm;5,4855570818777775;m3/s;5,4855804892833335;m3/s;70,0858803652183;moh;1,1000747992805557;Mill.m3;-91,41205305555556;cm;69,48884003794444;mm;84,07221444555556;%;2,599999905;None;0;m3/s;85,94334471183333;%
2026-03-14 02:00:00.000;8,921785833333333;kVAr;2600;kW;0;None;2500;kW;5,568703795842444;Bar;2678,8086719444445;kW;-93,64444444444445;cm;5,474602003891666;m3/s;5,474633215533333;m3/s;70,0634992465241;moh;1,0956474862138887;Mill.m3;-93,65017305555556;cm;71,18924550002778;mm;84,12698917169445;%;2,599999905;None;0;m3/s;85,59746298988888;%
2026-03-14 03:00:00.000;22,620887777777778;kVAr;2600;kW;0;None;2500;kW;5,568650379226524;Bar;2669,168255277778;kW;-95,87222222222222;cm;5,481905375663889;m3/s;5,481897572752778;m3/s;70,041169508532;moh;1,0911711018527777;Mill.m3;-95,883025;cm;72,90851461316667;mm;84,09047287888889;%;2,599999905;None;0;m3/s;85,24774311916667;%
2026-03-14 04:00:00.000;6,9908930555555555;kVAr;2600;kW;0;None;2500;kW;5,568799934639999;Bar;2677,0124805555556;kW;-96,04722222222222;cm;5,483856161441667;m3/s;5,483817146888889;m3/s;70,0396169905376;moh;1,0908245486222223;Mill.m3;-96,03851361111111;cm;73,04161724222222;mm;84,08071772433334;%;2,599999905;None;0;m3/s;85,22066832683333;%
2026-03-14 05:00:00.000;26,242877222222223;kVAr;2600;kW;0;None;2500;kW;5,581725727916039;Bar;2669,2849830555556;kW;-93,52777777777777;cm;5,473080546266666;m3/s;5,473119559491665;m3/s;70,06482832679278;moh;1,09576306725;Mill.m3;-93,51694333333333;cm;71,14485685588889;mm;84,13459599866667;%;2,599999905;None;0;m3/s;85,60649199730555;%
2026-03-14 06:00:00.000;45,54886277777778;kVAr;2600;kW;0;None;2500;kW;5,599055822563546;Bar;2652,7158241666666;kW;-90,94444444444444;cm;5,4407146969583335;m3/s;5,440745908597222;m3/s;70,09056582359739;moh;1,100916176861111;Mill.m3;-90,94335138888889;cm;69,1656813725;mm;84,29642569263889;%;2,599999905;None;0;m3/s;86,00907734922222;%
2026-03-14 07:00:00.000;19,88840638888889;kVAr;2600;kW;0;None;2500;kW;5,597447129647361;Bar;2674,486283611111;kW;-88,41388888888889;cm;5,487180024900001;m3/s;5,487180024900001;m3/s;70,11594989322809;moh;1,1058554043777777;Mill.m3;-88,40506833333333;cm;67,26865775036111;mm;84,06409992825;%;2,599999905;None;0;m3/s;86,39495353516666;%
2026-03-14 08:00:00.000;-2,4581002777777776;kVAr;2600;kW;0;None;2500;kW;5,5908339137077;Bar;2695,242368611111;kW;-85,95;cm;5,497190952;m3/s;5,497190952;m3/s;70,14059700397314;moh;1,110821386686111;Mill.m3;-85,94030472222222;cm;65,36134547858333;mm;84,01404572;%;2,599999905;None;0;m3/s;86,78292009830555;%
2026-03-14 09:00:00.000;20,090173055555557;kVAr;2600;kW;0;None;2500;kW;5,599999905;Bar;2676,4941444444444;kW;-85,64166666666667;cm;5,4881631758583325;m3/s;5,4881631758583325;m3/s;70,14353272097105;moh;1,1114980130416667;Mill.m3;-85,64652916666667;cm;65,10147475833334;mm;84,05918418286112;%;2,599999905;None;0;m3/s;86,83578014569444;%
2026-03-14 10:00:00.000;19,715299722222223;kVAr;2600;kW;0;None;2500;kW;5,591903801580195;Bar;2679,076719166667;kW;-87,825;cm;5,490675612491667;m3/s;5,490675612491667;m3/s;70,12170707750852;moh;1,1071752688527778;Mill.m3;-87,82926583333334;cm;66,761726105;mm;84,04662253225;%;2,599999905;None;0;m3/s;86,49807039833334;%
2026-03-14 11:00:00.000;30,743674722222224;kVAr;2600;kW;0;None;2500;kW;5,599799738523492;Bar;2666,096893611111;kW;-89,925;cm;5,4756475965861116;m3/s;5,475647597913889;m3/s;70,10067956246077;moh;1,1029510570583332;Mill.m3;-89,93200472222222;cm;68,38413200552777;mm;84,12176123641666;%;2,599999905;None;0;m3/s;86,16805133786112;%
2026-03-14 12:00:00.000;27,706399722222223;kVAr;2600;kW;0;None;2500;kW;5,596025242109266;Bar;2666,643347222222;kW;-92,12777777777778;cm;5,475538370397222;m3/s;5,475514961666666;m3/s;70,07859500959538;moh;1,0986285256361112;Mill.m3;-92,14077583333334;cm;70,04431417166667;mm;84,12230737436111;%;2,599999905;None;0;m3/s;85,830354818;%
2026-03-14 13:00:00.000;26,74714833333333;kVAr;2600;kW;0;None;2500;kW;5,593939660757239;Bar;2664,750935277778;kW;-94,44722222222222;cm;5,47318192988611;m3/s;5,473096100525;m3/s;70,0554078317501;moh;1,0940473196166667;Mill.m3;-94,4593675;cm;71,80384029711111;mm;84,13409006183333;%;2,599999905;None;0;m3/s;85,47244703263888;%
2026-03-14 14:00:00.000;22,072399444444443;kVAr;2600;kW;0;None;2500;kW;5,5863120013368555;Bar;2664,2623755555555;kW;-96,80277777777778;cm;5,472308003988889;m3/s;5,472253386263889;m3/s;70,03187876000742;moh;1,0893832935277779;Mill.m3;-96,81193194444444;cm;73,59516086341667;mm;84,13845973433334;%;2,599999905;None;0;m3/s;85,10807264302778;%
2026-03-14 15:00:00.000;11,217452777777778;kVAr;2600;kW;0;None;2500;kW;5,577172815574645;Bar;2664,7568633333335;kW;-99,05277777777778;cm;5,474555194383335;m3/s;5,474648826655557;m3/s;70,00935822511089;moh;1,0848956957222222;Mill.m3;-99,06402861111111;cm;75,31873616388889;mm;84,12722329041667;%;2,599999905;None;0;m3/s;84,75748140380556;%
2026-03-14 16:00:00.000;1,892001111111111;kVAr;2600;kW;0;None;2500;kW;5,567091630707332;Bar;2660,369652777778;kW;-101,39166666666667;cm;5,462702845130553;m3/s;5,4626950422222205;m3/s;69,98593640741153;moh;1,0802485053694446;Mill.m3;-101,40623388888889;cm;77,1036058625;mm;84,18648503577778;%;2,599999905;None;0;m3/s;84,39441515580556;%
2026-03-14 17:00:00.000;-1,1877627777777777;kVAr;2600;kW;0;None;2500;kW;5,568250407384273;Bar;2663,63717;kW;-101,78055555555555;cm;5,468078928577776;m3/s;5,46804771826111;m3/s;69,98233102039647;moh;1,0794070744944446;Mill.m3;-101,76682972222223;cm;77,42677915211111;mm;84,1596049195;%;2,599999905;None;0;m3/s;84,3286788733889;%
2026-03-14 18:00:00.000;-5,221626944444444;kVAr;2600;kW;0;None;2500;kW;5,577133621167435;Bar;2668,260293611111;kW;-99,31666666666666;cm;5,479759649419444;m3/s;5,47969722746111;m3/s;70,0069104781817;moh;1,08434580975;Mill.m3;-99,30885333333333;cm;75,52993160172223;mm;84,10120092988889;%;2,599999905;None;0;m3/s;84,71452155380555;%
2026-03-14 19:00:00.000;-8,339498611111111;kVAr;2600;kW;0;None;2500;kW;5,5947614933098295;Bar;2664,4481127777776;kW;-97,00555555555556;cm;5,471246861063888;m3/s;5,471246861063888;m3/s;70,03001034914193;moh;1,0889377250083332;Mill.m3;-96,99890583333334;cm;73,76629524016667;mm;84,14376576738889;%;2,599999905;None;0;m3/s;85,07326234413888;%
2026-03-14 20:00:00.000;10,324869722222223;kVAr;2600;kW;0;None;2500;kW;5,599377211147115;Bar;2656,6112002777777;kW;-94,57222222222222;cm;5,451443449744445;m3/s;5,451427843925;m3/s;70,05437833452595;moh;1,0936843650666668;Mill.m3;-94,56195666666666;cm;71,94324056705555;mm;84,24278210580556;%;2,599999905;None;0;m3/s;85,44409145569445;%
2026-03-14 21:00:00.000;6,521173888888889;kVAr;2600;kW;0;None;2500;kW;5,599592405387125;Bar;2671,5526791666666;kW;-92,11111111111111;cm;5,482264310833332;m3/s;5,482170678558333;m3/s;70,07893229201055;moh;1,098606530197222;Mill.m3;-92,10661305555556;cm;70,05276198833333;mm;84,08867787222222;%;2,599999905;None;0;m3/s;85,828636424;%
2026-03-14 22:00:00.000;17,321177777777777;kVAr;2600;kW;0;None;2500;kW;5,599999905;Bar;2672,585016111111;kW;-91,89166666666667;cm;5,488920032958334;m3/s;5,488935638780557;m3/s;70,08098173233975;moh;1,0990904020361112;Mill.m3;-91,90163888888888;cm;69,86691955833334;mm;84,05539989594445;%;2,599999905;None;0;m3/s;85,86643905733334;%
2026-03-14 23:00:00.000;40,310589722222225;kVAr;2600;kW;0;None;2500;kW;5,599796988526103;Bar;2672,5373822222223;kW;-94,18333333333334;cm;5,484651993413889;m3/s;5,484659796325;m3/s;70,05801501818691;moh;1,0945697507222223;Mill.m3;-94,19870861111112;cm;71,6031854835;mm;84,07701223202778;%;2,599999905;None;0;m3/s;85,51326230080555;%
2026-03-15 00:00:00.000;43,49843111111111;kVAr;2600;kW;0;None;2500;kW;5,59604551986778;Bar;2674,534078888889;kW;-96,76666666666667;cm;5,4843632696333335;m3/s;5,484355468047222;m3/s;70,03222902383672;moh;1,0894217994416664;Mill.m3;-96,77710166666667;cm;73,58037147283333;mm;84,07818298416667;%;2,599999905;None;0;m3/s;85,11108099802777;%
2026-03-15 01:00:00.000;43,54795;kVAr;2600;kW;0;None;2500;kW;5,595948103293659;Bar;2671,7628063888887;kW;-99,10277777777777;cm;5,48731266786389;m3/s;5,487304864950001;m3/s;70,00891809582536;moh;1,0847967043222224;Mill.m3;-99,10838972222223;cm;75,35675610722222;mm;84,0634366153889;%;2,599999905;None;0;m3/s;84,74974761363889;%
2026-03-15 02:00:00.000;44,49801361111111;kVAr;2600;kW;0;None;2500;kW;5,596419463956978;Bar;2666,748381666667;kW;-101,52777777777777;cm;5,47787909115;m3/s;5,477871288238888;m3/s;69,9846236246688;moh;1,0800229944833333;Mill.m3;-101,5377511111111;cm;77,19021977175;mm;84,11060466605555;%;2,599999905;None;0;m3/s;84,37679718863889;%
2026-03-15 03:00:00.000;45,25226472222222;kVAr;2600;kW;0;None;2500;kW;5,593898688573939;Bar;2660,9006969444445;kW;-103,9888888888889;cm;5,463405092491667;m3/s;5,463405092491667;m3/s;69,96000636236094;moh;1,0751334614583334;Mill.m3;-103,99922166666667;cm;79,06817565669445;mm;84,18297411591666;%;2,599999905;None;0;m3/s;83,99480393905556;%
2026-03-15 04:00:00.000;39,78507583333333;kVAr;2600;kW;0;None;2500;kW;5,584960585954034;Bar;2661,7180911111113;kW;-106,45277777777778;cm;5,465020241911112;m3/s;5,464926608311112;m3/s;69,93531387291536;moh;1,0702829785777779;Mill.m3;-106,46883305555555;cm;80,93112070136111;mm;84,17489842205555;%;2,599999905;None;0;m3/s;83,61585852186111;%
2026-03-15 05:00:00.000;32,321218055555555;kVAr;2600;kW;0;None;2500;kW;5,56814876859194;Bar;2663,7075405555556;kW;-108,94722222222222;cm;5,470294937849999;m3/s;5,47024812568611;m3/s;69,91047177440609;moh;1,0652948549472223;Mill.m3;-108,95303972222223;cm;82,84693521125;mm;84,14852542869444;%;2,599999905;None;0;m3/s;83,22616178786112;%
2026-03-15 06:00:00.000;39,23331972222222;kVAr;2600;kW;0;None;2500;kW;5,5796403687860225;Bar;2654,1110427777776;kW;-109,275;cm;5,442852629469445;m3/s;5,442805813333334;m3/s;69,90733670106557;moh;1,0646185409138889;Mill.m3;-109,2664188888889;cm;83,1066883548611;mm;84,28573640172222;%;2,599999905;None;0;m3/s;83,17332613186112;%
2026-03-15 07:00:00.000;32,80443666666667;kVAr;2600;kW;0;None;2500;kW;5,586621195487565;Bar;2653,1443977777776;kW;-107;cm;5,440847338494444;m3/s;5,44073809907222;m3/s;69,93008844809977;moh;1,0691059642222225;Mill.m3;-106,99132722222222;cm;81,38318390130556;mm;84,295762571;%;2,599999905;None;0;m3/s;83,52390346513889;%
2026-03-15 08:00:00.000;10,587152222222223;kVAr;2600;kW;0;None;2500;kW;5,585803140709159;Bar;2666,9422772222224;kW;-104,675;cm;5,474282084572223;m3/s;5,474336704944443;m3/s;69,95336201788857;moh;1,0737199387861112;Mill.m3;-104,66373777777778;cm;79,61107644122222;mm;84,128589842;%;2,599999905;None;0;m3/s;83,88437133380556;%
2026-03-15 09:00:00.000;21,692085833333334;kVAr;2600;kW;0;None;2500;kW;5,590112247726616;Bar;2664,3171002777776;kW;-102,34722222222223;cm;5,473938828102775;m3/s;5,473938826777776;m3/s;69,97655406673438;moh;1,078345792613889;Mill.m3;-102,34502972222222;cm;77,83438890252778;mm;84,13030526908334;%;2,599999905;None;0;m3/s;84,24576799755556;%
2026-03-15 10:00:00.000;22,8183675;kVAr;2600;kW;0;None;2500;kW;5,597122324400371;Bar;2669,7426622222224;kW;-100,03888888888889;cm;5,48032925791389;m3/s;5,480282441777779;m3/s;69,99968584945285;moh;1,0828717218194441;Mill.m3;-100,03171944444445;cm;76,09609508638889;mm;84,09835344955556;%;2,599999905;None;0;m3/s;84,59935558930556;%
2026-03-15 11:00:00.000;7,819725833333333;kVAr;2600;kW;0;None;2500;kW;5,598222573355133;Bar;2673,699628611111;kW;-97,87222222222222;cm;5,48534639553611;m3/s;5,48534639553611;m3/s;70,0212793341017;moh;1,0871612895277778;Mill.m3;-97,87144583333334;cm;74,44858307277778;mm;84,07326789577778;%;2,599999905;None;0;m3/s;84,93447886736111;%
2026-03-15 12:00:00.000;10,052453611111112;kVAr;2600;kW;0;None;2500;kW;5,597527685126389;Bar;2676,296372222222;kW;-97,65277777777777;cm;5,487297108405554;m3/s;5,487312714227777;m3/s;70,02345119256994;moh;1,0876837268638888;Mill.m3;-97,65500222222222;cm;74,24792789786112;mm;84,0635139053611;%;2,599999905;None;0;m3/s;84,97529375502778;%
2026-03-15 13:00:00.000;12,707169166666667;kVAr;2600;kW;0;None;2500;kW;5,593509188943962;Bar;2676,2984141666666;kW;-100,14166666666667;cm;5,491440309269445;m3/s;5,491409098952778;m3/s;69,99851313955503;moh;1,082767245472222;Mill.m3;-100,14417888888889;cm;76,13410886244445;mm;84,04279878580556;%;2,599999905;None;0;m3/s;84,5911933876389;%
2026-03-15 14:00:00.000;25,10439861111111;kVAr;2600;kW;0;None;2500;kW;5,590150358801521;Bar;2668,7194744444446;kW;-102,74444444444444;cm;5,4774188186888875;m3/s;5,477364198316667;m3/s;69,97258860944468;moh;1,0776307740694446;Mill.m3;-102,7418;cm;78,10901067580555;mm;84,11290565122222;%;2,599999905;None;0;m3/s;84,18990692780555;%
2026-03-15 15:00:00.000;20,865490277777777;kVAr;2600;kW;0;None;2500;kW;5,581287533887879;Bar;2663,9806397222223;kW;-105,23055555555555;cm;5,468024347969442;m3/s;5,468024347969442;m3/s;69,9475246534175;moh;1,0727081526027777;Mill.m3;-105,24737944444445;cm;80,00178862716666;mm;84,15987790405555;%;2,599999905;None;0;m3/s;83,80532527402778;%
2026-03-15 16:00:00.000;5,418372222222223;kVAr;2600;kW;0;None;2500;kW;5,555387030715604;Bar;2674,029361666667;kW;-107,79166666666667;cm;5,484690970847223;m3/s;5,484698773758334;m3/s;69,92201955628643;moh;1,0676155645499998;Mill.m3;-107,79798777777778;cm;81,95560902455556;mm;84,07654503869445;%;2,599999905;None;0;m3/s;83,40746635983334;%
2026-03-15 17:00:00.000;32,56299305555556;kVAr;2600;kW;0;None;2500;kW;5,5586385276266785;Bar;2658,563141388889;kW;-110,30833333333334;cm;5,4534878120583326;m3/s;5,453643867613888;m3/s;69,89701932612576;moh;1,0626879069333337;Mill.m3;-110,29861083333333;cm;83,84820141336111;mm;84,23271622122222;%;2,599999905;None;0;m3/s;83,02249433519444;%
2026-03-15 18:00:00.000;45,75953777777778;kVAr;2600;kW;0;None;2500;kW;5,574654984633252;Bar;2647,0579330555556;kW;-110,46666666666667;cm;5,423735927261112;m3/s;5,423759334669445;m3/s;69,89549302568065;moh;1,0623358527611113;Mill.m3;-110,45052472222223;cm;83,98341831669444;mm;84,38132072;%;2,599999905;None;0;m3/s;82,99498973175;%
2026-03-15 19:00:00.000;31,475333055555556;kVAr;2600;kW;0;None;2500;kW;5,579442230085365;Bar;2658,3561225;kW;-107,71666666666667;cm;5,454010580547223;m3/s;5,453924749861112;m3/s;69,92292065024954;moh;1,0677090869027777;Mill.m3;-107,7071025;cm;81,91757617491666;mm;84,22994706836111;%;2,599999905;None;0;m3/s;83,41477286133333;%
2026-03-15 20:00:00.000;36,83114944444444;kVAr;2600;kW;0;None;2500;kW;5,581026423024824;Bar;2660,871167777778;kW;-105,02222222222223;cm;5,465137309488889;m3/s;5,4650202684861116;m3/s;69,94993163573695;moh;1,0730655764972223;Mill.m3;-105,01671277777778;cm;79,86239908083333;mm;84,17431382044444;%;2,599999905;None;0;m3/s;83,833249028;%
2026-03-15 21:00:00.000;33,86436361111111;kVAr;2600;kW;0;None;2500;kW;5,587500500207779;Bar;2662,085848333333;kW;-102,15555555555555;cm;5,467376702349999;m3/s;5,467415715574999;m3/s;69,9784761866873;moh;1,0786646311138888;Mill.m3;-102,15193638888888;cm;77,71193332602778;mm;84,16311601105555;%;2,599999905;None;0;m3/s;84,27067619025;%
2026-03-15 22:00:00.000;37,43115111111111;kVAr;2600;kW;0;None;2500;kW;5,590421802988094;Bar;2657,0714377777776;kW;-99,09722222222223;cm;5,448572120511111;m3/s;5,448509698552778;m3/s;70,00912075554852;moh;1,0848020938694445;Mill.m3;-99,08798277777778;cm;75,35468815897222;mm;84,2571393335;%;2,599999905;None;0;m3/s;84,75016778213889;%
2026-03-15 23:00:00.000;5,855917777777778;kVAr;2600;kW;0;None;2500;kW;5,5895556649220355;Bar;2671,8263338888887;kW;-98,11944444444444;cm;5,485081124283333;m3/s;5,485010899416666;m3/s;70,01863690229115;moh;1,0867047351083332;Mill.m3;-98,13611388888889;cm;74,62393654713888;mm;84,07459373472223;%;2,599999905;None;0;m3/s;84,8988111516389;%
2026-03-16 00:00:00.000;-6,815531666666667;kVAr;2600;kW;0;None;2500;kW;5,569398572960182;Bar;2677,2118247222224;kW;-99,38333333333334;cm;5,486025169255556;m3/s;5,486025169255556;m3/s;70,00615968108022;moh;1,0842963935499996;Mill.m3;-99,38361222222223;cm;75,54890976333333;mm;84,06987453255556;%;2,599999905;None;0;m3/s;84,71066143983333;%
2026-03-16 01:00:00.000;3,4462847222222224;kVAr;2600;kW;0;None;2500;kW;5,570911043745553;Bar;2669,6101752777777;kW;-100,28055555555555;cm;5,48013410838611;m3/s;5,480173122933333;m3/s;69,99705040503284;moh;1,0824536574305554;Mill.m3;-100,29497944444445;cm;76,25666370561112;mm;84,09932946080555;%;2,599999905;None;0;m3/s;84,56669321919445;%
2026-03-16 02:00:00.000;3,0920988888888887;kVAr;2600;kW;0;None;2500;kW;5,565039077101706;Bar;2667,9132633333334;kW;-101,025;cm;5,477418804191666;m3/s;5,477395396786112;m3/s;69,98972928557501;moh;1,0809629755333334;Mill.m3;-101,02658416666667;cm;76,82920506333333;mm;84,11290601041667;%;2,599999905;None;0;m3/s;84,45023015266666;%
2026-03-16 03:00:00.000;3,9752827777777777;kVAr;2600;kW;0;None;2500;kW;5,563730022789756;Bar;2670,4384769444446;kW;-101,86944444444444;cm;5,476537095316666;m3/s;5,476568306961111;m3/s;69,98126197016124;moh;1,0793194107388888;Mill.m3;-101,87402722222222;cm;77,46044173722223;mm;84,11735388466667;%;2,599999905;None;0;m3/s;84,32183089827778;%
2026-03-16 04:00:00.000;14,153040555555556;kVAr;2600;kW;0;None;2500;kW;5,55769338963567;Bar;2664,247408333333;kW;-102;cm;5,470536751152777;m3/s;5,470513341097222;m3/s;69,98000336;moh;1,079050064;Mill.m3;-102;cm;77,56388855;mm;84,14731593525;%;2,599999905;None;0;m3/s;84,30078888;%
2026-03-16 05:00:00.000;15,227981111111111;kVAr;2600;kW;0;None;2500;kW;5,556164891087748;Bar;2668,5480744444444;kW;-102,57777777777778;cm;5,478261537030554;m3/s;5,478253734122221;m3/s;69,97417415170521;moh;1,0779003869305555;Mill.m3;-102,5829488888889;cm;78,00545749741667;mm;84,10869212658334;%;2,599999905;None;0;m3/s;84,21097179183333;%
2026-03-16 06:00:00.000;24,27201388888889;kVAr;2600;kW;0;None;2500;kW;5,564369716626489;Bar;2662,991452777778;kW;-103;cm;5,466549555441667;m3/s;5,466557358350001;m3/s;69,97000122;moh;1,077069759;Mill.m3;-103;cm;78,32448578;mm;84,16725186133333;%;2,599999905;None;0;m3/s;84,14608002;%
2026-03-16 07:00:00.000;23,65955888888889;kVAr;2600;kW;0;None;2500;kW;5,578481536553581;Bar;2664,0693313888887;kW;-101,06666666666666;cm;5,469397603216667;m3/s;5,469483432580556;m3/s;69,98950492223076;moh;1,0808479864166667;Mill.m3;-101,04982861111111;cm;76,87335991391667;mm;84,15301189366667;%;2,599999905;None;0;m3/s;84,44125141502778;%
2026-03-16 08:00:00.000;28,838638333333332;kVAr;2600;kW;0;None;2500;kW;5,594976159772562;Bar;2662,6824466666667;kW;-97,1361111111111;cm;5,467954121716667;m3/s;5,467985332033334;m3/s;70,02873327544141;moh;1,0885969205250001;Mill.m3;-97,12633138888889;cm;73,89718909666666;mm;84,16022866561111;%;2,599999905;None;0;m3/s;85,0466378115;%
2026-03-16 09:00:00.000;19,585874722222222;kVAr;2600;kW;0;None;2500;kW;5,599558988752204;Bar;2666,9083680555555;kW;-93,43611111111112;cm;5,469405391483334;m3/s;5,4694834192611115;m3/s;70,06580214350495;moh;1,0959996927416666;Mill.m3;-93,4198625;cm;71,05398137830555;mm;84,15297264577778;%;2,599999905;None;0;m3/s;85,62497717361111;%
2026-03-16 10:00:00.000;8,293319722222222;kVAr;2600;kW;0;None;2500;kW;5,599999905;Bar;2677,888341111111;kW;-90,075;cm;5,4852605000277785;m3/s;5,485213683891668;m3/s;70,09937727701907;moh;1,1025606273805555;Mill.m3;-90,06207361111112;cm;68,53409046686112;mm;84,07369783058333;%;2,599999905;None;0;m3/s;86,13754904011111;%
2026-03-16 11:00:00.000;-11,248387222222222;kVAr;2600;kW;0;None;2500;kW;5,599999905;Bar;2687,236376388889;kW;-86,40833333333333;cm;4,940979923291667;m3/s;4,9561796732916665;m3/s;70,13378045310516;moh;1,1063062013250002;Mill.m3;-86,6219275;cm;65,72884879494444;mm;83,90142025041666;%;2,5927776830416667;None;0;m3/s;86,43017230686111;%
2026-03-16 12:00:00.000;15,185303611111111;kVAr;2423,8651666666665;kW;0;None;2499,9006944444445;kW;5,599999905;Bar;2674,9305072222223;kW;-85,16329722222223;cm;5,491456822853176;m3/s;5,491433414119842;m3/s;70,14792246701334;moh;1,1124034381096457;Mill.m3;-85,15875833333334;cm;64,75030618593514;mm;84,04194162710581;%;2,5999818494451037;None;0;m3/s;86,90651708649743;%
2026-03-16 13:00:00.000;0,07481083333333333;kVAr;2600;kW;0;None;2500;kW;5,599999905;Bar;2682,9521858333333;kW;-86,09334972222223;cm;5,494288668911245;m3/s;5,494288668911245;m3/s;70,13882889792208;moh;1,1105652754748372;Mill.m3;-86,09732027777778;cm;65,45835229973902;mm;84,02824720356743;%;2,599992682778042;None;0;m3/s;86,76290849344409;%
2026-03-16 14:00:00.000;8,934692777777778;kVAr;2600;kW;0;None;2500;kW;5,599999905;Bar;2673,7491969444445;kW;-86,89166666666667;cm;5,487320548833332;m3/s;5,487320548833333;m3/s;70,13110261690413;moh;1,1090501302277775;Mill.m3;-86,8891;cm;66,04162845391667;mm;84,06339647719444;%;2,599999905;None;0;m3/s;86,64454481733334;%
2026-03-16 15:00:00.000;-15,571840277777778;kVAr;2600;kW;0;None;2500;kW;5,599999905;Bar;2685,085903611111;kW;-87,83611111111111;cm;5,491682097736111;m3/s;5,491682097736111;m3/s;70,12157838077545;moh;1,1070600178916667;Mill.m3;-87,83247388888888;cm;66,80599528611111;mm;84,04159092775;%;2,599999905;None;0;m3/s;86,48906629119445;%
2026-03-16 16:00:00.000;-13,22824;kVAr;2600;kW;0;None;2500;kW;5,599999905;Bar;2670,896505;kW;-88,8638888888889;cm;5,48252963755;m3/s;5,4824203994583325;m3/s;70,11125712883751;moh;1,1051294716888889;Mill.m3;-88,87450638888889;cm;67,54747660202777;mm;84,08735112116666;%;2,599999905;None;0;m3/s;86,33823771772222;%
2026-03-16 17:00:00.000;-19,905055;kVAr;2600;kW;0;None;2500;kW;5,599999905;Bar;2676,4621308333335;kW;-88,1;cm;5,490332351772222;m3/s;5,490340154683333;m3/s;70,11904190731488;moh;1,1065152512416667;Mill.m3;-88,09580527777777;cm;67,0152243311389;mm;84,04833825652777;%;2,599999905;None;0;m3/s;86,44650501611112;%
2026-03-16 18:00:00.000;-8,353935277777778;kVAr;2600;kW;0;None;2500;kW;5,599999905;Bar;2680,5891758333332;kW;-85,23055555555555;cm;5,489973531513889;m3/s;5,489973531513889;m3/s;70,1477726954468;moh;1,112136114625;Mill.m3;-85,22293805555556;cm;64,85639493347222;mm;84,05013105902778;%;2,599999905;None;0;m3/s;86,88563152016667;%
2026-03-16 19:00:00.000;10,96745138888889;kVAr;2600;kW;0;None;2500;kW;5,599999905;Bar;2676,053909722222;kW;-82,69722222222222;cm;5,489271084461111;m3/s;5,489216465413888;m3/s;70,17314237987797;moh;1,1172507699333336;Mill.m3;-82,68519472222222;cm;62,8919888615;mm;84,05364545197222;%;2,599999905;None;0;m3/s;87,28521446380556;%
2026-03-16 20:00:00.000;14,546851944444445;kVAr;2600;kW;0;None;2500;kW;5,599999905;Bar;2674,7546172222224;kW;-80,16944444444445;cm;5,478823265669446;m3/s;5,478729632069445;m3/s;70,19841750388811;moh;1,1222718742416669;Mill.m3;-80,1579125;cm;60,96350775133333;mm;84,10588325977778;%;2,599999905;None;0;m3/s;87,67748868972222;%
2026-03-16 21:00:00.000;-12,108741666666667;kVAr;2600;kW;0;None;2500;kW;5,599999905;Bar;2687,9481716666664;kW;-77,77777777777777;cm;5,4886467825944445;m3/s;5,4886467825944445;m3/s;70,2222912972106;moh;1,1269580431527777;Mill.m3;-77,77062388888889;cm;59,163656095;mm;84,05676782277777;%;2,599999905;None;0;m3/s;88,04359793997222;%
2026-03-16 22:00:00.000;-2,153674166666667;kVAr;2600;kW;0;None;2500;kW;5,599999905;Bar;2681,5608425;kW;-75,25277777777778;cm;5,489988991686111;m3/s;5,489988991686111;m3/s;70,24758700087745;moh;1,1319953920027777;Mill.m3;-75,24106833333333;cm;57,22894359055555;mm;84,0500553566389;%;2,599999905;None;0;m3/s;88,43713942566667;%
2026-03-16 23:00:00.000;-4,604058333333334;kVAr;2600;kW;0;None;2500;kW;5,599999905;Bar;2680,8983966666665;kW;-74,86666666666666;cm;5,491557371502777;m3/s;5,491557371502777;m3/s;70,25129722476892;moh;1,132749003925;Mill.m3;-74,87020583333333;cm;56,93949649561111;mm;84,04221325305555;%;2,599999905;None;0;m3/s;88,49601574005555;%
2026-03-17 00:00:00.000;-7,4491097222222225;kVAr;2600;kW;0;None;2500;kW;5,599999905;Bar;2679,631824722222;kW;-77,15277777777777;cm;5,482833912566666;m3/s;5,482810505161111;m3/s;70,22843024257348;moh;1,1282284725361111;Mill.m3;-77,15704472222222;cm;58,67571553858333;mm;84,08582988138889;%;2,599999905;None;0;m3/s;88,14285163580556;%
2026-03-17 01:00:00.000;-12,235310833333333;kVAr;2600;kW;0;None;2500;kW;5,599999905;Bar;2684,1653880555555;kW;-79,525;cm;5,483715581772222;m3/s;5,483715581772222;m3/s;70,2046534606856;moh;1,1236411241388893;Mill.m3;-79,53420277777778;cm;60,437616393666666;mm;84,08142204233333;%;2,599999905;None;0;m3/s;87,78445943313889;%
2026-03-17 02:00:00.000;8,880909722222222;kVAr;2600;kW;0;None;2500;kW;5,599999905;Bar;2667,5022225;kW;-81,80277777777778;cm;5,477044274949999;m3/s;5,477052077858333;m3/s;70,18192079764941;moh;1,119093263236111;Mill.m3;-81,80812055555556;cm;62,18432993719444;mm;84,11477809605556;%;2,599999905;None;0;m3/s;87,42916060461111;%
2026-03-17 03:00:00.000;-1,0478613888888888;kVAr;2600;kW;0;None;2500;kW;5,599999905;Bar;2682,6604075;kW;-84,03611111111111;cm;5,4850266219611115;m3/s;5,484987608736111;m3/s;70,15954930407341;moh;1,1147320696277776;Mill.m3;-84,044935;cm;63,85935505469445;mm;84,07486495911111;%;2,599999905;None;0;m3/s;87,08844127552777;%
2026-03-17 04:00:00.000;-0,23387416666666666;kVAr;2600;kW;0;None;2500;kW;5,599999905;Bar;2689,162826111111;kW;-86,37777777777778;cm;5,494077608691667;m3/s;5,494077608691667;m3/s;70,13621567335208;moh;1,1099413306555552;Mill.m3;-86,37848972222223;cm;65,69935164722222;mm;84,02961277377777;%;2,599999905;None;0;m3/s;86,71416626261112;%
2026-03-17 05:00:00.000;26,254735555555555;kVAr;2600;kW;0;None;2500;kW;5,599999905;Bar;2669,651927222222;kW;-88,7;cm;5,4782068438666665;m3/s;5,4782068438666665;m3/s;70,11291692703236;moh;1,1054649615666667;Mill.m3;-88,70843666666667;cm;67,41861862897223;mm;84,10896576763889;%;2,599999905;None;0;m3/s;86,36444949875;%
2026-03-17 06:00:00.000;30,73765861111111;kVAr;2600;kW;0;None;2500;kW;5,599999905;Bar;2669,5619372222222;kW;-90,91666666666667;cm;5,475858354608333;m3/s;5,475912974977777;m3/s;70,0907570689836;moh;1,1010040526388891;Mill.m3;-90,92376388888889;cm;69,13192859116667;mm;84,1207077243889;%;2,599999905;None;0;m3/s;86,01594312611111;%
2026-03-17 07:00:00.000;29,264757777777778;kVAr;2600;kW;0;None;2500;kW;5,599999905;Bar;2669,2855683333332;kW;-90,95555555555555;cm;5,486805507819444;m3/s;5,4868211136388885;m3/s;70,0904645960941;moh;1,1008831995944448;Mill.m3;-90,95308222222222;cm;69,178348329;mm;84,06597218113889;%;2,599999905;None;0;m3/s;86,00650090272222;%
2026-03-17 08:00:00.000;26,255871944444443;kVAr;2600;kW;0;None;2500;kW;5,599999905;Bar;2675,550317222222;kW;-87,10555555555555;cm;5,489825124211112;m3/s;5,489825124211112;m3/s;70,12920160069038;moh;1,108451151497222;Mill.m3;-87,07984527777778;cm;66,27169456430556;mm;84,05087479558334;%;2,599999905;None;0;m3/s;86,5977457686111;%
2026-03-17 09:00:00.000;18,658166666666666;kVAr;2600;kW;0;None;2500;kW;5,599999905;Bar;2678,4298275;kW;-81,69722222222222;cm;5,492977460450001;m3/s;5,492977460450001;m3/s;70,1831876193686;moh;1,1192141984722221;Mill.m3;-81,68079555555556;cm;62,13788310322222;mm;84,03511301716667;%;2,599999905;None;0;m3/s;87,43860751244445;%
2026-03-17 10:00:00.000;4,171188333333333;kVAr;2600;kW;0;None;2500;kW;5,599999905;Bar;2689,0240952777776;kW;-76,27222222222223;cm;5,49480326205;m3/s;5,494811064958333;m3/s;70,23758712138506;moh;1,129845252388889;Mill.m3;-76,24136;cm;58,054753323305555;mm;84,0259845735;%;2,599999905;None;0;m3/s;88,26916090530555;%
2026-03-17 11:00:00.000;6,488457777777778;kVAr;2600;kW;0;None;2500;kW;5,599999905;Bar;2686,1134869444445;kW;-70,74722222222222;cm;5,485994061027778;m3/s;5,485994061027778;m3/s;70,29276410507954;moh;1,1408279672305557;Mill.m3;-70,72320277777777;cm;53,83656691630556;mm;84,07002894180556;%;2,599999905;None;0;m3/s;89,12718448625;%
2026-03-17 12:00:00.000;8,201394722222222;kVAr;2600;kW;0;None;2500;kW;5,599999905;Bar;2683,5008444444443;kW;-65,25833333333334;cm;5,132685747411111;m3/s;5,147908906141667;m3/s;70,3476815685185;moh;1,1515415139305554;Mill.m3;-65,23180166666667;cm;49,721754463972225;mm;78,71295871966667;%;2,599999905;None;0;m3/s;89,96418228088889;%
2026-03-17 13:00:00.000;-7,5805283333333335;kVAr;2600;kW;0;None;2500;kW;5,599999905;Bar;2694,5935811111112;kW;-60,7;cm;0,3053994973333333;m3/s;0,3206694722;m3/s;70,39351856268159;moh;1,1606601688972222;Mill.m3;-60,64798138888889;cm;46,21950448375;mm;4,667446984444444;%;2,599999905;None;0;m3/s;90,67657669794444;%
2026-03-17 14:00:00.000;-6,1161127777777775;kVAr;2600;kW;0;None;2500;kW;5,599999905;Bar;2701,018630277778;kW;-57,975;cm;0;m3/s;0;m3/s;70,42035751359343;moh;1,166077476905556;Mill.m3;-57,96434333333333;cm;44,138857864;mm;0;%;2,599999905;None;0;m3/s;91,09980437247222;%
2026-03-17 15:00:00.000;-10,751894444444444;kVAr;2600;kW;0;None;2500;kW;5,599999905;Bar;2700,6125769444443;kW;-55,391666666666666;cm;0;m3/s;0;m3/s;70,44614007748726;moh;1,1712471433694445;Mill.m3;-55,38600972222222;cm;42,15332435733333;mm;0;%;2,599999905;None;0;m3/s;91,50368304625;%
2026-03-17 16:00:00.000;-31,42979888888889;kVAr;2600;kW;0;None;2500;kW;5,599999905;Bar;2712,3309855555553;kW;-52,83888888888889;cm;0;m3/s;0;m3/s;70,47175919720605;moh;1,1763511669277775;Mill.m3;-52,823699166666664;cm;40,192999383916664;mm;0;%;2,599999905;None;0;m3/s;91,90243473161111;%
2026-03-17 17:00:00.000;-19,866721388888887;kVAr;2600;kW;0;None;2500;kW;5,599999905;Bar;2700,2569730555556;kW;-48,74444444444445;cm;0;m3/s;0;m3/s;70,51268564284048;moh;1,1844849457750002;Mill.m3;-48,73068222222222;cm;37,06902193397222;mm;0;%;2,599999905;None;0;m3/s;92,53788386397223;%
2026-03-17 18:00:00.000;-11,821221944444444;kVAr;2600;kW;0;None;2500;kW;5,599999905;Bar;2701,7611125;kW;-42,605555555555554;cm;0;m3/s;0;m3/s;70,57421981402562;moh;1,1965623428249998;Mill.m3;-42,57754;cm;32,43038713144445;mm;0;%;2,599999905;None;0;m3/s;93,48143321180555;%
2026-03-17 19:00:00.000;-9,36493361111111;kVAr;2600;kW;0;None;2500;kW;5,603641901503682;Bar;2705,9935794444445;kW;-36,480555555555554;cm;0;m3/s;0;m3/s;70,63550896391773;moh;1,2087390158250004;Mill.m3;-36,44906861111111;cm;27,753634977416667;mm;0;%;2,599999905;None;0;m3/s;94,43273425611112;%
2026-03-17 20:00:00.000;-22,1584725;kVAr;2600;kW;0;None;2500;kW;5,615829612025689;Bar;2715,2277797222223;kW;-30,3;cm;0;m3/s;0;m3/s;70,69729754905991;moh;1,2209152950166664;Mill.m3;-30,270696944444445;cm;23,077027342333334;mm;0;%;2,599999905;None;0;m3/s;95,38400745455556;%
2026-03-17 21:00:00.000;-21,70822638888889;kVAr;2600;kW;0;None;2500;kW;5,621354467832934;Bar;2715,836746111111;kW;-27,352777777777778;cm;0;m3/s;0;m3/s;70,72646317129606;moh;1,2268884674805554;Mill.m3;-27,354084166666667;cm;20,782867626222224;mm;0;%;2,599999905;None;0;m3/s;95,85066322569445;%
2026-03-17 22:00:00.000;-29,6191625;kVAr;2600;kW;0;None;2500;kW;5,611735699289183;Bar;2715,180246388889;kW;-29,413888888888888;cm;0;m3/s;0;m3/s;70,70580794008931;moh;1,2227079666916667;Mill.m3;-29,419056944444446;cm;22,388510878277778;mm;0;%;2,599999905;None;0;m3/s;95,52405870455556;%
2026-03-17 23:00:00.000;-23,7969525;kVAr;2600;kW;0;None;2500;kW;5,610316561762665;Bar;2711,1048894444443;kW;-31,530555555555555;cm;0;m3/s;0;m3/s;70,68463812689558;moh;1,2186165969638891;Mill.m3;-31,535476666666668;cm;23,959897302305556;mm;0;%;2,599999905;None;0;m3/s;95,20442348116667;%
2026-03-18 00:00:00.000;-23,59885388888889;kVAr;2600;kW;0;None;2500;kW;5,609043951873262;Bar;2708,409416111111;kW;-33,61666666666667;cm;0;m3/s;0;m3/s;70,66372572242388;moh;1,2144203374277778;Mill.m3;-33,6278175;cm;25,57157657711111;mm;0;%;2,599999905;None;0;m3/s;94,87658966872222;%
2026-03-18 01:00:00.000;-27,577680277777777;kVAr;2600;kW;0;None;2500;kW;5,602024680833991;Bar;2709,533657777778;kW;-35,763888888888886;cm;0;m3/s;0;m3/s;70,64225527788649;moh;1,2102293119444445;Mill.m3;-35,77534361111111;cm;27,181251250444443;mm;0;%;2,599999905;None;0;m3/s;94,54916413805556;%
2026-03-18 02:00:00.000;-29,61619222222222;kVAr;2600;kW;0;None;2500;kW;5,6010182095779815;Bar;2711,202799166667;kW;-37,91388888888889;cm;0;m3/s;0;m3/s;70,62064701915124;moh;1,2059506507416666;Mill.m3;-37,92821166666667;cm;28,824577977194444;mm;0;%;2,599999905;None;0;m3/s;94,21489253288888;%
2026-03-18 03:00:00.000;-31,219167777777777;kVAr;2600;kW;0;None;2500;kW;5,599999905;Bar;2710,0088891666664;kW;-40,18055555555556;cm;0;m3/s;0;m3/s;70,59806475350128;moh;1,2014843535583335;Mill.m3;-40,193306666666665;cm;30,53996741711111;mm;0;%;2,599999905;None;0;m3/s;93,86596393719445;%
2026-03-18 04:00:00.000;-24,480518888888888;kVAr;2600;kW;0;None;2500;kW;5,599999905;Bar;2702,824663611111;kW;-42,34444444444444;cm;0;m3/s;0;m3/s;70,5765198491536;moh;1,1971949544027778;Mill.m3;-42,34824472222222;cm;32,18742220661111;mm;0;%;2,599999905;None;0;m3/s;93,53085530663888;%
2026-03-18 05:00:00.000;-19,087925;kVAr;2600;kW;0;None;2500;kW;5,599999905;Bar;2699,69498;kW;-44,477777777777774;cm;0;m3/s;0;m3/s;70,55495797881039;moh;1,1930701972194444;Mill.m3;-44,494281388888886;cm;33,771628288277775;mm;0;%;2,599999905;None;0;m3/s;93,20861078780555;%
2026-03-18 06:00:00.000;-40,4174675;kVAr;2600;kW;0;None;2500;kW;5,599999905;Bar;2711,3282255555555;kW;-44,6;cm;0;m3/s;0;m3/s;70,55406346402644;moh;1,192591697172222;Mill.m3;-44,593156388888886;cm;33,95540848058334;mm;0;%;2,599999905;None;0;m3/s;93,17122741197223;%
2026-03-18 07:00:00.000;-28,517130833333333;kVAr;2600;kW;0;None;2500;kW;5,600614682187591;Bar;2701,3330141666665;kW;-42,11944444444445;cm;0;m3/s;0;m3/s;70,57876086354315;moh;1,1976018723611113;Mill.m3;-42,113969166666664;cm;32,03113253297222;mm;0;%;2,599999905;None;0;m3/s;93,56264587102778;%
2026-03-18 08:00:00.000;-37,05535305555556;kVAr;2600;kW;0;None;2500;kW;5,601224292713475;Bar;2703,4132963888887;kW;-39,99698333333333;cm;0;m3/s;0;m3/s;70,60358722571551;moh;1,20248038770548;Mill.m3;-39,64125333333333;cm;30,157404873269336;mm;0;%;2,599999905;None;0;m3/s;93,94378513122399;%
2026-03-18 09:00:00.000;-32,426428333333334;kVAr;2600;kW;0;None;2500;kW;5,604439789626595;Bar;2706,9447566666668;kW;-37,169444444444444;cm;0;m3/s;0;m3/s;70,62840340399885;moh;1,207468391463889;Mill.m3;-37,159215277777776;cm;28,24165461775;mm;0;%;2,599999905;None;0;m3/s;94,33346646433333;%
2026-03-18 10:00:00.000;-40,070008055555554;kVAr;2600;kW;0;None;2500;kW;5,6123679486822216;Bar;2708,0537586111113;kW;-34,733333333333334;cm;0;m3/s;0;m3/s;70,65269360424087;moh;1,2122150939416667;Mill.m3;-34,73075277777778;cm;26,418552861333332;mm;0;%;2,599999905;None;0;m3/s;94,70430486613888;%
2026-03-18 11:00:00.000;-43,43092166666667;kVAr;2600;kW;0;None;2500;kW;5,613031475823014;Bar;2711,622051388889;kW;-34,275;cm;0;m3/s;0;m3/s;70,65729145690177;moh;1,213161072713889;Mill.m3;-34,27096111111111;cm;26,055225189222224;mm;0;%;2,599999905;None;0;m3/s;94,77820941136112;%
2026-03-18 12:00:00.000;-31,152343333333334;kVAr;2600;kW;0;None;2500;kW;5,608007980645573;Bar;2707,9627375;kW;-36,55555555555556;cm;0;m3/s;0;m3/s;70,6342978959898;moh;1,2086561849138888;Mill.m3;-36,57018333333333;cm;27,785455268361112;mm;0;%;2,599999905;None;0;m3/s;94,426262707;%
2026-03-18 13:00:00.000;-26,976109166666667;kVAr;2600;kW;0;None;2500;kW;5,609080868504489;Bar;2706,8926280555556;kW;-38,858333333333334;cm;0;m3/s;0;m3/s;70,61138709553332;moh;1,2041027997833333;Mill.m3;-38,86118416666667;cm;29,534291382888888;mm;0;%;2,599999905;None;0;m3/s;94,07052891922223;%
2026-03-18 14:00:00.000;-34,431065555555556;kVAr;2599,9963888888888;kW;0;None;2499,996527777778;kW;5,599999905;Bar;2709,7607005555556;kW;-40,965021944444445;cm;0;m3/s;0;m3/s;70,59019080809462;moh;1,1999075702813093;Mill.m3;-40,971111111111114;cm;31,14488778102383;mm;0;%;2,59999629388902;None;0;m3/s;93,74277796829001;%
2026-03-18 15:00:00.000;-47,51117611111111;kVAr;2600;kW;0;None;2500;kW;5,599999905;Bar;2715,0729672222224;kW;-43,38611111111111;cm;0;m3/s;0;m3/s;70,56598082003894;moh;1,19515434685;Mill.m3;-43,402253888888886;cm;32,971161252083334;mm;0;%;2,599999905;None;0;m3/s;93,37143499416666;%
2026-03-18 16:00:00.000;-30,139902777777777;kVAr;2600;kW;0;None;2500;kW;5,599999905;Bar;2700,6451216666665;kW;-45,77777777777778;cm;0;m3/s;0;m3/s;70,54217492001159;moh;1,1903920505944445;Mill.m3;-45,782718611111115;cm;34,80025316861112;mm;0;%;2,599999905;None;0;m3/s;92,99937653119444;%
2026-03-18 17:00:00.000;-11,855256666666667;kVAr;2600;kW;0;None;2500;kW;5,600203432582391;Bar;2686,7361444444446;kW;-48,016666666666666;cm;3,29639507155;m3/s;3,281132899591667;m3/s;70,51975452656987;moh;1,1859312158166666;Mill.m3;-48,024454722222224;cm;36,513541223;mm;50,18461371508333;%;2,599999905;None;0;m3/s;92,650875471;%
2026-03-18 18:00:00.000;-33,84858916666666;kVAr;2600;kW;0;None;2500;kW;5,599999905;Bar;2701,4677266666667;kW;-48,17777777777778;cm;5,494381905;m3/s;5,494381905;m3/s;70,51837088403498;moh;1,1856013120500002;Mill.m3;-48,162666944444446;cm;36,640249063;mm;84,02809143;%;2,599999905;None;0;m3/s;92,62510159566666;%
2026-03-18 19:00:00.000;-26,87058222222222;kVAr;2600;kW;0;None;2500;kW;5,599999905;Bar;2700,182587222222;kW;-45,827777777777776;cm;5,494381905;m3/s;5,494381905;m3/s;70,54177798809746;moh;1,1902545294694444;Mill.m3;-45,822383611111114;cm;34,853072367222225;mm;84,02809143;%;2,599999905;None;0;m3/s;92,98863243647222;%
2026-03-18 20:00:00.000;-34,328604444444444;kVAr;2600;kW;0;None;2500;kW;5,599999905;Bar;2705,561596388889;kW;-43,43333333333333;cm;5,494381905;m3/s;5,494381905;m3/s;70,56579999767591;moh;1,194956372;Mill.m3;-43,41945138888889;cm;33,04719819291667;mm;84,02809143;%;2,599999905;None;0;m3/s;93,35596826166666;%
2026-03-18 21:00:00.000;-33,66623777777778;kVAr;2600;kW;0;None;2500;kW;5,600407932386072;Bar;2707,719088611111;kW;-41,11388888888889;cm;5,494381905;m3/s;5,494381905;m3/s;70,58896145642797;moh;1,1995485797138887;Mill.m3;-41,10361527777778;cm;31,283446403916667;mm;84,02809143;%;2,599999905;None;0;m3/s;93,71473223669445;%
2026-03-18 22:00:00.000;-28,554861111111112;kVAr;2600;kW;0;None;2500;kW;5,601018376244488;Bar;2706,84172;kW;-40,80833333333333;cm;5,494381905;m3/s;5,494381905;m3/s;70,59176896081757;moh;1,2002304105027777;Mill.m3;-40,82306555555556;cm;31,02157309491667;mm;84,02809143;%;2,599999905;None;0;m3/s;93,76800041447223;%
2026-03-18 23:00:00.000;-26,63920027777778;kVAr;2600;kW;0;None;2500;kW;5,599999905;Bar;2708,6573011111113;kW;-43,041666666666664;cm;5,494381905;m3/s;5,494381905;m3/s;70,56954562918497;moh;1,1957759130749999;Mill.m3;-43,045412222222225;cm;32,73243657441667;mm;84,02809143;%;2,599999905;None;0;m3/s;93,41999403538888;%
2026-03-19 00:00:00.000;-21,539494166666667;kVAr;2600;kW;0;None;2500;kW;5,599999905;Bar;2704,7684880555557;kW;-45,41111111111111;cm;5,494381905;m3/s;5,494381905;m3/s;70,54576165217337;moh;1,19116198395;Mill.m3;-45,42393;cm;34,504535653944444;mm;84,02809143;%;2,599999905;None;0;m3/s;93,05952830880555;%
2026-03-19 01:00:00.000;-16,789823333333334;kVAr;2600;kW;0;None;2500;kW;5,599999905;Bar;2701,5086519444444;kW;-47,82222222222222;cm;5,494381905;m3/s;5,494381905;m3/s;70,52173368756785;moh;1,1863326580750002;Mill.m3;-47,82666861111111;cm;36,35935926566667;mm;84,02809143;%;2,599999905;None;0;m3/s;92,68223802661112;%
2026-03-19 02:00:00.000;-17,131155833333334;kVAr;2600;kW;0;None;2500;kW;5,599999905;Bar;2700,2211147222224;kW;-50,108333333333334;cm;5,494381905;m3/s;5,494381905;m3/s;70,49879243885943;moh;1,1818176218583332;Mill.m3;-50,120711944444444;cm;38,093472044777776;mm;84,02809143;%;2,599999905;None;0;m3/s;92,32949898919445;%
2026-03-19 03:00:00.000;-16,9284175;kVAr;2600;kW;0;None;2500;kW;5,599999905;Bar;2698,5693347222223;kW;-52,480555555555554;cm;5,494381905;m3/s;5,494381905;m3/s;70,4751028575729;moh;1,1771267544083333;Mill.m3;-52,49019083333334;cm;39,895120651166664;mm;84,02809143;%;2,599999905;None;0;m3/s;91,96302607027778;%
2026-03-19 04:00:00.000;-10,263312222222222;kVAr;2600;kW;0;None;2500;kW;5,599999905;Bar;2694,4901777777777;kW;-54,91388888888889;cm;5,494381905;m3/s;5,494381905;m3/s;70,45086499759539;moh;1,1723083710138889;Mill.m3;-54,91330444444444;cm;41,745726965277775;mm;84,02809143;%;2,599999905;None;0;m3/s;91,58659335002778;%
2026-03-19 05:00:00.000;-2,5545372222222222;kVAr;2600;kW;0;None;2500;kW;5,599999905;Bar;2691,2686577777777;kW;-57,24722222222222;cm;5,494381905;m3/s;5,494381905;m3/s;70,42740789822852;moh;1,1676942748555557;Mill.m3;-57,25928805555556;cm;43,517882442583335;mm;84,02809143;%;2,599999905;None;0;m3/s;91,22611641511111;%
2026-03-19 06:00:00.000;-3,3813808333333335;kVAr;2600;kW;0;None;2500;kW;5,599999905;Bar;2691,6861630555554;kW;-59,73888888888889;cm;5,494381905;m3/s;5,494381905;m3/s;70,40253959581585;moh;1,1627669253166668;Mill.m3;-59,74637611111111;cm;45,410357286;mm;84,02809143;%;2,599999905;None;0;m3/s;90,8411670685;%
2026-03-19 07:00:00.000;2,3641952777777777;kVAr;2600;kW;0;None;2500;kW;5,599999905;Bar;2695,469758888889;kW;-62,11388888888889;cm;5,494381905;m3/s;5,494381905;m3/s;70,37881983134159;moh;1,1580586502194443;Mill.m3;-62,117913888888886;cm;47,21868257408333;mm;84,02809143;%;2,599999905;None;0;m3/s;90,47333384644445;%
2026-03-19 08:00:00.000;12,696319166666667;kVAr;2600;kW;0;None;2500;kW;5,599999905;Bar;2691,748183611111;kW;-62,41388888888889;cm;5,494381905;m3/s;5,494381905;m3/s;70,37589810377523;moh;1,1574152697194444;Mill.m3;-62,41010638888889;cm;47,465787505083334;mm;84,02809143;%;2,599999905;None;0;m3/s;90,42307095083333;%
2026-03-19 09:00:00.000;-0,07292027777777778;kVAr;2600;kW;0;None;2500;kW;5,599999905;Bar;2693,2229419444443;kW;-60,19166666666667;cm;5,494381905;m3/s;5,494381905;m3/s;70,39817373145846;moh;1,1617657691111114;Mill.m3;-60,182541944444445;cm;45,79487074805556;mm;84,02809143;%;2,599999905;None;0;m3/s;90,76295131958334;%
2026-03-19 10:00:00.000;-26,9574425;kVAr;2600;kW;0;None;2500;kW;5,599999905;Bar;2699,2152463888888;kW;-57,90277777777778;cm;5,494381905;m3/s;5,494381905;m3/s;70,42104945613382;moh;1,1663523887777778;Mill.m3;-57,89471611111111;cm;44,03326788091667;mm;84,02809143;%;2,599999905;None;0;m3/s;91,12128209288889;%
2026-03-19 11:00:00.000;-31,958973055555557;kVAr;2600;kW;0;None;2500;kW;5,599999905;Bar;2696,882252222222;kW;-55,580555555555556;cm;5,494381905;m3/s;5,494381905;m3/s;70,44425972782707;moh;1,1709665955333337;Mill.m3;-55,57364111111111;cm;42,26107548238889;mm;84,02809143;%;2,599999905;None;0;m3/s;91,48176487683334;%
2026-03-19 12:00:00.000;-18,322251666666666;kVAr;2600;kW;0;None;2500;kW;5,599999905;Bar;2695,9279733333333;kW;-55,36944444444445;cm;5,494381905;m3/s;5,494381905;m3/s;70,44614266438927;moh;1,171390029602778;Mill.m3;-55,38608333333333;cm;42,09844427833333;mm;84,02809143;%;2,599999905;None;0;m3/s;91,51484616430555;%
2026-03-19 13:00:00.000;-4,684586111111111;kVAr;2600;kW;0;None;2500;kW;5,599999905;Bar;2692,062896666667;kW;-57,93888888888889;cm;5,495310451091666;m3/s;5,495310451091666;m3/s;70,4205617053767;moh;1,1663084250555555;Mill.m3;-57,944833333333335;cm;44,050153829083335;mm;84,02344854252777;%;2,599999905;None;0;m3/s;91,11784729711111;%
2026-03-19 14:00:00.000;-3,8879269444444446;kVAr;2600;kW;0;None;2500;kW;5,599999905;Bar;2691,3009769444443;kW;-60,233333333333334;cm;5,497190952;m3/s;5,497190952;m3/s;70,3975937767718;moh;1,1618592901027778;Mill.m3;-60,241030277777774;cm;45,758953741527776;mm;84,01404572;%;2,599999905;None;0;m3/s;90,77025760975;%
2026-03-19 15:00:00.000;-20,580674166666668;kVAr;2600;kW;0;None;2500;kW;5,599999905;Bar;2693,2294116666667;kW;-62,675;cm;5,497190952;m3/s;5,497190952;m3/s;70,3730336549538;moh;1,1569312627388886;Mill.m3;-62,69680527777778;cm;47,65168371116667;mm;84,01404572;%;2,599999905;None;0;m3/s;90,38525748911111;%
2026-03-19 16:00:00.000;-25,53385638888889;kVAr;2600;kW;0;None;2500;kW;5,599999905;Bar;2691,608382222222;kW;-65,13888888888889;cm;5,497190952;m3/s;5,497190952;m3/s;70,3484574229312;moh;1,152019698186111;Mill.m3;-65,154015;cm;49,53810243308333;mm;84,01404572;%;2,599999905;None;0;m3/s;90,00153948297222;%
2026-03-19 17:00:00.000;-20,911306944444444;kVAr;2600;kW;0;None;2500;kW;5,599999905;Bar;2682,3854297222224;kW;-67,69722222222222;cm;5,482826102875001;m3/s;5,482833905786111;m3/s;70,3229133265128;moh;1,1470042415250001;Mill.m3;-67,7087986111111;cm;51,46440894841667;mm;84,08586941019445;%;2,599999905;None;0;m3/s;89,60970643369444;%
2026-03-19 18:00:00.000;-18,018840555555556;kVAr;2600;kW;0;None;2500;kW;5,599999905;Bar;2672,5143730555556;kW;-70,13333333333334;cm;5,480048282955556;m3/s;5,479939044861111;m3/s;70,29868834308662;moh;1,1421811913638888;Mill.m3;-70,13106305555556;cm;53,31682033841667;mm;84,09975863652778;%;2,599999905;None;0;m3/s;89,2329079743889;%
2026-03-19 19:00:00.000;-9,94043638888889;kVAr;2600;kW;0;None;2500;kW;5,599999905;Bar;2684,819066111111;kW;-72,56111111111112;cm;5,492501403325;m3/s;5,49249360041389;m3/s;70,27422655500776;moh;1,1373409430833328;Mill.m3;-72,57764305555555;cm;55,17585180077778;mm;84,03749426019445;%;2,599999905;None;0;m3/s;88,85475840980556;%
2026-03-19 20:00:00.000;-9,587371944444444;kVAr;2600;kW;0;None;2500;kW;5,599999905;Bar;2686,6784330555556;kW;-72,96666666666667;cm;5,497190952;m3/s;5,497190952;m3/s;70,27041251602176;moh;1,136494031288889;Mill.m3;-72,95821722222222;cm;55,50112895958333;mm;84,01404572;%;2,599999905;None;0;m3/s;88,7885943515;%
2026-03-19 21:00:00.000;-9,220007777777777;kVAr;2600;kW;0;None;2500;kW;5,599999905;Bar;2689,201688611111;kW;-70,75833333333334;cm;5,497190952;m3/s;5,497190952;m3/s;70,29248413351935;moh;1,1407788092222222;Mill.m3;-70,75212333333333;cm;53,85543987738889;mm;84,01404572;%;2,599999905;None;0;m3/s;89,12334560725;%
2026-03-19 22:00:00.000;6,210826388888889;kVAr;2600;kW;0;None;2500;kW;5,599999905;Bar;2688,715946111111;kW;-68,58611111111111;cm;5,497190952;m3/s;5,497190952;m3/s;70,31418502828588;moh;1,1451617283083335;Mill.m3;-68,58113222222222;cm;52,17207527375;mm;84,01404572;%;2,599999905;None;0;m3/s;89,46576004211111;%
2026-03-19 23:00:00.000;5,8542275;kVAr;2600;kW;0;None;2500;kW;5,599999905;Bar;2696,5668044444446;kW;-68,41666666666667;cm;5,497190952;m3/s;5,497190952;m3/s;70,31566761823706;moh;1,1455852338361114;Mill.m3;-68,43329861111111;cm;52,00941661358333;mm;84,01404572;%;2,599999905;None;0;m3/s;89,49884641577778;%
2026-03-20 00:00:00.000;19,011343611111112;kVAr;2600;kW;0;None;2500;kW;5,599999905;Bar;2690,1933963888887;kW;-70,93055555555556;cm;5,497190952;m3/s;5,497190952;m3/s;70,2905707331746;moh;1,1406357871944444;Mill.m3;-70,94306277777778;cm;53,91037160244444;mm;84,01404572;%;2,599999905;None;0;m3/s;89,11217163858333;%
2026-03-20 01:00:00.000;48,92116611111111;kVAr;2600;kW;0;None;2500;kW;5,599999905;Bar;2670,489722222222;kW;-73,38333333333334;cm;5,4833411202305555;m3/s;5,48340354351389;m3/s;70,26588902245368;moh;1,135718717869444;Mill.m3;-73,4111225;cm;55,79890470508333;mm;84,08329366047222;%;2,599999905;None;0;m3/s;88,72802427111111;%
2026-03-20 02:00:00.000;20,965424166666665;kVAr;2600;kW;0;None;2500;kW;5,599999905;Bar;2694,2185305555554;kW;-75,93333333333334;cm;5,488787217730556;m3/s;5,488787217730556;m3/s;70,24060648611358;moh;1,1306426051138891;Mill.m3;-75,93932083333333;cm;57,74851237211111;mm;84,05606581238891;%;2,599999905;None;0;m3/s;88,33145404233333;%
2026-03-20 03:00:00.000;38,887258055555556;kVAr;2600;kW;0;None;2500;kW;5,599999905;Bar;2682,848177222222;kW;-78,5;cm;5,494592583119444;m3/s;5,494592583119444;m3/s;70,21491023465438;moh;1,1256653441527775;Mill.m3;-78,50869944444445;cm;59,66015600625;mm;84,02703800377778;%;2,599999905;None;0;m3/s;87,94260319525;%
2026-03-20 04:00:00.000;49,610975277777776;kVAr;2600;kW;0;None;2500;kW;5,599999905;Bar;2675,3556525;kW;-81,00277777777778;cm;5,489403808119445;m3/s;5,489388202300001;m3/s;70,1899321202268;moh;1,120605610586111;Mill.m3;-81,00686416666667;cm;61,603476051583336;mm;84,05298112375;%;2,599999905;None;0;m3/s;87,547312674;%
2026-03-20 05:00:00.000;38,114353888888886;kVAr;2600;kW;0;None;2500;kW;5,599999905;Bar;2683,966685;kW;-83,50555555555556;cm;5,494381905;m3/s;5,494381905;m3/s;70,16483625086937;moh;1,1157604617333334;Mill.m3;-83,51669166666667;cm;63,464376882555555;mm;84,02809143;%;2,599999905;None;0;m3/s;87,16878416080556;%
2026-03-20 06:00:00.000;38,18584777777778;kVAr;2600;kW;0;None;2500;kW;5,599999905;Bar;2677,366248888889;kW;-86,06666666666666;cm;5,490324523969444;m3/s;5,490285510741667;m3/s;70,13924744300665;moh;1,1106068460416667;Mill.m3;-86,07517277777778;cm;65,44374351183333;mm;84,0483775668611;%;2,599999905;None;0;m3/s;86,76615963269444;%
2026-03-20 07:00:00.000;18,681219444444444;kVAr;2600;kW;0;None;2500;kW;5,599999905;Bar;2687,6850072222223;kW;-88,65833333333333;cm;5,48867801141389;m3/s;5,488709221730556;m3/s;70,11332335594068;moh;1,1055254132222223;Mill.m3;-88,66807722222222;cm;67,39539784602778;mm;84,056611484;%;2,599999905;None;0;m3/s;86,3691728783889;%
2026-03-20 08:00:00.000;27,663290555555555;kVAr;2600;kW;0;None;2500;kW;5,599999905;Bar;2673,1286344444443;kW;-89,09166666666667;cm;5,488709354338888;m3/s;5,488693749844444;m3/s;70,10922844201365;moh;1,1045848517555554;Mill.m3;-89,07740722222222;cm;67,75664105222222;mm;84,05645332416667;%;2,599999905;None;0;m3/s;86,29569068297222;%
2026-03-20 09:00:00.000;42,87164416666667;kVAr;2600;kW;0;None;2500;kW;5,599999905;Bar;2655,8157527777776;kW;-86,88333333333334;cm;5,445185702319446;m3/s;5,445115478780557;m3/s;70,13120587087866;moh;1,1089734243583333;Mill.m3;-86,87887194444444;cm;66,07109932227777;mm;84,27407082555555;%;2,599999905;None;0;m3/s;86,63854965836111;%
2026-03-20 10:00:00.000;5,427301666666667;kVAr;2600;kW;0;None;2500;kW;5,599999905;Bar;2677,9939775;kW;-84,52222222222223;cm;5,486781999905556;m3/s;5,486774196994445;m3/s;70,15492085094719;moh;1,1135828019833331;Mill.m3;-84,50795583333333;cm;64,30075628072223;mm;84,06609107436111;%;2,599999905;None;0;m3/s;86,998654323;%
2026-03-20 11:00:00.000;-3,3228963888888887;kVAr;2600;kW;0;None;2500;kW;5,599999905;Bar;2673,365260833333;kW;-82,26666666666667;cm;5,4881397739;m3/s;5,488131970988889;m3/s;70,17738528234658;moh;1,1180756067583335;Mill.m3;-82,26160138888889;cm;62,57519142638889;mm;84,05910591569445;%;2,599999905;None;0;m3/s;87,34965546677778;%
2026-03-20 12:00:00.000;-10,4504175;kVAr;2600;kW;0;None;2500;kW;5,599999905;Bar;2682,6754808333335;kW;-80,11944444444444;cm;5,492907227461112;m3/s;5,492907227461112;m3/s;70,1989478901647;moh;1,122326811236111;Mill.m3;-80,10520222222222;cm;60,942409233;mm;84,03546426791667;%;2,599999905;None;0;m3/s;87,68178043605556;%
2026-03-20 13:00:00.000;4,349965;kVAr;2600;kW;0;None;2500;kW;5,599999905;Bar;2671,2212694444443;kW;-79,99444444444444;cm;5,485939386233333;m3/s;5,485939386233333;m3/s;70,19996973167329;moh;1,1225907723805557;Mill.m3;-80,00278472222222;cm;60,841028694;mm;84,07030317641667;%;2,599999905;None;0;m3/s;87,70240192627777;%
2026-03-20 14:00:00.000;-2,603406666666667;kVAr;2600;kW;0;None;2500;kW;5,599999905;Bar;2676,933414722222;kW;-82,45277777777778;cm;5,484917199569444;m3/s;5,484917199569444;m3/s;70,17542538920509;moh;1,1178281839055555;Mill.m3;-82,4575175;cm;62,67021919041667;mm;84,07541408572222;%;2,599999905;None;0;m3/s;87,33032548463889;%
2026-03-20 15:00:00.000;-4,792325;kVAr;2600;kW;0;None;2500;kW;5,599999905;Bar;2683,097013888889;kW;-85,00555555555556;cm;5,4764434514083336;m3/s;5,4764434514083336;m3/s;70,14988610991243;moh;1,1127191633416667;Mill.m3;-85,0112675;cm;64,63246131086112;mm;84,11778193719445;%;2,599999905;None;0;m3/s;86,93118201433333;%
2026-03-20 16:00:00.000;-2,6915025;kVAr;2600;kW;0;None;2500;kW;5,599999905;Bar;2677,0119658333333;kW;-87,68055555555556;cm;5,487882297672223;m3/s;5,487882297672223;m3/s;70,12317104820936;moh;1,1074501622055557;Mill.m3;-87,68264444444445;cm;66,65614681297222;mm;84,0605881813889;%;2,599999905;None;0;m3/s;86,5195455976389;%
2026-03-20 17:00:00.000;-5,367810555555556;kVAr;2600;kW;0;None;2500;kW;5,599999905;Bar;2674,5595941666666;kW;-88,12777777777778;cm;5,48390287571111;m3/s;5,483988705080555;m3/s;70,11881444234413;moh;1,1064658965722223;Mill.m3;-88,11823277777778;cm;67,03418329222222;mm;84,08048528161112;%;2,599999905;None;0;m3/s;86,44264897080555;%
2026-03-20 18:00:00.000;-3,7122719444444443;kVAr;2600;kW;0;None;2500;kW;5,599999905;Bar;2676,6073816666667;kW;-85,94444444444444;cm;5,494647203444444;m3/s;5,494647203444444;m3/s;70,14061146540055;moh;1,1108158894749998;Mill.m3;-85,93873611111111;cm;65,36345824866666;mm;84,02676489375;%;2,599999905;None;0;m3/s;86,78249009713889;%
2026-03-20 19:00:00.000;-4,148098888888889;kVAr;2600;kW;0;None;2500;kW;5,599999905;Bar;2680,0757305555558;kW;-83,79166666666667;cm;5,49686322985;m3/s;5,49686322985;m3/s;70,16219158565822;moh;1,1150730307305554;Mill.m3;-83,78075916666667;cm;63,72840107547222;mm;84,01568438616667;%;2,599999905;None;0;m3/s;87,11507886119445;%
2026-03-20 20:00:00.000;3,3067780555555557;kVAr;2600;kW;0;None;2500;kW;5,599999905;Bar;2679,174309722222;kW;-81,58333333333333;cm;5,492509309416667;m3/s;5,492509309416667;m3/s;70,18423032112896;moh;1,1194728216000003;Mill.m3;-81,57699027777778;cm;62,038549172833335;mm;84,03745359066667;%;2,599999905;None;0;m3/s;87,45881385766667;%
2026-03-20 21:00:00.000;9,80868861111111;kVAr;2600;kW;0;None;2500;kW;5,599999905;Bar;2682,4545616666665;kW;-79,3861111111111;cm;5,497190952;m3/s;5,497190952;m3/s;70,20627141271065;moh;1,123778581716667;Mill.m3;-79,37211944444445;cm;60,38482299691667;mm;84,01404572;%;2,599999905;None;0;m3/s;87,79519784819445;%
2026-03-20 22:00:00.000;11,77105361111111;kVAr;2600;kW;0;None;2500;kW;5,599999905;Bar;2682,507990277778;kW;-77,22222222222223;cm;5,497190952;m3/s;5,497190952;m3/s;70,22786069490623;moh;1,128074504463889;Mill.m3;-77,21391444444444;cm;58,734850403416665;mm;84,01404572;%;2,599999905;None;0;m3/s;88,13082287819445;%
2026-03-20 23:00:00.000;19,744888888888887;kVAr;2600;kW;0;None;2500;kW;5,599999905;Bar;2682,7181258333335;kW;-77,05277777777778;cm;5,497190952;m3/s;5,497190952;m3/s;70,22939966688774;moh;1,1284593888694445;Mill.m3;-77,06016833333334;cm;58,58702783258333;mm;84,01404572;%;2,599999905;None;0;m3/s;88,16089172047222;%
2026-03-21 00:00:00.000;19,76628861111111;kVAr;2600;kW;0;None;2500;kW;5,599999905;Bar;2689,912376388889;kW;-79,79722222222222;cm;5,497190952;m3/s;5,497190952;m3/s;70,20192462109038;moh;1,1230527480833334;Mill.m3;-79,80753861111111;cm;60,66359505458333;mm;84,01404572;%;2,599999905;None;0;m3/s;87,73849330647222;%
2026-03-21 01:00:00.000;29,28305888888889;kVAr;2600;kW;0;None;2500;kW;5,599999905;Bar;2684,6905341666666;kW;-82,22222222222223;cm;5,493726460033334;m3/s;5,493734262944445;m3/s;70,17768293253562;moh;1,1182681561805556;Mill.m3;-82,23184055555555;cm;62,50123644136111;mm;84,03132975213889;%;2,599999905;None;0;m3/s;87,36469889586111;%
2026-03-21 02:00:00.000;41,81432888888889;kVAr;2600;kW;0;None;2500;kW;5,599999905;Bar;2676,0822208333334;kW;-84,875;cm;5,4871098161416665;m3/s;5,487133224872223;m3/s;70,15118723282559;moh;1,1129832533611108;Mill.m3;-84,88160972222222;cm;64,53102965469445;mm;84,06445064547222;%;2,599999905;None;0;m3/s;86,95181395252777;%
2026-03-21 03:00:00.000;38,851775277777776;kVAr;2600;kW;0;None;2500;kW;5,599999905;Bar;2674,2832738888887;kW;-87,43055555555556;cm;5,489832921661111;m3/s;5,489848527480556;m3/s;70,12554602097873;moh;1,1079725998305558;Mill.m3;-87,445425;cm;66,45549079041666;mm;84,05083586522223;%;2,599999905;None;0;m3/s;86,56036118466666;%
2026-03-21 04:00:00.000;32,79203555555556;kVAr;2600;kW;0;None;2500;kW;5,599999905;Bar;2673,391513611111;kW;-90,00555555555556;cm;5,488639129588889;m3/s;5,488748366355556;m3/s;70,09986465833995;moh;1,1027860316416667;Mill.m3;-90,0133113888889;cm;68,44751510719445;mm;84,05680470025;%;2,599999905;None;0;m3/s;86,15515893286111;%
2026-03-21 05:00:00.000;38,68208694444444;kVAr;2600;kW;0;None;2500;kW;5,599999905;Bar;2669,2483319444445;kW;-92,59722222222223;cm;5,481663527816667;m3/s;5,481835187872222;m3/s;70,07393545897997;moh;1,0977045939861112;Mill.m3;-92,60641027777778;cm;70,39917117233334;mm;84,09168169211111;%;2,599999905;None;0;m3/s;85,75817311533334;%
2026-03-21 06:00:00.000;33,508874166666665;kVAr;2600;kW;0;None;2500;kW;5,599999905;Bar;2674,331448888889;kW;-95,16666666666667;cm;5,490987790858334;m3/s;5,49097998795;m3/s;70,04822138185052;moh;1,092622999686111;Mill.m3;-95,17801416666667;cm;72,35088091736111;mm;84,04506102927778;%;2,599999905;None;0;m3/s;85,36117286563889;%
2026-03-21 07:00:00.000;29,24877972222222;kVAr;2600;kW;0;None;2500;kW;5,599999905;Bar;2670,267391388889;kW;-95,75555555555556;cm;5,4844569126749985;m3/s;5,484519334630555;m3/s;70,04252272243588;moh;1,0914131489777776;Mill.m3;-95,74775472222223;cm;72,81555147913889;mm;84,07771466655555;%;2,599999905;None;0;m3/s;85,26665286997222;%
2026-03-21 08:00:00.000;20,526494444444445;kVAr;2600;kW;0;None;2500;kW;5,599999905;Bar;2669,091673611111;kW;-93,58055555555555;cm;5,48418383603611;m3/s;5,484254062222221;m3/s;70,06430977333153;moh;1,0957024708444445;Mill.m3;-93,56895694444444;cm;71,16812570416667;mm;84,07908009475;%;2,599999905;None;0;m3/s;85,60175882619444;%
2026-03-21 09:00:00.000;-3,6212525;kVAr;2600;kW;0;None;2500;kW;5,599999905;Bar;2679,017498611111;kW;-91,36111111111111;cm;5,49303986135;m3/s;5,492993043886111;m3/s;70,08647409260158;moh;1,100096783125;Mill.m3;-91,35259555555555;cm;69,48039713777777;mm;84,03480124947222;%;2,599999905;None;0;m3/s;85,94506223705555;%
2026-03-21 10:00:00.000;-1,6709311111111111;kVAr;2600;kW;0;None;2500;kW;5,599999905;Bar;2671,206924166667;kW;-89,2611111111111;cm;5,485588310861112;m3/s;5,485580507950001;m3/s;70,10749015343279;moh;1,1042492899111112;Mill.m3;-89,25092694444444;cm;67,88551939147223;mm;84,07225331297222;%;2,599999905;None;0;m3/s;86,26947483327778;%
2026-03-21 11:00:00.000;1,1278966666666668;kVAr;2600;kW;0;None;2500;kW;5,599999905;Bar;2674,6812102777776;kW;-87,08333333333333;cm;5,486711974908332;m3/s;5,486719777816666;m3/s;70,12921412849242;moh;1,1085720052805554;Mill.m3;-87,07832361111112;cm;66,22527355536111;mm;84,06643873972222;%;2,599999905;None;0;m3/s;86,60718958252778;%
2026-03-21 12:00:00.000;5,067235;kVAr;2600;kW;0;None;2500;kW;5,599999905;Bar;2675,98336;kW;-84,875;cm;5,490004640044445;m3/s;5,490035850361111;m3/s;70,15137613442378;moh;1,1128622347222221;Mill.m3;-84,862335;cm;64,57751029980555;mm;84,04997664841666;%;2,599999905;None;0;m3/s;86,94235935263889;%
2026-03-21 13:00:00.000;7,181977777777778;kVAr;2600;kW;0;None;2500;kW;5,599999905;Bar;2676,398294444444;kW;-84,80555555555556;cm;5,492649681302779;m3/s;5,492649681302779;m3/s;70,15184799763244;moh;1,113082268611111;Mill.m3;-84,81547944444445;cm;64,49300017469444;mm;84,03686962122222;%;2,599999905;None;0;m3/s;86,95954939552777;%
2026-03-21 14:00:00.000;7,186895;kVAr;2600;kW;0;None;2500;kW;5,599999905;Bar;2673,156993888889;kW;-87,38055555555556;cm;5,486899130711112;m3/s;5,486922539447224;m3/s;70,12612510128729;moh;1,1080386099638888;Mill.m3;-87,38769083333334;cm;66,43013780375;mm;84,06550428822223;%;2,599999905;None;0;m3/s;86,565518401;%
2026-03-21 15:00:00.000;-11,99956888888889;kVAr;2600;kW;0;None;2500;kW;5,599999905;Bar;2683,172511111111;kW;-89,99722222222222;cm;5,493609448069445;m3/s;5,493586039338889;m3/s;70,09996514645;moh;1,102819036725;Mill.m3;-90,0033375;cm;68,43483848686111;mm;84,03195349597222;%;2,599999905;None;0;m3/s;86,15773741386111;%
2026-03-21 16:00:00.000;12,188595;kVAr;2600;kW;0;None;2500;kW;5,599999905;Bar;2667,9259669444446;kW;-92,61111111111111;cm;5,482045845255555;m3/s;5,482084858483333;m3/s;70,07374499432882;moh;1,0976385560027777;Mill.m3;-92,62601333333333;cm;70,42453395;mm;84,08977031747222;%;2,599999905;None;0;m3/s;85,75301411866667;%
2026-03-21 17:00:00.000;11,337866666666667;kVAr;2600;kW;0;None;2500;kW;5,599999905;Bar;2668,380383888889;kW;-95,20833333333333;cm;5,479127615019444;m3/s;5,479151022424999;m3/s;70,04786716344954;moh;1,0924910290527776;Mill.m3;-95,21347166666666;cm;72,40156794419444;mm;84,10436106758333;%;2,599999905;None;0;m3/s;85,35086237480556;%
2026-03-21 18:00:00.000;5,828280833333333;kVAr;2600;kW;0;None;2500;kW;5,599999905;Bar;2669,516635833333;kW;-95,79166666666667;cm;5,484979646724999;m3/s;5,485096687733333;m3/s;70,04212711838923;moh;1,0913801459111112;Mill.m3;-95,78761861111111;cm;72,82822822680555;mm;84,07510157766667;%;2,599999905;None;0;m3/s;85,26407413463889;%
2026-03-21 19:00:00.000;12,841584444444445;kVAr;2600;kW;0;None;2500;kW;5,599999905;Bar;2666,803246666667;kW;-93,66388888888889;cm;5,477855784399998;m3/s;5,477910404774998;m3/s;70,06344961695048;moh;1,0955044920111112;Mill.m3;-93,65469055555556;cm;71,24416609916666;mm;84,11072071894445;%;2,599999905;None;0;m3/s;85,58629150052778;%
2026-03-21 20:00:00.000;3,2337563888888887;kVAr;2600;kW;0;None;2500;kW;5,599999905;Bar;2667,5431252777776;kW;-91,43055555555556;cm;5,4740948610833335;m3/s;5,474055847858334;m3/s;70,08578193210573;moh;1,0999593112972221;Mill.m3;-91,42152972222222;cm;69,53319691366667;mm;84,12952586277778;%;2,599999905;None;0;m3/s;85,93432223233333;%
2026-03-21 21:00:00.000;-4,9432358333333335;kVAr;2600;kW;0;None;2500;kW;5,599999905;Bar;2675,405921111111;kW;-89,3;cm;5,487375121752777;m3/s;5,487375121752777;m3/s;70,10710977207223;moh;1,104106265936111;Mill.m3;-89,28894694444445;cm;67,94045113791667;mm;84,06312400075;%;2,599999905;None;0;m3/s;86,25830101291666;%
2026-03-21 22:00:00.000;-9,70171;kVAr;2600;kW;0;None;2500;kW;5,599999905;Bar;2677,685305277778;kW;-87,17777777777778;cm;5,493937140177778;m3/s;5,493937140177778;m3/s;70,12830199379252;moh;1,108341011447222;Mill.m3;-87,16951;cm;66,31399057119444;mm;84,03031531477778;%;2,599999905;None;0;m3/s;86,58914402986112;%
2026-03-21 23:00:00.000;-19,560867777777776;kVAr;2600;kW;0;None;2500;kW;5,599999905;Bar;2690,315266111111;kW;-84,9888888888889;cm;5,497190952;m3/s;5,497190952;m3/s;70,15019834725426;moh;1,1127302143888889;Mill.m3;-84,98040027777778;cm;64,62821614597222;mm;84,01404572;%;2,599999905;None;0;m3/s;86,93204555580556;%
2026-03-22 00:00:00.000;-8,958051388888888;kVAr;2600;kW;0;None;2500;kW;5,599999905;Bar;2681,4938713888887;kW;-82,88055555555556;cm;5,494218083119445;m3/s;5,494257097669445;m3/s;70,17126628246972;moh;1,1168877140638889;Mill.m3;-82,87310972222222;cm;63,03143116705556;mm;84,02891013177778;%;2,599999905;None;0;m3/s;87,25685081202778;%
2026-03-22 01:00:00.000;3,0042269444444445;kVAr;2600;kW;0;None;2500;kW;5,599999905;Bar;2675,0945419444442;kW;-82,80555555555556;cm;5,486431014608333;m3/s;5,486415408788889;m3/s;70,17187815855546;moh;1,1170747349194443;Mill.m3;-82,81230916666667;cm;62,95960054511111;mm;84,06784420225;%;2,599999905;None;0;m3/s;87,27146161097222;%
2026-03-22 02:00:00.000;12,694081666666667;kVAr;2600;kW;0;None;2500;kW;5,599999905;Bar;2668,4457127777778;kW;-85,30555555555556;cm;5,4801341812416675;m3/s;5,480180998702778;m3/s;70,14680072670191;moh;1,1121636215055555;Mill.m3;-85,32027583333333;cm;64,84583099827778;mm;84,09932905863889;%;2,599999905;None;0;m3/s;86,88778027552777;%
2026-03-22 03:00:00.000;0,9463405555555555;kVAr;2600;kW;0;None;2500;kW;5,599999905;Bar;2680,6407541666667;kW;-87,99722222222222;cm;5,495497752338888;m3/s;5,495497752338888;m3/s;70,11992868983762;moh;1,106806716577778;Mill.m3;-88,00745388888889;cm;66,90327869111111;mm;84,02251165572223;%;2,599999905;None;0;m3/s;86,46927627952778;%
2026-03-22 04:00:00.000;20,479857222222222;kVAr;2600;kW;0;None;2500;kW;5,599999905;Bar;2671,923191111111;kW;-90,55;cm;5,484753301430556;m3/s;5,484753301430556;m3/s;70,09445440595768;moh;1,1017740526611113;Mill.m3;-90,5545375;cm;68,83618910083334;mm;84,07623401330555;%;2,599999905;None;0;m3/s;86,07609882433333;%
2026-03-22 05:00:00.000;29,25576638888889;kVAr;2600;kW;0;None;2500;kW;5,599999905;Bar;2669,959735;kW;-93,09444444444445;cm;5,483817059486111;m3/s;5,483840466894445;m3/s;70,06900962473728;moh;1,0967145511583332;Mill.m3;-93,09897638888889;cm;70,77941833136111;mm;84,08091432841667;%;2,599999905;None;0;m3/s;85,68082688472222;%
2026-03-22 06:00:00.000;47,285019444444444;kVAr;2600;kW;0;None;2500;kW;5,599999905;Bar;2664,6232319444443;kW;-95,79444444444445;cm;5,47221440745;m3/s;5,47221440745;m3/s;70,0418889774994;moh;1,0913415847305556;Mill.m3;-95,81098805555555;cm;72,84303859844445;mm;84,13892777844444;%;2,599999905;None;0;m3/s;85,2610615835;%
2026-03-22 07:00:00.000;34,17589638888889;kVAr;2600;kW;0;None;2500;kW;5,599999905;Bar;2670,9213380555557;kW;-96,27777777777777;cm;5,483551740691664;m3/s;5,483504924552776;m3/s;70,03719847210427;moh;1,0903349517999998;Mill.m3;-96,28029777777778;cm;73,229652402;mm;84,08224105877778;%;2,599999905;None;0;m3/s;85,18242035;%
2026-03-22 08:00:00.000;11,773678055555555;kVAr;2600;kW;0;None;2500;kW;5,599999905;Bar;2683,2224477777777;kW;-94,21111111111111;cm;5,482287792436112;m3/s;5,482287792436112;m3/s;70,05798991501345;moh;1,0944817199444445;Mill.m3;-94,2009013888889;cm;71,6369962475;mm;84,08855966155555;%;2,599999905;None;0;m3/s;85,50638516469445;%
2026-03-22 09:00:00.000;16,51772777777778;kVAr;2600;kW;0;None;2500;kW;5,599999905;Bar;2672,355421111111;kW;-91,3;cm;5,486126629569445;m3/s;5,486025193061112;m3/s;70,08716137027895;moh;1,1001848838166666;Mill.m3;-91,28335638888889;cm;69,44655200175;mm;84,06936707011111;%;2,599999905;None;0;m3/s;85,95194477436111;%
2026-03-22 10:00:00.000;6,633768055555556;kVAr;2600;kW;0;None;2500;kW;5,599999905;Bar;2678,3265025;kW;-85,85555555555555;cm;5,489076022272222;m3/s;5,489076022272222;m3/s;70,141716445864;moh;1,1108656498722222;Mill.m3;-85,82824083333334;cm;65,34434670158333;mm;84,05462067972222;%;2,599999905;None;0;m3/s;86,78637833080556;%
2026-03-22 11:00:00.000;6,965686388888889;kVAr;2600;kW;0;None;2500;kW;5,599999905;Bar;2678,700716111111;kW;-81,63333333333334;cm;5,495341679697223;m3/s;5,495357284191667;m3/s;70,18377462661822;moh;1,1193022953722223;Mill.m3;-81,6227711111111;cm;62,104044854416664;mm;84,02329220508334;%;2,599999905;None;0;m3/s;87,44549142994444;%
2026-03-22 12:00:00.000;3,0020255555555555;kVAr;2600;kW;0;None;2500;kW;5,599999905;Bar;2685,7031863888888;kW;-79,46666666666667;cm;5,492477994536111;m3/s;5,492485797444445;m3/s;70,20540576073515;moh;1,1236081071250001;Mill.m3;-79,45902138888889;cm;60,45029772975;mm;84,03761130841667;%;2,599999905;None;0;m3/s;87,78187970175;%
2026-03-22 13:00:00.000;4,791823055555556;kVAr;2600;kW;0;None;2500;kW;5,599999905;Bar;2688,0749622222224;kW;-79,4;cm;5,493804505047223;m3/s;5,493804505047223;m3/s;70,20589603936482;moh;1,1238446792833336;Mill.m3;-79,41046527777777;cm;60,35943449058333;mm;84,03097835541666;%;2,599999905;None;0;m3/s;87,80036260913889;%
2026-03-22 14:00:00.000;4,776334444444444;kVAr;2600;kW;0;None;2500;kW;5,599999905;Bar;2680,780980833333;kW;-81,93888888888888;cm;5,4939137779000005;m3/s;5,4939137779000005;m3/s;70,18049348687784;moh;1,1188236979416668;Mill.m3;-81,95084888888888;cm;62,28786501677778;mm;84,03043162066666;%;2,599999905;None;0;m3/s;87,40810069922222;%
2026-03-22 15:00:00.000;-2,6040941666666666;kVAr;2600;kW;0;None;2500;kW;5,599999905;Bar;2682,0366758333334;kW;-84,59444444444445;cm;5,494530167694444;m3/s;5,494530167694444;m3/s;70,15398518341868;moh;1,1135772256111112;Mill.m3;-84,6014825;cm;64,30289982302777;mm;84,02735000597222;%;2,599999905;None;0;m3/s;86,99821834552777;%
2026-03-22 16:00:00.000;6,960532777777778;kVAr;2600;kW;0;None;2500;kW;5,599999905;Bar;2679,5731;kW;-87,24444444444444;cm;5,4907926385111105;m3/s;5,490800440097221;m3/s;70,12740877229187;moh;1,1082970818694446;Mill.m3;-87,25954166666666;cm;66,33086660133333;mm;84,04603756941667;%;2,599999905;None;0;m3/s;86,58571078066667;%
2026-03-22 17:00:00.000;4,055901666666666;kVAr;2600;kW;0;None;2500;kW;5,599999905;Bar;2673,150198611111;kW;-87,78888888888889;cm;5,487882248505555;m3/s;5,487905657241667;m3/s;70,12219485073128;moh;1,1071423045111113;Mill.m3;-87,78067222222222;cm;66,77438816616667;mm;84,06058896525;%;2,599999905;None;0;m3/s;86,4954947145;%
2026-03-22 18:00:00.000;-4,88773;kVAr;2600;kW;0;None;2500;kW;5,599999905;Bar;2676,844151111111;kW;-84,06388888888888;cm;5,493508075258334;m3/s;5,493508075258334;m3/s;70,159543902374;moh;1,1144239224638888;Mill.m3;-84,0453611111111;cm;63,97770685486111;mm;84,03245966419445;%;2,599999905;None;0;m3/s;87,06436703961111;%
2026-03-22 19:00:00.000;-10,317891111111111;kVAr;2600;kW;0;None;2500;kW;5,599999905;Bar;2685,3801280555554;kW;-78,41111111111111;cm;5,495521129319444;m3/s;5,495521129319444;m3/s;70,21614418695307;moh;1,1256213215583333;Mill.m3;-78,38525194444445;cm;59,67706450375;mm;84,02239511725;%;2,599999905;None;0;m3/s;87,93916536905556;%
2026-03-22 20:00:00.000;-21,23094972222222;kVAr;2600;kW;0;None;2500;kW;5,599999905;Bar;2695,6000225;kW;-72,59166666666667;cm;5,491572857;m3/s;5,491572857;m3/s;70,27423212707666;moh;1,1372037359;Mill.m3;-72,57678166666666;cm;55,22854383361111;mm;84,04213715;%;2,599999905;None;0;m3/s;88,84404118858333;%
2026-03-22 21:00:00.000;-1,9411169444444445;kVAr;2600;kW;0;None;2500;kW;5,599999905;Bar;2686,9790372222224;kW;-68,35833333333333;cm;5,491572857;m3/s;5,491572857;m3/s;70,31652593264398;moh;1,1456237000361111;Mill.m3;-68,3474313888889;cm;51,994643361416664;mm;84,04213715;%;2,599999905;None;0;m3/s;89,50185131636111;%
2026-03-22 22:00:00.000;5,933316944444444;kVAr;2600;kW;0;None;2500;kW;5,599999905;Bar;2681,739341388889;kW;-66,1138888888889;cm;5,492829196872223;m3/s;5,492829196872223;m3/s;70,33895496624763;moh;1,1500563767722223;Mill.m3;-66,10429472222222;cm;50,29216422658333;mm;84,03585444938889;%;2,599999905;None;0;m3/s;89,84815523113889;%
2026-03-22 23:00:00.000;5,959575555555555;kVAr;2600;kW;0;None;2500;kW;5,599999905;Bar;2683,3784430555556;kW;-65,99722222222222;cm;5,493812348869445;m3/s;5,493890376647223;m3/s;70,33995785558952;moh;1,1503643526111111;Mill.m3;-66,00435555555555;cm;50,173878284416666;mm;84,03093868125;%;2,599999905;None;0;m3/s;89,87221613719444;%
2026-03-23 00:00:00.000;-3,006165277777778;kVAr;2600;kW;0;None;2500;kW;5,599999905;Bar;2690,716391111111;kW;-68,54166666666667;cm;5,488763809;m3/s;5,488763809;m3/s;70,31448852733108;moh;1,1453542459833335;Mill.m3;-68,55136555555555;cm;52,098133385666664;mm;84,05618286;%;2,599999905;None;0;m3/s;89,48080063030555;%
2026-03-23 01:00:00.000;-18,752458611111113;kVAr;2600;kW;0;None;2500;kW;5,599999905;Bar;2701,0811080555554;kW;-71,10555555555555;cm;5,488763809;m3/s;5,488763809;m3/s;70,28885219680997;moh;1,140201220263889;Mill.m3;-71,114705;cm;54,07727998275;mm;84,05618286;%;2,599999905;None;0;m3/s;89,07821996338889;%
2026-03-23 02:00:00.000;-6,972627777777777;kVAr;2600;kW;0;None;2500;kW;5,599999905;Bar;2692,473076388889;kW;-73,76388888888889;cm;5,488763809;m3/s;5,488763809;m3/s;70,26228684900349;moh;1,134959744236111;Mill.m3;-73,77127277777778;cm;56,090408611583335;mm;84,05618286;%;2,599999905;None;0;m3/s;88,66872925327777;%
2026-03-23 03:00:00.000;1,877671388888889;kVAr;2600;kW;0;None;2500;kW;5,599999905;Bar;2680,3862072222223;kW;-76,35555555555555;cm;5,492649674222222;m3/s;5,492649674222222;m3/s;70,2363400668131;moh;1,1298506500666667;Mill.m3;-76,36648777777778;cm;58,05268234394445;mm;84,03675270222222;%;2,599999905;None;0;m3/s;88,26958333883333;%
2026-03-23 04:00:00.000;-2,917047222222222;kVAr;2600;kW;0;None;2500;kW;5,599999905;Bar;2684,5757183333335;kW;-79,0111111111111;cm;5,495372898058333;m3/s;5,495372898058333;m3/s;70,20973654480565;moh;1,124543191413889;Mill.m3;-79,0262675;cm;60,091152182083334;mm;84,02313603513889;%;2,599999905;None;0;m3/s;87,85493399333333;%
2026-03-23 05:00:00.000;7,760418055555555;kVAr;2600;kW;0;None;2500;kW;5,599999905;Bar;2683,9022280555555;kW;-81,61111111111111;cm;5,491346588511112;m3/s;5,491346588511112;m3/s;70,18381306871096;moh;1,1194837517916667;Mill.m3;-81,6190111111111;cm;62,034352634777775;mm;84,04326835577778;%;2,599999905;None;0;m3/s;87,45966765055556;%
2026-03-23 06:00:00.000;-1,7080019444444445;kVAr;2600;kW;0;None;2500;kW;5,599999905;Bar;2692,5333780555557;kW;-82,13888888888889;cm;5,491572857;m3/s;5,491572857;m3/s;70,17863446033277;moh;1,118339647375;Mill.m3;-82,13668194444445;cm;62,47377878072222;mm;84,04213715;%;2,599999905;None;0;m3/s;87,37028369677778;%
2026-03-23 07:00:00.000;29,798660833333333;kVAr;2600;kW;0;None;2500;kW;5,599999905;Bar;2677,9795627777776;kW;-80,12777777777778;cm;5,491393500019445;m3/s;5,491393500019445;m3/s;70,19886166650822;moh;1,1223323120805553;Mill.m3;-80,11357277777778;cm;60,94029646291666;mm;84,043032754;%;2,599999905;None;0;m3/s;87,6822101828889;%
2026-03-23 08:00:00.000;8,093141388888888;kVAr;2600;kW;0;None;2500;kW;5,599999905;Bar;2690,9778655555556;kW;-77,95;cm;5,488139925761112;m3/s;5,488139925761112;m3/s;70,22056125371046;moh;1,1266554965555555;Mill.m3;-77,94436444444445;cm;59,27985832258334;mm;84,05929853908334;%;2,599999905;None;0;m3/s;88,01996069844445;%
2026-03-23 09:00:00.000;13,3490975;kVAr;2600;kW;0;None;2500;kW;5,599999905;Bar;2678,0273513888887;kW;-75,79722222222222;cm;5,490441610963889;m3/s;5,490426005141667;m3/s;70,24215167066268;moh;1,1309119637805558;Mill.m3;-75,7848025;cm;57,64506125797222;mm;84,04779175952778;%;2,599999905;None;0;m3/s;88,35249699319445;%
2026-03-23 10:00:00.000;11,577035277777778;kVAr;2600;kW;0;None;2500;kW;5,599999905;Bar;2681,65566;kW;-73,60555555555555;cm;5,494093196988889;m3/s;5,494093196988889;m3/s;70,26404594397681;moh;1,1352347467638888;Mill.m3;-73,59544138888889;cm;55,984786319916665;mm;84,02953502088889;%;2,599999905;None;0;m3/s;88,69021443338889;%
2026-03-23 11:00:00.000;23,632751388888888;kVAr;2600;kW;0;None;2500;kW;5,599999905;Bar;2671,8995916666668;kW;-73,46111111111111;cm;5,485752162683333;m3/s;5,485759964272223;m3/s;70,26529559049472;moh;1,1355921508138886;Mill.m3;-73,47039722222222;cm;55,847517872;mm;84,07123881602777;%;2,599999905;None;0;m3/s;88,718135813;%
2026-03-23 12:00:00.000;4,887456944444445;kVAr;2600;kW;0;None;2500;kW;5,599999905;Bar;2681,353646388889;kW;-75,99166666666666;cm;5,476997465905556;m3/s;5,476997465905556;m3/s;70,23999926568062;moh;1,1305436613833335;Mill.m3;-76,00041833333333;cm;57,78651293438889;mm;84,11501168316667;%;2,599999905;None;0;m3/s;88,32372455416666;%
2026-03-23 13:00:00.000;3,634151111111111;kVAr;2600;kW;0;None;2500;kW;5,599999905;Bar;2680,0233591666665;kW;-78,60833333333333;cm;5,483333231613889;m3/s;5,483333231613889;m3/s;70,21368953531379;moh;1,1253297925555557;Mill.m3;-78,63073361111111;cm;59,789034663833334;mm;84,08333394972222;%;2,599999905;None;0;m3/s;87,9163879813889;%
2026-03-23 14:00:00.000;1,8389675;kVAr;2600;kW;0;None;2500;kW;5,599999905;Bar;2684,269083611111;kW;-81,21388888888889;cm;5,492220625791667;m3/s;5,492197218383334;m3/s;70,1877479764125;moh;1,120286585377778;Mill.m3;-81,22525555555555;cm;61,72600680852778;mm;84,03889679419444;%;2,599999905;None;0;m3/s;87,52238852222223;%
2026-03-23 15:00:00.000;19,89241361111111;kVAr;2600;kW;0;None;2500;kW;5,599999905;Bar;2676,2885283333335;kW;-83,85277777777777;cm;5,491479326525001;m3/s;5,491494931019445;m3/s;70,16129476384802;moh;1,1149960109194443;Mill.m3;-83,87084666666667;cm;63,75798254836111;mm;84,04260366530555;%;2,599999905;None;0;m3/s;87,10906181213889;%
2026-03-23 16:00:00.000;14,167502222222222;kVAr;2600;kW;0;None;2500;kW;5,599999905;Bar;2673,739019722222;kW;-84,33888888888889;cm;5,489278990722222;m3/s;5,489278990722222;m3/s;70,15675585016439;moh;1,1139182821138887;Mill.m3;-84,32467166666666;cm;64,17190680630556;mm;84,05360478427778;%;2,599999905;None;0;m3/s;87,02486394202778;%
2026-03-23 17:00:00.000;20,907631666666667;kVAr;2600;kW;0;None;2500;kW;5,599999905;Bar;2668,034757777778;kW;-82,11666666666666;cm;5,469506817333333;m3/s;5,469467802780556;m3/s;70,17886494273732;moh;1,1183726524250002;Mill.m3;-82,11346916666666;cm;62,46110209655556;mm;84,1524659886389;%;2,599999905;None;0;m3/s;87,37286243244445;%
2026-03-23 18:00:00.000;-4,499973333333333;kVAr;2600;kW;0;None;2500;kW;5,599999905;Bar;2691,9962575;kW;-80,11111111111111;cm;5,491494877119444;m3/s;5,491494877119444;m3/s;70,19890184031318;moh;1,122370794175;Mill.m3;-80,10962916666666;cm;60,92551679983333;mm;84,04252651955555;%;2,599999905;None;0;m3/s;87,68521650338889;%
2026-03-23 19:00:00.000;9,067338055555556;kVAr;2600;kW;0;None;2500;kW;5,599999905;Bar;2678,254135277778;kW;-77,96111111111111;cm;5,493422170369444;m3/s;5,493445577777778;m3/s;70,22049895149175;moh;1,1266609974027777;Mill.m3;-77,95038;cm;59,27774549958333;mm;84,03289000344445;%;2,599999905;None;0;m3/s;88,02039046647222;%
2026-03-23 20:00:00.000;-2,5557266666666667;kVAr;2600;kW;0;None;2500;kW;5,599999905;Bar;2688,2590436111113;kW;-75,81944444444444;cm;5,497190952;m3/s;5,497190952;m3/s;70,24191513887357;moh;1,1308789586972223;Mill.m3;-75,80831194444444;cm;57,65773781480556;mm;84,01404572;%;2,599999905;None;0;m3/s;88,34991851202778;%
2026-03-23 21:00:00.000;-4,015894444444444;kVAr;2600;kW;0;None;2500;kW;5,599999905;Bar;2690,066623333333;kW;-75,80555555555556;cm;5,497190952;m3/s;5,497190952;m3/s;70,24194146245179;moh;1,1309615111555555;Mill.m3;-75,80617555555555;cm;57,626030316333335;mm;84,01404572;%;2,599999905;None;0;m3/s;88,35636789411112;%
2026-03-23 22:00:00.000;4,124825833333333;kVAr;2600;kW;0;None;2500;kW;5,599999905;Bar;2684,2876641666667;kW;-78,36944444444444;cm;5,494889131888889;m3/s;5,494889131888889;m3/s;70,21624080507242;moh;1,1258523729416667;Mill.m3;-78,37605166666667;cm;59,588321939833335;mm;84,02555478808333;%;2,599999905;None;0;m3/s;87,95721518102778;%
2026-03-23 23:00:00.000;4,038009722222222;kVAr;2600;kW;0;None;2500;kW;5,599999905;Bar;2686,729813888889;kW;-81;cm;5,4703103710444445;m3/s;5,470388398822222;m3/s;70,18994878559876;moh;1,120671573086111;Mill.m3;-81,00550888888888;cm;61,57814226558333;mm;84,14844828394445;%;2,599999905;None;0;m3/s;87,55246582133333;%
2026-03-24 00:00:00.000;11,583324722222223;kVAr;2600;kW;0;None;2500;kW;5,599999905;Bar;2679,627197222222;kW;-83,44444444444444;cm;5,481140868919446;m3/s;5,481133066008334;m3/s;70,16552511996208;moh;1,1158484514388884;Mill.m3;-83,44779416666667;cm;63,43058245833333;mm;84,09429332075;%;2,599999905;None;0;m3/s;87,17565832997222;%
2026-03-24 01:00:00.000;19,57160027777778;kVAr;2600;kW;0;None;2500;kW;5,599999905;Bar;2677,8406602777777;kW;-85,95;cm;5,4919630355;m3/s;5,4919630355;m3/s;70,14039198255159;moh;1,110881917863889;Mill.m3;-85,96010583333333;cm;65,33809695447222;mm;84,04018582597222;%;2,599999905;None;0;m3/s;86,78764922069445;%
2026-03-24 02:00:00.000;13,237035833333334;kVAr;2600;kW;0;None;2500;kW;5,599999905;Bar;2673,1773911111113;kW;-88,525;cm;5,487039612477778;m3/s;5,487117640258334;m3/s;70,11456922011836;moh;1,105745377519445;Mill.m3;-88,542945;cm;67,31091467788889;mm;84,06480142972222;%;2,599999905;None;0;m3/s;86,38635783555556;%
2026-03-24 03:00:00.000;7,108081666666667;kVAr;2600;kW;0;None;2500;kW;5,598309489939227;Bar;2675,3517344444444;kW;-91,07777777777778;cm;5,490870706166667;m3/s;5,490870706166667;m3/s;70,0890861076154;moh;1,100740169625;Mill.m3;-91,09133583333333;cm;69,23328183419444;mm;84,04564692533333;%;2,599999905;None;0;m3/s;85,99532693386111;%
2026-03-24 04:00:00.000;25,56779111111111;kVAr;2600;kW;0;None;2500;kW;5,59571949239973;Bar;2670,943908888889;kW;-93,70833333333333;cm;5,484355395405556;m3/s;5,484441226097221;m3/s;70,06274195274955;moh;1,095499118;Mill.m3;-93,72594527777778;cm;71,24623417327778;mm;84,07822339938889;%;2,599999905;None;0;m3/s;85,58587046436111;%
2026-03-24 05:00:00.000;43,068150833333334;kVAr;2600;kW;0;None;2500;kW;5,589811581345582;Bar;2658,911653611111;kW;-96,04444444444445;cm;5,461189087175;m3/s;5,461189087175;m3/s;70,03949896549484;moh;1,0909455675166666;Mill.m3;-96,05042222222222;cm;72,99513632158333;mm;84,19405443372223;%;2,599999905;None;0;m3/s;85,23012332941667;%
2026-03-24 06:00:00.000;26,66335861111111;kVAr;2600;kW;0;None;2500;kW;5,568188712998443;Bar;2665,336423888889;kW;-98,33611111111111;cm;5,472339288394445;m3/s;5,472300275169444;m3/s;70,01649529585188;moh;1,086292505466667;Mill.m3;-98,35011527777777;cm;74,78225864941666;mm;84,13830324808333;%;2,599999905;None;0;m3/s;84,86660647916666;%
2026-03-24 07:00:00.000;4,179649722222222;kVAr;2600;kW;0;None;2500;kW;5,5617377469046385;Bar;2673,6623755555556;kW;-97,42777777777778;cm;5,486196896636112;m3/s;5,486126673091668;m3/s;70,02580888938607;moh;1,0879645695611113;Mill.m3;-97,41970555555555;cm;74,14006086955555;mm;84,0690151651389;%;2,599999905;None;0;m3/s;84,99723508597222;%
2026-03-24 08:00:00.000;13,722011666666667;kVAr;2600;kW;0;None;2500;kW;5,583134809910745;Bar;2671,1001505555555;kW;-91,75277777777778;cm;5,484792392802778;m3/s;5,48484701185;m3/s;70,08266805725125;moh;1,0992883096750001;Mill.m3;-91,73298694444445;cm;69,79090213813889;mm;84,07603770494444;%;2,599999905;None;0;m3/s;85,88190078652778;%
2026-03-24 09:00:00.000;12,226155277777778;kVAr;2600;kW;0;None;2500;kW;5,594690854488047;Bar;2674,2317227777776;kW;-87,46666666666667;cm;5,483700006552779;m3/s;5,483723413961112;m3/s;70,1254490256305;moh;1,107807600252778;Mill.m3;-87,45546722222223;cm;66,51886109258334;mm;84,08150024536111;%;2,599999905;None;0;m3/s;86,54747140733333;%
2026-03-24 10:00:00.000;11,46976861111111;kVAr;2600;kW;0;None;2500;kW;5,591035080183259;Bar;2670,9401141666667;kW;-87,18888888888888;cm;5,4834113041666654;m3/s;5,483364488027778;m3/s;70,12797980048101;moh;1,108401572763889;Mill.m3;-87,20214083333333;cm;66,29073386672222;mm;84,08294321786111;%;2,599999905;None;0;m3/s;86,59387429647222;%
2026-03-24 11:00:00.000;3,9459069444444443;kVAr;2600;kW;0;None;2500;kW;5,57994850738218;Bar;2672,010642777778;kW;-89,7388888888889;cm;5,484644182519445;m3/s;5,484581760561111;m3/s;70,1025349701783;moh;1,1033856378194444;Mill.m3;-89,74665194444445;cm;68,21722357213889;mm;84,07677841297222;%;2,599999905;None;0;m3/s;86,20200263055555;%
2026-03-24 12:00:00.000;-3,7137836111111113;kVAr;2600;kW;0;None;2500;kW;5,56693471418974;Bar;2681,904071388889;kW;-92,25;cm;5,4787529824500005;m3/s;5,4787529824500005;m3/s;70,0774275789534;moh;1,0983645585027777;Mill.m3;-92,25752416666667;cm;70,14569788983333;mm;84,10623531152778;%;2,599999905;None;0;m3/s;85,80973243733334;%
2026-03-24 13:00:00.000;11,104105833333334;kVAr;2600;kW;0;None;2500;kW;5,565503548882682;Bar;2670,2334125;kW;-94,8861111111111;cm;5,479189989202779;m3/s;5,479189989205556;m3/s;70,05109549181212;moh;1,0931564380972223;Mill.m3;-94,8911125;cm;72,14600281008333;mm;84,10404997955555;%;2,599999905;None;0;m3/s;85,40284733077777;%
2026-03-24 14:00:00.000;0,4966902777777778;kVAr;2600;kW;0;None;2500;kW;5,544409541144231;Bar;2677,0699283333333;kW;-97,48055555555555;cm;5,485674032722223;m3/s;5,485650623991667;m3/s;70,02492975022002;moh;1,0879698145583332;Mill.m3;-97,50677611111111;cm;74,1380461365;mm;84,071630584;%;2,599999905;None;0;m3/s;84,99764474386112;%
2026-03-24 15:00:00.000;1,220528888888889;kVAr;2600;kW;0;None;2500;kW;5,531277081397857;Bar;2675,3209819444446;kW;-100,14722222222223;cm;5,484261720624999;m3/s;5,4843397484027765;m3/s;69,9985354051254;moh;1,0828277388916665;Mill.m3;-100,14720194444445;cm;76,1129878795;mm;84,0786922243611;%;2,599999905;None;0;m3/s;84,59591947975;%
2026-03-24 16:00:00.000;12,440559166666667;kVAr;2600;kW;0;None;2500;kW;5,521076813310342;Bar;2668,804979722222;kW;-102,7;cm;5,480282457716666;m3/s;5,4802122328500005;m3/s;69,97290397350999;moh;1,077680230013889;Mill.m3;-102,709845;cm;78,09001672575;mm;84,09858726969445;%;2,599999905;None;0;m3/s;84,19377055913888;%
2026-03-24 17:00:00.000;18,395333611111113;kVAr;2600;kW;0;None;2500;kW;5,533061746369092;Bar;2659,2630219444445;kW;-101,75833333333334;cm;5,456577669241665;m3/s;5,456452825324998;m3/s;69,9825902841068;moh;1,079423505688889;Mill.m3;-101,74102972222222;cm;77,42046903063888;mm;84,21711167155556;%;2,599999905;None;0;m3/s;84,32996362116667;%
2026-03-24 18:00:00.000;0,6031013888888889;kVAr;2600;kW;0;None;2500;kW;5,543423403192174;Bar;2676,342393611111;kW;-96,15277777777777;cm;5,48715659251389;m3/s;5,487148790927779;m3/s;70,03862512862553;moh;1,0905383837972225;Mill.m3;-96,13703583333333;cm;73,15152727658334;mm;84,06421720691667;%;2,599999905;None;0;m3/s;85,19831320405555;%
2026-03-24 19:00:00.000;23,285875833333332;kVAr;2600;kW;0;None;2500;kW;5,578323175592913;Bar;2660,576973333333;kW;-90,36944444444444;cm;5,46208640068611;m3/s;5,462055190369443;m3/s;70,09653799516799;moh;1,1019833426694445;Mill.m3;-90,34605277777777;cm;68,75581224313889;mm;84,18956792502777;%;2,599999905;None;0;m3/s;86,09244937830556;%
2026-03-24 20:00:00.000;1,5111991666666666;kVAr;2600;kW;0;None;2500;kW;5,56903912885721;Bar;2677,028893611111;kW;-87,77222222222223;cm;5,491206256477778;m3/s;5,491237466794445;m3/s;70,12225750697453;moh;1,1072796558138889;Mill.m3;-87,77482888888889;cm;66,72163155944445;mm;84,04396871175;%;2,599999905;None;0;m3/s;86,50622581919444;%
2026-03-24 21:00:00.000;7,591341111111111;kVAr;2600;kW;0;None;2500;kW;5,553435727013789;Bar;2675,901494722222;kW;-90,05277777777778;cm;5,491752394008334;m3/s;5,491752394008334;m3/s;70,09941191425597;moh;1,102720015525;Mill.m3;-90,05846111111111;cm;68,47286834836112;mm;84,041238661;%;2,599999905;None;0;m3/s;86,15000158936111;%
2026-03-24 22:00:00.000;6,123458333333334;kVAr;2600;kW;0;None;2500;kW;5,53398660660158;Bar;2671,9639294444446;kW;-92,27777777777777;cm;5,483668849197222;m3/s;5,4836376388805546;m3/s;70,07713887459667;moh;1,0983370761333333;Mill.m3;-92,28645444444444;cm;70,15625182208333;mm;84,08165514369445;%;2,599999905;None;0;m3/s;85,80758535583334;%
2026-03-24 23:00:00.000;10,274060555555556;kVAr;2600;kW;0;None;2500;kW;5,5180770939378565;Bar;2665,278225;kW;-94,72222222222223;cm;5,4758270847666655;m3/s;5,475780268627776;m3/s;70,05268105431186;moh;1,0935193813833333;Mill.m3;-94,7320838888889;cm;72,0066074781111;mm;84,1208643173889;%;2,599999905;None;0;m3/s;85,4312020176389;%
2026-03-25 00:00:00.000;9,087633333333333;kVAr;2600;kW;0;None;2500;kW;5,506258994053949;Bar;2668,8370208333336;kW;-97,01388888888889;cm;5,480680351936112;m3/s;5,480578916750001;m3/s;70,02977680195131;moh;1,0889487267333333;Mill.m3;-97,02197972222223;cm;73,7620697;mm;84,09659784077778;%;2,599999905;None;0;m3/s;85,07412160466667;%
2026-03-25 01:00:00.000;10,10194861111111;kVAr;2600;kW;0;None;2500;kW;5,5019023037483645;Bar;2666,0984202777777;kW;-99,25555555555556;cm;5,476349870266666;m3/s;5,476326462858333;m3/s;70,00736645708889;moh;1,0845382837527777;Mill.m3;-99,26348944444445;cm;75,45600762166667;mm;84,11824951088889;%;2,599999905;None;0;m3/s;84,729558688;%
2026-03-25 02:00:00.000;-1,3281372222222223;kVAr;2600;kW;0;None;2500;kW;5,5;Bar;2670,7894744444443;kW;-101,68611111111112;cm;5,487125432452777;m3/s;5,487187853088888;m3/s;69,9830193360344;moh;1,0797260441333334;Mill.m3;-101,69825805555556;cm;77,30427070041667;mm;84,06437259319445;%;2,599999905;None;0;m3/s;84,35359810747222;%
2026-03-25 03:00:00.000;6,656550833333333;kVAr;2600;kW;0;None;2500;kW;5,5;Bar;2664,0658980555554;kW;-103,98333333333333;cm;5,469030847766665;m3/s;5,4689606242222215;m3/s;69,96009084688492;moh;1,0751609657111112;Mill.m3;-103,9906911111111;cm;79,0576116791111;mm;84,15484566030555;%;2,599999905;None;0;m3/s;83,99695254636111;%
2026-03-25 04:00:00.000;9,6598775;kVAr;2600;kW;0;None;2500;kW;5,5;Bar;2662,7891061111113;kW;-106,2388888888889;cm;5,467095802858333;m3/s;5,466986566088888;m3/s;69,93752606163358;moh;1,0706734632055557;Mill.m3;-106,24754055555556;cm;80,78114511558333;mm;84,16452051825;%;2,599999905;None;0;m3/s;83,64636552447222;%
2026-03-25 05:00:00.000;8,940691666666666;kVAr;2600;kW;0;None;2500;kW;5,5;Bar;2664,4631558333335;kW;-108,68611111111112;cm;5,474898530383333;m3/s;5,4749141362055544;m3/s;69,91307269366129;moh;1,0658337909;Mill.m3;-108,69287888888888;cm;82,63994333672223;mm;84,12550786413888;%;2,599999905;None;0;m3/s;83,2682654925;%
2026-03-25 06:00:00.000;18,845998333333334;kVAr;2600;kW;0;None;2500;kW;5,5;Bar;2660,8863605555557;kW;-110,90555555555555;cm;5,460455655961111;m3/s;5,460533683736111;m3/s;69,89088002008117;moh;1,0614337140305556;Mill.m3;-110,9123575;cm;84,32991097625;mm;84,19772097208333;%;2,599999905;None;0;m3/s;82,92450889702778;%
2026-03-25 07:00:00.000;30,889711944444443;kVAr;2600;kW;0;None;2500;kW;5,5;Bar;2654,350338611111;kW;-111,07222222222222;cm;5,441814927222221;m3/s;5,441869544944443;m3/s;69,88931975240573;moh;1,061059680322222;Mill.m3;-111,06803416666666;cm;84,4735692748611;mm;84,29092557736111;%;2,599999905;None;0;m3/s;82,8952867056389;%
2026-03-25 08:00:00.000;31,164885277777778;kVAr;2600;kW;0;None;2500;kW;5,5;Bar;2661,056392777778;kW;-108,71666666666667;cm;5,463319275111112;m3/s;5,463475329347222;m3/s;69,91287423268125;moh;1,0656413168972223;Mill.m3;-108,712155;cm;82,71386774069444;mm;84,18340369283334;%;2,599999905;None;0;m3/s;83,25322878202778;%
2026-03-25 09:00:00.000;31,019122222222222;kVAr;2600;kW;0;None;2500;kW;5,5;Bar;2661,40522;kW;-108,09722222222223;cm;5,448899785686112;m3/s;5,44899341928889;m3/s;69,91599611034364;moh;1,0634853586555557;Mill.m3;-108,40044583333334;cm;82,17525052080556;mm;83,94542753405555;%;2,5927776830416667;None;0;m3/s;83,08479387683333;%
2026-03-25 10:00:00.000;34,03294972222222;kVAr;2600;kW;0;None;2500;kW;5,5;Bar;2661,5101613888887;kW;-110,74166666666666;cm;5,464278999994444;m3/s;5,464302407399999;m3/s;69,89257528528036;moh;1,0617472622666664;Mill.m3;-110,74278638888889;cm;84,20948350594445;mm;84,17860412525;%;2,599999905;None;0;m3/s;82,94900542061112;%
2026-03-25 11:00:00.000;32,817265;kVAr;2600;kW;0;None;2500;kW;5,5;Bar;2659,9860766666666;kW;-113,01666666666667;cm;5,456616747430555;m3/s;5,456554326797223;m3/s;69,8697117317108;moh;1,0573310363194444;Mill.m3;-113,02938555555555;cm;85,90564617555556;mm;84,21691631805555;%;2,599999905;None;0;m3/s;82,6039856385;%
2026-03-25 12:00:00.000;39,826278888888886;kVAr;2600;kW;0;None;2500;kW;5,5;Bar;2649,5016394444447;kW;-115,28055555555555;cm;5,428698488105555;m3/s;5,428753107152777;m3/s;69,84723741742141;moh;1,0529308796;Mill.m3;-115,27570888888889;cm;87,59564592841667;mm;84,35650708991666;%;2,599999905;None;0;m3/s;82,26022349569445;%
2026-03-25 13:00:00.000;38,707770555555555;kVAr;2600;kW;0;None;2500;kW;5,5;Bar;2654,130448611111;kW;-117,52777777777777;cm;5,444108891324999;m3/s;5,444101088416665;m3/s;69,82475129823256;moh;1,04828388435;Mill.m3;-117,5260088888889;cm;89,38043789288889;mm;84,27945503611112;%;2,599999905;None;0;m3/s;81,89717610555556;%
2026-03-25 14:00:00.000;41,11645722222222;kVAr;2600;kW;0;None;2500;kW;5,5;Bar;2655,3567725;kW;-118,93888888888888;cm;5,3419631533444445;m3/s;5,342142614977778;m3/s;69,80407215666895;moh;1,0384999011833331;Mill.m3;-119,59247222222223;cm;90,4048893163611;mm;83,79250075061111;%;2,585555461083333;None;0;m3/s;81,13280192677777;%
2026-03-25 15:00:00.000;43,31463611111111;kVAr;2600;kW;0;None;2500;kW;5,5;Bar;2654,4115177777776;kW;-121,78055555555555;cm;5,442735632222222;m3/s;5,442798055502778;m3/s;69,78222702923745;moh;1,0399187513500003;Mill.m3;-121,78680194444445;cm;92,59327631713889;mm;84,28632161980556;%;2,599999905;None;0;m3/s;81,24365066908334;%
2026-03-25 16:00:00.000;48,44274388888889;kVAr;2600;kW;0;None;2500;kW;5,5;Bar;2651,9192913888887;kW;-123,74722222222222;cm;5,43352838091389;m3/s;5,433504972183333;m3/s;69,76231531480936;moh;1,0360909714111113;Mill.m3;-123,75859138888889;cm;94,06342271225;mm;84,33235812791666;%;2,599999905;None;0;m3/s;80,94460497902777;%
2026-03-25 17:00:00.000;47,23442305555555;kVAr;2600;kW;0;None;2500;kW;5,5;Bar;2652,4885777777777;kW;-123,27222222222223;cm;5,440426029094444;m3/s;5,440511859780556;m3/s;69,76744610748759;moh;1,036987442161111;Mill.m3;-123,2545036111111;cm;93,71911578672223;mm;84,29786980927778;%;2,599999905;None;0;m3/s;81,01464131572222;%
2026-03-25 18:00:00.000;47,57864416666666;kVAr;2600;kW;0;None;2500;kW;5,5;Bar;2654,9892419444445;kW;-120,25;cm;5,4463326679222215;m3/s;5,446465313424999;m3/s;69,79751654287126;moh;1,0427952575111112;Mill.m3;-120,24881611111111;cm;91,48848160316666;mm;84,26833587272222;%;2,599999905;None;0;m3/s;81,46837796275;%
2026-03-25 19:00:00.000;35,22886333333334;kVAr;2600;kW;0;None;2500;kW;5,5;Bar;2665,5992097222224;kW;-117,26388888888889;cm;5,470388503847222;m3/s;5,470372898030557;m3/s;69,82752979307732;moh;1,048877741313889;Mill.m3;-117,24715472222222;cm;89,15235496130556;mm;84,14805687772223;%;2,599999905;None;0;m3/s;81,94357096202778;%
2026-03-25 20:00:00.000;42,694005555555556;kVAr;2600;kW;0;None;2500;kW;5,5057062723568135;Bar;2658,8625325;kW;-114,21666666666667;cm;5,454689427133332;m3/s;5,454611400680554;m3/s;69,85803657074455;moh;1,0548011038444445;Mill.m3;-114,19664416666667;cm;86,87733213841666;mm;84,22655224280555;%;2,599999905;None;0;m3/s;82,40633532363888;%
2026-03-25 21:00:00.000;33,1416175;kVAr;2600;kW;0;None;2500;kW;5,504871439816571;Bar;2665,504411111111;kW;-111,16388888888889;cm;5,472620144127778;m3/s;5,4725889324861114;m3/s;69,8883197722285;moh;1,0609002869083333;Mill.m3;-111,15842388888889;cm;84,53478632922223;mm;84,13689859194444;%;2,599999905;None;0;m3/s;82,88283479227778;%
2026-03-25 22:00:00.000;43,06089583333333;kVAr;2600;kW;0;None;2500;kW;5,528126167724562;Bar;2661,8309247222223;kW;-108,34444444444445;cm;5,46818034645;m3/s;5,468055503855553;m3/s;69,91678847314338;moh;1,0663451829;Mill.m3;-108,32135138888889;cm;82,4435312915;mm;84,15909803102778;%;2,599999905;None;0;m3/s;83,30821787616667;%
2026-03-25 23:00:00.000;31,432750277777778;kVAr;2600;kW;0;None;2500;kW;5,532401580329581;Bar;2673,222040277778;kW;-105,6;cm;5,481468518474999;m3/s;5,4814060965166655;m3/s;69,94418422055402;moh;1,0719767903138888;Mill.m3;-105,58244388888889;cm;80,27634665136111;mm;84,09265634872222;%;2,599999905;None;0;m3/s;83,74818789016666;%
2026-03-26 00:00:00.000;33,83741888888889;kVAr;2600;kW;0;None;2500;kW;5,557187640116135;Bar;2671,6601830555555;kW;-102,76666666666667;cm;5,471426359913889;m3/s;5,471426359913889;m3/s;69,97236857922815;moh;1,0774436300555557;Mill.m3;-102,7637775;cm;78,18089105880556;mm;84,14286689686111;%;2,599999905;None;0;m3/s;84,17528604047222;%
2026-03-26 01:00:00.000;35,69763555555556;kVAr;2600;kW;0;None;2500;kW;5,568243101835659;Bar;2678,1129880555554;kW;-100,09444444444445;cm;5,473790576691666;m3/s;5,473860801561112;m3/s;69,99920955145947;moh;1,082772730419444;Mill.m3;-100,07991583333333;cm;76,13411615172222;mm;84,1310459995;%;2,599999905;None;0;m3/s;84,59162192730555;%
2026-03-26 02:00:00.000;53,32541972222222;kVAr;2600;kW;0;None;2500;kW;5,5862924735776245;Bar;2676,564595;kW;-97,43888888888888;cm;5,488272410083334;m3/s;5,488249002675;m3/s;70,0256203323862;moh;1,0880304033527777;Mill.m3;-97,43656194444445;cm;74,11477531777778;mm;84,05863791669445;%;2,599999905;None;0;m3/s;85,00237812555555;%
2026-03-26 03:00:00.000;54,60028861111111;kVAr;2600;kW;0;None;2500;kW;5,595185937351052;Bar;2678,666584722222;kW;-94,87777777777778;cm;5,492126933894444;m3/s;5,492126933894444;m3/s;70,05146981845797;moh;1,093150844588889;Mill.m3;-94,85276583333334;cm;72,14814925580555;mm;84,03936589566666;%;2,599999905;None;0;m3/s;85,4024108235;%
2026-03-26 04:00:00.000;72,10495777777778;kVAr;2600;kW;0;None;2500;kW;5,59957871095569;Bar;2674,995575277778;kW;-92,08611111111111;cm;5,4850499128;m3/s;5,4850499128;m3/s;70,07923362020101;moh;1,0987109154666668;Mill.m3;-92,07640055555555;cm;70,01266945625;mm;84,07475005361111;%;2,599999905;None;0;m3/s;85,83679192905555;%
2026-03-26 05:00:00.000;72,30884194444444;kVAr;2600;kW;0;None;2500;kW;5,599999905;Bar;2673,456240833333;kW;-89,19444444444444;cm;5,48575214008889;m3/s;5,485736534269445;m3/s;70,10803348041387;moh;1,1043317491638889;Mill.m3;-89,19645055555556;cm;67,85384820527777;mm;84,071238922;%;2,599999905;None;0;m3/s;86,275918154;%
2026-03-26 06:00:00.000;89,50542472222222;kVAr;2600;kW;0;None;2500;kW;5,599999905;Bar;2661,090437222222;kW;-86,43333333333334;cm;5,459620769777777;m3/s;5,459636374274999;m3/s;70,13575928306682;moh;1,1099799657694442;Mill.m3;-86,42419194444444;cm;65,68873651069444;mm;84,20189539566667;%;2,599999905;None;0;m3/s;86,71632627044444;%
2026-03-26 07:00:00.000;60,75696333333333;kVAr;2600;kW;0;None;2500;kW;5,599999905;Bar;2682,5793916666667;kW;-82,28333333333333;cm;5,492766781519445;m3/s;5,492766781519445;m3/s;70,17747060388324;moh;1,117899702788889;Mill.m3;-82,252305;cm;62,64274916222222;mm;84,03616670294444;%;2,599999905;None;0;m3/s;87,3359129165;%
2026-03-26 08:00:00.000;53,92724638888889;kVAr;2600;kW;0;None;2500;kW;5,599999905;Bar;2686,5646869444445;kW;-76,23055555555555;cm;5,49365631185;m3/s;5,49365631185;m3/s;70,23783925985987;moh;1,1299441484222223;Mill.m3;-76,2153375;cm;58,01677209983333;mm;84,03171878783333;%;2,599999905;None;0;m3/s;88,27688615513888;%
2026-03-26 09:00:00.000;52,92763111111111;kVAr;2600;kW;0;None;2500;kW;5,599999905;Bar;2681,6482308333334;kW;-71,60277777777777;cm;5,492868238005556;m3/s;5,492868238005556;m3/s;70,28424589740746;moh;1,1392385999916665;Mill.m3;-71,5754338888889;cm;54,44277721113889;mm;84,03565894486111;%;2,599999905;None;0;m3/s;89,00301435105555;%
2026-03-26 10:00:00.000;42,943935833333335;kVAr;2600;kW;0;None;2500;kW;5,599999905;Bar;2681,6714119444446;kW;-71,05;cm;5,472635792383333;m3/s;5,472596779155555;m3/s;70,28953299126867;moh;1,1403057125611111;Mill.m3;-71,04671222222223;cm;54,03714734394445;mm;84,13682251252777;%;2,599999905;None;0;m3/s;89,08638390308333;%
2026-03-26 11:00:00.000;31,7424875;kVAr;2600;kW;0;None;2500;kW;5,599999905;Bar;2687,869257777778;kW;-73,05833333333334;cm;5,469967300444444;m3/s;5,469990709175;m3/s;70,26931969869229;moh;1,1363785611888888;Mill.m3;-73,06801472222222;cm;55,545477676333334;mm;84,15016547627778;%;2,599999905;None;0;m3/s;88,77957348266666;%
2026-03-26 12:00:00.000;14,692733333333333;kVAr;2600;kW;0;None;2500;kW;5,599999905;Bar;2689,445846111111;kW;-75,18888888888888;cm;5,490355767344445;m3/s;5,490332359936112;m3/s;70,24809240158908;moh;1,1321549126055557;Mill.m3;-75,19100222222222;cm;57,167675208333335;mm;84,04822099519444;%;2,599999905;None;0;m3/s;88,44960170322223;%
2026-03-26 13:00:00.000;19,64917361111111;kVAr;2600;kW;0;None;2500;kW;5,599999905;Bar;2683,916883611111;kW;-77,41388888888889;cm;5,4579040529527765;m3/s;5,488350369091666;m3/s;70,2257668394536;moh;1,1278268948027776;Mill.m3;-77,42439194444445;cm;58,82995386925;mm;83,5911140445;%;2,599999905;None;0;m3/s;88,11147731941666;%
2026-03-26 14:00:00.000;28,49786388888889;kVAr;2600;kW;0;None;2500;kW;5,599999905;Bar;2679,142603888889;kW;-79,65;cm;5,4919787355138885;m3/s;5,4919787355138885;m3/s;70,20362666619386;moh;1,1231572205749998;Mill.m3;-79,63670555555555;cm;60,62347061658333;mm;84,04010628708333;%;2,599999905;None;0;m3/s;87,74665571997222;%
2026-03-26 15:00:00.000;29,324482777777778;kVAr;2600;kW;0;None;2500;kW;5,599999905;Bar;2684,2929244444445;kW;-81,84722222222223;cm;5,486946080861112;m3/s;5,486946080861112;m3/s;70,18148569116602;moh;1,1189666404750003;Mill.m3;-81,85224444444444;cm;62,232965292277775;mm;84,06526796594444;%;2,599999905;None;0;m3/s;87,41926801377778;%
2026-03-26 16:00:00.000;31,696071944444444;kVAr;2600;kW;0;None;2500;kW;5,599999905;Bar;2680,526136388889;kW;-84,06111111111112;cm;5,486844490736111;m3/s;5,486883503961112;m3/s;70,1593714896834;moh;1,114550593344444;Mill.m3;-84,06349583333333;cm;63,92905557125;mm;84,06577784441667;%;2,599999905;None;0;m3/s;87,07426295719445;%
2026-03-26 17:00:00.000;16,107450555555555;kVAr;2600;kW;0;None;2500;kW;5,599999905;Bar;2684,0364219444446;kW;-84,20555555555555;cm;5,492751162669445;m3/s;5,492751162669445;m3/s;70,1581802951737;moh;1,1142205186333327;Mill.m3;-84,18244472222223;cm;64,0558301051389;mm;84,03624509361111;%;2,599999905;None;0;m3/s;87,04847619775;%
2026-03-26 18:00:00.000;5,421975833333334;kVAr;2600;kW;0;None;2500;kW;5,599999905;Bar;2696,8833613888887;kW;-80,28333333333333;cm;5,494381905;m3/s;5,494381905;m3/s;70,19733561969184;moh;1,1219805876805558;Mill.m3;-80,27729555555555;cm;61,07537969116667;mm;84,02809143;%;2,599999905;None;0;m3/s;87,65473225919445;%
2026-03-26 19:00:00.000;34,84081611111111;kVAr;2600;kW;0;None;2500;kW;5,599999905;Bar;2674,6510375;kW;-74,35555555555555;cm;5,490745869116666;m3/s;5,490745869116666;m3/s;70,25666671605185;moh;1,133766354625;Mill.m3;-74,33352611111111;cm;56,548758898277775;mm;84,04627090047222;%;2,599999905;None;0;m3/s;88,57549563430555;%
2026-03-26 20:00:00.000;19,607865833333335;kVAr;2600;kW;0;None;2500;kW;5,599999905;Bar;2686,7637875;kW;-69,86666666666666;cm;5,477106736555555;m3/s;5,477106736555555;m3/s;70,30141094160588;moh;1,1427255645638892;Mill.m3;-69,85901527777777;cm;53,10774183541667;mm;84,11446496844444;%;2,599999905;None;0;m3/s;89,2754366575;%
2026-03-26 21:00:00.000;3,9510116666666666;kVAr;2600;kW;0;None;2500;kW;5,599999905;Bar;2701,6977372222223;kW;-69,3861111111111;cm;5,477528095;m3/s;5,477528095;m3/s;70,3060550760578;moh;1,1436109783666668;Mill.m3;-69,395;cm;52,767676833;mm;84,11235809;%;2,599999905;None;0;m3/s;89,3446095385;%
2026-03-26 22:00:00.000;23,543859444444443;kVAr;2600;kW;0;None;2500;kW;5,599999905;Bar;2692,150341388889;kW;-71,68333333333334;cm;5,481000296172223;m3/s;5,481000296172223;m3/s;70,28300854565839;moh;1,139128555197222;Mill.m3;-71,69889472222222;cm;54,48926933194444;mm;84,09499753069444;%;2,599999905;None;0;m3/s;88,99441627702778;%
2026-03-26 23:00:00.000;35,77581416666666;kVAr;2600;kW;0;None;2500;kW;5,599999905;Bar;2679,9595769444445;kW;-73,99722222222222;cm;5,484956361416667;m3/s;5,484956361416667;m3/s;70,26006492157784;moh;1,134492339175;Mill.m3;-73,99384916666666;cm;56,26992597616667;mm;84,07521665219444;%;2,599999905;None;0;m3/s;88,63221348794444;%
2026-03-27 00:00:00.000;37,19867;kVAr;2600;kW;0;None;2500;kW;5,599999905;Bar;2679,703591111111;kW;-76,30277777777778;cm;5,493827954825;m3/s;5,493827954825;m3/s;70,23687121261351;moh;1,130004649938889;Mill.m3;-76,31322166666666;cm;57,9935344985;mm;84,03086064866666;%;2,599999905;None;0;m3/s;88,28161483027777;%
2026-03-27 01:00:00.000;32,92555388888889;kVAr;2600;kW;0;None;2500;kW;5,599999905;Bar;2685,974801111111;kW;-78,61944444444444;cm;5,4956928568;m3/s;5,4956928568;m3/s;70,2136973143499;moh;1,1253903018083335;Mill.m3;-78,63079527777778;cm;59,765794245833334;mm;84,02153575066667;%;2,599999905;None;0;m3/s;87,92111492102778;%
2026-03-27 02:00:00.000;24,370956111111113;kVAr;2600;kW;0;None;2500;kW;5,599999905;Bar;2690,2538705555557;kW;-80,98333333333333;cm;5,497190952;m3/s;5,497190952;m3/s;70,19017977703643;moh;1,1206715691166669;Mill.m3;-80,98250027777777;cm;61,57814388683333;mm;84,01404572;%;2,599999905;None;0;m3/s;87,55246548222222;%
2026-03-27 03:00:00.000;39,39321722222222;kVAr;2600;kW;0;None;2500;kW;5,599999905;Bar;2680,3538755555555;kW;-83,325;cm;5,4868367048055555;m3/s;5,486867915122222;m3/s;70,16666172160252;moh;1,1160739146249998;Mill.m3;-83,33409611111111;cm;63,34398830088889;mm;84,06581635163889;%;2,599999905;None;0;m3/s;87,19327260963888;%
2026-03-27 04:00:00.000;56,66824555555556;kVAr;2600;kW;0;None;2500;kW;5,599999905;Bar;2664,8197483333333;kW;-85,7;cm;5,471004925774998;m3/s;5,4710127286833306;m3/s;70,14296395747414;moh;1,1113659887416667;Mill.m3;-85,70363277777778;cm;65,15218138869444;mm;84,1449747291389;%;2,599999905;None;0;m3/s;86,825465819;%
2026-03-27 05:00:00.000;66,36707527777777;kVAr;2600;kW;0;None;2500;kW;5,599999905;Bar;2661,0480544444445;kW;-88,05;cm;5,462250265855556;m3/s;5,462211253952779;m3/s;70,11945190514238;moh;1,106674795275;Mill.m3;-88,05500222222223;cm;66,95394810722222;mm;84,18874863516666;%;2,599999905;None;0;m3/s;86,4589696451389;%
2026-03-27 06:00:00.000;56,27383555555556;kVAr;2600;kW;0;None;2500;kW;5,599999905;Bar;2672,059885277778;kW;-88,29166666666667;cm;5,476872565908334;m3/s;5,476872565908334;m3/s;70,11709891209895;moh;1,1062019119749997;Mill.m3;-88,29052888888889;cm;67,13557457611111;mm;84,1156376741389;%;2,599999905;None;0;m3/s;86,42202451319444;%
2026-03-27 07:00:00.000;55,398336388888886;kVAr;2600;kW;0;None;2500;kW;5,599999905;Bar;2679,735147222222;kW;-85,97777777777777;cm;5,488225486438888;m3/s;5,488217683527778;m3/s;70,14032637662683;moh;1,110722371436111;Mill.m3;-85,96723694444445;cm;65,39937534008334;mm;84,05887370622223;%;2,599999905;None;0;m3/s;86,77518427380555;%
2026-03-27 08:00:00.000;48,916335;kVAr;2600;kW;0;None;2500;kW;5,599999905;Bar;2677,011688888889;kW;-85,7;cm;5,487905816172223;m3/s;5,487905816172223;m3/s;70,14295498069441;moh;1,1112999746083334;Mill.m3;-85,70439472222222;cm;65,17753448133334;mm;84,06046937405556;%;2,599999905;None;0;m3/s;86,82030900536111;%
2026-03-27 09:00:00.000;43,15294388888889;kVAr;2600;kW;0;None;2500;kW;5,599999905;Bar;2670,8656702777776;kW;-88,1;cm;5,488288021144445;m3/s;5,4882334034194455;m3/s;70,11897926093286;moh;1,1065703050166669;Mill.m3;-88,10270388888888;cm;66,99407948552778;mm;84,05855979983333;%;2,599999905;None;0;m3/s;86,450806426;%
2026-03-27 10:00:00.000;45,947826944444444;kVAr;2600;kW;0;None;2500;kW;5,599999905;Bar;2670,4596383333333;kW;-90,48055555555555;cm;5,485463433797222;m3/s;5,485471236708333;m3/s;70,0950824035715;moh;1,1018675965333338;Mill.m3;-90,4913211111111;cm;68,80026234591666;mm;84,07268261402778;%;2,599999905;None;0;m3/s;86,08340666097222;%
2026-03-27 11:00:00.000;46,63292777777778;kVAr;2600;kW;0;None;2500;kW;5,599999905;Bar;2668,676756388889;kW;-92,86944444444444;cm;5,482038018502778;m3/s;5,482038018502778;m3/s;70,07113275492256;moh;1,0971491021722222;Mill.m3;-92,88696083333333;cm;70,61251979461112;mm;84,08980971427778;%;2,599999905;None;0;m3/s;85,71477574105556;%
2026-03-27 12:00:00.000;51,10447333333333;kVAr;2599,9972916666666;kW;0;None;2499,9975609270664;kW;5,599999905;Bar;2667,784747222222;kW;-94,65270166666667;cm;5,3749689560877;m3/s;5,3750157722238106;m3/s;70,04804481062841;moh;1,0864893096569013;Mill.m3;-95,18601222222222;cm;71,97266255834379;mm;82,45655399397619;%;2,5898012779216617;None;0;m3/s;84,8819777041166;%
2026-03-27 13:00:00.000;42,98378;kVAr;2600;kW;0;None;2500;kW;5,599999905;Bar;2667,7037508333333;kW;-97,26944444444445;cm;5,477754341308333;m3/s;5,47769972226111;m3/s;70,02720148150618;moh;1,0883986421583332;Mill.m3;-97,2795786111111;cm;73,97334670833334;mm;84,11122788266667;%;2,599999905;None;0;m3/s;85,03114579802778;%
2026-03-27 14:00:00.000;38,056738055555556;kVAr;2600;kW;0;None;2500;kW;5,599795544083031;Bar;2670,343584722222;kW;-98,98055555555555;cm;5,485650669277778;m3/s;5,485619457636111;m3/s;70,01009142051034;moh;1,0851377051750002;Mill.m3;-98,9917538888889;cm;75,2257863388889;mm;84,07174678558333;%;2,599999905;None;0;m3/s;84,77638882363888;%
2026-03-27 15:00:00.000;43,224225;kVAr;2600;kW;0;None;2500;kW;5,598915767141044;Bar;2658,7466030555556;kW;-100,18333333333334;cm;5,452808953605557;m3/s;5,452723122916667;m3/s;69,99803689109571;moh;1,0825856777638887;Mill.m3;-100,19548166666667;cm;76,20595735127777;mm;84,23595553580556;%;2,599999905;None;0;m3/s;84,57700765186111;%
2026-03-27 16:00:00.000;39,23351888888889;kVAr;2600;kW;0;None;2500;kW;5,5921289402552015;Bar;2666,106006111111;kW;-100,42777777777778;cm;5,476661892719442;m3/s;5,476716510438887;m3/s;69,99555272070806;moh;1,0823326387916665;Mill.m3;-100,44492666666666;cm;76,30314487966666;mm;84,11669025452778;%;2,599999905;None;0;m3/s;84,55723832258333;%
2026-03-27 17:00:00.000;26,039472222222223;kVAr;2600;kW;0;None;2500;kW;5,5997980163029055;Bar;2670,5822941666665;kW;-96,65;cm;5,479837679947223;m3/s;5,479822075447222;m3/s;70,03381499790666;moh;1,089542945186111;Mill.m3;-96,6177675;cm;73,533850796;mm;84,10081113186111;%;2,599999905;None;0;m3/s;85,12054464552777;%
2026-03-27 18:00:00.000;30,565684722222223;kVAr;2600;kW;0;None;2500;kW;5,599999905;Bar;2667,159252222222;kW;-90,99166666666666;cm;5,476459063499999;m3/s;5,476482472233332;m3/s;70,09034044524095;moh;1,1007348293750001;Mill.m3;-90,96566916666667;cm;69,23533357069445;mm;84,11770430730556;%;2,599999905;None;0;m3/s;85,99490926463889;%
2026-03-27 19:00:00.000;32,85093888888889;kVAr;2600;kW;0;None;2500;kW;5,599999905;Bar;2671,6892016666666;kW;-85,69166666666666;cm;5,489372633455554;m3/s;5,489411646683332;m3/s;70,14321452868165;moh;1,1112616174138887;Mill.m3;-85,67819583333333;cm;65,19226468175;mm;84,05313646711112;%;2,599999905;None;0;m3/s;86,81731342786111;%
2026-03-27 20:00:00.000;30,407732777777777;kVAr;2600;kW;0;None;2500;kW;5,599999905;Bar;2677,6644325;kW;-80,76388888888889;cm;5,488131876586111;m3/s;5,488131876586111;m3/s;70,1925472872769;moh;1,1210289452583333;Mill.m3;-80,74512166666666;cm;61,44088632063889;mm;84,05934149361111;%;2,599999905;None;0;m3/s;87,58038455147222;%
2026-03-27 21:00:00.000;25,87055638888889;kVAr;2600;kW;0;None;2500;kW;5,599999905;Bar;2685,7004725;kW;-76,20277777777778;cm;5,48907597175;m3/s;5,4890525630194436;m3/s;70,23803079713169;moh;1,1300487361166667;Mill.m3;-76,186975;cm;57,976600666222225;mm;84,05462148402778;%;2,599999905;None;0;m3/s;88,28505825333333;%
2026-03-27 22:00:00.000;26,811944166666667;kVAr;2600;kW;0;None;2500;kW;5,599999905;Bar;2682,7053769444447;kW;-72,06944444444444;cm;5,492961807986111;m3/s;5,492961807986111;m3/s;70,27952142845497;moh;1,1382926213027778;Mill.m3;-72,05749972222222;cm;54,81033073113889;mm;84,0351917943889;%;2,599999905;None;0;m3/s;88,92911001713888;%
2026-03-27 23:00:00.000;16,357190833333334;kVAr;2600;kW;0;None;2500;kW;5,599999905;Bar;2692,8533180555555;kW;-68,34444444444445;cm;5,491572857;m3/s;5,491572857;m3/s;70,31665030532557;moh;1,1456293915333333;Mill.m3;-68,33481416666666;cm;51,992453342833336;mm;84,04213715;%;2,599999905;None;0;m3/s;89,50229746636111;%
2026-03-28 00:00:00.000;2,451008611111111;kVAr;2600;kW;0;None;2500;kW;5,599999905;Bar;2702,5454844444444;kW;-64,81944444444444;cm;5,491572857;m3/s;5,491572857;m3/s;70,35191769366607;moh;1,1526137975694444;Mill.m3;-64,80793027777777;cm;49,30992058397222;mm;84,04213715;%;2,599999905;None;0;m3/s;90,04795398630556;%
2026-03-28 01:00:00.000;11,054182222222222;kVAr;2600;kW;0;None;2500;kW;5,599999905;Bar;2698,0731822222224;kW;-61,59722222222222;cm;5,491572857;m3/s;5,491572857;m3/s;70,38412854799988;moh;1,1589991359444445;Mill.m3;-61,58722861111111;cm;46,857464312833336;mm;84,04213715;%;2,599999905;None;0;m3/s;90,5468089838889;%
2026-03-28 02:00:00.000;13,032865;kVAr;2600;kW;0;None;2500;kW;5,599999905;Bar;2695,291046388889;kW;-58,38055555555555;cm;5,494740838347222;m3/s;5,494740838347222;m3/s;70,4163409698021;moh;1,165362573475;Mill.m3;-58,36603777777778;cm;44,41343193216667;mm;84,02629670475;%;2,599999905;None;0;m3/s;91,04395275311111;%
2026-03-28 03:00:00.000;3,992128888888889;kVAr;2600;kW;0;None;2500;kW;5,599999905;Bar;2703,321405;kW;-55,205555555555556;cm;5,497190952;m3/s;5,497190952;m3/s;70,4480745680417;moh;1,17162651835;Mill.m3;-55,192301111111114;cm;42,00761123038889;mm;84,01404572;%;2,599999905;None;0;m3/s;91,53332279866666;%
2026-03-28 04:00:00.000;15,695044722222223;kVAr;2600;kW;0;None;2500;kW;5,599999905;Bar;2696,4294794444445;kW;-54,25277777777778;cm;5,497190952;m3/s;5,497190952;m3/s;70,4575264483955;moh;1,1735236985666666;Mill.m3;-54,24738027777778;cm;41,278941029;mm;84,01404572;%;2,599999905;None;0;m3/s;91,68154347416667;%
2026-03-28 05:00:00.000;18,394932222222224;kVAr;2600;kW;0;None;2500;kW;5,599999905;Bar;2695,9550480555554;kW;-55,891666666666666;cm;5,497190952;m3/s;5,497190952;m3/s;70,44094925465942;moh;1,170367297302778;Mill.m3;-55,90496666666667;cm;42,49125370066667;mm;84,01404572;%;2,599999905;None;0;m3/s;91,43494389763889;%
2026-03-28 06:00:00.000;12,331324722222222;kVAr;2600;kW;0;None;2500;kW;5,599999905;Bar;2697,4069016666667;kW;-57,727777777777774;cm;5,497190952;m3/s;5,497190952;m3/s;70,42262456419212;moh;1,1667042277222224;Mill.m3;-57,73757444444445;cm;43,89813165808334;mm;84,01404572;%;2,599999905;None;0;m3/s;91,14876999577778;%
2026-03-28 07:00:00.000;-0,8291130555555556;kVAr;2600;kW;0;None;2500;kW;5,599999905;Bar;2704,4918075;kW;-59,68611111111111;cm;5,497190952;m3/s;5,497190952;m3/s;70,40305577949366;moh;1,1628384604444444;Mill.m3;-59,69475444444444;cm;45,38288180208333;mm;84,01404572;%;2,599999905;None;0;m3/s;90,84675608722222;%
2026-03-28 08:00:00.000;7,051200555555556;kVAr;2600;kW;0;None;2500;kW;5,599999905;Bar;2699,2833655555555;kW;-61,672222222222224;cm;5,497190952;m3/s;5,497190952;m3/s;70,38318712130875;moh;1,1588834195527775;Mill.m3;-61,68102722222222;cm;46,90191297408333;mm;84,01404572;%;2,599999905;None;0;m3/s;90,53776726144444;%
2026-03-28 09:00:00.000;29,994646944444444;kVAr;2600;kW;0;None;2500;kW;5,599999905;Bar;2682,332388611111;kW;-63,58611111111111;cm;5,4933441878250004;m3/s;5,493312977508334;m3/s;70,36406206507654;moh;1,155083649847222;Mill.m3;-63,5939475;cm;48,361300223861114;mm;84,03327942033333;%;2,599999905;None;0;m3/s;90,2409133508611;%
2026-03-28 10:00:00.000;20,896618055555557;kVAr;2600;kW;0;None;2500;kW;5,599999905;Bar;2689,231095277778;kW;-65,62777777777778;cm;5,494381905;m3/s;5,494381905;m3/s;70,34364845039278;moh;1,1511176388527777;Mill.m3;-65,63619472222223;cm;49,88456341041667;mm;84,02809143;%;2,599999905;None;0;m3/s;89,93106608608333;%
2026-03-28 11:00:00.000;12,080584444444444;kVAr;2600;kW;0;None;2500;kW;5,599999905;Bar;2693,4364491666665;kW;-67,7;cm;5,494381905;m3/s;5,494381905;m3/s;70,32285039813867;moh;1,1469768048000002;Mill.m3;-67,71521416666667;cm;51,47494530108333;mm;84,02809143;%;2,599999905;None;0;m3/s;89,60756323080555;%
2026-03-28 12:00:00.000;-1,0345063888888888;kVAr;2600;kW;0;None;2500;kW;5,599999905;Bar;2698,6964544444445;kW;-69,88333333333334;cm;5,494381905;m3/s;5,494381905;m3/s;70,30120171123392;moh;1,1427146026194446;Mill.m3;-69,87958694444444;cm;53,11195135408333;mm;84,02809143;%;2,599999905;None;0;m3/s;89,274580894;%
2026-03-28 13:00:00.000;3,9231394444444443;kVAr;2600;kW;0;None;2500;kW;5,599999905;Bar;2693,0162088888887;kW;-71,96388888888889;cm;5,494381905;m3/s;5,494381905;m3/s;70,28016494888585;moh;1,1385564672083333;Mill.m3;-71,98334472222223;cm;54,70899703861111;mm;84,02809143;%;2,599999905;None;0;m3/s;88,94972133402777;%
2026-03-28 14:00:00.000;16,879084444444445;kVAr;2600;kW;0;None;2500;kW;5,599999905;Bar;2683,3871063888887;kW;-73,93888888888888;cm;5,490699009458333;m3/s;5,490699009458333;m3/s;70,26047732311909;moh;1,1346573922944445;Mill.m3;-73,95233444444445;cm;56,20653152491667;mm;84,04650567252777;%;2,599999905;None;0;m3/s;88,64510890236112;%
2026-03-28 15:00:00.000;5,651233611111111;kVAr;2600;kW;0;None;2500;kW;5,599999905;Bar;2691,0595558333334;kW;-75,89444444444445;cm;5,4958566795333335;m3/s;5,4958566795333335;m3/s;70,24098243656877;moh;1,1308020104361112;Mill.m3;-75,90180222222222;cm;57,68729067719445;mm;84,02071703166666;%;2,599999905;None;0;m3/s;88,34390714263888;%
2026-03-28 16:00:00.000;18,699337777777778;kVAr;2600;kW;0;None;2500;kW;5,599999905;Bar;2676,341249166667;kW;-77,975;cm;5,4914090778333335;m3/s;5,491315445558333;m3/s;70,22021188451701;moh;1,1266114897777777;Mill.m3;-77,97914194444445;cm;59,29676037741667;mm;84,04295516691667;%;2,599999905;None;0;m3/s;88,01652255422222;%
2026-03-28 17:00:00.000;5,564317222222222;kVAr;2600;kW;0;None;2500;kW;5,599999905;Bar;2680,1337563888887;kW;-80,09722222222223;cm;5,4841603929666665;m3/s;5,484152590055555;m3/s;70,19891670775999;moh;1,1224147929916668;Mill.m3;-80,10827527777778;cm;60,908617881666665;mm;84,07919741819444;%;2,599999905;None;0;m3/s;87,68865384227777;%
2026-03-28 18:00:00.000;18,34736;kVAr;2600;kW;0;None;2500;kW;5,599999905;Bar;2673,421911666667;kW;-82,22222222222223;cm;5,488818593966666;m3/s;5,488810791055555;m3/s;70,17775476893917;moh;1,1182901397277778;Mill.m3;-82,22453;cm;62,492793531083336;mm;84,05590761047222;%;2,599999905;None;0;m3/s;87,36641614505555;%
2026-03-28 19:00:00.000;21,43030027777778;kVAr;2600;kW;0;None;2500;kW;5,599999905;Bar;2674,1236061111113;kW;-84,44722222222222;cm;5,489676878308334;m3/s;5,489645666666667;m3/s;70,15548413755081;moh;1,113802784197222;Mill.m3;-84,4515313888889;cm;64,21626671277778;mm;84,05161609816666;%;2,599999905;None;0;m3/s;87,01584061483334;%
2026-03-28 20:00:00.000;22,158844444444444;kVAr;2600;kW;0;None;2500;kW;5,599999905;Bar;2677,0425616666666;kW;-86,70833333333333;cm;5,4891696546222235;m3/s;5,4891696546222235;m3/s;70,13288927883649;moh;1,1093583283166668;Mill.m3;-86,7110425;cm;65,92326662072222;mm;84,05415253361112;%;2,599999905;None;0;m3/s;86,66862000633333;%
2026-03-28 21:00:00.000;13,921731944444444;kVAr;2600;kW;0;None;2500;kW;5,599999905;Bar;2682,5937441666665;kW;-88,91388888888889;cm;5,494381914161111;m3/s;5,494381914161111;m3/s;70,11080961086692;moh;1,1049589191777778;Mill.m3;-88,9191375;cm;67,61297349194444;mm;84,02809128238889;%;2,599999905;None;0;m3/s;86,32491490886112;%
2026-03-28 22:00:00.000;33,73800194444444;kVAr;2600;kW;0;None;2500;kW;5,599999905;Bar;2675,930962222222;kW;-91,18333333333334;cm;5,487140977658335;m3/s;5,487140977658335;m3/s;70,08808579902797;moh;1,1004817304861112;Mill.m3;-91,19130222222222;cm;69,33254510977778;mm;84,06429551402778;%;2,599999905;None;0;m3/s;85,97513625027777;%
2026-03-28 23:00:00.000;24,5338075;kVAr;2600;kW;0;None;2500;kW;5,599999905;Bar;2680,5690472222223;kW;-93,29444444444445;cm;5,491315432683334;m3/s;5,491323235594444;m3/s;70,06694528749222;moh;1,0963459487277778;Mill.m3;-93,30520138888889;cm;70,92098231927778;mm;84,04342352511111;%;2,599999905;None;0;m3/s;85,65203079338889;%
2026-03-29 00:00:00.000;53,04332222222222;kVAr;2600;kW;0;None;2500;kW;5,599999905;Bar;2663,8153905555555;kW;-95,42222222222222;cm;5,470622624299999;m3/s;5,47066944043611;m3/s;70,04564092303804;moh;1,0921281718527778;Mill.m3;-95,43594;cm;72,54093294902778;mm;84,14688688855556;%;2,599999905;None;0;m3/s;85,32251345230556;%
2026-03-29 01:00:00.000;30,604563055555555;kVAr;2600;kW;0;None;2500;kW;5,599184822440996;Bar;2676,5773094444444;kW;-97,68333333333334;cm;5,4806256213583335;m3/s;5,4806802404055555;m3/s;70,02303380875631;moh;1,0877111993305555;Mill.m3;-97,69650138888889;cm;74,23737693255555;mm;84,09687319758334;%;2,599999905;None;0;m3/s;84,97743971316666;%
2026-03-29 02:00:00.000;;kVAr;;kW;;None;;kW;;Bar;;kW;;cm;;m3/s;;m3/s;;moh;;Mill.m3;;cm;;mm;;%;;None;;m3/s;;%
2026-03-29 03:00:00.000;34,24743138888889;kVAr;2600;kW;0;None;2500;kW;5,599160655797287;Bar;2669,941985277778;kW;-99,8861111111111;cm;5,476669680991668;m3/s;5,476677485227778;m3/s;70,00106127150795;moh;1,0832457794305557;Mill.m3;-99,89381222222222;cm;75,95242750577778;mm;84,1166528905;%;2,599999905;None;0;m3/s;84,62857981519444;%
2026-03-29 04:00:00.000;47,42986222222222;kVAr;2600;kW;0;None;2500;kW;5,599796738526342;Bar;2657,2922947222223;kW;-102,10555555555555;cm;5,455056158600001;m3/s;5,455149790872223;m3/s;69,97893039336648;moh;1,0788957262527776;Mill.m3;-102,11036916666667;cm;77,62317335280555;mm;84,22471923783333;%;2,599999905;None;0;m3/s;84,28873085544444;%
2026-03-29 05:00:00.000;31,722488333333335;kVAr;2600;kW;0;None;2500;kW;5,597041463366076;Bar;2666,7088936111113;kW;-104,26944444444445;cm;5,475335423191667;m3/s;5,475265198322222;m3/s;69,95723165117865;moh;1,074605404125;Mill.m3;-104,27689833333334;cm;79,27099077619444;mm;84,1233229533889;%;2,599999905;None;0;m3/s;83,95354887772223;%
2026-03-29 06:00:00.000;37,36965166666667;kVAr;2600;kW;0;None;2500;kW;5,592281162332812;Bar;2664,687783611111;kW;-106,52222222222223;cm;5,468047677272221;m3/s;5,468250547644443;m3/s;69,93460325931898;moh;1,0701510735194444;Mill.m3;-106,54038416666667;cm;80,98178021969444;mm;84,15976214988889;%;2,599999905;None;0;m3/s;83,60555356230556;%
2026-03-29 07:00:00.000;57,81635555555555;kVAr;2600;kW;0;None;2500;kW;5,59871712844086;Bar;2644,909683611111;kW;-108,6138888888889;cm;5,417478142869446;m3/s;5,417368904775001;m3/s;69,91380384074006;moh;1,0658942564944447;Mill.m3;-108,61988083333334;cm;82,61672058283334;mm;84,41241425433333;%;2,599999905;None;0;m3/s;83,2729889568889;%
2026-03-29 08:00:00.000;57,887143055555555;kVAr;2600;kW;0;None;2500;kW;5,595252103954859;Bar;2644,4580019444443;kW;-110,78611111111111;cm;5,417602978791667;m3/s;5,417587372969444;m3/s;69,89209798622574;moh;1,0617307596972219;Mill.m3;-110,79011583333333;cm;84,21582202841667;mm;84,41198473986111;%;2,599999905;None;0;m3/s;82,94771637052777;%
2026-03-29 09:00:00.000;49,50698027777778;kVAr;2600;kW;0;None;2500;kW;5,590761663776336;Bar;2650,910756388889;kW;-113,0111111111111;cm;5,431897607105556;m3/s;5,432038055516667;m3/s;69,86985208877093;moh;1,0572431181638888;Mill.m3;-113,01534027777778;cm;85,93941201111112;mm;84,34051174625;%;2,599999905;None;0;m3/s;82,5971173185;%
2026-03-29 10:00:00.000;34,37303694444444;kVAr;2600;kW;0;None;2500;kW;5,570238238829163;Bar;2661,9015075;kW;-115,28888888888889;cm;5,463803054225;m3/s;5,464044939141668;m3/s;69,8469787487526;moh;1,0527933624416665;Mill.m3;-115,3020225;cm;87,64846356983334;mm;84,18098413627777;%;2,599999905;None;0;m3/s;82,24947999388888;%
2026-03-29 11:00:00.000;45,26094277777778;kVAr;2600;kW;0;None;2500;kW;5,572873569658933;Bar;2650,274433888889;kW;-117,60277777777777;cm;5,431788326655553;m3/s;5,4316946943833315;m3/s;69,82388644651748;moh;1,048201486825;Mill.m3;-117,61151555555556;cm;89,41208294675;mm;84,34105756580556;%;2,599999905;None;0;m3/s;81,89073871897222;%
2026-03-29 12:00:00.000;38,37016833333333;kVAr;2600;kW;0;None;2500;kW;5,5443981522661625;Bar;2654,2192480555555;kW;-119,91666666666667;cm;5,442454690388888;m3/s;5,4424390858916665;m3/s;69,80075630577369;moh;1,043587278136111;Mill.m3;-119,92465472222223;cm;91,184287598;mm;84,28772631647222;%;2,599999905;None;0;m3/s;81,53025396411111;%
2026-03-29 13:00:00.000;44,254823888888886;kVAr;2600;kW;0;None;2500;kW;5,538555657816535;Bar;2650,9146497222223;kW;-122,25833333333334;cm;5,435096744655554;m3/s;5,435104546244444;m3/s;69,77732067850162;moh;1,0389560494861114;Mill.m3;-122,26798805555555;cm;92,96301957986111;mm;84,32463342861111;%;2,599999905;None;0;m3/s;81,1684401183611;%
2026-03-29 14:00:00.000;53,46951055555556;kVAr;2600;kW;0;None;2500;kW;5,530443332189918;Bar;2646,3264583333334;kW;-124,66944444444445;cm;5,421402888894445;m3/s;5,421402888894445;m3/s;69,75318501441505;moh;1,0342156754861112;Mill.m3;-124,67697222222222;cm;94,7836822111389;mm;84,39298483633333;%;2,599999905;None;0;m3/s;80,79809786597222;%
2026-03-29 15:00:00.000;59,0860325;kVAr;2600;kW;0;None;2500;kW;5,522234284432964;Bar;2647,3396825;kW;-126,9888888888889;cm;5,422830822674999;m3/s;5,422666965533332;m3/s;69,730117846117;moh;1,0295960233055557;Mill.m3;-126,98873;cm;96,557970768;mm;84,38584503686111;%;2,599999905;None;0;m3/s;80,4371877015;%
2026-03-29 16:00:00.000;74,41502916666667;kVAr;2600;kW;0;None;2500;kW;5,507856325869816;Bar;2654,553663888889;kW;-128,99166666666667;cm;5,446332681211112;m3/s;5,446301470894445;m3/s;69,71002645248196;moh;1,025668774925;Mill.m3;-128,99744611111112;cm;98,06631713469444;mm;84,2683366775;%;2,599999905;None;0;m3/s;80,13037382652777;%
2026-03-29 17:00:00.000;106,08308666666667;kVAr;2600;kW;0;None;2500;kW;5,502997469374623;Bar;2644,6792055555557;kW;-130,9611111111111;cm;5,417727842622223;m3/s;5,417821474897224;m3/s;69,69040737942986;moh;1,0217697507416668;Mill.m3;-130,95936055555555;cm;99,56384546058334;mm;84,41136082641667;%;2,599999905;None;0;m3/s;79,82576105561111;%
2026-03-29 18:00:00.000;95,78236555555556;kVAr;2600;kW;0;None;2500;kW;5,500610110531505;Bar;2649,642978888889;kW;-132,65833333333333;cm;5,4306413478;m3/s;5,430695968169443;m3/s;69,67338635970209;moh;1,0184146321472223;Mill.m3;-132,66128333333333;cm;100,85244705244445;mm;84,34679298347223;%;2,599999905;None;0;m3/s;79,56364718505556;%
2026-03-29 19:00:00.000;96,68949361111112;kVAr;2600;kW;0;None;2500;kW;5,5;Bar;2638,1496863888888;kW;-134,20833333333334;cm;5,400881719616665;m3/s;5,400983156124999;m3/s;69,65790980176047;moh;1,0153024652944442;Mill.m3;-134,20907583333334;cm;102,04776768666666;mm;84,4955917143889;%;2,599999905;None;0;m3/s;79,32050473752778;%
2026-03-29 20:00:00.000;69,35733666666667;kVAr;2600;kW;0;None;2500;kW;5,5;Bar;2640,7414269444444;kW;-135,48611111111111;cm;5,406593292333334;m3/s;5,406593292333334;m3/s;69,64511550673484;moh;1,012733613525;Mill.m3;-135,48843527777777;cm;103,0343791811111;mm;84,46703440347223;%;2,599999905;None;0;m3/s;79,11981703486111;%
2026-03-29 21:00:00.000;49,37312333333333;kVAr;2600;kW;0;None;2500;kW;5,5;Bar;2645,9308861111112;kW;-136,84722222222223;cm;5,420692862369445;m3/s;5,420700665280556;m3/s;69,63149432357557;moh;1,0100548039305555;Mill.m3;-136,8579922222222;cm;104,06325577472222;mm;84,3965358106389;%;2,599999905;None;0;m3/s;78,91053197952778;%
2026-03-29 22:00:00.000;49,88101861111111;kVAr;2600;kW;0;None;2500;kW;5,5;Bar;2639,813075277778;kW;-138,3527777777778;cm;5,401482484119443;m3/s;5,401490287030555;m3/s;69,6164073901725;moh;1,0071572068194445;Mill.m3;-138,36003;cm;105,17616537722222;mm;84,49258658105556;%;2,599999905;None;0;m3/s;78,68415374933333;%
2026-03-29 23:00:00.000;53,91224833333333;kVAr;2600;kW;0;None;2500;kW;5,5;Bar;2636,9645241666667;kW;-139,94166666666666;cm;5,395170161452779;m3/s;5,395170160127778;m3/s;69,60049833136955;moh;1,0039831970277775;Mill.m3;-139,95039;cm;106,39520692444444;mm;84,52414896263889;%;2,599999905;None;0;m3/s;78,43618782733333;%
2026-03-30 00:00:00.000;55,42393722222222;kVAr;2600;kW;0;None;2500;kW;5,5;Bar;2638,2144741666666;kW;-141,6888888888889;cm;5,399188496108334;m3/s;5,39911827256389;m3/s;69,5829823541664;moh;1,000551529903889;Mill.m3;-141,70156222222224;cm;107,71323649722223;mm;84,50405752425;%;2,599999905;None;0;m3/s;78,1680857566111;%
2026-03-30 01:00:00.000;57,38764861111111;kVAr;2600;kW;0;None;2500;kW;5,5;Bar;2635,223058611111;kW;-143,44722222222222;cm;5,3904026667444445;m3/s;5,390348046374999;m3/s;69,56551577049963;moh;0,9969600475449999;Mill.m3;-143,4488761111111;cm;109,09262514666666;mm;84,54798700708334;%;2,599999905;None;0;m3/s;77,88750542544444;%
2026-03-30 02:00:00.000;64,52366833333333;kVAr;2600;kW;0;None;2500;kW;5,5;Bar;2631,486571666667;kW;-145,37222222222223;cm;5,379236899511109;m3/s;5,37933053443611;m3/s;69,54619141617704;moh;0,9931878308100001;Mill.m3;-145,38086972222223;cm;110,54144413666667;mm;84,6038156506389;%;2,599999905;None;0;m3/s;77,59279861233334;%
2026-03-30 03:00:00.000;54,305262222222225;kVAr;2600;kW;0;None;2500;kW;5,5;Bar;2638,183903888889;kW;-147,2138888888889;cm;5,402106762041667;m3/s;5,402294027916668;m3/s;69,527772542576;moh;0,9896013258233333;Mill.m3;-147,2223852777778;cm;111,91892501444444;mm;84,48946598883333;%;2,599999905;None;0;m3/s;77,31260458769444;%
2026-03-30 04:00:00.000;66,72891666666666;kVAr;2600;kW;0;None;2500;kW;5,5;Bar;2629,0373191666667;kW;-149,11388888888888;cm;5,374133868986111;m3/s;5,374204093858332;m3/s;69,50878518997659;moh;0,985806888863611;Mill.m3;-149,1218597222222;cm;113,37627305055555;mm;84,62933063569444;%;2,599999905;None;0;m3/s;77,016163001;%
2026-03-30 05:00:00.000;60,993993333333336;kVAr;2600;kW;0;None;2500;kW;5,5;Bar;2635,8237616666665;kW;-151,0361111111111;cm;5,392236246;m3/s;5,392220641505556;m3/s;69,48957754110728;moh;0,9820394391622221;Mill.m3;-151,0423763888889;cm;114,82325230111111;mm;84,53881878338889;%;2,599999905;None;0;m3/s;76,72183286683334;%
2026-03-30 06:00:00.000;66,66321166666667;kVAr;2600;kW;0;None;2500;kW;5,5;Bar;2630,0222427777776;kW;-153,0888888888889;cm;5,374953179866666;m3/s;5,374836138866667;m3/s;69,46901658155468;moh;0,9778929034691667;Mill.m3;-153,09796916666667;cm;116,41584172444445;mm;84,62523426497222;%;2,599999905;None;0;m3/s;76,39788365005556;%
2026-03-30 07:00:00.000;60,1324075;kVAr;2600;kW;0;None;2500;kW;5,5;Bar;2632,949561666667;kW;-152,84166666666667;cm;5,386079864988887;m3/s;5,3861266797999985;m3/s;69,47171048292736;moh;0,9783604009072221;Mill.m3;-152,8289538888889;cm;116,23628547555556;mm;84,56960048655556;%;2,599999905;None;0;m3/s;76,43440761697222;%
2026-03-30 08:00:00.000;57,908839722222226;kVAr;2600;kW;0;None;2500;kW;5,5;Bar;2639,5302975;kW;-149,9361111111111;cm;5,403776521169444;m3/s;5,403901363761111;m3/s;69,500806503767;moh;0,9840689054880558;Mill.m3;-149,9193;cm;114,04378849888889;mm;84,48111794816667;%;2,599999905;None;0;m3/s;76,88038336377778;%
2026-03-30 09:00:00.000;59,888311944444446;kVAr;2600;kW;0;None;2500;kW;5,5;Bar;2633,9118794444444;kW;-147,11944444444444;cm;5,386251551541666;m3/s;5,3863139735;m3/s;69,52900144465777;moh;0,9896729121594444;Mill.m3;-147,0998425;cm;111,89142950166666;mm;84,56874243461111;%;2,599999905;None;0;m3/s;77,31819691252778;%
2026-03-30 10:00:00.000;46,6100775;kVAr;2600;kW;0;None;2500;kW;5,5;Bar;2643,3405877777777;kW;-146,45277777777778;cm;5,413022746;m3/s;5,413069563463888;m3/s;69,53541962301024;moh;0,9910150630463891;Mill.m3;-146,4581886111111;cm;111,37594603611112;mm;84,43488659344445;%;2,599999905;None;0;m3/s;77,423052046;%
2026-03-30 11:00:00.000;62,56417472222222;kVAr;2600;kW;0;None;2500;kW;5,5;Bar;2632,2218130555557;kW;-148,30555555555554;cm;5,3834503756444425;m3/s;5,3835362050083315;m3/s;69,5168543027847;moh;0,9873905685375;Mill.m3;-148,31515166666668;cm;112,76801754722223;mm;84,58274786213889;%;2,599999905;None;0;m3/s;77,13988940247222;%
2026-03-30 12:00:00.000;55,39895166666667;kVAr;2600;kW;0;None;2500;kW;5,5;Bar;2634,1205422222224;kW;-150,3388888888889;cm;5,389497474905556;m3/s;5,389536489455557;m3/s;69,49661729529669;moh;0,9833977955952777;Mill.m3;-150,3381063888889;cm;114,30154559444445;mm;84,55251308058334;%;2,599999905;None;0;m3/s;76,82795250988889;%
2026-03-30 13:00:00.000;70,11494666666667;kVAr;2600;kW;0;None;2500;kW;5,5;Bar;2628,488268611111;kW;-152,46666666666667;cm;5,373868592561112;m3/s;5,373954421925001;m3/s;69,47523400733661;moh;0,979179948375;Mill.m3;-152,47706944444445;cm;115,92151490833334;mm;84,63065706794444;%;2,599999905;None;0;m3/s;76,4984350421389;%
2026-03-30 14:00:00.000;60,02123805555556;kVAr;2600;kW;0;None;2500;kW;5,5;Bar;2629,732326111111;kW;-154,58055555555555;cm;5,375374507944445;m3/s;5,375468140222222;m3/s;69,454110006737;moh;0,9749115819833336;Mill.m3;-154,58499444444445;cm;117,56089233611111;mm;84,62312764102778;%;2,599999905;None;0;m3/s;76,16496804472222;%
2026-03-30 15:00:00.000;63,857414444444444;kVAr;2600;kW;0;None;2500;kW;5,5;Bar;2624,4505344444447;kW;-156,7138888888889;cm;5,364333649399999;m3/s;5,364357056805556;m3/s;69,43290709397031;moh;0,9707266220002778;Mill.m3;-156,70905083333332;cm;119,16823352777777;mm;84,67833179880556;%;2,599999905;None;0;m3/s;75,83801631736111;%
2026-03-30 16:00:00.000;16,024130555555555;kVAr;2600;kW;0;None;2500;kW;5,5;Bar;2614,653297222222;kW;-158,85833333333332;cm;5,335307454974999;m3/s;5,335323059469443;m3/s;69,41129219660144;moh;0,9666294875813889;Mill.m3;-158,87208083333334;cm;120,74183547;mm;84,82346295205555;%;2,599999905;None;0;m3/s;75,51793045636111;%
2026-03-30 17:00:00.000;19,15071138888889;kVAr;2600;kW;0;None;2500;kW;5,5;Bar;2611,9816419444446;kW;-161,125;cm;5,325179477513888;m3/s;5,325179478836111;m3/s;69,38862179097262;moh;0,962014823;Mill.m3;-161,13851916666667;cm;122,51421481444444;mm;84,87410267730556;%;2,599999905;None;0;m3/s;75,15740667772222;%
2026-03-30 18:00:00.000;12,307598055555555;kVAr;2600;kW;0;None;2500;kW;5,5;Bar;2621,345313888889;kW;-163,37222222222223;cm;5,351771232738888;m3/s;5,351872669247223;m3/s;69,36610025603284;moh;0,9577087536722222;Mill.m3;-163,3901075;cm;124,16806810944445;mm;84,74114345875;%;2,599999905;None;0;m3/s;74,82099687772222;%
2026-03-30 19:00:00.000;27,371879444444446;kVAr;2600;kW;0;None;2500;kW;5,5;Bar;2622,4261775;kW;-163,48055555555555;cm;5,35465041396111;m3/s;5,354439740683334;m3/s;69,36530033653044;moh;0,9573458094011111;Mill.m3;-163,46965833333334;cm;124,30746558777778;mm;84,7267481898889;%;2,599999905;None;0;m3/s;74,79264193655555;%
2026-03-30 20:00:00.000;24,221770833333334;kVAr;2600;kW;0;None;2500;kW;5,5;Bar;2623,0619805555557;kW;-160,95;cm;5,354314915352777;m3/s;5,35428370371111;m3/s;69,39070834163923;moh;0,962427395253611;Mill.m3;-160,94609833333334;cm;122,35575740222222;mm;84,72842561763889;%;2,599999905;None;0;m3/s;75,18963894216667;%
2026-03-30 21:00:00.000;24,517761666666665;kVAr;2600;kW;0;None;2500;kW;5,5;Bar;2624,298686388889;kW;-158,23888888888888;cm;5,358895105711111;m3/s;5,358887302802778;m3/s;69,41775709332512;moh;0,9675093382419444;Mill.m3;-158,22432166666667;cm;120,4039076538889;mm;84,70552452955556;%;2,599999905;None;0;m3/s;75,58666822752778;%
2026-03-30 22:00:00.000;44,24252238231884;kVAr;2600;kW;0;None;2500;kW;5,5;Bar;2642,1015660295675;kW;-146,88270496708557;cm;5,402579205771376;m3/s;5,402601668448432;m3/s;69,53114496485249;moh;0,9902012247291077;Mill.m3;-146,8856613490617;cm;111,68851907995608;mm;84,48710657376871;%;2,5999999049999993;None;0;m3/s;77,35946985387302;%